orf_name,ref_name,identity_score,M,N,aln_len,orf_len,ref_len,N/aln_len,gap_openings,gap_ratio,aln_orf_len,clustering_score
"NC_004423.1_Broad_bean_necrosis_virus_RNA_1,_complete_sequence","MK731956.1_Beet_soil-borne_virus_isolate_BSBV-JKI_1825732_segment_RNA1,_complete_sequence",0.602398172820708,2089,5254,6090,5600,5810,0.8627257799671593,43,0.007060755336617406,5598,0.5981447867071955
"NC_004423.1_Broad_bean_necrosis_virus_RNA_1,_complete_sequence","MH106714.1_Beet_soil-borne_virus_isolate_Brazilian_segment_RNA1,_complete_sequence",0.6,2114,5285,6062,5600,5819,0.871824480369515,43,0.007093368525239195,5600,0.5957439788848564
"NC_004423.1_Broad_bean_necrosis_virus_RNA_1,_complete_sequence","NC_003520.1_Beet_soil-borne_virus_RNA_1,_complete_sequence",0.6043412033511044,2078,5252,6141,5600,5834,0.8552353036964664,46,0.00749063670411985,5600,0.5998143029514706
"NC_004423.1_Broad_bean_necrosis_virus_RNA_1,_complete_sequence","FJ971717.1_Beet_soil-borne_virus_isolate_PL_segment_RNA_1,_complete_sequence",0.6033530196227853,2082,5249,6098,5600,5834,0.8607740242702525,47,0.007707445063955395,5600,0.5987027093698711
"NC_004423.1_Broad_bean_necrosis_virus_RNA_1,_complete_sequence","EF545138.1_Beet_soil-borne_virus_isolate_IM_segment_RNA_1,_complete_sequence",0.6027475672581568,2082,5241,6106,5600,5834,0.8583360628889617,48,0.007861120209629872,5600,0.5980092961758784
"NC_004423.1_Broad_bean_necrosis_virus_RNA_1,_complete_sequence","EF545139.1_Beet_soil-borne_virus_isolate_XJ_segment_RNA_1,_complete_sequence",0.601435587457499,2110,5294,6053,5600,5834,0.8746076325788865,49,0.008095159425078473,5600,0.5965668704931149
"NC_004423.1_Broad_bean_necrosis_virus_RNA_1,_complete_sequence","MW582800.1_Beet_soil-borne_virus_isolate_DSMZ_PV-0576_segment_RNA_1,_complete_sequence",0.6056686322997907,2073,5257,6137,5600,5835,0.8566074629297702,45,0.007332572918364022,5600,0.6012275228890868
"NC_004423.1_Broad_bean_necrosis_virus_RNA_1,_complete_sequence","MN087411.1_Beet_soil-borne_virus_isolate_TR1_segment_RNA_1,_complete_sequence",0.6032350142721218,2085,5255,6139,5600,5835,0.856002606287669,44,0.007167291089754032,5600,0.5989114533293016
"NC_004423.1_Broad_bean_necrosis_virus_RNA_1,_complete_sequence","MN087414.1_Beet_soil-borne_virus_isolate_TR3_segment_RNA_1,_complete_sequence",0.6028544243577545,2087,5255,6139,5600,5835,0.856002606287669,44,0.007167291089754032,5600,0.5985335912136364
"NC_004423.1_Broad_bean_necrosis_virus_RNA_1,_complete_sequence","FN386612.1_Beet_soil-borne_virus_segment_RNA-1,_complete_sequence,_clone_pUBS-1-wt,_genomic_RNA",0.603464686845612,2083,5253,6141,5600,5835,0.8553981436248168,43,0.007002116919068556,5600,0.5992391565517899
"NC_004423.1_Broad_bean_necrosis_virus_RNA_1,_complete_sequence","OP380962.1_Beet_soil-borne_virus_isolate_BSBV-US-RNA1_segment_RNA1,_complete_sequence",0.598153730218538,2133,5308,6040,5600,5837,0.8788079470198675,46,0.0076158940397350995,5600,0.5935982547897214
"NC_004423.1_Broad_bean_necrosis_virus_RNA_1,_complete_sequence","MN125066.1_Potato_mop-top_virus_isolate_PMTV_quitoense_M6_segment_RNA_1,_complete_sequence",0.6052878304894056,2105,5333,6050,5600,5875,0.8814876033057851,53,0.008760330578512396,5600,0.5999853089991678
"NC_004423.1_Broad_bean_necrosis_virus_RNA_1,_complete_sequence","KT225277.1_Soil-borne_virus_2_isolate_IS16_segment_RNA1_putative_replicase_(ORF2)_and_polymerase_(ORF1)_genes,_complete_cds",0.6017283486755589,2120,5323,5952,5600,5961,0.8943212365591398,49,0.00823252688172043,5600,0.5967746038695941
"NC_004423.1_Broad_bean_necrosis_virus_RNA_1,_complete_sequence","OK523979.1_Potato_mop-top_virus_isolate_AS99_segment_RNA1,_complete_sequence",0.6117229792794474,2080,5357,6104,5600,5965,0.8776212319790302,54,0.008846657929226736,5600,0.6063112753343146
"NC_004423.1_Broad_bean_necrosis_virus_RNA_1,_complete_sequence","OK523982.1_Potato_mop-top_virus_isolate_AS144_segment_RNA1,_complete_sequence",0.6109762927011386,2084,5357,6104,5600,5965,0.8776212319790302,54,0.008846657929226736,5600,0.6055711944367446
"NC_004423.1_Broad_bean_necrosis_virus_RNA_1,_complete_sequence","OK504616.1_Potato_mop-top_virus_isolate_AS22_segment_RNA_1,_partial_sequence",0.6115363076348703,2081,5357,6104,5600,5967,0.8776212319790302,54,0.008846657929226736,5600,0.6061262551099222
"NC_004423.1_Broad_bean_necrosis_virus_RNA_1,_complete_sequence","MN417993.1_Potato_mop-top_virus_isolate_PMTV_physalis_M7_segment_RNA1,_complete_sequence",0.6086631814787155,2096,5356,6027,5600,5978,0.8886676621868259,54,0.008959681433549029,5600,0.6032097532723357
"NC_004423.1_Broad_bean_necrosis_virus_RNA_1,_complete_sequence","OR477289.1_Beet_virus_Q_isolate_DSMZ_PV-0961_Replicase_read-through_protein_and_replicase_genes,_complete_cds",0.6049428945890283,2110,5341,6181,5600,5991,0.8640996602491506,47,0.007603947581297525,5600,0.6003429405288949
"NC_004423.1_Broad_bean_necrosis_virus_RNA_1,_complete_sequence","OQ731908.1_Beet_virus_Q_isolate_DSMZ_PV-1078_segment_RNA1_Replicase_readthrough_protein_(Replicase-RT)_and_replicase_(Replicase)_genes,_complete_cds",0.6051301254446733,2109,5341,6181,5600,5996,0.8640996602491506,47,0.007603947581297525,5600,0.6005287476909279
"NC_004423.1_Broad_bean_necrosis_virus_RNA_1,_complete_sequence","NC_003510.1_Beet_virus_Q_RNA_1,_complete_sequence",0.6058106841611997,2103,5335,6188,5600,6003,0.862152553329024,49,0.007918552036199095,5600,0.6010135407345838
"NC_004423.1_Broad_bean_necrosis_virus_RNA_1,_complete_sequence","MN125060.1_Potato_mop-top_virus_isolate_PMTV_quitoense_M1_segment_RNA_1,_complete_sequence",0.6085901027077498,2096,5355,6028,5600,6005,0.8883543463835435,57,0.009455872594558726,5600,0.6028353522342359
"NC_004423.1_Broad_bean_necrosis_virus_RNA_1,_complete_sequence","KM822698.1_Potato_mop-top_virus_isolate_Ch20_segment_RNA1,_complete_sequence",0.6165357276468388,2050,5346,6247,5600,6005,0.8557707699695855,58,0.009284456539138787,5599,0.6108115284786755
"NC_004423.1_Broad_bean_necrosis_virus_RNA_1,_complete_sequence","KM822709.1_Potato_mop-top_virus_isolate_Ch9_segment_RNA1,_complete_sequence",0.6161616161616161,2052,5346,6247,5600,6005,0.8557707699695855,58,0.009284456539138787,5599,0.610440890415278
"NC_004423.1_Broad_bean_necrosis_virus_RNA_1,_complete_sequence","MN417990.1_Potato_mop-top_virus_isolate_PMTV_physalis_M2_segment_RNA1,_complete_sequence",0.6086631814787155,2096,5356,6239,5600,6010,0.8584709087994871,55,0.008815515306940214,5600,0.6032975018856189
"NC_004423.1_Broad_bean_necrosis_virus_RNA_1,_complete_sequence","ON398500.1_Potato_mop-top_virus_isolate_DSMZ_PV-0582_segment_RNA_1,_complete_sequence",0.6103409516672911,2080,5338,6123,5600,6014,0.8717948717948718,55,0.008982524906091785,5600,0.6048585488677319
"NC_004423.1_Broad_bean_necrosis_virus_RNA_1,_complete_sequence","KR857349.1_Potato_mop-top_virus_isolate_CO1_segment_RNA1_rep_protein_2_and_rep_protein_1_genes,_complete_cds",0.606235997012696,2109,5356,6161,5600,6041,0.869339392955689,53,0.008602499594221717,5600,0.6010208520943917
"NC_004423.1_Broad_bean_necrosis_virus_RNA_1,_complete_sequence","KR857352.1_Potato_mop-top_virus_isolate_CO2_segment_RNA1_rep_protein_2_and_rep_protein_1_genes,_complete_cds",0.6097834204630321,2090,5356,6161,5600,6041,0.869339392955689,55,0.008927122220418764,5600,0.6043398093405736
"NC_004423.1_Broad_bean_necrosis_virus_RNA_1,_complete_sequence","KR857355.1_Potato_mop-top_virus_isolate_CO3_segment_RNA1_rep_protein_2_and_rep_protein_1_genes,_complete_cds",0.6169814849448289,2048,5347,6248,5600,6041,0.8557938540332907,58,0.009282970550576185,5600,0.6112540639898353
"NC_004423.1_Broad_bean_necrosis_virus_RNA_1,_complete_sequence","KR857358.1_Potato_mop-top_virus_isolate_CO4_segment_RNA1_rep_protein_2_and_rep_protein_1_genes,_complete_cds",0.6169814849448289,2048,5347,6248,5600,6041,0.8557938540332907,58,0.009282970550576185,5600,0.6112540639898353
"NC_004423.1_Broad_bean_necrosis_virus_RNA_1,_complete_sequence","KR857361.1_Potato_mop-top_virus_isolate_CO5_segment_RNA1_rep_protein_2_and_rep_protein_1_genes,_complete_cds",0.6075027995520716,2103,5358,6237,5600,6041,0.8590668590668591,53,0.008497675164341831,5600,0.6023404381000499
"NC_004423.1_Broad_bean_necrosis_virus_RNA_1,_complete_sequence","OP221272.1_Potato_mop-top_virus_isolate_Hebei_segment_RNA1,_complete_sequence",0.6109450877848337,2083,5354,6241,5600,6042,0.857875340490306,54,0.008652459541740105,5600,0.6056589101305506
"NC_004423.1_Broad_bean_necrosis_virus_RNA_1,_complete_sequence","KY275269.1_Potato_mop-top_virus_strain_Maryland_segment_RNA1,_complete_sequence",0.6166074434262203,2050,5347,6248,5600,6042,0.8557938540332907,58,0.009282970550576185,5600,0.6108834946876287
"NC_004423.1_Broad_bean_necrosis_virus_RNA_1,_complete_sequence","KU955464.1_Potato_mop-top_virus_isolate_H11_P64_segment_RNA-rep,_complete_sequence",0.6117537313432836,2081,5360,6235,5600,6042,0.859663191659984,52,0.008340016038492382,5600,0.606651695412273
"NC_004423.1_Broad_bean_necrosis_virus_RNA_1,_complete_sequence","KU955466.1_Potato_mop-top_virus_isolate_C29_P69_segment_RNA-rep,_complete_sequence",0.611349635990293,2082,5357,6238,5600,6042,0.8587688361654376,54,0.008656620711766592,5600,0.6060574140692485
"NC_004423.1_Broad_bean_necrosis_virus_RNA_1,_complete_sequence","KU955467.1_Potato_mop-top_virus_isolate_C29_P70_segment_RNA-rep,_complete_sequence",0.6113186402689578,2081,5354,6241,5600,6042,0.857875340490306,54,0.008652459541740105,5600,0.606029230466919
"NC_004423.1_Broad_bean_necrosis_virus_RNA_1,_complete_sequence","KU955468.1_Potato_mop-top_virus_isolate_C29_P71_segment_RNA-rep,_complete_sequence",0.6117229792794474,2080,5357,6238,5600,6042,0.8587688361654376,54,0.008656620711766592,5600,0.6064275254671534
"NC_004423.1_Broad_bean_necrosis_virus_RNA_1,_complete_sequence","KU955469.1_Potato_mop-top_virus_isolate_C61_P76_segment_RNA-rep,_complete_sequence",0.6101251634597422,2087,5353,6242,5600,6042,0.8575776994553028,53,0.008490868311438641,5600,0.6049446710433106
"NC_004423.1_Broad_bean_necrosis_virus_RNA_1,_complete_sequence","KU955470.1_Potato_mop-top_virus_isolate_C61_P77_segment_RNA-rep,_complete_sequence",0.6101251634597422,2087,5353,6242,5600,6042,0.8575776994553028,53,0.008490868311438641,5600,0.6049446710433106
"NC_004423.1_Broad_bean_necrosis_virus_RNA_1,_complete_sequence","KU955471.1_Potato_mop-top_virus_isolate_C115_P79_segment_RNA-rep,_complete_sequence",0.615499533146592,2059,5355,6240,5600,6042,0.8581730769230769,58,0.009294871794871795,5600,0.609778543896191
"NC_004423.1_Broad_bean_necrosis_virus_RNA_1,_complete_sequence","KU955472.1_Potato_mop-top_virus_isolate_C115_P80_segment_RNA-rep,_complete_sequence",0.615499533146592,2059,5355,6240,5600,6042,0.8581730769230769,58,0.009294871794871795,5600,0.609778543896191
"NC_004423.1_Broad_bean_necrosis_virus_RNA_1,_complete_sequence","KU955473.1_Potato_mop-top_virus_isolate_PF43_segment_RNA-rep,_complete_sequence",0.6169814849448289,2048,5347,6248,5600,6042,0.8557938540332907,58,0.009282970550576185,5600,0.6112540639898353
"NC_004423.1_Broad_bean_necrosis_virus_RNA_1,_complete_sequence","KM822695.1_Potato_mop-top_virus_isolate_Guangdong_segment_RNA1,_complete_sequence",0.6158593603890032,2054,5347,6248,5600,6042,0.8557938540332907,58,0.009282970550576185,5600,0.6101423560832154
"NC_004423.1_Broad_bean_necrosis_virus_RNA_1,_complete_sequence","KM822696.1_Potato_mop-top_virus_isolate_Yunnan_segment_RNA1,_complete_sequence",0.6103847590586478,2086,5354,6241,5600,6042,0.857875340490306,54,0.008652459541740105,5600,0.6051034296259981
"NC_004423.1_Broad_bean_necrosis_virus_RNA_1,_complete_sequence","KM822697.1_Potato_mop-top_virus_isolate_Ch10_segment_RNA1,_complete_sequence",0.6167944641855245,2049,5347,6248,5600,6042,0.8557938540332907,58,0.009282970550576185,5600,0.6110687793387319
"NC_004423.1_Broad_bean_necrosis_virus_RNA_1,_complete_sequence","NC_003723.1_Potato_mop-top_virus_RNA_1,_complete_sequence",0.6147940074906367,2057,5340,6256,5600,6043,0.8535805626598465,58,0.009271099744245524,5600,0.6090941909250266
"NC_004423.1_Broad_bean_necrosis_virus_RNA_1,_complete_sequence","KT225274.1_Colombian_potato_soil-borne_virus_isolate_IS13_segment_RNA1_putative_replicase_(ORF2)_and_polymerase_(ORF1)_genes,_complete_cds",0.6015233141370983,2145,5383,6128,5600,6061,0.8784268929503917,58,0.009464751958224544,5600,0.5958300451717015
"NC_004423.1_Broad_bean_necrosis_virus_RNA_1,_complete_sequence","NC_029034.2_Colombian_potato_soil-borne_virus_RNA_1,_complete_sequence",0.6028237042541333,2138,5383,6318,5600,6170,0.8520101297879076,59,0.009338398227287116,5600,0.5971942964429598
"MK731956.1_Beet_soil-borne_virus_isolate_BSBV-JKI_1825732_segment_RNA1,_complete_sequence","MH106714.1_Beet_soil-borne_virus_isolate_Brazilian_segment_RNA1,_complete_sequence",0.9765799896676425,136,5807,5808,5810,5819,0.9998278236914601,1,0.0001721763085399449,5808,0.9764118457300275
"MK731956.1_Beet_soil-borne_virus_isolate_BSBV-JKI_1825732_segment_RNA1,_complete_sequence","NC_003520.1_Beet_soil-borne_virus_RNA_1,_complete_sequence",0.9729683195592287,157,5808,5811,5810,5834,0.9994837377387713,3,0.0005162622612287042,5810,0.9724660127344692
"MK731956.1_Beet_soil-borne_virus_isolate_BSBV-JKI_1825732_segment_RNA1,_complete_sequence","FJ971717.1_Beet_soil-borne_virus_isolate_PL_segment_RNA_1,_complete_sequence",0.978133608815427,127,5808,5811,5810,5834,0.9994837377387713,3,0.0005162622612287042,5810,0.9776286353467561
"MK731956.1_Beet_soil-borne_virus_isolate_BSBV-JKI_1825732_segment_RNA1,_complete_sequence","EF545138.1_Beet_soil-borne_virus_isolate_IM_segment_RNA_1,_complete_sequence",0.9771005509641874,133,5808,5811,5810,5834,0.9994837377387713,3,0.0005162622612287042,5810,0.9765961108242988
"MK731956.1_Beet_soil-borne_virus_isolate_BSBV-JKI_1825732_segment_RNA1,_complete_sequence","EF545139.1_Beet_soil-borne_virus_isolate_XJ_segment_RNA_1,_complete_sequence",0.9767561983471075,135,5808,5811,5810,5834,0.9994837377387713,3,0.0005162622612287042,5810,0.9762519359834797
"MK731956.1_Beet_soil-borne_virus_isolate_BSBV-JKI_1825732_segment_RNA1,_complete_sequence","MW582800.1_Beet_soil-borne_virus_isolate_DSMZ_PV-0576_segment_RNA_1,_complete_sequence",0.9774526678141136,131,5810,5810,5810,5835,1.0,0,0.0,5810,0.9774526678141136
"MK731956.1_Beet_soil-borne_virus_isolate_BSBV-JKI_1825732_segment_RNA1,_complete_sequence","MN087411.1_Beet_soil-borne_virus_isolate_TR1_segment_RNA_1,_complete_sequence",0.9752151462994837,144,5810,5810,5810,5835,1.0,0,0.0,5810,0.9752151462994837
"MK731956.1_Beet_soil-borne_virus_isolate_BSBV-JKI_1825732_segment_RNA1,_complete_sequence","MN087414.1_Beet_soil-borne_virus_isolate_TR3_segment_RNA_1,_complete_sequence",0.9748709122203099,146,5810,5810,5810,5835,1.0,0,0.0,5810,0.9748709122203099
"MK731956.1_Beet_soil-borne_virus_isolate_BSBV-JKI_1825732_segment_RNA1,_complete_sequence","FN386612.1_Beet_soil-borne_virus_segment_RNA-1,_complete_sequence,_clone_pUBS-1-wt,_genomic_RNA",0.978657487091222,124,5810,5810,5810,5835,1.0,0,0.0,5810,0.978657487091222
"MK731956.1_Beet_soil-borne_virus_isolate_BSBV-JKI_1825732_segment_RNA1,_complete_sequence","OP380962.1_Beet_soil-borne_virus_isolate_BSBV-US-RNA1_segment_RNA1,_complete_sequence",0.9771084337349397,133,5810,5810,5810,5837,1.0,0,0.0,5810,0.9771084337349397
"MK731956.1_Beet_soil-borne_virus_isolate_BSBV-JKI_1825732_segment_RNA1,_complete_sequence","MN125066.1_Potato_mop-top_virus_isolate_PMTV_quitoense_M6_segment_RNA_1,_complete_sequence",0.6314558214864135,2048,5557,5994,5810,5875,0.9270937604270938,45,0.0075075075075075074,5676,0.626715162165945
"MK731956.1_Beet_soil-borne_virus_isolate_BSBV-JKI_1825732_segment_RNA1,_complete_sequence","KT225277.1_Soil-borne_virus_2_isolate_IS16_segment_RNA1_putative_replicase_(ORF2)_and_polymerase_(ORF1)_genes,_complete_cds",0.6313551815766165,2081,5645,6113,5810,5961,0.9234418452478325,39,0.006379846229347293,5797,0.627327232602056
"MK731956.1_Beet_soil-borne_virus_isolate_BSBV-JKI_1825732_segment_RNA1,_complete_sequence","OK523979.1_Potato_mop-top_virus_isolate_AS99_segment_RNA1,_complete_sequence",0.6372374510501958,2038,5618,6109,5810,5965,0.9196267801604191,49,0.008020952692748403,5762,0.6321261996012746
"MK731956.1_Beet_soil-borne_virus_isolate_BSBV-JKI_1825732_segment_RNA1,_complete_sequence","OK523982.1_Potato_mop-top_virus_isolate_AS144_segment_RNA1,_complete_sequence",0.6377714489142043,2035,5618,6109,5810,5965,0.9196267801604191,49,0.008020952692748403,5762,0.632655914293678
"MK731956.1_Beet_soil-borne_virus_isolate_BSBV-JKI_1825732_segment_RNA1,_complete_sequence","OK504616.1_Potato_mop-top_virus_isolate_AS22_segment_RNA_1,_partial_sequence",0.6373665480427047,2038,5620,6111,5810,5967,0.9196530846015382,49,0.008018327605956471,5764,0.6322559342554207
"MK731956.1_Beet_soil-borne_virus_isolate_BSBV-JKI_1825732_segment_RNA1,_complete_sequence","MN417993.1_Potato_mop-top_virus_isolate_PMTV_physalis_M7_segment_RNA1,_complete_sequence",0.6348981399468556,2061,5645,6107,5810,5978,0.9243491075814639,46,0.007532339937776323,5774,0.630115871330914
"MK731956.1_Beet_soil-borne_virus_isolate_BSBV-JKI_1825732_segment_RNA1,_complete_sequence","OR477289.1_Beet_virus_Q_isolate_DSMZ_PV-0961_Replicase_read-through_protein_and_replicase_genes,_complete_cds",0.6260915123995809,2141,5726,6055,5810,5991,0.945664739884393,50,0.008257638315441783,5804,0.6209214751378173
"MK731956.1_Beet_soil-borne_virus_isolate_BSBV-JKI_1825732_segment_RNA1,_complete_sequence","OQ731908.1_Beet_virus_Q_isolate_DSMZ_PV-1078_segment_RNA1_Replicase_readthrough_protein_(Replicase-RT)_and_replicase_(Replicase)_genes,_complete_cds",0.6265712290502794,2139,5728,6064,5810,5996,0.9445910290237467,50,0.008245382585751979,5810,0.621404909549535
"MK731956.1_Beet_soil-borne_virus_isolate_BSBV-JKI_1825732_segment_RNA1,_complete_sequence","NC_003510.1_Beet_virus_Q_RNA_1,_complete_sequence",0.6265502183406113,2138,5725,6061,5810,6003,0.9445636033657813,53,0.008744431611945224,5810,0.6210713928048824
"MK731956.1_Beet_soil-borne_virus_isolate_BSBV-JKI_1825732_segment_RNA1,_complete_sequence","MN125060.1_Potato_mop-top_virus_isolate_PMTV_quitoense_M1_segment_RNA_1,_complete_sequence",0.6338152327221438,2077,5672,6124,5810,6005,0.9261920313520575,48,0.007838014369693011,5796,0.6288473798203373
"MK731956.1_Beet_soil-borne_virus_isolate_BSBV-JKI_1825732_segment_RNA1,_complete_sequence","KM822698.1_Potato_mop-top_virus_isolate_Ch20_segment_RNA1,_complete_sequence",0.6346492774057102,2073,5674,6109,5810,6005,0.9287935832378458,49,0.008020952692748403,5791,0.6295587855751521
"MK731956.1_Beet_soil-borne_virus_isolate_BSBV-JKI_1825732_segment_RNA1,_complete_sequence","KM822709.1_Potato_mop-top_virus_isolate_Ch9_segment_RNA1,_complete_sequence",0.6344730348960169,2074,5674,6109,5810,6005,0.9287935832378458,49,0.008020952692748403,5791,0.6293839566982915
"MK731956.1_Beet_soil-borne_virus_isolate_BSBV-JKI_1825732_segment_RNA1,_complete_sequence","MN417990.1_Potato_mop-top_virus_isolate_PMTV_physalis_M2_segment_RNA1,_complete_sequence",0.6342494714587739,2076,5676,6140,5810,6010,0.9244299674267101,47,0.00765472312703583,5807,0.6293944673612881
"MK731956.1_Beet_soil-borne_virus_isolate_BSBV-JKI_1825732_segment_RNA1,_complete_sequence","ON398500.1_Potato_mop-top_virus_isolate_DSMZ_PV-0582_segment_RNA_1,_complete_sequence",0.6338548075232906,2083,5689,6100,5810,6014,0.9326229508196722,48,0.007868852459016393,5793,0.6288670975624516
"MK731956.1_Beet_soil-borne_virus_isolate_BSBV-JKI_1825732_segment_RNA1,_complete_sequence","KR857349.1_Potato_mop-top_virus_isolate_CO1_segment_RNA1_rep_protein_2_and_rep_protein_1_genes,_complete_cds",0.6362834978843441,2063,5672,6149,5810,6041,0.9224264107985038,51,0.008294031549845503,5810,0.6310061424782453
"MK731956.1_Beet_soil-borne_virus_isolate_BSBV-JKI_1825732_segment_RNA1,_complete_sequence","KR857352.1_Potato_mop-top_virus_isolate_CO2_segment_RNA1_rep_protein_2_and_rep_protein_1_genes,_complete_cds",0.6355321020228673,2072,5685,6136,5810,6041,0.9264993481095176,50,0.008148631029986962,5810,0.6303533854157709
"MK731956.1_Beet_soil-borne_virus_isolate_BSBV-JKI_1825732_segment_RNA1,_complete_sequence","KR857355.1_Potato_mop-top_virus_isolate_CO3_segment_RNA1_rep_protein_2_and_rep_protein_1_genes,_complete_cds",0.6342877217635693,2082,5693,6128,5810,6041,0.929014360313316,49,0.007996083550913838,5810,0.629215904145029
"MK731956.1_Beet_soil-borne_virus_isolate_BSBV-JKI_1825732_segment_RNA1,_complete_sequence","KR857358.1_Potato_mop-top_virus_isolate_CO4_segment_RNA1_rep_protein_2_and_rep_protein_1_genes,_complete_cds",0.6348146847005094,2079,5693,6128,5810,6041,0.929014360313316,49,0.007996083550913838,5810,0.6297386534422971
"MK731956.1_Beet_soil-borne_virus_isolate_BSBV-JKI_1825732_segment_RNA1,_complete_sequence","KR857361.1_Potato_mop-top_virus_isolate_CO5_segment_RNA1_rep_protein_2_and_rep_protein_1_genes,_complete_cds",0.6351659933251361,2077,5693,6128,5810,6041,0.929014360313316,49,0.007996083550913838,5810,0.6300871529738091
"MK731956.1_Beet_soil-borne_virus_isolate_BSBV-JKI_1825732_segment_RNA1,_complete_sequence","OP221272.1_Potato_mop-top_virus_isolate_Hebei_segment_RNA1,_complete_sequence",0.6342877217635693,2082,5693,6128,5810,6042,0.929014360313316,49,0.007996083550913838,5810,0.629215904145029
"MK731956.1_Beet_soil-borne_virus_isolate_BSBV-JKI_1825732_segment_RNA1,_complete_sequence","KY275269.1_Potato_mop-top_virus_strain_Maryland_segment_RNA1,_complete_sequence",0.6340007024938532,2084,5694,6127,5810,6042,0.9293291986290191,48,0.00783417659539742,5810,0.6290338290289104
"MK731956.1_Beet_soil-borne_virus_isolate_BSBV-JKI_1825732_segment_RNA1,_complete_sequence","KU955464.1_Potato_mop-top_virus_isolate_H11_P64_segment_RNA-rep,_complete_sequence",0.6337607588266292,2085,5693,6128,5810,6042,0.929014360313316,49,0.007996083550913838,5810,0.6286931548477609
"MK731956.1_Beet_soil-borne_virus_isolate_BSBV-JKI_1825732_segment_RNA1,_complete_sequence","KU955466.1_Potato_mop-top_virus_isolate_C29_P69_segment_RNA-rep,_complete_sequence",0.6330758426966292,2090,5696,6125,5810,6042,0.9299591836734694,49,0.008,5810,0.6280112359550561
"MK731956.1_Beet_soil-borne_virus_isolate_BSBV-JKI_1825732_segment_RNA1,_complete_sequence","KU955467.1_Potato_mop-top_virus_isolate_C29_P70_segment_RNA-rep,_complete_sequence",0.6336025280898876,2087,5696,6125,5810,6042,0.9299591836734694,49,0.008,5810,0.6285337078651685
"MK731956.1_Beet_soil-borne_virus_isolate_BSBV-JKI_1825732_segment_RNA1,_complete_sequence","KU955468.1_Potato_mop-top_virus_isolate_C29_P71_segment_RNA-rep,_complete_sequence",0.6334269662921348,2088,5696,6125,5810,6042,0.9299591836734694,49,0.008,5810,0.6283595505617977
"MK731956.1_Beet_soil-borne_virus_isolate_BSBV-JKI_1825732_segment_RNA1,_complete_sequence","KU955469.1_Potato_mop-top_virus_isolate_C61_P76_segment_RNA-rep,_complete_sequence",0.6326136563103388,2093,5697,6124,5810,6042,0.9302743305029393,47,0.00767472240365774,5810,0.6277585221093941
"MK731956.1_Beet_soil-borne_virus_isolate_BSBV-JKI_1825732_segment_RNA1,_complete_sequence","KU955470.1_Potato_mop-top_virus_isolate_C61_P77_segment_RNA-rep,_complete_sequence",0.6324381253291206,2094,5697,6124,5810,6042,0.9302743305029393,47,0.00767472240365774,5810,0.6275843382797299
"MK731956.1_Beet_soil-borne_virus_isolate_BSBV-JKI_1825732_segment_RNA1,_complete_sequence","KU955471.1_Potato_mop-top_virus_isolate_C115_P79_segment_RNA-rep,_complete_sequence",0.6330581415773757,2089,5693,6128,5810,6042,0.929014360313316,49,0.007996083550913838,5810,0.6279961557847368
"MK731956.1_Beet_soil-borne_virus_isolate_BSBV-JKI_1825732_segment_RNA1,_complete_sequence","KU955472.1_Potato_mop-top_virus_isolate_C115_P80_segment_RNA-rep,_complete_sequence",0.6330581415773757,2089,5693,6128,5810,6042,0.929014360313316,49,0.007996083550913838,5810,0.6279961557847368
"MK731956.1_Beet_soil-borne_virus_isolate_BSBV-JKI_1825732_segment_RNA1,_complete_sequence","KU955473.1_Potato_mop-top_virus_isolate_PF43_segment_RNA-rep,_complete_sequence",0.6344633760758827,2081,5693,6128,5810,6042,0.929014360313316,49,0.007996083550913838,5810,0.629390153910785
"MK731956.1_Beet_soil-borne_virus_isolate_BSBV-JKI_1825732_segment_RNA1,_complete_sequence","KM822695.1_Potato_mop-top_virus_isolate_Guangdong_segment_RNA1,_complete_sequence",0.6342877217635693,2082,5693,6128,5810,6042,0.929014360313316,49,0.007996083550913838,5810,0.629215904145029
"MK731956.1_Beet_soil-borne_virus_isolate_BSBV-JKI_1825732_segment_RNA1,_complete_sequence","KM822696.1_Potato_mop-top_virus_isolate_Yunnan_segment_RNA1,_complete_sequence",0.6330581415773757,2089,5693,6128,5810,6042,0.929014360313316,49,0.007996083550913838,5810,0.6279961557847368
"MK731956.1_Beet_soil-borne_virus_isolate_BSBV-JKI_1825732_segment_RNA1,_complete_sequence","KM822697.1_Potato_mop-top_virus_isolate_Ch10_segment_RNA1,_complete_sequence",0.6342877217635693,2082,5693,6128,5810,6042,0.929014360313316,49,0.007996083550913838,5810,0.629215904145029
"MK731956.1_Beet_soil-borne_virus_isolate_BSBV-JKI_1825732_segment_RNA1,_complete_sequence","NC_003723.1_Potato_mop-top_virus_RNA_1,_complete_sequence",0.6324200913242009,2093,5694,6128,5810,6043,0.929177545691906,49,0.007996083550913838,5810,0.627363207434696
"MK731956.1_Beet_soil-borne_virus_isolate_BSBV-JKI_1825732_segment_RNA1,_complete_sequence","KT225274.1_Colombian_potato_soil-borne_virus_isolate_IS13_segment_RNA1_putative_replicase_(ORF2)_and_polymerase_(ORF1)_genes,_complete_cds",0.6100999286224126,2185,5604,6233,5810,6061,0.8990855125942564,54,0.00866356489651853,5810,0.604814288297431
"MK731956.1_Beet_soil-borne_virus_isolate_BSBV-JKI_1825732_segment_RNA1,_complete_sequence","NC_029034.2_Colombian_potato_soil-borne_virus_RNA_1,_complete_sequence",0.6142553944110365,2181,5654,6285,5810,6170,0.8996022275258552,57,0.009069212410501194,5810,0.6086845817648266
"MH106714.1_Beet_soil-borne_virus_isolate_Brazilian_segment_RNA1,_complete_sequence","NC_003520.1_Beet_soil-borne_virus_RNA_1,_complete_sequence",0.9666494756747465,194,5817,5821,5819,5834,0.9993128328465899,4,0.000687167153410067,5819,0.9659852259062017
"MH106714.1_Beet_soil-borne_virus_isolate_Brazilian_segment_RNA1,_complete_sequence","FJ971717.1_Beet_soil-borne_virus_isolate_PL_segment_RNA_1,_complete_sequence",0.9721505930892212,162,5817,5821,5819,5834,0.9993128328465899,4,0.000687167153410067,5819,0.9714825631334821
"MH106714.1_Beet_soil-borne_virus_isolate_Brazilian_segment_RNA1,_complete_sequence","EF545138.1_Beet_soil-borne_virus_isolate_IM_segment_RNA_1,_complete_sequence",0.9711191335740073,168,5817,5821,5819,5834,0.9993128328465899,4,0.000687167153410067,5819,0.9704518124033671
"MH106714.1_Beet_soil-borne_virus_isolate_Brazilian_segment_RNA1,_complete_sequence","EF545139.1_Beet_soil-borne_virus_isolate_XJ_segment_RNA_1,_complete_sequence",0.9709472236548049,169,5817,5821,5819,5834,0.9993128328465899,4,0.000687167153410067,5819,0.9702800206150146
"MH106714.1_Beet_soil-borne_virus_isolate_Brazilian_segment_RNA1,_complete_sequence","MW582800.1_Beet_soil-borne_virus_isolate_DSMZ_PV-0576_segment_RNA_1,_complete_sequence",0.9723320158102767,161,5819,5820,5819,5835,0.9998281786941581,1,0.0001718213058419244,5819,0.9721649484536083
"MH106714.1_Beet_soil-borne_virus_isolate_Brazilian_segment_RNA1,_complete_sequence","MN087411.1_Beet_soil-borne_virus_isolate_TR1_segment_RNA_1,_complete_sequence",0.9685512974737928,183,5819,5820,5819,5835,0.9998281786941581,1,0.0001718213058419244,5819,0.9683848797250859
"MH106714.1_Beet_soil-borne_virus_isolate_Brazilian_segment_RNA1,_complete_sequence","MN087414.1_Beet_soil-borne_virus_isolate_TR3_segment_RNA_1,_complete_sequence",0.9682075958068397,185,5819,5820,5819,5835,0.9998281786941581,1,0.0001718213058419244,5819,0.9680412371134021
"MH106714.1_Beet_soil-borne_virus_isolate_Brazilian_segment_RNA1,_complete_sequence","FN386612.1_Beet_soil-borne_virus_segment_RNA-1,_complete_sequence,_clone_pUBS-1-wt,_genomic_RNA",0.9719883141433237,163,5819,5820,5819,5835,0.9998281786941581,1,0.0001718213058419244,5819,0.9718213058419245
"MH106714.1_Beet_soil-borne_virus_isolate_Brazilian_segment_RNA1,_complete_sequence","OP380962.1_Beet_soil-borne_virus_isolate_BSBV-US-RNA1_segment_RNA1,_complete_sequence",0.9945007733287506,32,5819,5820,5819,5837,0.9998281786941581,1,0.0001718213058419244,5819,0.9943298969072165
"MH106714.1_Beet_soil-borne_virus_isolate_Brazilian_segment_RNA1,_complete_sequence","MN125066.1_Potato_mop-top_virus_isolate_PMTV_quitoense_M6_segment_RNA_1,_complete_sequence",0.632480173035328,2039,5548,6049,5819,5875,0.9171763927921971,47,0.007769879318895685,5722,0.6275658784192493
"MH106714.1_Beet_soil-borne_virus_isolate_Brazilian_segment_RNA1,_complete_sequence","KT225277.1_Soil-borne_virus_2_isolate_IS16_segment_RNA1_putative_replicase_(ORF2)_and_polymerase_(ORF1)_genes,_complete_cds",0.6310490992582126,2089,5662,6078,5819,5961,0.9315564330371833,41,0.006745640013162225,5779,0.6267922692039865
"MH106714.1_Beet_soil-borne_virus_isolate_Brazilian_segment_RNA1,_complete_sequence","OK523979.1_Potato_mop-top_virus_isolate_AS99_segment_RNA1,_complete_sequence",0.6332920573147002,2073,5653,6074,5819,5965,0.9306881791241357,50,0.008231807704972012,5762,0.6280789188777994
"MH106714.1_Beet_soil-borne_virus_isolate_Brazilian_segment_RNA1,_complete_sequence","OK523982.1_Potato_mop-top_virus_isolate_AS144_segment_RNA1,_complete_sequence",0.6331151600919865,2074,5653,6074,5819,5965,0.9306881791241357,48,0.007902535396773132,5762,0.6281119451291259
"MH106714.1_Beet_soil-borne_virus_isolate_Brazilian_segment_RNA1,_complete_sequence","OK504616.1_Potato_mop-top_virus_isolate_AS22_segment_RNA_1,_partial_sequence",0.6327144120247569,2077,5655,6076,5819,5967,0.9307109940750494,48,0.007899934167215274,5764,0.627716009823113
"MH106714.1_Beet_soil-borne_virus_isolate_Brazilian_segment_RNA1,_complete_sequence","MN417993.1_Potato_mop-top_virus_isolate_PMTV_physalis_M7_segment_RNA1,_complete_sequence",0.6378301719553271,2043,5641,6113,5819,5978,0.9227875020448225,49,0.008015704236872239,5776,0.6327175139435798
"MH106714.1_Beet_soil-borne_virus_isolate_Brazilian_segment_RNA1,_complete_sequence","OR477289.1_Beet_virus_Q_isolate_DSMZ_PV-0961_Replicase_read-through_protein_and_replicase_genes,_complete_cds",0.6247379454926625,2148,5724,6052,5819,5991,0.9458030403172505,50,0.008261731658955718,5802,0.6195765282298348
"MH106714.1_Beet_soil-borne_virus_isolate_Brazilian_segment_RNA1,_complete_sequence","OQ731908.1_Beet_virus_Q_isolate_DSMZ_PV-1078_segment_RNA1_Replicase_readthrough_protein_(Replicase-RT)_and_replicase_(Replicase)_genes,_complete_cds",0.6252400069820213,2147,5729,6057,5819,5996,0.9458477794287601,50,0.008254911672445105,5807,0.6200787059503058
"MH106714.1_Beet_soil-borne_virus_isolate_Brazilian_segment_RNA1,_complete_sequence","NC_003510.1_Beet_virus_Q_RNA_1,_complete_sequence",0.6259808195292067,2145,5735,6069,5819,6003,0.9449662217828307,52,0.008568133135607184,5819,0.6206173325271439
"MH106714.1_Beet_soil-borne_virus_isolate_Brazilian_segment_RNA1,_complete_sequence","MN125060.1_Potato_mop-top_virus_isolate_PMTV_quitoense_M1_segment_RNA_1,_complete_sequence",0.6347305389221557,2074,5678,6114,5819,6005,0.9286882564605823,50,0.008177952240758913,5794,0.6295397428890992
"MH106714.1_Beet_soil-borne_virus_isolate_Brazilian_segment_RNA1,_complete_sequence","KM822698.1_Potato_mop-top_virus_isolate_Ch20_segment_RNA1,_complete_sequence",0.6338721011946591,2084,5692,6114,5819,6005,0.9309780830879948,48,0.007850834151128557,5802,0.6288956764551524
"MH106714.1_Beet_soil-borne_virus_isolate_Brazilian_segment_RNA1,_complete_sequence","KM822709.1_Potato_mop-top_virus_isolate_Ch9_segment_RNA1,_complete_sequence",0.6333450456781448,2087,5692,6114,5819,6005,0.9309780830879948,48,0.007850834151128557,5802,0.6283727587640867
"MH106714.1_Beet_soil-borne_virus_isolate_Brazilian_segment_RNA1,_complete_sequence","MN417990.1_Potato_mop-top_virus_isolate_PMTV_physalis_M2_segment_RNA1,_complete_sequence",0.6367001586462189,2061,5673,6145,5819,6010,0.9231895850284785,49,0.007973962571196095,5808,0.6316231354120994
"MH106714.1_Beet_soil-borne_virus_isolate_Brazilian_segment_RNA1,_complete_sequence","ON398500.1_Potato_mop-top_virus_isolate_DSMZ_PV-0582_segment_RNA_1,_complete_sequence",0.6345644106732637,2068,5659,6126,5819,6014,0.9237675481554032,51,0.00832517140058766,5791,0.6292815531896959
"MH106714.1_Beet_soil-borne_virus_isolate_Brazilian_segment_RNA1,_complete_sequence","KR857349.1_Potato_mop-top_virus_isolate_CO1_segment_RNA1_rep_protein_2_and_rep_protein_1_genes,_complete_cds",0.6357720717551882,2071,5686,6154,5819,6041,0.92395190120247,51,0.008287292817679558,5819,0.6305032424312502
"MH106714.1_Beet_soil-borne_virus_isolate_Brazilian_segment_RNA1,_complete_sequence","KR857352.1_Potato_mop-top_virus_isolate_CO2_segment_RNA1_rep_protein_2_and_rep_protein_1_genes,_complete_cds",0.6377398345361732,2058,5681,6159,5819,6041,0.9223899983763598,53,0.00860529306705634,5819,0.6322518963594534
"MH106714.1_Beet_soil-borne_virus_isolate_Brazilian_segment_RNA1,_complete_sequence","KR857355.1_Potato_mop-top_virus_isolate_CO3_segment_RNA1_rep_protein_2_and_rep_protein_1_genes,_complete_cds",0.6332107199159223,2094,5709,6131,5819,6041,0.9311694666449193,48,0.00782906540531724,5819,0.6282532717743525
"MH106714.1_Beet_soil-borne_virus_isolate_Brazilian_segment_RNA1,_complete_sequence","KR857358.1_Potato_mop-top_virus_isolate_CO4_segment_RNA1_rep_protein_2_and_rep_protein_1_genes,_complete_cds",0.6333858819407953,2093,5709,6131,5819,6041,0.9311694666449193,48,0.00782906540531724,5819,0.6284270624442763
"MH106714.1_Beet_soil-borne_virus_isolate_Brazilian_segment_RNA1,_complete_sequence","KR857361.1_Potato_mop-top_virus_isolate_CO5_segment_RNA1_rep_protein_2_and_rep_protein_1_genes,_complete_cds",0.6363795825293808,2073,5701,6139,5819,6041,0.9286528750610848,49,0.00798175598631699,5819,0.631300155986957
"MH106714.1_Beet_soil-borne_virus_isolate_Brazilian_segment_RNA1,_complete_sequence","OP221272.1_Potato_mop-top_virus_isolate_Hebei_segment_RNA1,_complete_sequence",0.6334151472650771,2091,5704,6136,5819,6042,0.9295958279009127,52,0.00847457627118644,5819,0.6280472222882544
"MH106714.1_Beet_soil-borne_virus_isolate_Brazilian_segment_RNA1,_complete_sequence","KY275269.1_Potato_mop-top_virus_strain_Maryland_segment_RNA1,_complete_sequence",0.6321134652425144,2101,5711,6129,5819,6042,0.9317996410507424,45,0.007342143906020558,5819,0.6274723972157706
"MH106714.1_Beet_soil-borne_virus_isolate_Brazilian_segment_RNA1,_complete_sequence","KU955464.1_Potato_mop-top_virus_isolate_H11_P64_segment_RNA-rep,_complete_sequence",0.6350544432736214,2078,5694,6146,5819,6042,0.9264562316954117,47,0.007647250244061178,5819,0.630198023027305
"MH106714.1_Beet_soil-borne_virus_isolate_Brazilian_segment_RNA1,_complete_sequence","KU955466.1_Potato_mop-top_virus_isolate_C29_P69_segment_RNA-rep,_complete_sequence",0.6349094744243277,2077,5689,6151,5819,6042,0.9248902617460576,48,0.007803609169240774,5819,0.6299548890280722
"MH106714.1_Beet_soil-borne_virus_isolate_Brazilian_segment_RNA1,_complete_sequence","KU955467.1_Potato_mop-top_virus_isolate_C29_P70_segment_RNA-rep,_complete_sequence",0.6354368078748462,2074,5689,6151,5819,6042,0.9248902617460576,48,0.007803609169240774,5819,0.630478107374441
"MH106714.1_Beet_soil-borne_virus_isolate_Brazilian_segment_RNA1,_complete_sequence","KU955468.1_Potato_mop-top_virus_isolate_C29_P71_segment_RNA-rep,_complete_sequence",0.6352610300580066,2075,5689,6151,5819,6042,0.9248902617460576,48,0.007803609169240774,5819,0.6303037012589846
"MH106714.1_Beet_soil-borne_virus_isolate_Brazilian_segment_RNA1,_complete_sequence","KU955469.1_Potato_mop-top_virus_isolate_C61_P76_segment_RNA-rep,_complete_sequence",0.6322885659254072,2100,5711,6129,5819,6042,0.9317996410507424,46,0.007505302659487682,5819,0.6275430488700036
"MH106714.1_Beet_soil-borne_virus_isolate_Brazilian_segment_RNA1,_complete_sequence","KU955470.1_Potato_mop-top_virus_isolate_C61_P77_segment_RNA-rep,_complete_sequence",0.6321134652425144,2101,5711,6129,5819,6042,0.9317996410507424,46,0.007505302659487682,5819,0.6273692623707319
"MH106714.1_Beet_soil-borne_virus_isolate_Brazilian_segment_RNA1,_complete_sequence","KU955471.1_Potato_mop-top_virus_isolate_C115_P79_segment_RNA-rep,_complete_sequence",0.6343519494204426,2082,5694,6146,5819,6042,0.9264562316954117,47,0.007647250244061178,5819,0.6295009013204164
"MH106714.1_Beet_soil-borne_virus_isolate_Brazilian_segment_RNA1,_complete_sequence","KU955472.1_Potato_mop-top_virus_isolate_C115_P80_segment_RNA-rep,_complete_sequence",0.6341763259571479,2083,5694,6146,5819,6042,0.9264562316954117,47,0.007647250244061178,5819,0.6293266208936943
"MH106714.1_Beet_soil-borne_virus_isolate_Brazilian_segment_RNA1,_complete_sequence","KU955473.1_Potato_mop-top_virus_isolate_PF43_segment_RNA-rep,_complete_sequence",0.6333858819407953,2093,5709,6131,5819,6042,0.9311694666449193,48,0.00782906540531724,5819,0.6284270624442763
"MH106714.1_Beet_soil-borne_virus_isolate_Brazilian_segment_RNA1,_complete_sequence","KM822695.1_Potato_mop-top_virus_isolate_Guangdong_segment_RNA1,_complete_sequence",0.6333858819407953,2093,5709,6131,5819,6042,0.9311694666449193,48,0.00782906540531724,5819,0.6284270624442763
"MH106714.1_Beet_soil-borne_virus_isolate_Brazilian_segment_RNA1,_complete_sequence","KM822696.1_Potato_mop-top_virus_isolate_Yunnan_segment_RNA1,_complete_sequence",0.6321879382889201,2098,5704,6136,5819,6042,0.9295958279009127,52,0.00847457627118644,5819,0.6268304133881665
"MH106714.1_Beet_soil-borne_virus_isolate_Brazilian_segment_RNA1,_complete_sequence","KM822697.1_Potato_mop-top_virus_isolate_Ch10_segment_RNA1,_complete_sequence",0.6332107199159223,2094,5709,6131,5819,6042,0.9311694666449193,48,0.00782906540531724,5819,0.6282532717743525
"MH106714.1_Beet_soil-borne_virus_isolate_Brazilian_segment_RNA1,_complete_sequence","NC_003723.1_Potato_mop-top_virus_RNA_1,_complete_sequence",0.631523642732049,2104,5710,6131,5819,6043,0.9313325721741967,48,0.00782906540531724,5819,0.6265794028280955
"MH106714.1_Beet_soil-borne_virus_isolate_Brazilian_segment_RNA1,_complete_sequence","KT225274.1_Colombian_potato_soil-borne_virus_isolate_IS13_segment_RNA1_putative_replicase_(ORF2)_and_polymerase_(ORF1)_genes,_complete_cds",0.6132833422603107,2166,5601,6241,5819,6061,0.8974523313571543,56,0.008972921006248998,5812,0.6077803992757606
"MH106714.1_Beet_soil-borne_virus_isolate_Brazilian_segment_RNA1,_complete_sequence","NC_029034.2_Colombian_potato_soil-borne_virus_RNA_1,_complete_sequence",0.6159010600706714,2174,5660,6298,5819,6170,0.8986979993648777,57,0.009050492219752302,5819,0.6103268523183646
"NC_003520.1_Beet_soil-borne_virus_RNA_1,_complete_sequence","FJ971717.1_Beet_soil-borne_virus_isolate_PL_segment_RNA_1,_complete_sequence",0.9816592389441207,107,5834,5834,5834,5834,1.0,0,0.0,5834,0.9816592389441207
"NC_003520.1_Beet_soil-borne_virus_RNA_1,_complete_sequence","EF545138.1_Beet_soil-borne_virus_isolate_IM_segment_RNA_1,_complete_sequence",0.9794309221803222,120,5834,5834,5834,5834,1.0,0,0.0,5834,0.9794309221803222
"NC_003520.1_Beet_soil-borne_virus_RNA_1,_complete_sequence","EF545139.1_Beet_soil-borne_virus_isolate_XJ_segment_RNA_1,_complete_sequence",0.9768597874528625,135,5834,5834,5834,5834,1.0,0,0.0,5834,0.9768597874528625
"NC_003520.1_Beet_soil-borne_virus_RNA_1,_complete_sequence","MW582800.1_Beet_soil-borne_virus_isolate_DSMZ_PV-0576_segment_RNA_1,_complete_sequence",0.9825132864735128,102,5833,5836,5834,5835,0.999485949280329,3,0.0005140507196710075,5834,0.9820082248115147
"NC_003520.1_Beet_soil-borne_virus_RNA_1,_complete_sequence","MN087411.1_Beet_soil-borne_virus_isolate_TR1_segment_RNA_1,_complete_sequence",0.9645122578433053,207,5833,5836,5834,5835,0.999485949280329,3,0.0005140507196710075,5834,0.9640164496230295
"NC_003520.1_Beet_soil-borne_virus_RNA_1,_complete_sequence","MN087414.1_Beet_soil-borne_virus_isolate_TR3_segment_RNA_1,_complete_sequence",0.9641693811074918,209,5833,5836,5834,5835,0.999485949280329,3,0.0005140507196710075,5834,0.9636737491432488
"NC_003520.1_Beet_soil-borne_virus_RNA_1,_complete_sequence","FN386612.1_Beet_soil-borne_virus_segment_RNA-1,_complete_sequence,_clone_pUBS-1-wt,_genomic_RNA",0.968626778673067,183,5833,5836,5834,5835,0.999485949280329,3,0.0005140507196710075,5834,0.9681288553803975
"NC_003520.1_Beet_soil-borne_virus_RNA_1,_complete_sequence","OP380962.1_Beet_soil-borne_virus_isolate_BSBV-US-RNA1_segment_RNA1,_complete_sequence",0.9674267100977199,190,5833,5836,5834,5837,0.999485949280329,3,0.0005140507196710075,5834,0.9669294037011651
"NC_003520.1_Beet_soil-borne_virus_RNA_1,_complete_sequence","MN125066.1_Potato_mop-top_virus_isolate_PMTV_quitoense_M6_segment_RNA_1,_complete_sequence",0.6306030603060306,2052,5555,6041,5834,5875,0.9195497434199635,47,0.007780168846217513,5721,0.6256968620219082
"NC_003520.1_Beet_soil-borne_virus_RNA_1,_complete_sequence","KT225277.1_Soil-borne_virus_2_isolate_IS16_segment_RNA1_putative_replicase_(ORF2)_and_polymerase_(ORF1)_genes,_complete_cds",0.6307856002837382,2082,5639,6130,5834,5961,0.9199021207177814,44,0.007177814029363785,5811,0.6262579385525009
"NC_003520.1_Beet_soil-borne_virus_RNA_1,_complete_sequence","OK523979.1_Potato_mop-top_virus_isolate_AS99_segment_RNA1,_complete_sequence",0.6346153846153846,2052,5616,6110,5834,5965,0.9191489361702128,49,0.008019639934533552,5761,0.6295259977338536
"NC_003520.1_Beet_soil-borne_virus_RNA_1,_complete_sequence","OK523982.1_Potato_mop-top_virus_isolate_AS144_segment_RNA1,_complete_sequence",0.6351495726495726,2049,5616,6110,5834,5965,0.9191489361702128,49,0.008019639934533552,5761,0.6300559017723502
"NC_003520.1_Beet_soil-borne_virus_RNA_1,_complete_sequence","OK504616.1_Potato_mop-top_virus_isolate_AS22_segment_RNA_1,_partial_sequence",0.634745461018156,2052,5618,6112,5834,5967,0.919175392670157,49,0.008017015706806283,5763,0.6296566966873495
"NC_003520.1_Beet_soil-borne_virus_RNA_1,_complete_sequence","MN417993.1_Potato_mop-top_virus_isolate_PMTV_physalis_M7_segment_RNA1,_complete_sequence",0.634414318624845,2063,5643,6108,5834,5978,0.9238703339882122,48,0.007858546168958742,5773,0.6294287444116832
"NC_003520.1_Beet_soil-borne_virus_RNA_1,_complete_sequence","OR477289.1_Beet_virus_Q_isolate_DSMZ_PV-0961_Replicase_read-through_protein_and_replicase_genes,_complete_cds",0.6259595254710397,2144,5732,6074,5834,5991,0.9436944352979915,51,0.008396443859071453,5816,0.6207036914573711
"NC_003520.1_Beet_soil-borne_virus_RNA_1,_complete_sequence","OQ731908.1_Beet_virus_Q_isolate_DSMZ_PV-1078_segment_RNA1_Replicase_readthrough_protein_(Replicase-RT)_and_replicase_(Replicase)_genes,_complete_cds",0.6253481894150418,2152,5744,6073,5834,5996,0.9458257862670838,51,0.008397826444920138,5822,0.6200966238526892
"NC_003520.1_Beet_soil-borne_virus_RNA_1,_complete_sequence","NC_003510.1_Beet_virus_Q_RNA_1,_complete_sequence",0.6271983283997911,2141,5743,6092,5834,6003,0.9427117531188444,54,0.00886408404464872,5834,0.6216387897041922
"NC_003520.1_Beet_soil-borne_virus_RNA_1,_complete_sequence","MN125060.1_Potato_mop-top_virus_isolate_PMTV_quitoense_M1_segment_RNA_1,_complete_sequence",0.6382337293846427,2040,5639,6166,5834,6005,0.9145313006811547,51,0.008271164450210833,5800,0.632954793251231
"NC_003520.1_Beet_soil-borne_virus_RNA_1,_complete_sequence","KM822698.1_Potato_mop-top_virus_isolate_Ch20_segment_RNA1,_complete_sequence",0.6341248900615655,2080,5685,6121,5834,6005,0.9287698088547623,52,0.008495343898055873,5802,0.6287377810461756
"NC_003520.1_Beet_soil-borne_virus_RNA_1,_complete_sequence","KM822709.1_Potato_mop-top_virus_isolate_Ch9_segment_RNA1,_complete_sequence",0.6337730870712401,2082,5685,6121,5834,6005,0.9287698088547623,52,0.008495343898055873,5802,0.6283889667432375
"NC_003520.1_Beet_soil-borne_virus_RNA_1,_complete_sequence","MN417990.1_Potato_mop-top_virus_isolate_PMTV_physalis_M2_segment_RNA1,_complete_sequence",0.6336563876651982,2079,5675,6143,5834,6010,0.9238157252156927,49,0.007976558684681752,5808,0.6286019903030633
"NC_003520.1_Beet_soil-borne_virus_RNA_1,_complete_sequence","ON398500.1_Potato_mop-top_virus_isolate_DSMZ_PV-0582_segment_RNA_1,_complete_sequence",0.6335381913959613,2087,5695,6124,5834,6014,0.9299477465708688,50,0.008164598301763554,5805,0.6283656065543876
"NC_003520.1_Beet_soil-borne_virus_RNA_1,_complete_sequence","KR857349.1_Potato_mop-top_virus_isolate_CO1_segment_RNA1_rep_protein_2_and_rep_protein_1_genes,_complete_cds",0.6351517277670584,2080,5701,6174,5834,6041,0.9233884029802397,53,0.008584386135406543,5834,0.6296993400813353
"NC_003520.1_Beet_soil-borne_virus_RNA_1,_complete_sequence","KR857352.1_Potato_mop-top_virus_isolate_CO2_segment_RNA1_rep_protein_2_and_rep_protein_1_genes,_complete_cds",0.6361086765994741,2076,5705,6170,5834,6041,0.9246353322528363,54,0.008752025931928687,5834,0.6305414369663507
"NC_003520.1_Beet_soil-borne_virus_RNA_1,_complete_sequence","KR857355.1_Potato_mop-top_virus_isolate_CO3_segment_RNA1_rep_protein_2_and_rep_protein_1_genes,_complete_cds",0.6338988980234388,2093,5717,6158,5834,6041,0.9283858395582981,53,0.008606690483923351,5834,0.628443126410051
"NC_003520.1_Beet_soil-borne_virus_RNA_1,_complete_sequence","KR857358.1_Potato_mop-top_virus_isolate_CO4_segment_RNA1_rep_protein_2_and_rep_protein_1_genes,_complete_cds",0.6340738149379045,2092,5717,6158,5834,6041,0.9283858395582981,53,0.008606690483923351,5834,0.6286165378687735
"NC_003520.1_Beet_soil-borne_virus_RNA_1,_complete_sequence","KR857361.1_Potato_mop-top_virus_isolate_CO5_segment_RNA1_rep_protein_2_and_rep_protein_1_genes,_complete_cds",0.636109167249825,2080,5716,6159,5834,6041,0.9280727390810196,53,0.00860529306705634,5834,0.6306352614429991
"NC_003520.1_Beet_soil-borne_virus_RNA_1,_complete_sequence","OP221272.1_Potato_mop-top_virus_isolate_Hebei_segment_RNA1,_complete_sequence",0.6351848606973891,2082,5707,6168,5834,6042,0.9252594033722439,53,0.008592736705577173,5834,0.6297268844300478
"NC_003520.1_Beet_soil-borne_virus_RNA_1,_complete_sequence","KY275269.1_Potato_mop-top_virus_strain_Maryland_segment_RNA1,_complete_sequence",0.6336131514515565,2095,5718,6157,5834,6042,0.9286990417411077,52,0.00844567159330843,5834,0.6282618628571954
"NC_003520.1_Beet_soil-borne_virus_RNA_1,_complete_sequence","KU955464.1_Potato_mop-top_virus_isolate_H11_P64_segment_RNA-rep,_complete_sequence",0.636347642505278,2067,5684,6191,5834,6042,0.918106929413665,52,0.008399289290906154,5834,0.6310027745662901
"NC_003520.1_Beet_soil-borne_virus_RNA_1,_complete_sequence","KU955466.1_Potato_mop-top_virus_isolate_C29_P69_segment_RNA-rep,_complete_sequence",0.6352256699576868,2069,5672,6203,5834,6042,0.9143962598742544,49,0.007899403514428503,5834,0.6302077660679678
"NC_003520.1_Beet_soil-borne_virus_RNA_1,_complete_sequence","KU955467.1_Potato_mop-top_virus_isolate_C29_P70_segment_RNA-rep,_complete_sequence",0.6363636363636364,2068,5687,6188,5834,6042,0.9190368455074337,52,0.008403361344537815,5834,0.6310160427807486
"NC_003520.1_Beet_soil-borne_virus_RNA_1,_complete_sequence","KU955468.1_Potato_mop-top_virus_isolate_C29_P71_segment_RNA-rep,_complete_sequence",0.6355782792665726,2067,5672,6203,5834,6042,0.9143962598742544,49,0.007899403514428503,5834,0.6305575899736399
"NC_003520.1_Beet_soil-borne_virus_RNA_1,_complete_sequence","KU955469.1_Potato_mop-top_virus_isolate_C61_P76_segment_RNA-rep,_complete_sequence",0.6360119570951293,2070,5687,6188,5834,6042,0.9190368455074337,51,0.008241758241758242,5834,0.6307701003058837
"NC_003520.1_Beet_soil-borne_virus_RNA_1,_complete_sequence","KU955470.1_Potato_mop-top_virus_isolate_C61_P77_segment_RNA-rep,_complete_sequence",0.6358361174608758,2071,5687,6188,5834,6042,0.9190368455074337,51,0.008241758241758242,5834,0.6305957098993851
"NC_003520.1_Beet_soil-borne_virus_RNA_1,_complete_sequence","KU955471.1_Potato_mop-top_virus_isolate_C115_P79_segment_RNA-rep,_complete_sequence",0.6347673397717296,2080,5695,6180,5834,6042,0.9215210355987055,53,0.008576051779935276,5834,0.6293235421976355
"NC_003520.1_Beet_soil-borne_virus_RNA_1,_complete_sequence","KU955472.1_Potato_mop-top_virus_isolate_C115_P80_segment_RNA-rep,_complete_sequence",0.6361717100633357,2068,5684,6191,5834,6042,0.918106929413665,52,0.008399289290906154,5834,0.6308283198318233
"NC_003520.1_Beet_soil-borne_virus_RNA_1,_complete_sequence","KU955473.1_Potato_mop-top_virus_isolate_PF43_segment_RNA-rep,_complete_sequence",0.6340738149379045,2092,5717,6158,5834,6042,0.9283858395582981,53,0.008606690483923351,5834,0.6286165378687735
"NC_003520.1_Beet_soil-borne_virus_RNA_1,_complete_sequence","KM822695.1_Potato_mop-top_virus_isolate_Guangdong_segment_RNA1,_complete_sequence",0.6338988980234388,2093,5717,6158,5834,6042,0.9283858395582981,53,0.008606690483923351,5834,0.628443126410051
"NC_003520.1_Beet_soil-borne_virus_RNA_1,_complete_sequence","KM822696.1_Potato_mop-top_virus_isolate_Yunnan_segment_RNA1,_complete_sequence",0.6339582968284563,2089,5707,6168,5834,6042,0.9252594033722439,53,0.008592736705577173,5834,0.6285108601014933
"NC_003520.1_Beet_soil-borne_virus_RNA_1,_complete_sequence","KM822697.1_Potato_mop-top_virus_isolate_Ch10_segment_RNA1,_complete_sequence",0.6340738149379045,2092,5717,6158,5834,6042,0.9283858395582981,53,0.008606690483923351,5834,0.6286165378687735
"NC_003520.1_Beet_soil-borne_virus_RNA_1,_complete_sequence","NC_003723.1_Potato_mop-top_virus_RNA_1,_complete_sequence",0.6316894018887723,2106,5718,6158,5834,6043,0.9285482299447873,52,0.008444300097434233,5834,0.6263552270108548
"NC_003520.1_Beet_soil-borne_virus_RNA_1,_complete_sequence","KT225274.1_Colombian_potato_soil-borne_virus_isolate_IS13_segment_RNA1_putative_replicase_(ORF2)_and_polymerase_(ORF1)_genes,_complete_cds",0.6159729633582355,2159,5622,6258,5834,6061,0.8983700862895494,63,0.010067114093959731,5827,0.6097718932573136
"NC_003520.1_Beet_soil-borne_virus_RNA_1,_complete_sequence","NC_029034.2_Colombian_potato_soil-borne_virus_RNA_1,_complete_sequence",0.6164263102356666,2181,5686,6310,5834,6170,0.9011093502377179,62,0.0098256735340729,5834,0.6103695065534778
"FJ971717.1_Beet_soil-borne_virus_isolate_PL_segment_RNA_1,_complete_sequence","EF545138.1_Beet_soil-borne_virus_isolate_IM_segment_RNA_1,_complete_sequence",0.9885155982173466,67,5834,5834,5834,5834,1.0,0,0.0,5834,0.9885155982173466
"FJ971717.1_Beet_soil-borne_virus_isolate_PL_segment_RNA_1,_complete_sequence","EF545139.1_Beet_soil-borne_virus_isolate_XJ_segment_RNA_1,_complete_sequence",0.9888584161810079,65,5834,5834,5834,5834,1.0,0,0.0,5834,0.9888584161810079
"FJ971717.1_Beet_soil-borne_virus_isolate_PL_segment_RNA_1,_complete_sequence","MW582800.1_Beet_soil-borne_virus_isolate_DSMZ_PV-0576_segment_RNA_1,_complete_sequence",0.99211383507629,46,5833,5836,5834,5835,0.999485949280329,3,0.0005140507196710075,5834,0.9916038382453735
"FJ971717.1_Beet_soil-borne_virus_isolate_PL_segment_RNA_1,_complete_sequence","MN087411.1_Beet_soil-borne_virus_isolate_TR1_segment_RNA_1,_complete_sequence",0.9698268472484142,176,5833,5836,5834,5835,0.999485949280329,3,0.0005140507196710075,5834,0.9693283070596298
"FJ971717.1_Beet_soil-borne_virus_isolate_PL_segment_RNA_1,_complete_sequence","MN087414.1_Beet_soil-borne_virus_isolate_TR3_segment_RNA_1,_complete_sequence",0.9694839705126007,178,5833,5836,5834,5835,0.999485949280329,3,0.0005140507196710075,5834,0.9689856065798492
"FJ971717.1_Beet_soil-borne_virus_isolate_PL_segment_RNA_1,_complete_sequence","FN386612.1_Beet_soil-borne_virus_segment_RNA-1,_complete_sequence,_clone_pUBS-1-wt,_genomic_RNA",0.9741128064460827,151,5833,5836,5834,5835,0.999485949280329,3,0.0005140507196710075,5834,0.9736120630568883
"FJ971717.1_Beet_soil-borne_virus_isolate_PL_segment_RNA_1,_complete_sequence","OP380962.1_Beet_soil-borne_virus_isolate_BSBV-US-RNA1_segment_RNA1,_complete_sequence",0.9725698611349219,160,5833,5836,5834,5837,0.999485949280329,3,0.0005140507196710075,5834,0.9720699108978752
"FJ971717.1_Beet_soil-borne_virus_isolate_PL_segment_RNA_1,_complete_sequence","MN125066.1_Potato_mop-top_virus_isolate_PMTV_quitoense_M6_segment_RNA_1,_complete_sequence",0.6338078933141107,2032,5549,6047,5834,5875,0.9176451132793121,48,0.007937820406813297,5721,0.6287768400845626
"FJ971717.1_Beet_soil-borne_virus_isolate_PL_segment_RNA_1,_complete_sequence","KT225277.1_Soil-borne_virus_2_isolate_IS16_segment_RNA1_putative_replicase_(ORF2)_and_polymerase_(ORF1)_genes,_complete_cds",0.6362185172046826,2051,5638,6131,5834,5961,0.9195889740662209,45,0.007339748817484912,5811,0.6315488330953676
"FJ971717.1_Beet_soil-borne_virus_isolate_PL_segment_RNA_1,_complete_sequence","OK523979.1_Potato_mop-top_virus_isolate_AS99_segment_RNA1,_complete_sequence",0.6332388377037562,2070,5644,6082,5834,5965,0.9279842157185136,50,0.008220979940808944,5761,0.6280329939212524
"FJ971717.1_Beet_soil-borne_virus_isolate_PL_segment_RNA_1,_complete_sequence","OK523982.1_Potato_mop-top_virus_isolate_AS144_segment_RNA1,_complete_sequence",0.6337703756201276,2067,5644,6082,5834,5965,0.9279842157185136,50,0.008220979940808944,5761,0.6285601620750756
"FJ971717.1_Beet_soil-borne_virus_isolate_PL_segment_RNA_1,_complete_sequence","OK504616.1_Potato_mop-top_virus_isolate_AS22_segment_RNA_1,_partial_sequence",0.6333687566418704,2070,5646,6084,5834,5967,0.928007889546351,50,0.00821827744904668,5763,0.6281635564722298
"FJ971717.1_Beet_soil-borne_virus_isolate_PL_segment_RNA_1,_complete_sequence","MN417993.1_Potato_mop-top_virus_isolate_PMTV_physalis_M7_segment_RNA1,_complete_sequence",0.6362830289058343,2051,5639,6112,5834,5978,0.9226112565445026,48,0.007853403141361256,5773,0.6312860417678303
"FJ971717.1_Beet_soil-borne_virus_isolate_PL_segment_RNA_1,_complete_sequence","OR477289.1_Beet_virus_Q_isolate_DSMZ_PV-0961_Replicase_read-through_protein_and_replicase_genes,_complete_cds",0.6251963008201011,2148,5731,6075,5834,5991,0.9433744855967078,51,0.008395061728395062,5816,0.6199477392823521
"FJ971717.1_Beet_soil-borne_virus_isolate_PL_segment_RNA_1,_complete_sequence","OQ731908.1_Beet_virus_Q_isolate_DSMZ_PV-1078_segment_RNA1_Replicase_readthrough_protein_(Replicase-RT)_and_replicase_(Replicase)_genes,_complete_cds",0.6251526251526252,2149,5733,6084,5834,5996,0.9423076923076923,51,0.008382642998027613,5822,0.6199121938766909
"FJ971717.1_Beet_soil-borne_virus_isolate_PL_segment_RNA_1,_complete_sequence","NC_003510.1_Beet_virus_Q_RNA_1,_complete_sequence",0.6264367816091954,2145,5742,6093,5834,6003,0.9423929098966026,54,0.008862629246676515,5834,0.6208849046673118
"FJ971717.1_Beet_soil-borne_virus_isolate_PL_segment_RNA_1,_complete_sequence","MN125060.1_Potato_mop-top_virus_isolate_PMTV_quitoense_M1_segment_RNA_1,_complete_sequence",0.634632339975313,2072,5671,6134,5834,6005,0.9245190740136942,50,0.008151287903488751,5800,0.6294592690593095
"FJ971717.1_Beet_soil-borne_virus_isolate_PL_segment_RNA_1,_complete_sequence","KM822698.1_Potato_mop-top_virus_isolate_Ch20_segment_RNA1,_complete_sequence",0.6373413258110014,2057,5672,6134,5834,6005,0.924682099771764,52,0.008477339419628301,5802,0.6319383670659457
"FJ971717.1_Beet_soil-borne_virus_isolate_PL_segment_RNA_1,_complete_sequence","KM822709.1_Potato_mop-top_virus_isolate_Ch9_segment_RNA1,_complete_sequence",0.6371650211565585,2058,5672,6134,5834,6005,0.924682099771764,52,0.008477339419628301,5802,0.6317635570058997
"FJ971717.1_Beet_soil-borne_virus_isolate_PL_segment_RNA_1,_complete_sequence","MN417990.1_Potato_mop-top_virus_isolate_PMTV_physalis_M2_segment_RNA1,_complete_sequence",0.6355140186915889,2067,5671,6147,5834,6010,0.9225638522856678,49,0.007971368147063609,5808,0.6304481024859784
"FJ971717.1_Beet_soil-borne_virus_isolate_PL_segment_RNA_1,_complete_sequence","ON398500.1_Potato_mop-top_virus_isolate_DSMZ_PV-0582_segment_RNA_1,_complete_sequence",0.6354385964912281,2078,5700,6119,5834,6014,0.9315247589475405,50,0.008171269815329302,5805,0.6302462562682242
"FJ971717.1_Beet_soil-borne_virus_isolate_PL_segment_RNA_1,_complete_sequence","KR857349.1_Potato_mop-top_virus_isolate_CO1_segment_RNA1_rep_protein_2_and_rep_protein_1_genes,_complete_cds",0.6369538515529041,2069,5699,6176,5834,6041,0.9227655440414507,52,0.008419689119170985,5834,0.63159089813957
"FJ971717.1_Beet_soil-borne_virus_isolate_PL_segment_RNA_1,_complete_sequence","KR857352.1_Potato_mop-top_virus_isolate_CO2_segment_RNA1_rep_protein_2_and_rep_protein_1_genes,_complete_cds",0.6424145866525048,2020,5649,6226,5834,6041,0.9073241246386122,52,0.008352071956312239,5834,0.6370490937989985
"FJ971717.1_Beet_soil-borne_virus_isolate_PL_segment_RNA_1,_complete_sequence","KR857355.1_Potato_mop-top_virus_isolate_CO3_segment_RNA1_rep_protein_2_and_rep_protein_1_genes,_complete_cds",0.6372720897615709,2069,5704,6171,5834,6041,0.9243234483876195,53,0.008588559390698428,5834,0.6317988405706191
"FJ971717.1_Beet_soil-borne_virus_isolate_PL_segment_RNA_1,_complete_sequence","KR857358.1_Potato_mop-top_virus_isolate_CO4_segment_RNA1_rep_protein_2_and_rep_protein_1_genes,_complete_cds",0.6374474053295933,2068,5704,6171,5834,6041,0.9243234483876195,53,0.008588559390698428,5834,0.6319726504304735
"FJ971717.1_Beet_soil-borne_virus_isolate_PL_segment_RNA_1,_complete_sequence","KR857361.1_Potato_mop-top_virus_isolate_CO5_segment_RNA1_rep_protein_2_and_rep_protein_1_genes,_complete_cds",0.6381601958726828,2069,5718,6157,5834,6041,0.9286990417411077,53,0.008608088354718208,5834,0.6326668565221465
"FJ971717.1_Beet_soil-borne_virus_isolate_PL_segment_RNA_1,_complete_sequence","OP221272.1_Potato_mop-top_virus_isolate_Hebei_segment_RNA1,_complete_sequence",0.6363318165908296,2078,5714,6161,5834,6042,0.9274468430449603,52,0.008440188281123194,5834,0.6309610562495339
"FJ971717.1_Beet_soil-borne_virus_isolate_PL_segment_RNA_1,_complete_sequence","KY275269.1_Potato_mop-top_virus_strain_Maryland_segment_RNA1,_complete_sequence",0.6369851007887818,2071,5705,6170,5834,6042,0.9246353322528363,52,0.008427876823338737,5834,0.6316166688210318
"FJ971717.1_Beet_soil-borne_virus_isolate_PL_segment_RNA_1,_complete_sequence","KU955464.1_Potato_mop-top_virus_isolate_H11_P64_segment_RNA-rep,_complete_sequence",0.6344706911636045,2089,5715,6160,5834,6042,0.9277597402597403,51,0.008279220779220779,5834,0.6292177682335163
"FJ971717.1_Beet_soil-borne_virus_isolate_PL_segment_RNA_1,_complete_sequence","KU955466.1_Potato_mop-top_virus_isolate_C29_P69_segment_RNA-rep,_complete_sequence",0.6350901768516897,2084,5711,6164,5834,6042,0.9265087605451006,51,0.00827384815055159,5834,0.6298355371665119
"FJ971717.1_Beet_soil-borne_virus_isolate_PL_segment_RNA_1,_complete_sequence","KU955467.1_Potato_mop-top_virus_isolate_C29_P70_segment_RNA-rep,_complete_sequence",0.6356154789003677,2081,5711,6164,5834,6042,0.9265087605451006,51,0.00827384815055159,5834,0.630356492945806
"FJ971717.1_Beet_soil-borne_virus_isolate_PL_segment_RNA_1,_complete_sequence","KU955468.1_Potato_mop-top_virus_isolate_C29_P71_segment_RNA-rep,_complete_sequence",0.6354403782174751,2082,5711,6164,5834,6042,0.9265087605451006,51,0.00827384815055159,5834,0.6301828410193747
"FJ971717.1_Beet_soil-borne_virus_isolate_PL_segment_RNA_1,_complete_sequence","KU955469.1_Potato_mop-top_virus_isolate_C61_P76_segment_RNA-rep,_complete_sequence",0.6346456692913386,2088,5715,6160,5834,6042,0.9277597402597403,51,0.008279220779220779,5834,0.6293912976786993
"FJ971717.1_Beet_soil-borne_virus_isolate_PL_segment_RNA_1,_complete_sequence","KU955470.1_Potato_mop-top_virus_isolate_C61_P77_segment_RNA-rep,_complete_sequence",0.6344706911636045,2089,5715,6160,5834,6042,0.9277597402597403,51,0.008279220779220779,5834,0.6292177682335163
"FJ971717.1_Beet_soil-borne_virus_isolate_PL_segment_RNA_1,_complete_sequence","KU955471.1_Potato_mop-top_virus_isolate_C115_P79_segment_RNA-rep,_complete_sequence",0.6342957130358705,2090,5715,6160,5834,6042,0.9277597402597403,51,0.008279220779220779,5834,0.6290442387883333
"FJ971717.1_Beet_soil-borne_virus_isolate_PL_segment_RNA_1,_complete_sequence","KU955472.1_Potato_mop-top_virus_isolate_C115_P80_segment_RNA-rep,_complete_sequence",0.6342957130358705,2090,5715,6160,5834,6042,0.9277597402597403,51,0.008279220779220779,5834,0.6290442387883333
"FJ971717.1_Beet_soil-borne_virus_isolate_PL_segment_RNA_1,_complete_sequence","KU955473.1_Potato_mop-top_virus_isolate_PF43_segment_RNA-rep,_complete_sequence",0.6374474053295933,2068,5704,6171,5834,6042,0.9243234483876195,53,0.008588559390698428,5834,0.6319726504304735
"FJ971717.1_Beet_soil-borne_virus_isolate_PL_segment_RNA_1,_complete_sequence","KM822695.1_Potato_mop-top_virus_isolate_Guangdong_segment_RNA1,_complete_sequence",0.6372720897615709,2069,5704,6171,5834,6042,0.9243234483876195,53,0.008588559390698428,5834,0.6317988405706191
"FJ971717.1_Beet_soil-borne_virus_isolate_PL_segment_RNA_1,_complete_sequence","KM822696.1_Potato_mop-top_virus_isolate_Yunnan_segment_RNA1,_complete_sequence",0.635106755337767,2085,5714,6161,5834,6042,0.9274468430449603,52,0.008440188281123194,5834,0.629746334744103
"FJ971717.1_Beet_soil-borne_virus_isolate_PL_segment_RNA_1,_complete_sequence","KM822697.1_Potato_mop-top_virus_isolate_Ch10_segment_RNA1,_complete_sequence",0.6372720897615709,2069,5704,6171,5834,6042,0.9243234483876195,53,0.008588559390698428,5834,0.6317988405706191
"FJ971717.1_Beet_soil-borne_virus_isolate_PL_segment_RNA_1,_complete_sequence","NC_003723.1_Potato_mop-top_virus_RNA_1,_complete_sequence",0.6352322524101666,2081,5705,6171,5834,6043,0.92448549667801,53,0.008588559390698428,5834,0.6297765224834547
"FJ971717.1_Beet_soil-borne_virus_isolate_PL_segment_RNA_1,_complete_sequence","KT225274.1_Colombian_potato_soil-borne_virus_isolate_IS13_segment_RNA1_putative_replicase_(ORF2)_and_polymerase_(ORF1)_genes,_complete_cds",0.613960113960114,2168,5616,6264,5834,6061,0.896551724137931,62,0.009897828863346106,5827,0.6078832418232163
"FJ971717.1_Beet_soil-borne_virus_isolate_PL_segment_RNA_1,_complete_sequence","NC_029034.2_Colombian_potato_soil-borne_virus_RNA_1,_complete_sequence",0.6124275934702474,2208,5697,6299,5834,6170,0.904429274488014,61,0.009684076837593269,5834,0.6064967975976192
"EF545138.1_Beet_soil-borne_virus_isolate_IM_segment_RNA_1,_complete_sequence","EF545139.1_Beet_soil-borne_virus_isolate_XJ_segment_RNA_1,_complete_sequence",0.9890298251628385,64,5834,5834,5834,5834,1.0,0,0.0,5834,0.9890298251628385
"EF545138.1_Beet_soil-borne_virus_isolate_IM_segment_RNA_1,_complete_sequence","MW582800.1_Beet_soil-borne_virus_isolate_DSMZ_PV-0576_segment_RNA_1,_complete_sequence",0.9891993828218756,63,5833,5836,5834,5835,0.999485949280329,3,0.0005140507196710075,5834,0.9886908841672378
"EF545138.1_Beet_soil-borne_virus_isolate_IM_segment_RNA_1,_complete_sequence","MN087411.1_Beet_soil-borne_virus_isolate_TR1_segment_RNA_1,_complete_sequence",0.969312532144694,179,5833,5836,5834,5835,0.999485949280329,3,0.0005140507196710075,5834,0.9688142563399589
"EF545138.1_Beet_soil-borne_virus_isolate_IM_segment_RNA_1,_complete_sequence","MN087414.1_Beet_soil-borne_virus_isolate_TR3_segment_RNA_1,_complete_sequence",0.9689696554088805,181,5833,5836,5834,5835,0.999485949280329,3,0.0005140507196710075,5834,0.9684715558601782
"EF545138.1_Beet_soil-borne_virus_isolate_IM_segment_RNA_1,_complete_sequence","FN386612.1_Beet_soil-borne_virus_segment_RNA-1,_complete_sequence,_clone_pUBS-1-wt,_genomic_RNA",0.9737699297102692,153,5833,5836,5834,5835,0.999485949280329,3,0.0005140507196710075,5834,0.9732693625771076
"EF545138.1_Beet_soil-borne_virus_isolate_IM_segment_RNA_1,_complete_sequence","OP380962.1_Beet_soil-borne_virus_isolate_BSBV-US-RNA1_segment_RNA1,_complete_sequence",0.971884107663295,164,5833,5836,5834,5837,0.999485949280329,3,0.0005140507196710075,5834,0.9713845099383138
"EF545138.1_Beet_soil-borne_virus_isolate_IM_segment_RNA_1,_complete_sequence","MN125066.1_Potato_mop-top_virus_isolate_PMTV_quitoense_M6_segment_RNA_1,_complete_sequence",0.6331414177761785,2039,5558,6065,5834,5875,0.9164056059356966,48,0.007914262159934049,5748,0.6281305706115855
"EF545138.1_Beet_soil-borne_virus_isolate_IM_segment_RNA_1,_complete_sequence","KT225277.1_Soil-borne_virus_2_isolate_IS16_segment_RNA1_putative_replicase_(ORF2)_and_polymerase_(ORF1)_genes,_complete_cds",0.6350584898971996,2059,5642,6127,5834,5961,0.9208421739840053,44,0.00718132854578097,5811,0.6304979262354603
"EF545138.1_Beet_soil-borne_virus_isolate_IM_segment_RNA_1,_complete_sequence","OK523979.1_Potato_mop-top_virus_isolate_AS99_segment_RNA1,_complete_sequence",0.6332210600957278,2069,5641,6085,5834,5965,0.9270336894001643,50,0.008216926869350863,5761,0.6280179289527884
"EF545138.1_Beet_soil-borne_virus_isolate_IM_segment_RNA_1,_complete_sequence","OK523982.1_Potato_mop-top_virus_isolate_AS144_segment_RNA1,_complete_sequence",0.6337528806949122,2066,5641,6085,5834,5965,0.9270336894001643,50,0.008216926869350863,5761,0.6285453796210017
"EF545138.1_Beet_soil-borne_virus_isolate_IM_segment_RNA_1,_complete_sequence","OK504616.1_Potato_mop-top_virus_isolate_AS22_segment_RNA_1,_partial_sequence",0.633351054403686,2069,5643,6087,5834,5967,0.9270576638738295,50,0.008214227041235419,5763,0.6281485650460082
"EF545138.1_Beet_soil-borne_virus_isolate_IM_segment_RNA_1,_complete_sequence","MN417993.1_Potato_mop-top_virus_isolate_PMTV_physalis_M7_segment_RNA1,_complete_sequence",0.6381392045454546,2038,5632,6119,5834,5978,0.9204118319986926,49,0.008007844419022716,5773,0.6330290850777757
"EF545138.1_Beet_soil-borne_virus_isolate_IM_segment_RNA_1,_complete_sequence","OR477289.1_Beet_virus_Q_isolate_DSMZ_PV-0961_Replicase_read-through_protein_and_replicase_genes,_complete_cds",0.6257411928845483,2146,5734,6072,5834,5991,0.94433465085639,51,0.008399209486166008,5816,0.6204854615213876
"EF545138.1_Beet_soil-borne_virus_isolate_IM_segment_RNA_1,_complete_sequence","OQ731908.1_Beet_virus_Q_isolate_DSMZ_PV-1078_segment_RNA1_Replicase_readthrough_protein_(Replicase-RT)_and_replicase_(Replicase)_genes,_complete_cds",0.6256973500697349,2147,5736,6081,5834,5996,0.9432659102121361,51,0.008386778490379871,5822,0.6204497649926825
"EF545138.1_Beet_soil-borne_virus_isolate_IM_segment_RNA_1,_complete_sequence","NC_003510.1_Beet_virus_Q_RNA_1,_complete_sequence",0.6269799825935596,2143,5745,6090,5834,6003,0.9433497536945813,54,0.008866995073891626,5834,0.6214205541764738
"EF545138.1_Beet_soil-borne_virus_isolate_IM_segment_RNA_1,_complete_sequence","MN125060.1_Potato_mop-top_virus_isolate_PMTV_quitoense_M1_segment_RNA_1,_complete_sequence",0.6387805742644452,2038,5642,6163,5834,6005,0.9154632484179782,51,0.008275190653902321,5800,0.6334945432263978
"EF545138.1_Beet_soil-borne_virus_isolate_IM_segment_RNA_1,_complete_sequence","KM822698.1_Potato_mop-top_virus_isolate_Ch20_segment_RNA1,_complete_sequence",0.6352112676056338,2072,5680,6126,5834,6005,0.9271955599085864,51,0.00832517140058766,5802,0.6299230249272324
"EF545138.1_Beet_soil-borne_virus_isolate_IM_segment_RNA_1,_complete_sequence","KM822709.1_Potato_mop-top_virus_isolate_Ch9_segment_RNA1,_complete_sequence",0.6350352112676056,2073,5680,6126,5834,6005,0.9271955599085864,51,0.00832517140058766,5802,0.6297484342883944
"EF545138.1_Beet_soil-borne_virus_isolate_IM_segment_RNA_1,_complete_sequence","MN417990.1_Potato_mop-top_virus_isolate_PMTV_physalis_M2_segment_RNA1,_complete_sequence",0.6373587570621468,2054,5664,6154,5834,6010,0.9203769905752356,50,0.008124796880077998,5808,0.632180346621278
"EF545138.1_Beet_soil-borne_virus_isolate_IM_segment_RNA_1,_complete_sequence","ON398500.1_Potato_mop-top_virus_isolate_DSMZ_PV-0582_segment_RNA_1,_complete_sequence",0.6361877967293827,2069,5687,6130,5834,6014,0.9277324632952691,50,0.008156606851549755,5803,0.6309986629877076
"EF545138.1_Beet_soil-borne_virus_isolate_IM_segment_RNA_1,_complete_sequence","KR857349.1_Potato_mop-top_virus_isolate_CO1_segment_RNA1_rep_protein_2_and_rep_protein_1_genes,_complete_cds",0.6378644186863365,2062,5694,6179,5834,6041,0.9215083346819873,53,0.008577439715164266,5832,0.6323931750886062
"EF545138.1_Beet_soil-borne_virus_isolate_IM_segment_RNA_1,_complete_sequence","KR857352.1_Potato_mop-top_virus_isolate_CO2_segment_RNA1_rep_protein_2_and_rep_protein_1_genes,_complete_cds",0.6427813163481954,2019,5652,6221,5834,6041,0.9085356052081659,53,0.008519530622086482,5832,0.6373051212402618
"EF545138.1_Beet_soil-borne_virus_isolate_IM_segment_RNA_1,_complete_sequence","KR857355.1_Potato_mop-top_virus_isolate_CO3_segment_RNA1_rep_protein_2_and_rep_protein_1_genes,_complete_cds",0.634915076168797,2085,5711,6162,5834,6041,0.9268094774423888,51,0.008276533592989289,5832,0.6296601802121906
"EF545138.1_Beet_soil-borne_virus_isolate_IM_segment_RNA_1,_complete_sequence","KR857358.1_Potato_mop-top_virus_isolate_CO4_segment_RNA1_rep_protein_2_and_rep_protein_1_genes,_complete_cds",0.6357267950963222,2080,5710,6163,5834,6041,0.9264968359565147,52,0.008437449294174915,5832,0.6303628824977487
"EF545138.1_Beet_soil-borne_virus_isolate_IM_segment_RNA_1,_complete_sequence","KR857361.1_Potato_mop-top_virus_isolate_CO5_segment_RNA1_rep_protein_2_and_rep_protein_1_genes,_complete_cds",0.639565445943578,2057,5707,6166,5834,6041,0.9255595199481025,53,0.00859552384041518,5832,0.6340680459054642
"EF545138.1_Beet_soil-borne_virus_isolate_IM_segment_RNA_1,_complete_sequence","OP221272.1_Potato_mop-top_virus_isolate_Hebei_segment_RNA1,_complete_sequence",0.6368421052631579,2070,5700,6173,5834,6042,0.9233759922242022,51,0.008261785193584966,5832,0.6315806525872432
"EF545138.1_Beet_soil-borne_virus_isolate_IM_segment_RNA_1,_complete_sequence","KY275269.1_Potato_mop-top_virus_strain_Maryland_segment_RNA1,_complete_sequence",0.6352652775345824,2083,5711,6162,5834,6042,0.9268094774423888,51,0.008276533592989289,5832,0.6300074831246077
"EF545138.1_Beet_soil-borne_virus_isolate_IM_segment_RNA_1,_complete_sequence","KU955464.1_Potato_mop-top_virus_isolate_H11_P64_segment_RNA-rep,_complete_sequence",0.635201401050788,2083,5710,6163,5834,6042,0.9264968359565147,52,0.008437449294174915,5832,0.6298419214378331
"EF545138.1_Beet_soil-borne_virus_isolate_IM_segment_RNA_1,_complete_sequence","KU955466.1_Potato_mop-top_virus_isolate_C29_P69_segment_RNA-rep,_complete_sequence",0.6356466876971609,2079,5706,6167,5834,6042,0.9252472839305983,52,0.008431976649910815,5832,0.6302869296689053
"EF545138.1_Beet_soil-borne_virus_isolate_IM_segment_RNA_1,_complete_sequence","KU955467.1_Potato_mop-top_virus_isolate_C29_P70_segment_RNA-rep,_complete_sequence",0.6361724500525763,2076,5706,6167,5834,6042,0.9252472839305983,52,0.008431976649910815,5832,0.6308082588084164
"EF545138.1_Beet_soil-borne_virus_isolate_IM_segment_RNA_1,_complete_sequence","KU955468.1_Potato_mop-top_virus_isolate_C29_P71_segment_RNA-rep,_complete_sequence",0.6359971959341044,2077,5706,6167,5834,6042,0.9252472839305983,52,0.008431976649910815,5832,0.6306344824285793
"EF545138.1_Beet_soil-borne_virus_isolate_IM_segment_RNA_1,_complete_sequence","KU955469.1_Potato_mop-top_virus_isolate_C61_P76_segment_RNA-rep,_complete_sequence",0.6353765323992995,2082,5710,6163,5834,6042,0.9264968359565147,52,0.008437449294174915,5832,0.6300155751244717
"EF545138.1_Beet_soil-borne_virus_isolate_IM_segment_RNA_1,_complete_sequence","KU955470.1_Potato_mop-top_virus_isolate_C61_P77_segment_RNA-rep,_complete_sequence",0.635201401050788,2083,5710,6163,5834,6042,0.9264968359565147,52,0.008437449294174915,5832,0.6298419214378331
"EF545138.1_Beet_soil-borne_virus_isolate_IM_segment_RNA_1,_complete_sequence","KU955471.1_Potato_mop-top_virus_isolate_C115_P79_segment_RNA-rep,_complete_sequence",0.6340395727543338,2090,5711,6162,5834,6042,0.9268094774423888,51,0.008276533592989289,5832,0.6287919229311479
"EF545138.1_Beet_soil-borne_virus_isolate_IM_segment_RNA_1,_complete_sequence","KU955472.1_Potato_mop-top_virus_isolate_C115_P80_segment_RNA-rep,_complete_sequence",0.6340395727543338,2090,5711,6162,5834,6042,0.9268094774423888,51,0.008276533592989289,5832,0.6287919229311479
"EF545138.1_Beet_soil-borne_virus_isolate_IM_segment_RNA_1,_complete_sequence","KU955473.1_Potato_mop-top_virus_isolate_PF43_segment_RNA-rep,_complete_sequence",0.6357267950963222,2080,5710,6163,5834,6042,0.9264968359565147,52,0.008437449294174915,5832,0.6303628824977487
"EF545138.1_Beet_soil-borne_virus_isolate_IM_segment_RNA_1,_complete_sequence","KM822695.1_Potato_mop-top_virus_isolate_Guangdong_segment_RNA1,_complete_sequence",0.6355516637478109,2081,5710,6163,5834,6042,0.9264968359565147,52,0.008437449294174915,5832,0.6301892288111103
"EF545138.1_Beet_soil-borne_virus_isolate_IM_segment_RNA_1,_complete_sequence","KM822696.1_Potato_mop-top_virus_isolate_Yunnan_segment_RNA1,_complete_sequence",0.6356140350877193,2077,5700,6173,5834,6042,0.9233759922242022,51,0.008261785193584966,5832,0.6303627284637967
"EF545138.1_Beet_soil-borne_virus_isolate_IM_segment_RNA_1,_complete_sequence","KM822697.1_Potato_mop-top_virus_isolate_Ch10_segment_RNA1,_complete_sequence",0.6355516637478109,2081,5710,6163,5834,6042,0.9264968359565147,52,0.008437449294174915,5832,0.6301892288111103
"EF545138.1_Beet_soil-borne_virus_isolate_IM_segment_RNA_1,_complete_sequence","NC_003723.1_Potato_mop-top_virus_RNA_1,_complete_sequence",0.6336893713885484,2092,5711,6163,5834,6043,0.9266590945967873,52,0.008437449294174915,5832,0.6283426494491999
"EF545138.1_Beet_soil-borne_virus_isolate_IM_segment_RNA_1,_complete_sequence","KT225274.1_Colombian_potato_soil-borne_virus_isolate_IS13_segment_RNA1_putative_replicase_(ORF2)_and_polymerase_(ORF1)_genes,_complete_cds",0.61328125,2178,5632,6248,5834,6061,0.9014084507042254,61,0.009763124199743917,5827,0.6072937089868758
"EF545138.1_Beet_soil-borne_virus_isolate_IM_segment_RNA_1,_complete_sequence","NC_029034.2_Colombian_potato_soil-borne_virus_RNA_1,_complete_sequence",0.6163322773671243,2180,5682,6314,5834,6170,0.8999049730757048,63,0.009977827050997782,5834,0.6101826204976075
"EF545139.1_Beet_soil-borne_virus_isolate_XJ_segment_RNA_1,_complete_sequence","MW582800.1_Beet_soil-borne_virus_isolate_DSMZ_PV-0576_segment_RNA_1,_complete_sequence",0.9897136979255957,60,5833,5836,5834,5835,0.999485949280329,3,0.0005140507196710075,5834,0.9892049348869087
"EF545139.1_Beet_soil-borne_virus_isolate_XJ_segment_RNA_1,_complete_sequence","MN087411.1_Beet_soil-borne_virus_isolate_TR1_segment_RNA_1,_complete_sequence",0.9689696554088805,181,5833,5836,5834,5835,0.999485949280329,3,0.0005140507196710075,5834,0.9684715558601782
"EF545139.1_Beet_soil-borne_virus_isolate_XJ_segment_RNA_1,_complete_sequence","MN087414.1_Beet_soil-borne_virus_isolate_TR3_segment_RNA_1,_complete_sequence",0.968626778673067,183,5833,5836,5834,5835,0.999485949280329,3,0.0005140507196710075,5834,0.9681288553803975
"EF545139.1_Beet_soil-borne_virus_isolate_XJ_segment_RNA_1,_complete_sequence","FN386612.1_Beet_soil-borne_virus_segment_RNA-1,_complete_sequence,_clone_pUBS-1-wt,_genomic_RNA",0.9734270529744556,155,5833,5836,5834,5835,0.999485949280329,3,0.0005140507196710075,5834,0.9729266620973269
"EF545139.1_Beet_soil-borne_virus_isolate_XJ_segment_RNA_1,_complete_sequence","OP380962.1_Beet_soil-borne_virus_isolate_BSBV-US-RNA1_segment_RNA1,_complete_sequence",0.9717126692953884,165,5833,5836,5834,5837,0.999485949280329,3,0.0005140507196710075,5834,0.9712131596984236
"EF545139.1_Beet_soil-borne_virus_isolate_XJ_segment_RNA_1,_complete_sequence","MN125066.1_Potato_mop-top_virus_isolate_PMTV_quitoense_M6_segment_RNA_1,_complete_sequence",0.6300929235167977,2070,5596,6038,5834,5875,0.9267969526333223,50,0.008280887711162636,5791,0.6248751947695569
"EF545139.1_Beet_soil-borne_virus_isolate_XJ_segment_RNA_1,_complete_sequence","KT225277.1_Soil-borne_virus_2_isolate_IS16_segment_RNA1_putative_replicase_(ORF2)_and_polymerase_(ORF1)_genes,_complete_cds",0.6351543100390209,2057,5638,6131,5834,5961,0.9195889740662209,46,0.007502854346762356,5811,0.6303888397630798
"EF545139.1_Beet_soil-borne_virus_isolate_XJ_segment_RNA_1,_complete_sequence","OK523979.1_Potato_mop-top_virus_isolate_AS99_segment_RNA1,_complete_sequence",0.6340901028733594,2063,5638,6088,5834,5965,0.926084099868594,52,0.008541392904073587,5761,0.6286740901681336
"EF545139.1_Beet_soil-borne_virus_isolate_XJ_segment_RNA_1,_complete_sequence","OK523982.1_Potato_mop-top_virus_isolate_AS144_segment_RNA1,_complete_sequence",0.6346222064561902,2060,5638,6088,5834,5965,0.926084099868594,52,0.008541392904073587,5761,0.6292016488451977
"EF545139.1_Beet_soil-borne_virus_isolate_XJ_segment_RNA_1,_complete_sequence","OK504616.1_Potato_mop-top_virus_isolate_AS22_segment_RNA_1,_partial_sequence",0.6342198581560283,2063,5640,6090,5834,5967,0.9261083743842364,52,0.008538587848932676,5763,0.6288045161816255
"EF545139.1_Beet_soil-borne_virus_isolate_XJ_segment_RNA_1,_complete_sequence","MN417993.1_Potato_mop-top_virus_isolate_PMTV_physalis_M7_segment_RNA1,_complete_sequence",0.6359119943222143,2052,5636,6115,5834,5978,0.9216680294358136,49,0.008013082583810302,5773,0.630816378995675
"EF545139.1_Beet_soil-borne_virus_isolate_XJ_segment_RNA_1,_complete_sequence","OR477289.1_Beet_virus_Q_isolate_DSMZ_PV-0961_Replicase_read-through_protein_and_replicase_genes,_complete_cds",0.6238660153524076,2156,5732,6074,5834,5991,0.9436944352979915,49,0.008067171550872571,5816,0.6188331811818004
"EF545139.1_Beet_soil-borne_virus_isolate_XJ_segment_RNA_1,_complete_sequence","OQ731908.1_Beet_virus_Q_isolate_DSMZ_PV-1078_segment_RNA1_Replicase_readthrough_protein_(Replicase-RT)_and_replicase_(Replicase)_genes,_complete_cds",0.6247167509151124,2153,5737,6080,5834,5996,0.9435855263157895,50,0.008223684210526315,5822,0.6195792776345604
"EF545139.1_Beet_soil-borne_virus_isolate_XJ_segment_RNA_1,_complete_sequence","NC_003510.1_Beet_virus_Q_RNA_1,_complete_sequence",0.6251088281386035,2153,5743,6092,5834,6003,0.9427117531188444,52,0.008535784635587657,5834,0.6197730338078078
"EF545139.1_Beet_soil-borne_virus_isolate_XJ_segment_RNA_1,_complete_sequence","MN125060.1_Potato_mop-top_virus_isolate_PMTV_quitoense_M1_segment_RNA_1,_complete_sequence",0.6367824238128987,2050,5644,6161,5834,6005,0.9160850511280636,51,0.00827787696802467,5800,0.631511217253175
"EF545139.1_Beet_soil-borne_virus_isolate_XJ_segment_RNA_1,_complete_sequence","KM822698.1_Potato_mop-top_virus_isolate_Ch20_segment_RNA1,_complete_sequence",0.63519464505901,2071,5677,6129,5834,6005,0.9262522434328602,52,0.008484255180290423,5802,0.6298054916011754
"EF545139.1_Beet_soil-borne_virus_isolate_XJ_segment_RNA_1,_complete_sequence","KM822709.1_Potato_mop-top_virus_isolate_Ch9_segment_RNA1,_complete_sequence",0.6350184956843403,2072,5677,6129,5834,6005,0.9262522434328602,52,0.008484255180290423,5802,0.6296308367227502
"EF545139.1_Beet_soil-borne_virus_isolate_XJ_segment_RNA_1,_complete_sequence","MN417990.1_Potato_mop-top_virus_isolate_PMTV_physalis_M2_segment_RNA1,_complete_sequence",0.6351446718419196,2068,5668,6150,5834,6010,0.9216260162601626,50,0.008130081300813009,5808,0.6299808940220666
"EF545139.1_Beet_soil-borne_virus_isolate_XJ_segment_RNA_1,_complete_sequence","ON398500.1_Potato_mop-top_virus_isolate_DSMZ_PV-0582_segment_RNA_1,_complete_sequence",0.6355173019497629,2075,5693,6126,5834,6014,0.9293176624224616,51,0.00832517140058766,5805,0.630226511482992
"EF545139.1_Beet_soil-borne_virus_isolate_XJ_segment_RNA_1,_complete_sequence","KR857349.1_Potato_mop-top_virus_isolate_CO1_segment_RNA1_rep_protein_2_and_rep_protein_1_genes,_complete_cds",0.6363955735113297,2070,5693,6182,5834,6041,0.9208993853121967,53,0.008573277256551277,5834,0.630939577814775
"EF545139.1_Beet_soil-borne_virus_isolate_XJ_segment_RNA_1,_complete_sequence","KR857352.1_Potato_mop-top_virus_isolate_CO2_segment_RNA1_rep_protein_2_and_rep_protein_1_genes,_complete_cds",0.6411754292795184,2027,5649,6226,5834,6041,0.9073241246386122,53,0.00851268872470286,5834,0.6357173024321341
"EF545139.1_Beet_soil-borne_virus_isolate_XJ_segment_RNA_1,_complete_sequence","KR857355.1_Potato_mop-top_virus_isolate_CO3_segment_RNA1_rep_protein_2_and_rep_protein_1_genes,_complete_cds",0.6345008756567425,2087,5710,6165,5834,6041,0.9261962692619627,52,0.00843471208434712,5834,0.6291490434533118
"EF545139.1_Beet_soil-borne_virus_isolate_XJ_segment_RNA_1,_complete_sequence","KR857358.1_Potato_mop-top_virus_isolate_CO4_segment_RNA1_rep_protein_2_and_rep_protein_1_genes,_complete_cds",0.6356629882641444,2080,5709,6166,5834,6041,0.9258838793383068,53,0.00859552384041518,5834,0.6301991318940503
"EF545139.1_Beet_soil-borne_virus_isolate_XJ_segment_RNA_1,_complete_sequence","KR857361.1_Potato_mop-top_virus_isolate_CO5_segment_RNA1_rep_protein_2_and_rep_protein_1_genes,_complete_cds",0.6374934360231053,2071,5713,6162,5834,6041,0.927134047387212,53,0.0086011035378124,5834,0.6320102889751947
"EF545139.1_Beet_soil-borne_virus_isolate_XJ_segment_RNA_1,_complete_sequence","OP221272.1_Potato_mop-top_virus_isolate_Hebei_segment_RNA1,_complete_sequence",0.6363636363636364,2076,5709,6166,5834,6042,0.9258838793383068,53,0.00859552384041518,5834,0.6308937575560994
"EF545139.1_Beet_soil-borne_virus_isolate_XJ_segment_RNA_1,_complete_sequence","KY275269.1_Potato_mop-top_virus_strain_Maryland_segment_RNA1,_complete_sequence",0.6348511383537654,2085,5710,6165,5834,6042,0.9261962692619627,52,0.00843471208434712,5834,0.6294963517853314
"EF545139.1_Beet_soil-borne_virus_isolate_XJ_segment_RNA_1,_complete_sequence","KU955464.1_Potato_mop-top_virus_isolate_H11_P64_segment_RNA-rep,_complete_sequence",0.6354878262392714,2081,5709,6166,5834,6042,0.9258838793383068,53,0.00859552384041518,5834,0.630025475478538
"EF545139.1_Beet_soil-borne_virus_isolate_XJ_segment_RNA_1,_complete_sequence","KU955466.1_Potato_mop-top_virus_isolate_C29_P69_segment_RNA-rep,_complete_sequence",0.6347231955150665,2085,5708,6167,5834,6042,0.9255715907248256,52,0.008431976649910815,5834,0.6293712243513268
"EF545139.1_Beet_soil-borne_virus_isolate_XJ_segment_RNA_1,_complete_sequence","KU955467.1_Potato_mop-top_virus_isolate_C29_P70_segment_RNA-rep,_complete_sequence",0.6352487736510162,2082,5708,6167,5834,6042,0.9255715907248256,52,0.008431976649910815,5834,0.6298923708247063
"EF545139.1_Beet_soil-borne_virus_isolate_XJ_segment_RNA_1,_complete_sequence","KU955468.1_Potato_mop-top_virus_isolate_C29_P71_segment_RNA-rep,_complete_sequence",0.6350735809390329,2083,5708,6167,5834,6042,0.9255715907248256,52,0.008431976649910815,5834,0.6297186553335797
"EF545139.1_Beet_soil-borne_virus_isolate_XJ_segment_RNA_1,_complete_sequence","KU955469.1_Potato_mop-top_virus_isolate_C61_P76_segment_RNA-rep,_complete_sequence",0.6354878262392714,2081,5709,6166,5834,6042,0.9258838793383068,53,0.00859552384041518,5834,0.630025475478538
"EF545139.1_Beet_soil-borne_virus_isolate_XJ_segment_RNA_1,_complete_sequence","KU955470.1_Potato_mop-top_virus_isolate_C61_P77_segment_RNA-rep,_complete_sequence",0.6353126642143982,2082,5709,6166,5834,6042,0.9258838793383068,53,0.00859552384041518,5834,0.6298518190630257
"EF545139.1_Beet_soil-borne_virus_isolate_XJ_segment_RNA_1,_complete_sequence","KU955471.1_Potato_mop-top_virus_isolate_C115_P79_segment_RNA-rep,_complete_sequence",0.6339754816112084,2090,5710,6165,5834,6042,0.9261962692619627,52,0.00843471208434712,5834,0.6286280809552826
"EF545139.1_Beet_soil-borne_virus_isolate_XJ_segment_RNA_1,_complete_sequence","KU955472.1_Potato_mop-top_virus_isolate_C115_P80_segment_RNA-rep,_complete_sequence",0.6339754816112084,2090,5710,6165,5834,6042,0.9261962692619627,52,0.00843471208434712,5834,0.6286280809552826
"EF545139.1_Beet_soil-borne_virus_isolate_XJ_segment_RNA_1,_complete_sequence","KU955473.1_Potato_mop-top_virus_isolate_PF43_segment_RNA-rep,_complete_sequence",0.6353126642143982,2082,5709,6166,5834,6042,0.9258838793383068,53,0.00859552384041518,5834,0.6298518190630257
"EF545139.1_Beet_soil-borne_virus_isolate_XJ_segment_RNA_1,_complete_sequence","KM822695.1_Potato_mop-top_virus_isolate_Guangdong_segment_RNA1,_complete_sequence",0.6360294117647058,2079,5712,6163,5834,6042,0.9268213532370598,55,0.008924225214992698,5834,0.6303533420507583
"EF545139.1_Beet_soil-borne_virus_isolate_XJ_segment_RNA_1,_complete_sequence","KM822696.1_Potato_mop-top_virus_isolate_Yunnan_segment_RNA1,_complete_sequence",0.6351375021895254,2083,5709,6166,5834,6042,0.9258838793383068,53,0.00859552384041518,5834,0.6296781626475135
"EF545139.1_Beet_soil-borne_virus_isolate_XJ_segment_RNA_1,_complete_sequence","KM822697.1_Potato_mop-top_virus_isolate_Ch10_segment_RNA1,_complete_sequence",0.6339285714285714,2091,5712,6163,5834,6042,0.9268213532370598,52,0.008437449294174915,5834,0.6285798312510141
"EF545139.1_Beet_soil-borne_virus_isolate_XJ_segment_RNA_1,_complete_sequence","NC_003723.1_Potato_mop-top_virus_RNA_1,_complete_sequence",0.6330998248686515,2095,5710,6166,5834,6043,0.926046059033409,53,0.00859552384041518,5834,0.6276580002306303
"EF545139.1_Beet_soil-borne_virus_isolate_XJ_segment_RNA_1,_complete_sequence","KT225274.1_Colombian_potato_soil-borne_virus_isolate_IS13_segment_RNA1_putative_replicase_(ORF2)_and_polymerase_(ORF1)_genes,_complete_cds",0.6136363636363636,2176,5632,6248,5834,6061,0.9014084507042254,61,0.009763124199743917,5827,0.6076453556047026
"EF545139.1_Beet_soil-borne_virus_isolate_XJ_segment_RNA_1,_complete_sequence","NC_029034.2_Colombian_potato_soil-borne_virus_RNA_1,_complete_sequence",0.6174555692415977,2174,5683,6313,5834,6170,0.9002059242832251,63,0.009979407571677491,5834,0.6112937284587336
"MW582800.1_Beet_soil-borne_virus_isolate_DSMZ_PV-0576_segment_RNA_1,_complete_sequence","MN087411.1_Beet_soil-borne_virus_isolate_TR1_segment_RNA_1,_complete_sequence",0.970694087403599,171,5835,5835,5835,5835,1.0,0,0.0,5835,0.970694087403599
"MW582800.1_Beet_soil-borne_virus_isolate_DSMZ_PV-0576_segment_RNA_1,_complete_sequence","MN087414.1_Beet_soil-borne_virus_isolate_TR3_segment_RNA_1,_complete_sequence",0.9703513281919451,173,5835,5835,5835,5835,1.0,0,0.0,5835,0.9703513281919451
"MW582800.1_Beet_soil-borne_virus_isolate_DSMZ_PV-0576_segment_RNA_1,_complete_sequence","FN386612.1_Beet_soil-borne_virus_segment_RNA-1,_complete_sequence,_clone_pUBS-1-wt,_genomic_RNA",0.9744644387317909,149,5835,5835,5835,5835,1.0,0,0.0,5835,0.9744644387317909
"MW582800.1_Beet_soil-borne_virus_isolate_DSMZ_PV-0576_segment_RNA_1,_complete_sequence","OP380962.1_Beet_soil-borne_virus_isolate_BSBV-US-RNA1_segment_RNA1,_complete_sequence",0.9730934018851757,157,5835,5835,5835,5837,1.0,0,0.0,5835,0.9730934018851757
"MW582800.1_Beet_soil-borne_virus_isolate_DSMZ_PV-0576_segment_RNA_1,_complete_sequence","MN125066.1_Potato_mop-top_virus_isolate_PMTV_quitoense_M6_segment_RNA_1,_complete_sequence",0.6296428571428572,2074,5600,6035,5835,5875,0.927920463960232,48,0.007953603976801988,5792,0.6246349272103208
"MW582800.1_Beet_soil-borne_virus_isolate_DSMZ_PV-0576_segment_RNA_1,_complete_sequence","KT225277.1_Soil-borne_virus_2_isolate_IS16_segment_RNA1_putative_replicase_(ORF2)_and_polymerase_(ORF1)_genes,_complete_cds",0.6340251907042753,2063,5637,6133,5835,5961,0.9191260394586662,43,0.007011250611446274,5812,0.6295798811982777
"MW582800.1_Beet_soil-borne_virus_isolate_DSMZ_PV-0576_segment_RNA_1,_complete_sequence","OK523979.1_Potato_mop-top_virus_isolate_AS99_segment_RNA1,_complete_sequence",0.6325301204819277,2074,5644,6083,5835,5965,0.9278316620088772,48,0.007890843333881308,5762,0.6275389243972437
"MW582800.1_Beet_soil-borne_virus_isolate_DSMZ_PV-0576_segment_RNA_1,_complete_sequence","OK523982.1_Potato_mop-top_virus_isolate_AS144_segment_RNA1,_complete_sequence",0.6330616583982991,2071,5644,6083,5835,5965,0.9278316620088772,48,0.007890843333881308,5762,0.628066268031191
"MW582800.1_Beet_soil-borne_virus_isolate_DSMZ_PV-0576_segment_RNA_1,_complete_sequence","OK504616.1_Potato_mop-top_virus_isolate_AS22_segment_RNA_1,_partial_sequence",0.63266029047113,2074,5646,6085,5835,5967,0.9278553820870994,48,0.007888249794576828,5764,0.6276697080647843
"MW582800.1_Beet_soil-borne_virus_isolate_DSMZ_PV-0576_segment_RNA_1,_complete_sequence","MN417993.1_Potato_mop-top_virus_isolate_PMTV_physalis_M7_segment_RNA1,_complete_sequence",0.6365572315882875,2048,5635,6117,5835,5978,0.9212032041850581,47,0.0076835049861043,5774,0.6316662409254381
"MW582800.1_Beet_soil-borne_virus_isolate_DSMZ_PV-0576_segment_RNA_1,_complete_sequence","OR477289.1_Beet_virus_Q_isolate_DSMZ_PV-0961_Replicase_read-through_protein_and_replicase_genes,_complete_cds",0.6244769874476988,2154,5736,6071,5835,5991,0.944819634327129,48,0.007906440454620326,5817,0.6195395973311628
"MW582800.1_Beet_soil-borne_virus_isolate_DSMZ_PV-0576_segment_RNA_1,_complete_sequence","OQ731908.1_Beet_virus_Q_isolate_DSMZ_PV-1078_segment_RNA1_Replicase_readthrough_protein_(Replicase-RT)_and_replicase_(Replicase)_genes,_complete_cds",0.6244336005576856,2155,5738,6080,5835,5996,0.94375,48,0.007894736842105263,5823,0.6195038616059144
"MW582800.1_Beet_soil-borne_virus_isolate_DSMZ_PV-0576_segment_RNA_1,_complete_sequence","NC_003510.1_Beet_virus_Q_RNA_1,_complete_sequence",0.6257177657908475,2151,5747,6089,5835,6003,0.9438331417309903,51,0.00837575956643127,5835,0.6204769042281388
"MW582800.1_Beet_soil-borne_virus_isolate_DSMZ_PV-0576_segment_RNA_1,_complete_sequence","MN125060.1_Potato_mop-top_virus_isolate_PMTV_quitoense_M1_segment_RNA_1,_complete_sequence",0.6343744485618493,2072,5667,6139,5835,6005,0.9231145137644567,46,0.007493077048379215,5801,0.6296210319412523
"MW582800.1_Beet_soil-borne_virus_isolate_DSMZ_PV-0576_segment_RNA_1,_complete_sequence","KM822698.1_Potato_mop-top_virus_isolate_Ch20_segment_RNA1,_complete_sequence",0.6366361071932298,2061,5672,6135,5835,6005,0.9245313773431133,51,0.008312958435207823,5803,0.63134377769578
"MW582800.1_Beet_soil-borne_virus_isolate_DSMZ_PV-0576_segment_RNA_1,_complete_sequence","KM822709.1_Potato_mop-top_virus_isolate_Ch9_segment_RNA1,_complete_sequence",0.6364598025387871,2062,5672,6135,5835,6005,0.9245313773431133,51,0.008312958435207823,5803,0.6311689386546016
"MW582800.1_Beet_soil-borne_virus_isolate_DSMZ_PV-0576_segment_RNA_1,_complete_sequence","MN417990.1_Potato_mop-top_virus_isolate_PMTV_physalis_M2_segment_RNA1,_complete_sequence",0.6357861302276338,2064,5667,6152,5835,6010,0.9211638491547465,48,0.007802340702210663,5809,0.6308255102258576
"MW582800.1_Beet_soil-borne_virus_isolate_DSMZ_PV-0576_segment_RNA_1,_complete_sequence","ON398500.1_Potato_mop-top_virus_isolate_DSMZ_PV-0582_segment_RNA_1,_complete_sequence",0.6367957746478874,2063,5680,6140,5835,6014,0.9250814332247557,48,0.007817589576547232,5806,0.6318175666376108
"MW582800.1_Beet_soil-borne_virus_isolate_DSMZ_PV-0576_segment_RNA_1,_complete_sequence","KR857349.1_Potato_mop-top_virus_isolate_CO1_segment_RNA1_rep_protein_2_and_rep_protein_1_genes,_complete_cds",0.6371619248331577,2066,5694,6182,5835,6041,0.9210611452604335,53,0.008573277256551277,5835,0.6316993589942451
"MW582800.1_Beet_soil-borne_virus_isolate_DSMZ_PV-0576_segment_RNA_1,_complete_sequence","KR857352.1_Potato_mop-top_virus_isolate_CO2_segment_RNA1_rep_protein_2_and_rep_protein_1_genes,_complete_cds",0.641066384180791,2033,5664,6212,5835,6041,0.9117836445589182,52,0.008370895041854474,5835,0.6357000847639525
"MW582800.1_Beet_soil-borne_virus_isolate_DSMZ_PV-0576_segment_RNA_1,_complete_sequence","KR857355.1_Potato_mop-top_virus_isolate_CO3_segment_RNA1_rep_protein_2_and_rep_protein_1_genes,_complete_cds",0.636570827489481,2073,5704,6172,5835,6041,0.9241736876215165,52,0.008425145819831496,5835,0.6312076254432314
"MW582800.1_Beet_soil-borne_virus_isolate_DSMZ_PV-0576_segment_RNA_1,_complete_sequence","KR857358.1_Potato_mop-top_virus_isolate_CO4_segment_RNA1_rep_protein_2_and_rep_protein_1_genes,_complete_cds",0.6370967741935484,2070,5704,6172,5835,6041,0.9241736876215165,52,0.008425145819831496,5835,0.6317291409696235
"MW582800.1_Beet_soil-borne_virus_isolate_DSMZ_PV-0576_segment_RNA_1,_complete_sequence","KR857361.1_Potato_mop-top_virus_isolate_CO5_segment_RNA1_rep_protein_2_and_rep_protein_1_genes,_complete_cds",0.6383686329424121,2066,5713,6163,5835,6041,0.9269836118773325,52,0.008437449294174915,5835,0.6329824299709688
"MW582800.1_Beet_soil-borne_virus_isolate_DSMZ_PV-0576_segment_RNA_1,_complete_sequence","OP221272.1_Potato_mop-top_virus_isolate_Hebei_segment_RNA1,_complete_sequence",0.6374802596946834,2066,5699,6177,5835,6042,0.9226161567103772,50,0.008094544277157197,5835,0.6323201475067711
"MW582800.1_Beet_soil-borne_virus_isolate_DSMZ_PV-0576_segment_RNA_1,_complete_sequence","KY275269.1_Potato_mop-top_virus_strain_Maryland_segment_RNA1,_complete_sequence",0.6362839614373357,2075,5705,6171,5835,6042,0.92448549667801,51,0.008264462809917356,5835,0.6310254163014899
"MW582800.1_Beet_soil-borne_virus_isolate_DSMZ_PV-0576_segment_RNA_1,_complete_sequence","KU955464.1_Potato_mop-top_virus_isolate_H11_P64_segment_RNA-rep,_complete_sequence",0.6344706911636045,2089,5715,6161,5835,6042,0.9276091543580588,51,0.00827787696802467,5835,0.6292186208423347
"MW582800.1_Beet_soil-borne_virus_isolate_DSMZ_PV-0576_segment_RNA_1,_complete_sequence","KU955466.1_Potato_mop-top_virus_isolate_C29_P69_segment_RNA-rep,_complete_sequence",0.6355664679059979,2078,5702,6174,5835,6042,0.9235503725299644,51,0.00826044703595724,5835,0.63031640476003
"MW582800.1_Beet_soil-borne_virus_isolate_DSMZ_PV-0576_segment_RNA_1,_complete_sequence","KU955467.1_Potato_mop-top_virus_isolate_C29_P70_segment_RNA-rep,_complete_sequence",0.6363636363636364,2072,5698,6178,5835,6042,0.9223049530592424,51,0.008255098737455488,5835,0.6311103917125284
"MW582800.1_Beet_soil-borne_virus_isolate_DSMZ_PV-0576_segment_RNA_1,_complete_sequence","KU955468.1_Potato_mop-top_virus_isolate_C29_P71_segment_RNA-rep,_complete_sequence",0.6359172220273588,2076,5702,6174,5835,6042,0.9235503725299644,51,0.00826044703595724,5835,0.6306642614955488
"MW582800.1_Beet_soil-borne_virus_isolate_DSMZ_PV-0576_segment_RNA_1,_complete_sequence","KU955469.1_Potato_mop-top_virus_isolate_C61_P76_segment_RNA-rep,_complete_sequence",0.6341207349081365,2091,5715,6161,5835,6042,0.9276091543580588,50,0.008115565654926148,5835,0.6289744864508395
"MW582800.1_Beet_soil-borne_virus_isolate_DSMZ_PV-0576_segment_RNA_1,_complete_sequence","KU955470.1_Potato_mop-top_virus_isolate_C61_P77_segment_RNA-rep,_complete_sequence",0.6339457567804024,2092,5715,6161,5835,6042,0.9276091543580588,50,0.008115565654926148,5835,0.6288009283695892
"MW582800.1_Beet_soil-borne_virus_isolate_DSMZ_PV-0576_segment_RNA_1,_complete_sequence","KU955471.1_Potato_mop-top_virus_isolate_C115_P79_segment_RNA-rep,_complete_sequence",0.6335958005249344,2094,5715,6161,5835,6042,0.9276091543580588,50,0.008115565654926148,5835,0.6284538122070888
"MW582800.1_Beet_soil-borne_virus_isolate_DSMZ_PV-0576_segment_RNA_1,_complete_sequence","KU955472.1_Potato_mop-top_virus_isolate_C115_P80_segment_RNA-rep,_complete_sequence",0.6335958005249344,2094,5715,6161,5835,6042,0.9276091543580588,50,0.008115565654926148,5835,0.6284538122070888
"MW582800.1_Beet_soil-borne_virus_isolate_DSMZ_PV-0576_segment_RNA_1,_complete_sequence","KU955473.1_Potato_mop-top_virus_isolate_PF43_segment_RNA-rep,_complete_sequence",0.6367461430575034,2072,5704,6172,5835,6042,0.9241736876215165,52,0.008425145819831496,5835,0.6313814639520288
"MW582800.1_Beet_soil-borne_virus_isolate_DSMZ_PV-0576_segment_RNA_1,_complete_sequence","KM822695.1_Potato_mop-top_virus_isolate_Guangdong_segment_RNA1,_complete_sequence",0.636570827489481,2073,5704,6172,5835,6042,0.9241736876215165,52,0.008425145819831496,5835,0.6312076254432314
"MW582800.1_Beet_soil-borne_virus_isolate_DSMZ_PV-0576_segment_RNA_1,_complete_sequence","KM822696.1_Potato_mop-top_virus_isolate_Yunnan_segment_RNA1,_complete_sequence",0.6362519740305317,2073,5699,6177,5835,6042,0.9226161567103772,50,0.008094544277157197,5835,0.6311018042553129
"MW582800.1_Beet_soil-borne_virus_isolate_DSMZ_PV-0576_segment_RNA_1,_complete_sequence","KM822697.1_Potato_mop-top_virus_isolate_Ch10_segment_RNA1,_complete_sequence",0.636570827489481,2073,5704,6172,5835,6042,0.9241736876215165,52,0.008425145819831496,5835,0.6312076254432314
"MW582800.1_Beet_soil-borne_virus_isolate_DSMZ_PV-0576_segment_RNA_1,_complete_sequence","NC_003723.1_Potato_mop-top_virus_RNA_1,_complete_sequence",0.6343558282208589,2086,5705,6172,5835,6043,0.9243357096565132,51,0.008263123784834738,5835,0.6291140674886386
"MW582800.1_Beet_soil-borne_virus_isolate_DSMZ_PV-0576_segment_RNA_1,_complete_sequence","KT225274.1_Colombian_potato_soil-borne_virus_isolate_IS13_segment_RNA1_putative_replicase_(ORF2)_and_polymerase_(ORF1)_genes,_complete_cds",0.6110026619343389,2192,5635,6246,5835,6061,0.9021773935318604,58,0.009285943003522255,5828,0.6053289260406163
"MW582800.1_Beet_soil-borne_virus_isolate_DSMZ_PV-0576_segment_RNA_1,_complete_sequence","NC_029034.2_Colombian_potato_soil-borne_virus_RNA_1,_complete_sequence",0.6123487107524996,2210,5701,6296,5835,6170,0.9054955527318933,58,0.009212198221092757,5835,0.606707633048617
"MN087411.1_Beet_soil-borne_virus_isolate_TR1_segment_RNA_1,_complete_sequence","MN087414.1_Beet_soil-borne_virus_isolate_TR3_segment_RNA_1,_complete_sequence",0.9989717223650385,6,5835,5835,5835,5835,1.0,0,0.0,5835,0.9989717223650385
"MN087411.1_Beet_soil-borne_virus_isolate_TR1_segment_RNA_1,_complete_sequence","FN386612.1_Beet_soil-borne_virus_segment_RNA-1,_complete_sequence,_clone_pUBS-1-wt,_genomic_RNA",0.9861182519280206,81,5835,5835,5835,5835,1.0,0,0.0,5835,0.9861182519280206
"MN087411.1_Beet_soil-borne_virus_isolate_TR1_segment_RNA_1,_complete_sequence","OP380962.1_Beet_soil-borne_virus_isolate_BSBV-US-RNA1_segment_RNA1,_complete_sequence",0.9698371893744644,176,5835,5835,5835,5837,1.0,0,0.0,5835,0.9698371893744644
"MN087411.1_Beet_soil-borne_virus_isolate_TR1_segment_RNA_1,_complete_sequence","MN125066.1_Potato_mop-top_virus_isolate_PMTV_quitoense_M6_segment_RNA_1,_complete_sequence",0.6313140391874887,2051,5563,6076,5835,5875,0.9155694535878868,45,0.007406188281764319,5764,0.6266384085483451
"MN087411.1_Beet_soil-borne_virus_isolate_TR1_segment_RNA_1,_complete_sequence","KT225277.1_Soil-borne_virus_2_isolate_IS16_segment_RNA1_putative_replicase_(ORF2)_and_polymerase_(ORF1)_genes,_complete_cds",0.6255252100840336,2139,5712,6058,5835,5961,0.942885440739518,37,0.006107626279300099,5812,0.6217047358725597
"MN087411.1_Beet_soil-borne_virus_isolate_TR1_segment_RNA_1,_complete_sequence","OK523979.1_Potato_mop-top_virus_isolate_AS99_segment_RNA1,_complete_sequence",0.6381684850652836,2023,5591,6136,5835,5965,0.9111799217731421,46,0.007496740547588005,5762,0.6333843015071019
"MN087411.1_Beet_soil-borne_virus_isolate_TR1_segment_RNA_1,_complete_sequence","OK523982.1_Potato_mop-top_virus_isolate_AS144_segment_RNA1,_complete_sequence",0.6387050617063137,2020,5591,6136,5835,5965,0.9111799217731421,46,0.007496740547588005,5762,0.6339168555722703
"MN087411.1_Beet_soil-borne_virus_isolate_TR1_segment_RNA_1,_complete_sequence","OK504616.1_Potato_mop-top_virus_isolate_AS22_segment_RNA_1,_partial_sequence",0.6382978723404256,2023,5593,6138,5835,5967,0.911208862821766,46,0.007494297816878462,5764,0.6335142779892265
"MN087411.1_Beet_soil-borne_virus_isolate_TR1_segment_RNA_1,_complete_sequence","MN417993.1_Potato_mop-top_virus_isolate_PMTV_physalis_M7_segment_RNA1,_complete_sequence",0.6362508858965272,2053,5644,6108,5835,5978,0.9240340537000655,46,0.007531106745252128,5774,0.6314592125580792
"MN087411.1_Beet_soil-borne_virus_isolate_TR1_segment_RNA_1,_complete_sequence","OR477289.1_Beet_virus_Q_isolate_DSMZ_PV-0961_Replicase_read-through_protein_and_replicase_genes,_complete_cds",0.6227534461699529,2162,5731,6076,5835,5991,0.9432192231731402,47,0.007735352205398289,5817,0.6179362289267027
"MN087411.1_Beet_soil-borne_virus_isolate_TR1_segment_RNA_1,_complete_sequence","OQ731908.1_Beet_virus_Q_isolate_DSMZ_PV-1078_segment_RNA1_Replicase_readthrough_protein_(Replicase-RT)_and_replicase_(Replicase)_genes,_complete_cds",0.6237796373779637,2158,5736,6082,5835,5996,0.9431108188096021,48,0.007892140743176587,5823,0.6188566806870491
"MN087411.1_Beet_soil-borne_virus_isolate_TR1_segment_RNA_1,_complete_sequence","NC_003510.1_Beet_virus_Q_RNA_1,_complete_sequence",0.6241727621037966,2158,5742,6094,5835,6003,0.9422382671480144,50,0.008204791598293404,5835,0.6190515546694038
"MN087411.1_Beet_soil-borne_virus_isolate_TR1_segment_RNA_1,_complete_sequence","MN125060.1_Potato_mop-top_virus_isolate_PMTV_quitoense_M1_segment_RNA_1,_complete_sequence",0.6344730348960169,2074,5674,6132,5835,6005,0.9253098499673842,45,0.007338551859099804,5801,0.629816921626232
"MN087411.1_Beet_soil-borne_virus_isolate_TR1_segment_RNA_1,_complete_sequence","KM822698.1_Potato_mop-top_virus_isolate_Ch20_segment_RNA1,_complete_sequence",0.6361399191422042,2070,5689,6118,5835,6005,0.9298790454396861,48,0.007845701209545603,5803,0.63114895540915
"MN087411.1_Beet_soil-borne_virus_isolate_TR1_segment_RNA_1,_complete_sequence","KM822709.1_Potato_mop-top_virus_isolate_Ch9_segment_RNA1,_complete_sequence",0.6349903390128228,2078,5693,6114,5835,6005,0.9311416421328099,47,0.0076872751063133795,5803,0.63010899358698
"MN087411.1_Beet_soil-borne_virus_isolate_TR1_segment_RNA_1,_complete_sequence","MN417990.1_Potato_mop-top_virus_isolate_PMTV_physalis_M2_segment_RNA1,_complete_sequence",0.6356589147286822,2068,5676,6143,5835,6010,0.9239785121276249,47,0.0076509848608171905,5809,0.6307954979954495
"MN087411.1_Beet_soil-borne_virus_isolate_TR1_segment_RNA_1,_complete_sequence","ON398500.1_Potato_mop-top_virus_isolate_DSMZ_PV-0582_segment_RNA_1,_complete_sequence",0.6365553602811951,2068,5690,6130,5835,6014,0.9282218597063622,50,0.008156606851549755,5806,0.6313632284681348
"MN087411.1_Beet_soil-borne_virus_isolate_TR1_segment_RNA_1,_complete_sequence","KR857349.1_Potato_mop-top_virus_isolate_CO1_segment_RNA1_rep_protein_2_and_rep_protein_1_genes,_complete_cds",0.6347734825957669,2088,5717,6159,5835,6041,0.9282351031011528,48,0.007793472966390648,5835,0.6298263926193752
"MN087411.1_Beet_soil-borne_virus_isolate_TR1_segment_RNA_1,_complete_sequence","KR857352.1_Potato_mop-top_virus_isolate_CO2_segment_RNA1_rep_protein_2_and_rep_protein_1_genes,_complete_cds",0.641139016625398,2029,5654,6222,5835,6041,0.908711025393764,49,0.007875281260045,5835,0.6360898665426843
"MN087411.1_Beet_soil-borne_virus_isolate_TR1_segment_RNA_1,_complete_sequence","KR857355.1_Potato_mop-top_virus_isolate_CO3_segment_RNA1_rep_protein_2_and_rep_protein_1_genes,_complete_cds",0.6356006294806784,2084,5719,6157,5835,6041,0.9288614585025174,49,0.007958421309079098,5835,0.6305422518869553
"MN087411.1_Beet_soil-borne_virus_isolate_TR1_segment_RNA_1,_complete_sequence","KR857358.1_Potato_mop-top_virus_isolate_CO4_segment_RNA1_rep_protein_2_and_rep_protein_1_genes,_complete_cds",0.6366019926586262,2079,5721,6155,5835,6041,0.9294882209585703,49,0.007961007311129163,5835,0.6315339995407915
"MN087411.1_Beet_soil-borne_virus_isolate_TR1_segment_RNA_1,_complete_sequence","KR857361.1_Potato_mop-top_virus_isolate_CO5_segment_RNA1_rep_protein_2_and_rep_protein_1_genes,_complete_cds",0.6366503153468815,2074,5708,6168,5835,6041,0.9254215304798963,48,0.007782101167315175,5835,0.631695838184649
"MN087411.1_Beet_soil-borne_virus_isolate_TR1_segment_RNA_1,_complete_sequence","OP221272.1_Potato_mop-top_virus_isolate_Hebei_segment_RNA1,_complete_sequence",0.6357905795832604,2080,5711,6165,5835,6042,0.9263584752635847,51,0.00827250608272506,5835,0.6305309981463185
"MN087411.1_Beet_soil-borne_virus_isolate_TR1_segment_RNA_1,_complete_sequence","KY275269.1_Potato_mop-top_virus_strain_Maryland_segment_RNA1,_complete_sequence",0.635728019576997,2084,5721,6155,5835,6042,0.9294882209585703,48,0.007798537774167343,5835,0.6307702706022291
"MN087411.1_Beet_soil-borne_virus_isolate_TR1_segment_RNA_1,_complete_sequence","KU955464.1_Potato_mop-top_virus_isolate_H11_P64_segment_RNA-rep,_complete_sequence",0.6383465259454706,2056,5685,6191,5835,6042,0.9182684542077209,49,0.007914714908738492,5835,0.6332941951796285
"MN087411.1_Beet_soil-borne_virus_isolate_TR1_segment_RNA_1,_complete_sequence","KU955466.1_Potato_mop-top_virus_isolate_C29_P69_segment_RNA-rep,_complete_sequence",0.6357581069237511,2078,5705,6171,5835,6042,0.92448549667801,48,0.007778317938745746,5835,0.630812978235963
"MN087411.1_Beet_soil-borne_virus_isolate_TR1_segment_RNA_1,_complete_sequence","KU955467.1_Potato_mop-top_virus_isolate_C29_P70_segment_RNA-rep,_complete_sequence",0.6366024518388791,2075,5710,6166,5835,6042,0.926046059033409,49,0.007946805060006487,5835,0.6315434962533933
"MN087411.1_Beet_soil-borne_virus_isolate_TR1_segment_RNA_1,_complete_sequence","KU955468.1_Potato_mop-top_virus_isolate_C29_P71_segment_RNA-rep,_complete_sequence",0.6361086765994741,2076,5705,6171,5835,6042,0.92448549667801,48,0.007778317938745746,5835,0.6311608210692886
"MN087411.1_Beet_soil-borne_virus_isolate_TR1_segment_RNA_1,_complete_sequence","KU955469.1_Potato_mop-top_virus_isolate_C61_P76_segment_RNA-rep,_complete_sequence",0.6393500529848111,2042,5662,6214,5835,6042,0.9111683295783715,47,0.007563566140971999,5835,0.6345142865718265
"MN087411.1_Beet_soil-borne_virus_isolate_TR1_segment_RNA_1,_complete_sequence","KU955470.1_Potato_mop-top_virus_isolate_C61_P77_segment_RNA-rep,_complete_sequence",0.6391734369480748,2043,5662,6214,5835,6042,0.9111683295783715,47,0.007563566140971999,5835,0.6343390063821657
"MN087411.1_Beet_soil-borne_virus_isolate_TR1_segment_RNA_1,_complete_sequence","KU955471.1_Potato_mop-top_virus_isolate_C115_P79_segment_RNA-rep,_complete_sequence",0.6353126642143982,2082,5709,6167,5835,6042,0.9257337441219393,49,0.007945516458569807,5835,0.630264776984545
"MN087411.1_Beet_soil-borne_virus_isolate_TR1_segment_RNA_1,_complete_sequence","KU955472.1_Potato_mop-top_virus_isolate_C115_P80_segment_RNA-rep,_complete_sequence",0.6353126642143982,2082,5709,6167,5835,6042,0.9257337441219393,49,0.007945516458569807,5835,0.630264776984545
"MN087411.1_Beet_soil-borne_virus_isolate_TR1_segment_RNA_1,_complete_sequence","KU955473.1_Potato_mop-top_virus_isolate_PF43_segment_RNA-rep,_complete_sequence",0.6362524034259744,2081,5721,6155,5835,6042,0.9294882209585703,49,0.007961007311129163,5835,0.6311871933905768
"MN087411.1_Beet_soil-borne_virus_isolate_TR1_segment_RNA_1,_complete_sequence","KM822695.1_Potato_mop-top_virus_isolate_Guangdong_segment_RNA1,_complete_sequence",0.6360776088096487,2082,5721,6155,5835,6042,0.9294882209585703,49,0.007961007311129163,5835,0.6310137903154696
"MN087411.1_Beet_soil-borne_virus_isolate_TR1_segment_RNA_1,_complete_sequence","KM822696.1_Potato_mop-top_virus_isolate_Yunnan_segment_RNA1,_complete_sequence",0.634915076168797,2085,5711,6165,5835,6042,0.9263584752635847,51,0.00827250608272506,5835,0.6296627373391769
"MN087411.1_Beet_soil-borne_virus_isolate_TR1_segment_RNA_1,_complete_sequence","KM822697.1_Potato_mop-top_virus_isolate_Ch10_segment_RNA1,_complete_sequence",0.6360776088096487,2082,5721,6155,5835,6042,0.9294882209585703,49,0.007961007311129163,5835,0.6310137903154696
"MN087411.1_Beet_soil-borne_virus_isolate_TR1_segment_RNA_1,_complete_sequence","NC_003723.1_Potato_mop-top_virus_RNA_1,_complete_sequence",0.6339160839160839,2094,5720,6157,5835,6043,0.9290238752639273,49,0.007958421309079098,5835,0.6288711126456782
"MN087411.1_Beet_soil-borne_virus_isolate_TR1_segment_RNA_1,_complete_sequence","KT225274.1_Colombian_potato_soil-borne_virus_isolate_IS13_segment_RNA1_putative_replicase_(ORF2)_and_polymerase_(ORF1)_genes,_complete_cds",0.6107561235356762,2193,5634,6247,5835,6061,0.9018728989915159,58,0.009284456539138787,5828,0.6050855848506963
"MN087411.1_Beet_soil-borne_virus_isolate_TR1_segment_RNA_1,_complete_sequence","NC_029034.2_Colombian_potato_soil-borne_virus_RNA_1,_complete_sequence",0.613061797752809,2204,5696,6301,5835,6170,0.9039834946833836,59,0.009363593080463419,5835,0.6073213365454744
"MN087414.1_Beet_soil-borne_virus_isolate_TR3_segment_RNA_1,_complete_sequence","FN386612.1_Beet_soil-borne_virus_segment_RNA-1,_complete_sequence,_clone_pUBS-1-wt,_genomic_RNA",0.9864610111396743,79,5835,5835,5835,5835,1.0,0,0.0,5835,0.9864610111396743
"MN087414.1_Beet_soil-borne_virus_isolate_TR3_segment_RNA_1,_complete_sequence","OP380962.1_Beet_soil-borne_virus_isolate_BSBV-US-RNA1_segment_RNA1,_complete_sequence",0.9694944301628107,178,5835,5835,5835,5837,1.0,0,0.0,5835,0.9694944301628107
"MN087414.1_Beet_soil-borne_virus_isolate_TR3_segment_RNA_1,_complete_sequence","MN125066.1_Potato_mop-top_virus_isolate_PMTV_quitoense_M6_segment_RNA_1,_complete_sequence",0.6314937983102642,2050,5563,6076,5835,5875,0.9155694535878868,45,0.007406188281764319,5764,0.6268168363412119
"MN087414.1_Beet_soil-borne_virus_isolate_TR3_segment_RNA_1,_complete_sequence","KT225277.1_Soil-borne_virus_2_isolate_IS16_segment_RNA1_putative_replicase_(ORF2)_and_polymerase_(ORF1)_genes,_complete_cds",0.6255252100840336,2139,5712,6058,5835,5961,0.942885440739518,37,0.006107626279300099,5812,0.6217047358725597
"MN087414.1_Beet_soil-borne_virus_isolate_TR3_segment_RNA_1,_complete_sequence","OK523979.1_Potato_mop-top_virus_isolate_AS99_segment_RNA1,_complete_sequence",0.6383473439456269,2022,5591,6136,5835,5965,0.9111799217731421,46,0.007496740547588005,5762,0.6335618195288246
"MN087414.1_Beet_soil-borne_virus_isolate_TR3_segment_RNA_1,_complete_sequence","OK523982.1_Potato_mop-top_virus_isolate_AS144_segment_RNA1,_complete_sequence",0.6388839205866571,2019,5591,6136,5835,5965,0.9111799217731421,46,0.007496740547588005,5762,0.6340943735939931
"MN087414.1_Beet_soil-borne_virus_isolate_TR3_segment_RNA_1,_complete_sequence","OK504616.1_Potato_mop-top_virus_isolate_AS22_segment_RNA_1,_partial_sequence",0.6384766672626497,2022,5593,6138,5835,5967,0.911208862821766,46,0.007494297816878462,5764,0.6336917329690555
"MN087414.1_Beet_soil-borne_virus_isolate_TR3_segment_RNA_1,_complete_sequence","MN417993.1_Potato_mop-top_virus_isolate_PMTV_physalis_M7_segment_RNA1,_complete_sequence",0.6364280652019845,2052,5644,6108,5835,5978,0.9240340537000655,46,0.007531106745252128,5774,0.631635057507274
"MN087414.1_Beet_soil-borne_virus_isolate_TR3_segment_RNA_1,_complete_sequence","OR477289.1_Beet_virus_Q_isolate_DSMZ_PV-0961_Replicase_read-through_protein_and_replicase_genes,_complete_cds",0.6225789565520852,2163,5731,6076,5835,5991,0.9432192231731402,47,0.007735352205398289,5817,0.6177630890474854
"MN087414.1_Beet_soil-borne_virus_isolate_TR3_segment_RNA_1,_complete_sequence","OQ731908.1_Beet_virus_Q_isolate_DSMZ_PV-1078_segment_RNA1_Replicase_readthrough_protein_(Replicase-RT)_and_replicase_(Replicase)_genes,_complete_cds",0.6236052998605299,2159,5736,6082,5835,5996,0.9431108188096021,48,0.007892140743176587,5823,0.6186837190658397
"MN087414.1_Beet_soil-borne_virus_isolate_TR3_segment_RNA_1,_complete_sequence","NC_003510.1_Beet_virus_Q_RNA_1,_complete_sequence",0.6239986067572274,2159,5742,6094,5835,6003,0.9422382671480144,50,0.008204791598293404,5835,0.6188788282311589
"MN087414.1_Beet_soil-borne_virus_isolate_TR3_segment_RNA_1,_complete_sequence","MN125060.1_Potato_mop-top_virus_isolate_PMTV_quitoense_M1_segment_RNA_1,_complete_sequence",0.6346492774057102,2073,5674,6132,5835,6005,0.9253098499673842,45,0.007338551859099804,5801,0.6299918707711282
"MN087414.1_Beet_soil-borne_virus_isolate_TR3_segment_RNA_1,_complete_sequence","KM822698.1_Potato_mop-top_virus_isolate_Ch20_segment_RNA1,_complete_sequence",0.6363156969590438,2069,5689,6118,5835,6005,0.9298790454396861,48,0.007845701209545603,5803,0.6313233541257594
"MN087414.1_Beet_soil-borne_virus_isolate_TR3_segment_RNA_1,_complete_sequence","KM822709.1_Potato_mop-top_virus_isolate_Ch9_segment_RNA1,_complete_sequence",0.6351659933251361,2077,5693,6114,5835,6005,0.9311416421328099,47,0.0076872751063133795,5803,0.630283297596271
"MN087414.1_Beet_soil-borne_virus_isolate_TR3_segment_RNA_1,_complete_sequence","MN417990.1_Potato_mop-top_virus_isolate_PMTV_physalis_M2_segment_RNA1,_complete_sequence",0.6358350951374208,2067,5676,6143,5835,6010,0.9239785121276249,47,0.0076509848608171905,5809,0.6309703304505481
"MN087414.1_Beet_soil-borne_virus_isolate_TR3_segment_RNA_1,_complete_sequence","ON398500.1_Potato_mop-top_virus_isolate_DSMZ_PV-0582_segment_RNA_1,_complete_sequence",0.6367311072056239,2067,5690,6130,5835,6014,0.9282218597063622,50,0.008156606851549755,5806,0.6315375418939956
"MN087414.1_Beet_soil-borne_virus_isolate_TR3_segment_RNA_1,_complete_sequence","KR857349.1_Potato_mop-top_virus_isolate_CO1_segment_RNA1_rep_protein_2_and_rep_protein_1_genes,_complete_cds",0.6349483995102326,2087,5717,6159,5835,6041,0.9282351031011528,48,0.007793472966390648,5835,0.6299999463235966
"MN087414.1_Beet_soil-borne_virus_isolate_TR3_segment_RNA_1,_complete_sequence","KR857352.1_Potato_mop-top_virus_isolate_CO2_segment_RNA1_rep_protein_2_and_rep_protein_1_genes,_complete_cds",0.6413158825610188,2028,5654,6222,5835,6041,0.908711025393764,49,0.007875281260045,5835,0.6362653396093167
"MN087414.1_Beet_soil-borne_virus_isolate_TR3_segment_RNA_1,_complete_sequence","KR857355.1_Potato_mop-top_virus_isolate_CO3_segment_RNA1_rep_protein_2_and_rep_protein_1_genes,_complete_cds",0.6357754852246896,2083,5719,6157,5835,6041,0.9288614585025174,49,0.007958421309079098,5835,0.6307157160552873
"MN087414.1_Beet_soil-borne_virus_isolate_TR3_segment_RNA_1,_complete_sequence","KR857358.1_Potato_mop-top_virus_isolate_CO4_segment_RNA1_rep_protein_2_and_rep_protein_1_genes,_complete_cds",0.6367767872749519,2078,5721,6155,5835,6041,0.9294882209585703,49,0.007961007311129163,5835,0.6317074026158986
"MN087414.1_Beet_soil-borne_virus_isolate_TR3_segment_RNA_1,_complete_sequence","KR857361.1_Potato_mop-top_virus_isolate_CO5_segment_RNA1_rep_protein_2_and_rep_protein_1_genes,_complete_cds",0.6368255080588647,2073,5708,6168,5835,6041,0.9254215304798963,48,0.007782101167315175,5835,0.6318696675292238
"MN087414.1_Beet_soil-borne_virus_isolate_TR3_segment_RNA_1,_complete_sequence","OP221272.1_Potato_mop-top_virus_isolate_Hebei_segment_RNA1,_complete_sequence",0.6359656802661531,2079,5711,6165,5835,6042,0.9263584752635847,51,0.00827250608272506,5835,0.630704650307747
"MN087414.1_Beet_soil-borne_virus_isolate_TR3_segment_RNA_1,_complete_sequence","KY275269.1_Potato_mop-top_virus_strain_Maryland_segment_RNA1,_complete_sequence",0.6359028141933228,2083,5721,6155,5835,6042,0.9294882209585703,48,0.007798537774167343,5835,0.6309437020761368
"MN087414.1_Beet_soil-borne_virus_isolate_TR3_segment_RNA_1,_complete_sequence","KU955464.1_Potato_mop-top_virus_isolate_H11_P64_segment_RNA-rep,_complete_sequence",0.6385224274406333,2055,5685,6191,5835,6042,0.9182684542077209,49,0.007914714908738492,5835,0.633468704464605
"MN087414.1_Beet_soil-borne_virus_isolate_TR3_segment_RNA_1,_complete_sequence","KU955466.1_Potato_mop-top_virus_isolate_C29_P69_segment_RNA-rep,_complete_sequence",0.6359333917616126,2077,5705,6171,5835,6042,0.92448549667801,48,0.007778317938745746,5835,0.6309868996526258
"MN087414.1_Beet_soil-borne_virus_isolate_TR3_segment_RNA_1,_complete_sequence","KU955467.1_Potato_mop-top_virus_isolate_C29_P70_segment_RNA-rep,_complete_sequence",0.6367775831873905,2074,5710,6166,5835,6042,0.926046059033409,49,0.007946805060006487,5835,0.6317172358672183
"MN087414.1_Beet_soil-borne_virus_isolate_TR3_segment_RNA_1,_complete_sequence","KU955468.1_Potato_mop-top_virus_isolate_C29_P71_segment_RNA-rep,_complete_sequence",0.6362839614373357,2075,5705,6171,5835,6042,0.92448549667801,48,0.007778317938745746,5835,0.6313347424859515
"MN087414.1_Beet_soil-borne_virus_isolate_TR3_segment_RNA_1,_complete_sequence","KU955469.1_Potato_mop-top_virus_isolate_C61_P76_segment_RNA-rep,_complete_sequence",0.6395266690215471,2041,5662,6214,5835,6042,0.9111683295783715,47,0.007563566140971999,5835,0.6346895667614871
"MN087414.1_Beet_soil-borne_virus_isolate_TR3_segment_RNA_1,_complete_sequence","KU955470.1_Potato_mop-top_virus_isolate_C61_P77_segment_RNA-rep,_complete_sequence",0.6393500529848111,2042,5662,6214,5835,6042,0.9111683295783715,47,0.007563566140971999,5835,0.6345142865718265
"MN087414.1_Beet_soil-borne_virus_isolate_TR3_segment_RNA_1,_complete_sequence","KU955471.1_Potato_mop-top_virus_isolate_C115_P79_segment_RNA-rep,_complete_sequence",0.6354878262392714,2081,5709,6167,5835,6042,0.9257337441219393,49,0.007945516458569807,5835,0.6304385472566665
"MN087414.1_Beet_soil-borne_virus_isolate_TR3_segment_RNA_1,_complete_sequence","KU955472.1_Potato_mop-top_virus_isolate_C115_P80_segment_RNA-rep,_complete_sequence",0.6354878262392714,2081,5709,6167,5835,6042,0.9257337441219393,49,0.007945516458569807,5835,0.6304385472566665
"MN087414.1_Beet_soil-borne_virus_isolate_TR3_segment_RNA_1,_complete_sequence","KU955473.1_Potato_mop-top_virus_isolate_PF43_segment_RNA-rep,_complete_sequence",0.6364271980423003,2080,5721,6155,5835,6042,0.9294882209585703,49,0.007961007311129163,5835,0.6313605964656841
"MN087414.1_Beet_soil-borne_virus_isolate_TR3_segment_RNA_1,_complete_sequence","KM822695.1_Potato_mop-top_virus_isolate_Guangdong_segment_RNA1,_complete_sequence",0.6362524034259744,2081,5721,6155,5835,6042,0.9294882209585703,49,0.007961007311129163,5835,0.6311871933905768
"MN087414.1_Beet_soil-borne_virus_isolate_TR3_segment_RNA_1,_complete_sequence","KM822696.1_Potato_mop-top_virus_isolate_Yunnan_segment_RNA1,_complete_sequence",0.6350901768516897,2084,5711,6165,5835,6042,0.9263584752635847,51,0.00827250608272506,5835,0.6298363895006052
"MN087414.1_Beet_soil-borne_virus_isolate_TR3_segment_RNA_1,_complete_sequence","KM822697.1_Potato_mop-top_virus_isolate_Ch10_segment_RNA1,_complete_sequence",0.6362524034259744,2081,5721,6155,5835,6042,0.9294882209585703,49,0.007961007311129163,5835,0.6311871933905768
"MN087414.1_Beet_soil-borne_virus_isolate_TR3_segment_RNA_1,_complete_sequence","NC_003723.1_Potato_mop-top_virus_RNA_1,_complete_sequence",0.634090909090909,2093,5720,6157,5835,6043,0.9290238752639273,49,0.007958421309079098,5835,0.6290445464881066
"MN087414.1_Beet_soil-borne_virus_isolate_TR3_segment_RNA_1,_complete_sequence","KT225274.1_Colombian_potato_soil-borne_virus_isolate_IS13_segment_RNA1_putative_replicase_(ORF2)_and_polymerase_(ORF1)_genes,_complete_cds",0.6111111111111112,2191,5634,6247,5835,6061,0.9018728989915159,58,0.009284456539138787,5828,0.6054372765594153
"MN087414.1_Beet_soil-borne_virus_isolate_TR3_segment_RNA_1,_complete_sequence","NC_029034.2_Colombian_potato_soil-borne_virus_RNA_1,_complete_sequence",0.6134129213483146,2202,5696,6301,5835,6170,0.9039834946833836,59,0.009363593080463419,5835,0.6076691723625107
"FN386612.1_Beet_soil-borne_virus_segment_RNA-1,_complete_sequence,_clone_pUBS-1-wt,_genomic_RNA","OP380962.1_Beet_soil-borne_virus_isolate_BSBV-US-RNA1_segment_RNA1,_complete_sequence",0.9730934018851757,157,5835,5835,5835,5837,1.0,0,0.0,5835,0.9730934018851757
"FN386612.1_Beet_soil-borne_virus_segment_RNA-1,_complete_sequence,_clone_pUBS-1-wt,_genomic_RNA","MN125066.1_Potato_mop-top_virus_isolate_PMTV_quitoense_M6_segment_RNA_1,_complete_sequence",0.6323079690591833,2044,5559,6080,5835,5875,0.9143092105263158,46,0.007565789473684211,5764,0.6275240600827486
"FN386612.1_Beet_soil-borne_virus_segment_RNA-1,_complete_sequence,_clone_pUBS-1-wt,_genomic_RNA","KT225277.1_Soil-borne_virus_2_isolate_IS16_segment_RNA1_putative_replicase_(ORF2)_and_polymerase_(ORF1)_genes,_complete_cds",0.6323036187113857,2083,5665,6105,5835,5961,0.9279279279279279,41,0.0067158067158067155,5812,0.6280571898224149
"FN386612.1_Beet_soil-borne_virus_segment_RNA-1,_complete_sequence,_clone_pUBS-1-wt,_genomic_RNA","OK523979.1_Potato_mop-top_virus_isolate_AS99_segment_RNA1,_complete_sequence",0.6340124003542958,2066,5645,6082,5835,5965,0.9281486353173298,47,0.007727721144360408,5762,0.6291129293222912
"FN386612.1_Beet_soil-borne_virus_segment_RNA-1,_complete_sequence,_clone_pUBS-1-wt,_genomic_RNA","OK523982.1_Potato_mop-top_virus_isolate_AS144_segment_RNA1,_complete_sequence",0.6345438441098317,2063,5645,6082,5835,5965,0.9281486353173298,47,0.007727721144360408,5762,0.6296402662286804
"FN386612.1_Beet_soil-borne_virus_segment_RNA-1,_complete_sequence,_clone_pUBS-1-wt,_genomic_RNA","OK504616.1_Potato_mop-top_virus_isolate_AS22_segment_RNA_1,_partial_sequence",0.6341420223127324,2066,5647,6084,5835,5967,0.928172255095332,47,0.007725180802103879,5764,0.6292431605361548
"FN386612.1_Beet_soil-borne_virus_segment_RNA-1,_complete_sequence,_clone_pUBS-1-wt,_genomic_RNA","MN417993.1_Potato_mop-top_virus_isolate_PMTV_physalis_M7_segment_RNA1,_complete_sequence",0.6375243837559851,2044,5639,6113,5835,5978,0.9224603304433175,47,0.00768853263536725,5774,0.6326227567256347
"FN386612.1_Beet_soil-borne_virus_segment_RNA-1,_complete_sequence,_clone_pUBS-1-wt,_genomic_RNA","OR477289.1_Beet_virus_Q_isolate_DSMZ_PV-0961_Replicase_read-through_protein_and_replicase_genes,_complete_cds",0.6226480836236934,2166,5740,6067,5835,5991,0.9461018625350256,48,0.00791165320586781,5817,0.6177219079167645
"FN386612.1_Beet_soil-borne_virus_segment_RNA-1,_complete_sequence,_clone_pUBS-1-wt,_genomic_RNA","OQ731908.1_Beet_virus_Q_isolate_DSMZ_PV-1078_segment_RNA1_Replicase_readthrough_protein_(Replicase-RT)_and_replicase_(Replicase)_genes,_complete_cds",0.6234986945169713,2163,5745,6073,5835,5996,0.9459904495307097,49,0.008068499917668368,5823,0.6184679953515948
"FN386612.1_Beet_soil-borne_virus_segment_RNA-1,_complete_sequence,_clone_pUBS-1-wt,_genomic_RNA","NC_003510.1_Beet_virus_Q_RNA_1,_complete_sequence",0.6240653799339245,2162,5751,6085,5835,6003,0.9451109285127363,51,0.00838126540673788,5835,0.6188349223535415
"FN386612.1_Beet_soil-borne_virus_segment_RNA-1,_complete_sequence,_clone_pUBS-1-wt,_genomic_RNA","MN125060.1_Potato_mop-top_virus_isolate_PMTV_quitoense_M1_segment_RNA_1,_complete_sequence",0.6345848757271285,2073,5673,6133,5835,6005,0.924995923691505,46,0.007500407630849503,5801,0.6298252304828031
"FN386612.1_Beet_soil-borne_virus_segment_RNA-1,_complete_sequence,_clone_pUBS-1-wt,_genomic_RNA","KM822698.1_Potato_mop-top_virus_isolate_Ch20_segment_RNA1,_complete_sequence",0.6357883635085253,2072,5689,6118,5835,6005,0.9298790454396861,49,0.008009153318077803,5803,0.6306962370273357
"FN386612.1_Beet_soil-borne_virus_segment_RNA-1,_complete_sequence,_clone_pUBS-1-wt,_genomic_RNA","KM822709.1_Potato_mop-top_virus_isolate_Ch9_segment_RNA1,_complete_sequence",0.6356125856916857,2073,5689,6118,5835,6005,0.9298790454396861,49,0.008009153318077803,5803,0.6305218670419811
"FN386612.1_Beet_soil-borne_virus_segment_RNA-1,_complete_sequence,_clone_pUBS-1-wt,_genomic_RNA","MN417990.1_Potato_mop-top_virus_isolate_PMTV_physalis_M2_segment_RNA1,_complete_sequence",0.6369247046376301,2059,5671,6148,5835,6010,0.9224137931034483,48,0.007807417046193884,5809,0.6319519678415002
"FN386612.1_Beet_soil-borne_virus_segment_RNA-1,_complete_sequence,_clone_pUBS-1-wt,_genomic_RNA","ON398500.1_Potato_mop-top_virus_isolate_DSMZ_PV-0582_segment_RNA_1,_complete_sequence",0.6352300667369161,2077,5694,6126,5835,6014,0.9294809010773751,48,0.007835455435847209,5806,0.6302527498574887
"FN386612.1_Beet_soil-borne_virus_segment_RNA-1,_complete_sequence,_clone_pUBS-1-wt,_genomic_RNA","KR857349.1_Potato_mop-top_virus_isolate_CO1_segment_RNA1_rep_protein_2_and_rep_protein_1_genes,_complete_cds",0.6358381502890174,2079,5709,6167,5835,6041,0.9257337441219393,49,0.007945516458569807,5835,0.6307860878009094
"FN386612.1_Beet_soil-borne_virus_segment_RNA-1,_complete_sequence,_clone_pUBS-1-wt,_genomic_RNA","KR857352.1_Potato_mop-top_virus_isolate_CO2_segment_RNA1_rep_protein_2_and_rep_protein_1_genes,_complete_cds",0.6354257737366673,2085,5719,6157,5835,6041,0.9288614585025174,50,0.008120838070488875,5835,0.6302655839223367
"FN386612.1_Beet_soil-borne_virus_segment_RNA-1,_complete_sequence,_clone_pUBS-1-wt,_genomic_RNA","KR857355.1_Potato_mop-top_virus_isolate_CO3_segment_RNA1_rep_protein_2_and_rep_protein_1_genes,_complete_cds",0.6360615599860091,2081,5718,6158,5835,6041,0.9285482299447873,50,0.008119519324455992,5835,0.6308970458581591
"FN386612.1_Beet_soil-borne_virus_segment_RNA-1,_complete_sequence,_clone_pUBS-1-wt,_genomic_RNA","KR857358.1_Potato_mop-top_virus_isolate_CO4_segment_RNA1_rep_protein_2_and_rep_protein_1_genes,_complete_cds",0.6359028141933228,2083,5721,6155,5835,6041,0.9294882209585703,50,0.008123476848090982,5835,0.6307370724045874
"FN386612.1_Beet_soil-borne_virus_segment_RNA-1,_complete_sequence,_clone_pUBS-1-wt,_genomic_RNA","KR857361.1_Potato_mop-top_virus_isolate_CO5_segment_RNA1_rep_protein_2_and_rep_protein_1_genes,_complete_cds",0.638051857042747,2066,5708,6168,5835,6041,0.9254215304798963,49,0.007944228274967574,5835,0.6329830274391325
"FN386612.1_Beet_soil-borne_virus_segment_RNA-1,_complete_sequence,_clone_pUBS-1-wt,_genomic_RNA","OP221272.1_Potato_mop-top_virus_isolate_Hebei_segment_RNA1,_complete_sequence",0.636077057793345,2078,5710,6166,5835,6042,0.926046059033409,50,0.008108984755108661,5835,0.6309191186286244
"FN386612.1_Beet_soil-borne_virus_segment_RNA-1,_complete_sequence,_clone_pUBS-1-wt,_genomic_RNA","KY275269.1_Potato_mop-top_virus_strain_Maryland_segment_RNA1,_complete_sequence",0.6354421530933241,2086,5722,6154,5835,6042,0.929801754956126,49,0.007962300942476437,5835,0.6303825714388599
"FN386612.1_Beet_soil-borne_virus_segment_RNA-1,_complete_sequence,_clone_pUBS-1-wt,_genomic_RNA","KU955464.1_Potato_mop-top_virus_isolate_H11_P64_segment_RNA-rep,_complete_sequence",0.6362839614373357,2075,5705,6171,5835,6042,0.92448549667801,48,0.007778317938745746,5835,0.6313347424859515
"FN386612.1_Beet_soil-borne_virus_segment_RNA-1,_complete_sequence,_clone_pUBS-1-wt,_genomic_RNA","KU955466.1_Potato_mop-top_virus_isolate_C29_P69_segment_RNA-rep,_complete_sequence",0.6352344296710987,2085,5716,6160,5835,6042,0.9279220779220779,49,0.007954545454545454,5835,0.6301814285259877
"FN386612.1_Beet_soil-borne_virus_segment_RNA-1,_complete_sequence,_clone_pUBS-1-wt,_genomic_RNA","KU955467.1_Potato_mop-top_virus_isolate_C29_P70_segment_RNA-rep,_complete_sequence",0.6357592722183345,2082,5716,6160,5835,6042,0.9279220779220779,49,0.007954545454545454,5835,0.630702096189325
"FN386612.1_Beet_soil-borne_virus_segment_RNA-1,_complete_sequence,_clone_pUBS-1-wt,_genomic_RNA","KU955468.1_Potato_mop-top_virus_isolate_C29_P71_segment_RNA-rep,_complete_sequence",0.6355843247025892,2083,5716,6160,5835,6042,0.9279220779220779,49,0.007954545454545454,5835,0.6305285403015459
"FN386612.1_Beet_soil-borne_virus_segment_RNA-1,_complete_sequence,_clone_pUBS-1-wt,_genomic_RNA","KU955469.1_Potato_mop-top_virus_isolate_C61_P76_segment_RNA-rep,_complete_sequence",0.636124737210932,2077,5708,6168,5835,6042,0.9254215304798963,48,0.007782101167315175,5835,0.6311743501509247
"FN386612.1_Beet_soil-borne_virus_segment_RNA-1,_complete_sequence,_clone_pUBS-1-wt,_genomic_RNA","KU955470.1_Potato_mop-top_virus_isolate_C61_P77_segment_RNA-rep,_complete_sequence",0.6359495444989489,2078,5708,6168,5835,6042,0.9254215304798963,48,0.007782101167315175,5835,0.6310005208063502
"FN386612.1_Beet_soil-borne_virus_segment_RNA-1,_complete_sequence,_clone_pUBS-1-wt,_genomic_RNA","KU955471.1_Potato_mop-top_virus_isolate_C115_P79_segment_RNA-rep,_complete_sequence",0.6354075372480281,2080,5705,6171,5835,6042,0.92448549667801,48,0.007778317938745746,5835,0.6304651354026375
"FN386612.1_Beet_soil-borne_virus_segment_RNA-1,_complete_sequence,_clone_pUBS-1-wt,_genomic_RNA","KU955472.1_Potato_mop-top_virus_isolate_C115_P80_segment_RNA-rep,_complete_sequence",0.6354075372480281,2080,5705,6171,5835,6042,0.92448549667801,48,0.007778317938745746,5835,0.6304651354026375
"FN386612.1_Beet_soil-borne_virus_segment_RNA-1,_complete_sequence,_clone_pUBS-1-wt,_genomic_RNA","KU955473.1_Potato_mop-top_virus_isolate_PF43_segment_RNA-rep,_complete_sequence",0.6359028141933228,2083,5721,6155,5835,6042,0.9294882209585703,50,0.008123476848090982,5835,0.6307370724045874
"FN386612.1_Beet_soil-borne_virus_segment_RNA-1,_complete_sequence,_clone_pUBS-1-wt,_genomic_RNA","KM822695.1_Potato_mop-top_virus_isolate_Guangdong_segment_RNA1,_complete_sequence",0.635728019576997,2084,5721,6155,5835,6042,0.9294882209585703,50,0.008123476848090982,5835,0.6305636977282805
"FN386612.1_Beet_soil-borne_virus_segment_RNA-1,_complete_sequence,_clone_pUBS-1-wt,_genomic_RNA","KM822696.1_Potato_mop-top_virus_isolate_Yunnan_segment_RNA1,_complete_sequence",0.635201401050788,2083,5710,6166,5835,6042,0.926046059033409,50,0.008108984755108661,5835,0.6300505625732435
"FN386612.1_Beet_soil-borne_virus_segment_RNA-1,_complete_sequence,_clone_pUBS-1-wt,_genomic_RNA","KM822697.1_Potato_mop-top_virus_isolate_Ch10_segment_RNA1,_complete_sequence",0.635728019576997,2084,5721,6155,5835,6042,0.9294882209585703,50,0.008123476848090982,5835,0.6305636977282805
"FN386612.1_Beet_soil-borne_virus_segment_RNA-1,_complete_sequence,_clone_pUBS-1-wt,_genomic_RNA","NC_003723.1_Potato_mop-top_virus_RNA_1,_complete_sequence",0.6343766392726001,2091,5719,6158,5835,6043,0.9287106203312764,50,0.008119519324455992,5835,0.6292258058910428
"FN386612.1_Beet_soil-borne_virus_segment_RNA-1,_complete_sequence,_clone_pUBS-1-wt,_genomic_RNA","KT225274.1_Colombian_potato_soil-borne_virus_isolate_IS13_segment_RNA1_putative_replicase_(ORF2)_and_polymerase_(ORF1)_genes,_complete_cds",0.6125133309633843,2180,5626,6255,5835,6061,0.8994404476418865,58,0.009272581934452438,5828,0.6068337509160819
"FN386612.1_Beet_soil-borne_virus_segment_RNA-1,_complete_sequence,_clone_pUBS-1-wt,_genomic_RNA","NC_029034.2_Colombian_potato_soil-borne_virus_RNA_1,_complete_sequence",0.6143710470836261,2195,5692,6305,5835,6170,0.9027755749405234,59,0.009357652656621729,5835,0.6086219762227325
"OP380962.1_Beet_soil-borne_virus_isolate_BSBV-US-RNA1_segment_RNA1,_complete_sequence","MN125066.1_Potato_mop-top_virus_isolate_PMTV_quitoense_M6_segment_RNA_1,_complete_sequence",0.6327561327561327,2036,5544,6053,5837,5875,0.9159094663803072,46,0.007599537419461424,5722,0.6279474788478588
"OP380962.1_Beet_soil-borne_virus_isolate_BSBV-US-RNA1_segment_RNA1,_complete_sequence","KT225277.1_Soil-borne_virus_2_isolate_IS16_segment_RNA1_putative_replicase_(ORF2)_and_polymerase_(ORF1)_genes,_complete_cds",0.6316252861419265,2092,5679,6091,5837,5961,0.9323592185191266,42,0.006895419471351174,5812,0.6272699648452656
"OP380962.1_Beet_soil-borne_virus_isolate_BSBV-US-RNA1_segment_RNA1,_complete_sequence","OK523979.1_Potato_mop-top_virus_isolate_AS99_segment_RNA1,_complete_sequence",0.6350895866595707,2057,5637,6090,5837,5965,0.925615763546798,49,0.008045977011494253,5762,0.6299796704450684
"OP380962.1_Beet_soil-borne_virus_isolate_BSBV-US-RNA1_segment_RNA1,_complete_sequence","OK523982.1_Potato_mop-top_virus_isolate_AS144_segment_RNA1,_complete_sequence",0.6349121873336881,2058,5637,6090,5837,5965,0.925615763546798,47,0.0077175697865353035,5762,0.6300122082196187
"OP380962.1_Beet_soil-borne_virus_isolate_BSBV-US-RNA1_segment_RNA1,_complete_sequence","OK504616.1_Potato_mop-top_virus_isolate_AS22_segment_RNA_1,_partial_sequence",0.6345096648341905,2061,5639,6092,5837,5967,0.9256401838476691,47,0.007715036112934997,5764,0.6296143998559884
"OP380962.1_Beet_soil-borne_virus_isolate_BSBV-US-RNA1_segment_RNA1,_complete_sequence","MN417993.1_Potato_mop-top_virus_isolate_PMTV_physalis_M7_segment_RNA1,_complete_sequence",0.6391057487579843,2034,5636,6116,5837,5978,0.9215173315892741,50,0.008175277959450621,5774,0.633880881616405
"OP380962.1_Beet_soil-borne_virus_isolate_BSBV-US-RNA1_segment_RNA1,_complete_sequence","OR477289.1_Beet_virus_Q_isolate_DSMZ_PV-0961_Replicase_read-through_protein_and_replicase_genes,_complete_cds",0.6245644599303135,2155,5740,6067,5837,5991,0.9461018625350256,50,0.008241305422778969,5817,0.6194172334598148
"OP380962.1_Beet_soil-borne_virus_isolate_BSBV-US-RNA1_segment_RNA1,_complete_sequence","OQ731908.1_Beet_virus_Q_isolate_DSMZ_PV-1078_segment_RNA1_Replicase_readthrough_protein_(Replicase-RT)_and_replicase_(Replicase)_genes,_complete_cds",0.6255874673629243,2151,5745,6073,5837,5996,0.9459904495307097,51,0.008397826444920138,5823,0.6203338923858933
"OP380962.1_Beet_soil-borne_virus_isolate_BSBV-US-RNA1_segment_RNA1,_complete_sequence","NC_003510.1_Beet_virus_Q_RNA_1,_complete_sequence",0.6260657734470159,2149,5747,6091,5837,6003,0.9435232309965523,52,0.008537186012149072,5836,0.6207209334832587
"OP380962.1_Beet_soil-borne_virus_isolate_BSBV-US-RNA1_segment_RNA1,_complete_sequence","MN125060.1_Potato_mop-top_virus_isolate_PMTV_quitoense_M1_segment_RNA_1,_complete_sequence",0.6354975299929428,2066,5668,6138,5837,6005,0.9234278266536331,48,0.007820136852394917,5801,0.6305278523390391
"OP380962.1_Beet_soil-borne_virus_isolate_BSBV-US-RNA1_segment_RNA1,_complete_sequence","KM822698.1_Potato_mop-top_virus_isolate_Ch20_segment_RNA1,_complete_sequence",0.6336494555672638,2086,5694,6115,5837,6005,0.9311529026982829,46,0.0075224856909239576,5804,0.6288828366046973
"OP380962.1_Beet_soil-borne_virus_isolate_BSBV-US-RNA1_segment_RNA1,_complete_sequence","KM822709.1_Potato_mop-top_virus_isolate_Ch9_segment_RNA1,_complete_sequence",0.6331225851773796,2089,5694,6115,5837,6005,0.9311529026982829,46,0.0075224856909239576,5804,0.628359929589782
"OP380962.1_Beet_soil-borne_virus_isolate_BSBV-US-RNA1_segment_RNA1,_complete_sequence","MN417990.1_Potato_mop-top_virus_isolate_PMTV_physalis_M2_segment_RNA1,_complete_sequence",0.6384968242766408,2049,5668,6151,5837,6010,0.9214761827345147,51,0.008291334742318322,5809,0.6332028333746559
"OP380962.1_Beet_soil-borne_virus_isolate_BSBV-US-RNA1_segment_RNA1,_complete_sequence","ON398500.1_Potato_mop-top_virus_isolate_DSMZ_PV-0582_segment_RNA_1,_complete_sequence",0.6347810796553544,2077,5687,6133,5837,6014,0.92727865644872,52,0.008478721669655959,5806,0.629398947559793
"OP380962.1_Beet_soil-borne_virus_isolate_BSBV-US-RNA1_segment_RNA1,_complete_sequence","KR857349.1_Potato_mop-top_virus_isolate_CO1_segment_RNA1_rep_protein_2_and_rep_protein_1_genes,_complete_cds",0.6382791922739245,2060,5695,6181,5837,6041,0.9213719462870086,54,0.008736450412554603,5835,0.632702897761258
"OP380962.1_Beet_soil-borne_virus_isolate_BSBV-US-RNA1_segment_RNA1,_complete_sequence","KR857352.1_Potato_mop-top_virus_isolate_CO2_segment_RNA1_rep_protein_2_and_rep_protein_1_genes,_complete_cds",0.6407355021216408,2032,5656,6220,5837,6041,0.9093247588424437,50,0.008038585209003215,5835,0.6355848951914025
"OP380962.1_Beet_soil-borne_virus_isolate_BSBV-US-RNA1_segment_RNA1,_complete_sequence","KR857355.1_Potato_mop-top_virus_isolate_CO3_segment_RNA1_rep_protein_2_and_rep_protein_1_genes,_complete_cds",0.6333624454148472,2099,5725,6151,5837,6041,0.9307429686229881,47,0.007641033978214924,5835,0.6285229014489071
"OP380962.1_Beet_soil-borne_virus_isolate_BSBV-US-RNA1_segment_RNA1,_complete_sequence","KR857358.1_Potato_mop-top_virus_isolate_CO4_segment_RNA1_rep_protein_2_and_rep_protein_1_genes,_complete_cds",0.6335371179039302,2098,5725,6151,5837,6041,0.9307429686229881,47,0.007641033978214924,5835,0.6286962392595659
"OP380962.1_Beet_soil-borne_virus_isolate_BSBV-US-RNA1_segment_RNA1,_complete_sequence","KR857361.1_Potato_mop-top_virus_isolate_CO5_segment_RNA1_rep_protein_2_and_rep_protein_1_genes,_complete_cds",0.6400911161731208,2054,5707,6169,5837,6041,0.9251094180580322,54,0.008753444642567677,5835,0.6344881140215
"OP380962.1_Beet_soil-borne_virus_isolate_BSBV-US-RNA1_segment_RNA1,_complete_sequence","OP221272.1_Potato_mop-top_virus_isolate_Hebei_segment_RNA1,_complete_sequence",0.6348206474190726,2087,5715,6163,5837,6042,0.9273081291578776,53,0.008599707934447509,5836,0.6293613752605117
"OP380962.1_Beet_soil-borne_virus_isolate_BSBV-US-RNA1_segment_RNA1,_complete_sequence","KY275269.1_Potato_mop-top_virus_strain_Maryland_segment_RNA1,_complete_sequence",0.6329666492055177,2102,5727,6151,5837,6042,0.9310681190050398,46,0.007478458787189075,5836,0.628233034205769
"OP380962.1_Beet_soil-borne_virus_isolate_BSBV-US-RNA1_segment_RNA1,_complete_sequence","KU955464.1_Potato_mop-top_virus_isolate_H11_P64_segment_RNA-rep,_complete_sequence",0.6358381502890174,2079,5709,6169,5837,6042,0.9254336197114605,48,0.007780839682282379,5836,0.6308907955777395
"OP380962.1_Beet_soil-borne_virus_isolate_BSBV-US-RNA1_segment_RNA1,_complete_sequence","KU955466.1_Potato_mop-top_virus_isolate_C29_P69_segment_RNA-rep,_complete_sequence",0.6353126642143982,2082,5709,6169,5837,6042,0.9254336197114605,49,0.007942940508996596,5836,0.6302664135179311
"OP380962.1_Beet_soil-borne_virus_isolate_BSBV-US-RNA1_segment_RNA1,_complete_sequence","KU955467.1_Potato_mop-top_virus_isolate_C29_P70_segment_RNA-rep,_complete_sequence",0.6361086765994741,2076,5705,6173,5837,6042,0.9241859711647498,49,0.007937793617365949,5836,0.6310593772064117
"OP380962.1_Beet_soil-borne_virus_isolate_BSBV-US-RNA1_segment_RNA1,_complete_sequence","KU955468.1_Potato_mop-top_virus_isolate_C29_P71_segment_RNA-rep,_complete_sequence",0.6356629882641444,2080,5709,6169,5837,6042,0.9254336197114605,49,0.007942940508996596,5836,0.6306139549645913
"OP380962.1_Beet_soil-borne_virus_isolate_BSBV-US-RNA1_segment_RNA1,_complete_sequence","KU955469.1_Potato_mop-top_virus_isolate_C61_P76_segment_RNA-rep,_complete_sequence",0.6330771917568984,2101,5726,6152,5837,6042,0.9307542262678804,47,0.007639791937581275,5836,0.6282406137314475
"OP380962.1_Beet_soil-borne_virus_isolate_BSBV-US-RNA1_segment_RNA1,_complete_sequence","KU955470.1_Potato_mop-top_virus_isolate_C61_P77_segment_RNA-rep,_complete_sequence",0.6329025497729655,2102,5726,6152,5837,6042,0.9307542262678804,47,0.007639791937581275,5836,0.6280673059759353
"OP380962.1_Beet_soil-borne_virus_isolate_BSBV-US-RNA1_segment_RNA1,_complete_sequence","KU955471.1_Potato_mop-top_virus_isolate_C115_P79_segment_RNA-rep,_complete_sequence",0.6351375021895254,2083,5709,6169,5837,6042,0.9254336197114605,48,0.007780839682282379,5836,0.6301955991087834
"OP380962.1_Beet_soil-borne_virus_isolate_BSBV-US-RNA1_segment_RNA1,_complete_sequence","KU955472.1_Potato_mop-top_virus_isolate_C115_P80_segment_RNA-rep,_complete_sequence",0.6349623401646523,2084,5709,6169,5837,6042,0.9254336197114605,48,0.007780839682282379,5836,0.6300217999915443
"OP380962.1_Beet_soil-borne_virus_isolate_BSBV-US-RNA1_segment_RNA1,_complete_sequence","KU955473.1_Potato_mop-top_virus_isolate_PF43_segment_RNA-rep,_complete_sequence",0.6334264757247643,2099,5726,6152,5837,6042,0.9307542262678804,47,0.007639791937581275,5836,0.6285872292424718
"OP380962.1_Beet_soil-borne_virus_isolate_BSBV-US-RNA1_segment_RNA1,_complete_sequence","KM822695.1_Potato_mop-top_virus_isolate_Guangdong_segment_RNA1,_complete_sequence",0.6334264757247643,2099,5726,6152,5837,6042,0.9307542262678804,47,0.007639791937581275,5836,0.6285872292424718
"OP380962.1_Beet_soil-borne_virus_isolate_BSBV-US-RNA1_segment_RNA1,_complete_sequence","KM822696.1_Potato_mop-top_virus_isolate_Yunnan_segment_RNA1,_complete_sequence",0.6335958005249344,2094,5715,6163,5837,6042,0.9273081291578776,53,0.008599707934447509,5836,0.6281470616919275
"OP380962.1_Beet_soil-borne_virus_isolate_BSBV-US-RNA1_segment_RNA1,_complete_sequence","KM822697.1_Potato_mop-top_virus_isolate_Ch10_segment_RNA1,_complete_sequence",0.6332518337408313,2100,5726,6152,5837,6042,0.9307542262678804,47,0.007639791937581275,5836,0.6284139214869595
"OP380962.1_Beet_soil-borne_virus_isolate_BSBV-US-RNA1_segment_RNA1,_complete_sequence","NC_003723.1_Potato_mop-top_virus_RNA_1,_complete_sequence",0.6315697572900296,2110,5727,6152,5837,6043,0.9309167750325098,47,0.007639791937581275,5836,0.6267446957502651
"OP380962.1_Beet_soil-borne_virus_isolate_BSBV-US-RNA1_segment_RNA1,_complete_sequence","KT225274.1_Colombian_potato_soil-borne_virus_isolate_IS13_segment_RNA1_putative_replicase_(ORF2)_and_polymerase_(ORF1)_genes,_complete_cds",0.6114468538926413,2186,5626,6255,5837,6061,0.8994404476418865,55,0.008792965627498001,5828,0.6060704227233216
"OP380962.1_Beet_soil-borne_virus_isolate_BSBV-US-RNA1_segment_RNA1,_complete_sequence","NC_029034.2_Colombian_potato_soil-borne_virus_RNA_1,_complete_sequence",0.6153981367551415,2188,5689,6308,5837,6170,0.9018706404565631,59,0.009353202282815472,5835,0.609642193497603
"MN125066.1_Potato_mop-top_virus_isolate_PMTV_quitoense_M6_segment_RNA_1,_complete_sequence","KT225277.1_Soil-borne_virus_2_isolate_IS16_segment_RNA1_putative_replicase_(ORF2)_and_polymerase_(ORF1)_genes,_complete_cds",0.642550911039657,2001,5598,6106,5875,5961,0.9168031444480839,48,0.007861120209629872,5875,0.637499741087167
"MN125066.1_Potato_mop-top_virus_isolate_PMTV_quitoense_M6_segment_RNA_1,_complete_sequence","OK523979.1_Potato_mop-top_virus_isolate_AS99_segment_RNA1,_complete_sequence",0.9611914893617022,228,5875,5875,5875,5965,1.0,0,0.0,5875,0.9611914893617022
"MN125066.1_Potato_mop-top_virus_isolate_PMTV_quitoense_M6_segment_RNA_1,_complete_sequence","OK523982.1_Potato_mop-top_virus_isolate_AS144_segment_RNA1,_complete_sequence",0.961531914893617,226,5875,5875,5875,5965,1.0,0,0.0,5875,0.961531914893617
"MN125066.1_Potato_mop-top_virus_isolate_PMTV_quitoense_M6_segment_RNA_1,_complete_sequence","OK504616.1_Potato_mop-top_virus_isolate_AS22_segment_RNA_1,_partial_sequence",0.9613617021276596,227,5875,5875,5875,5967,1.0,0,0.0,5875,0.9613617021276596
"MN125066.1_Potato_mop-top_virus_isolate_PMTV_quitoense_M6_segment_RNA_1,_complete_sequence","MN417993.1_Potato_mop-top_virus_isolate_PMTV_physalis_M7_segment_RNA1,_complete_sequence",0.9763404255319149,139,5875,5875,5875,5978,1.0,0,0.0,5875,0.9763404255319149
"MN125066.1_Potato_mop-top_virus_isolate_PMTV_quitoense_M6_segment_RNA_1,_complete_sequence","OR477289.1_Beet_virus_Q_isolate_DSMZ_PV-0961_Replicase_read-through_protein_and_replicase_genes,_complete_cds",0.630916504165928,2082,5641,6072,5875,5991,0.9290184453227931,39,0.006422924901185771,5875,0.6268641748407516
"MN125066.1_Potato_mop-top_virus_isolate_PMTV_quitoense_M6_segment_RNA_1,_complete_sequence","OQ731908.1_Beet_virus_Q_isolate_DSMZ_PV-1078_segment_RNA1_Replicase_readthrough_protein_(Replicase-RT)_and_replicase_(Replicase)_genes,_complete_cds",0.6314483247651126,2079,5641,6072,5875,5996,0.9290184453227931,39,0.006422924901185771,5875,0.6273925795961667
"MN125066.1_Potato_mop-top_virus_isolate_PMTV_quitoense_M6_segment_RNA_1,_complete_sequence","NC_003510.1_Beet_virus_Q_RNA_1,_complete_sequence",0.630700976042591,2081,5635,6072,5875,6003,0.928030303030303,41,0.006752305665349144,5875,0.6264422902689174
"MN125066.1_Potato_mop-top_virus_isolate_PMTV_quitoense_M6_segment_RNA_1,_complete_sequence","MN125060.1_Potato_mop-top_virus_isolate_PMTV_quitoense_M1_segment_RNA_1,_complete_sequence",0.9719148936170213,165,5875,5875,5875,6005,1.0,0,0.0,5875,0.9719148936170213
"MN125066.1_Potato_mop-top_virus_isolate_PMTV_quitoense_M6_segment_RNA_1,_complete_sequence","KM822698.1_Potato_mop-top_virus_isolate_Ch20_segment_RNA1,_complete_sequence",0.9613617021276596,227,5875,5875,5875,6005,1.0,0,0.0,5875,0.9613617021276596
"MN125066.1_Potato_mop-top_virus_isolate_PMTV_quitoense_M6_segment_RNA_1,_complete_sequence","KM822709.1_Potato_mop-top_virus_isolate_Ch9_segment_RNA1,_complete_sequence",0.9611914893617022,228,5875,5875,5875,6005,1.0,0,0.0,5875,0.9611914893617022
"MN125066.1_Potato_mop-top_virus_isolate_PMTV_quitoense_M6_segment_RNA_1,_complete_sequence","MN417990.1_Potato_mop-top_virus_isolate_PMTV_physalis_M2_segment_RNA1,_complete_sequence",0.9761702127659575,140,5875,5875,5875,6010,1.0,0,0.0,5875,0.9761702127659575
"MN125066.1_Potato_mop-top_virus_isolate_PMTV_quitoense_M6_segment_RNA_1,_complete_sequence","ON398500.1_Potato_mop-top_virus_isolate_DSMZ_PV-0582_segment_RNA_1,_complete_sequence",0.9560851063829787,258,5875,5875,5875,6014,1.0,0,0.0,5875,0.9560851063829787
"MN125066.1_Potato_mop-top_virus_isolate_PMTV_quitoense_M6_segment_RNA_1,_complete_sequence","KR857349.1_Potato_mop-top_virus_isolate_CO1_segment_RNA1_rep_protein_2_and_rep_protein_1_genes,_complete_cds",0.9741276595744681,152,5875,5875,5875,6041,1.0,0,0.0,5875,0.9741276595744681
"MN125066.1_Potato_mop-top_virus_isolate_PMTV_quitoense_M6_segment_RNA_1,_complete_sequence","KR857352.1_Potato_mop-top_virus_isolate_CO2_segment_RNA1_rep_protein_2_and_rep_protein_1_genes,_complete_cds",0.9702127659574468,175,5875,5875,5875,6041,1.0,0,0.0,5875,0.9702127659574468
"MN125066.1_Potato_mop-top_virus_isolate_PMTV_quitoense_M6_segment_RNA_1,_complete_sequence","KR857355.1_Potato_mop-top_virus_isolate_CO3_segment_RNA1_rep_protein_2_and_rep_protein_1_genes,_complete_cds",0.9618723404255319,224,5875,5875,5875,6041,1.0,0,0.0,5875,0.9618723404255319
"MN125066.1_Potato_mop-top_virus_isolate_PMTV_quitoense_M6_segment_RNA_1,_complete_sequence","KR857358.1_Potato_mop-top_virus_isolate_CO4_segment_RNA1_rep_protein_2_and_rep_protein_1_genes,_complete_cds",0.9618723404255319,224,5875,5875,5875,6041,1.0,0,0.0,5875,0.9618723404255319
"MN125066.1_Potato_mop-top_virus_isolate_PMTV_quitoense_M6_segment_RNA_1,_complete_sequence","KR857361.1_Potato_mop-top_virus_isolate_CO5_segment_RNA1_rep_protein_2_and_rep_protein_1_genes,_complete_cds",0.9737872340425532,154,5875,5875,5875,6041,1.0,0,0.0,5875,0.9737872340425532
"MN125066.1_Potato_mop-top_virus_isolate_PMTV_quitoense_M6_segment_RNA_1,_complete_sequence","OP221272.1_Potato_mop-top_virus_isolate_Hebei_segment_RNA1,_complete_sequence",0.963063829787234,217,5875,5875,5875,6042,1.0,0,0.0,5875,0.963063829787234
"MN125066.1_Potato_mop-top_virus_isolate_PMTV_quitoense_M6_segment_RNA_1,_complete_sequence","KY275269.1_Potato_mop-top_virus_strain_Maryland_segment_RNA1,_complete_sequence",0.9617021276595745,225,5875,5875,5875,6042,1.0,0,0.0,5875,0.9617021276595745
"MN125066.1_Potato_mop-top_virus_isolate_PMTV_quitoense_M6_segment_RNA_1,_complete_sequence","KU955464.1_Potato_mop-top_virus_isolate_H11_P64_segment_RNA-rep,_complete_sequence",0.961531914893617,226,5875,5875,5875,6042,1.0,0,0.0,5875,0.961531914893617
"MN125066.1_Potato_mop-top_virus_isolate_PMTV_quitoense_M6_segment_RNA_1,_complete_sequence","KU955466.1_Potato_mop-top_virus_isolate_C29_P69_segment_RNA-rep,_complete_sequence",0.961531914893617,226,5875,5875,5875,6042,1.0,0,0.0,5875,0.961531914893617
"MN125066.1_Potato_mop-top_virus_isolate_PMTV_quitoense_M6_segment_RNA_1,_complete_sequence","KU955467.1_Potato_mop-top_virus_isolate_C29_P70_segment_RNA-rep,_complete_sequence",0.9617021276595745,225,5875,5875,5875,6042,1.0,0,0.0,5875,0.9617021276595745
"MN125066.1_Potato_mop-top_virus_isolate_PMTV_quitoense_M6_segment_RNA_1,_complete_sequence","KU955468.1_Potato_mop-top_virus_isolate_C29_P71_segment_RNA-rep,_complete_sequence",0.9618723404255319,224,5875,5875,5875,6042,1.0,0,0.0,5875,0.9618723404255319
"MN125066.1_Potato_mop-top_virus_isolate_PMTV_quitoense_M6_segment_RNA_1,_complete_sequence","KU955469.1_Potato_mop-top_virus_isolate_C61_P76_segment_RNA-rep,_complete_sequence",0.963063829787234,217,5875,5875,5875,6042,1.0,0,0.0,5875,0.963063829787234
"MN125066.1_Potato_mop-top_virus_isolate_PMTV_quitoense_M6_segment_RNA_1,_complete_sequence","KU955470.1_Potato_mop-top_virus_isolate_C61_P77_segment_RNA-rep,_complete_sequence",0.9632340425531914,216,5875,5875,5875,6042,1.0,0,0.0,5875,0.9632340425531914
"MN125066.1_Potato_mop-top_virus_isolate_PMTV_quitoense_M6_segment_RNA_1,_complete_sequence","KU955471.1_Potato_mop-top_virus_isolate_C115_P79_segment_RNA-rep,_complete_sequence",0.9637446808510638,213,5875,5875,5875,6042,1.0,0,0.0,5875,0.9637446808510638
"MN125066.1_Potato_mop-top_virus_isolate_PMTV_quitoense_M6_segment_RNA_1,_complete_sequence","KU955472.1_Potato_mop-top_virus_isolate_C115_P80_segment_RNA-rep,_complete_sequence",0.9637446808510638,213,5875,5875,5875,6042,1.0,0,0.0,5875,0.9637446808510638
"MN125066.1_Potato_mop-top_virus_isolate_PMTV_quitoense_M6_segment_RNA_1,_complete_sequence","KU955473.1_Potato_mop-top_virus_isolate_PF43_segment_RNA-rep,_complete_sequence",0.9622127659574468,222,5875,5875,5875,6042,1.0,0,0.0,5875,0.9622127659574468
"MN125066.1_Potato_mop-top_virus_isolate_PMTV_quitoense_M6_segment_RNA_1,_complete_sequence","KM822695.1_Potato_mop-top_virus_isolate_Guangdong_segment_RNA1,_complete_sequence",0.9611914893617022,228,5875,5875,5875,6042,1.0,0,0.0,5875,0.9611914893617022
"MN125066.1_Potato_mop-top_virus_isolate_PMTV_quitoense_M6_segment_RNA_1,_complete_sequence","KM822696.1_Potato_mop-top_virus_isolate_Yunnan_segment_RNA1,_complete_sequence",0.9617021276595745,225,5875,5875,5875,6042,1.0,0,0.0,5875,0.9617021276595745
"MN125066.1_Potato_mop-top_virus_isolate_PMTV_quitoense_M6_segment_RNA_1,_complete_sequence","KM822697.1_Potato_mop-top_virus_isolate_Ch10_segment_RNA1,_complete_sequence",0.9613617021276596,227,5875,5875,5875,6042,1.0,0,0.0,5875,0.9613617021276596
"MN125066.1_Potato_mop-top_virus_isolate_PMTV_quitoense_M6_segment_RNA_1,_complete_sequence","NC_003723.1_Potato_mop-top_virus_RNA_1,_complete_sequence",0.96,235,5875,5875,5875,6043,1.0,0,0.0,5875,0.96
"MN125066.1_Potato_mop-top_virus_isolate_PMTV_quitoense_M6_segment_RNA_1,_complete_sequence","KT225274.1_Colombian_potato_soil-borne_virus_isolate_IS13_segment_RNA1_putative_replicase_(ORF2)_and_polymerase_(ORF1)_genes,_complete_cds",0.7068549776093696,1702,5806,5980,5875,6061,0.9709030100334448,17,0.002842809364548495,5832,0.7048455236596439
"MN125066.1_Potato_mop-top_virus_isolate_PMTV_quitoense_M6_segment_RNA_1,_complete_sequence","NC_029034.2_Colombian_potato_soil-borne_virus_RNA_1,_complete_sequence",0.707984270815524,1708,5849,6023,5875,6170,0.9711107421550722,17,0.0028225136974929436,5875,0.7059859755135376
"KT225277.1_Soil-borne_virus_2_isolate_IS16_segment_RNA1_putative_replicase_(ORF2)_and_polymerase_(ORF1)_genes,_complete_cds","OK523979.1_Potato_mop-top_virus_isolate_AS99_segment_RNA1,_complete_sequence",0.6507404795486601,1981,5672,6221,5961,5965,0.9117505224240475,55,0.00884102234367465,5928,0.6449872684290369
"KT225277.1_Soil-borne_virus_2_isolate_IS16_segment_RNA1_putative_replicase_(ORF2)_and_polymerase_(ORF1)_genes,_complete_cds","OK523982.1_Potato_mop-top_virus_isolate_AS144_segment_RNA1,_complete_sequence",0.6488105726872246,1993,5675,6218,5961,5965,0.912672885172081,53,0.008523641042135734,5928,0.6432803442612962
"KT225277.1_Soil-borne_virus_2_isolate_IS16_segment_RNA1_putative_replicase_(ORF2)_and_polymerase_(ORF1)_genes,_complete_cds","OK504616.1_Potato_mop-top_virus_isolate_AS22_segment_RNA_1,_partial_sequence",0.6505111032781107,1983,5674,6223,5961,5967,0.9117788847822593,55,0.008838180941668005,5930,0.6447617684427747
"KT225277.1_Soil-borne_virus_2_isolate_IS16_segment_RNA1_putative_replicase_(ORF2)_and_polymerase_(ORF1)_genes,_complete_cds","MN417993.1_Potato_mop-top_virus_isolate_PMTV_physalis_M7_segment_RNA1,_complete_sequence",0.6445339873861247,2029,5708,6206,5961,5978,0.9197550757331615,52,0.00837898807605543,5941,0.6391334447912038
"KT225277.1_Soil-borne_virus_2_isolate_IS16_segment_RNA1_putative_replicase_(ORF2)_and_polymerase_(ORF1)_genes,_complete_cds","OR477289.1_Beet_virus_Q_isolate_DSMZ_PV-0961_Replicase_read-through_protein_and_replicase_genes,_complete_cds",0.6566077003121749,1980,5766,6175,5961,5991,0.9337651821862348,39,0.00631578947368421,5955,0.6524607043102033
"KT225277.1_Soil-borne_virus_2_isolate_IS16_segment_RNA1_putative_replicase_(ORF2)_and_polymerase_(ORF1)_genes,_complete_cds","OQ731908.1_Beet_virus_Q_isolate_DSMZ_PV-1078_segment_RNA1_Replicase_readthrough_protein_(Replicase-RT)_and_replicase_(Replicase)_genes,_complete_cds",0.6532619951674146,2009,5794,6147,5961,5996,0.9425736131446234,38,0.006181877338539124,5955,0.6492236096433602
"KT225277.1_Soil-borne_virus_2_isolate_IS16_segment_RNA1_putative_replicase_(ORF2)_and_polymerase_(ORF1)_genes,_complete_cds","NC_003510.1_Beet_virus_Q_RNA_1,_complete_sequence",0.6555555555555556,1984,5760,6175,5961,6003,0.9327935222672065,41,0.0066396761133603235,5955,0.6512028789923526
"KT225277.1_Soil-borne_virus_2_isolate_IS16_segment_RNA1_putative_replicase_(ORF2)_and_polymerase_(ORF1)_genes,_complete_cds","MN125060.1_Potato_mop-top_virus_isolate_PMTV_quitoense_M1_segment_RNA_1,_complete_sequence",0.6413156978767838,2061,5746,6206,5961,6005,0.925878182404125,52,0.00837898807605543,5958,0.635942121291287
"KT225277.1_Soil-borne_virus_2_isolate_IS16_segment_RNA1_putative_replicase_(ORF2)_and_polymerase_(ORF1)_genes,_complete_cds","KM822698.1_Potato_mop-top_virus_isolate_Ch20_segment_RNA1,_complete_sequence",0.6533780208149585,1965,5669,6260,5961,6005,0.905591054313099,57,0.009105431309904153,5946,0.6474287321270268
"KT225277.1_Soil-borne_virus_2_isolate_IS16_segment_RNA1_putative_replicase_(ORF2)_and_polymerase_(ORF1)_genes,_complete_cds","KM822709.1_Potato_mop-top_virus_isolate_Ch9_segment_RNA1,_complete_sequence",0.6540836126300935,1961,5669,6260,5961,6005,0.905591054313099,57,0.009105431309904153,5946,0.6481278992243562
"KT225277.1_Soil-borne_virus_2_isolate_IS16_segment_RNA1_putative_replicase_(ORF2)_and_polymerase_(ORF1)_genes,_complete_cds","MN417990.1_Potato_mop-top_virus_isolate_PMTV_physalis_M2_segment_RNA1,_complete_sequence",0.6439288206559666,2041,5732,6226,5961,6010,0.9206553164150337,53,0.00851268872470286,5961,0.6384472550448573
"KT225277.1_Soil-borne_virus_2_isolate_IS16_segment_RNA1_putative_replicase_(ORF2)_and_polymerase_(ORF1)_genes,_complete_cds","ON398500.1_Potato_mop-top_virus_isolate_DSMZ_PV-0582_segment_RNA_1,_complete_sequence",0.6416083916083917,2050,5720,6246,5961,6014,0.9157861031059878,49,0.007845020813320525,5952,0.6365749604222227
"KT225277.1_Soil-borne_virus_2_isolate_IS16_segment_RNA1_putative_replicase_(ORF2)_and_polymerase_(ORF1)_genes,_complete_cds","KR857349.1_Potato_mop-top_virus_isolate_CO1_segment_RNA1_rep_protein_2_and_rep_protein_1_genes,_complete_cds",0.6451781970649895,2031,5724,6254,5961,6041,0.9152542372881356,52,0.008314678605692356,5958,0.639813747712994
"KT225277.1_Soil-borne_virus_2_isolate_IS16_segment_RNA1_putative_replicase_(ORF2)_and_polymerase_(ORF1)_genes,_complete_cds","KR857352.1_Potato_mop-top_virus_isolate_CO2_segment_RNA1_rep_protein_2_and_rep_protein_1_genes,_complete_cds",0.6440648422520481,2042,5737,6241,5961,6041,0.919243710943759,51,0.008171767344976766,5958,0.6388016942060851
"KT225277.1_Soil-borne_virus_2_isolate_IS16_segment_RNA1_putative_replicase_(ORF2)_and_polymerase_(ORF1)_genes,_complete_cds","KR857355.1_Potato_mop-top_virus_isolate_CO3_segment_RNA1_rep_protein_2_and_rep_protein_1_genes,_complete_cds",0.6536499560246263,1969,5685,6293,5961,6041,0.9033847131733672,58,0.009216589861751152,5958,0.6476255324667957
"KT225277.1_Soil-borne_virus_2_isolate_IS16_segment_RNA1_putative_replicase_(ORF2)_and_polymerase_(ORF1)_genes,_complete_cds","KR857358.1_Potato_mop-top_virus_isolate_CO4_segment_RNA1_rep_protein_2_and_rep_protein_1_genes,_complete_cds",0.6540017590149516,1967,5685,6293,5961,6041,0.9033847131733672,58,0.009216589861751152,5958,0.647974093033247
"KT225277.1_Soil-borne_virus_2_isolate_IS16_segment_RNA1_putative_replicase_(ORF2)_and_polymerase_(ORF1)_genes,_complete_cds","KR857361.1_Potato_mop-top_virus_isolate_CO5_segment_RNA1_rep_protein_2_and_rep_protein_1_genes,_complete_cds",0.6451951689130054,2027,5713,6265,5961,6041,0.9118914604948124,53,0.008459696727853152,5958,0.6397370134537254
"KT225277.1_Soil-borne_virus_2_isolate_IS16_segment_RNA1_putative_replicase_(ORF2)_and_polymerase_(ORF1)_genes,_complete_cds","OP221272.1_Potato_mop-top_virus_isolate_Hebei_segment_RNA1,_complete_sequence",0.6472027972027972,2018,5720,6258,5961,6042,0.9140300415468201,54,0.00862895493767977,5958,0.6416181134301939
"KT225277.1_Soil-borne_virus_2_isolate_IS16_segment_RNA1_putative_replicase_(ORF2)_and_polymerase_(ORF1)_genes,_complete_cds","KY275269.1_Potato_mop-top_virus_strain_Maryland_segment_RNA1,_complete_sequence",0.6489753021544928,2004,5709,6269,5961,6042,0.9106715584622747,53,0.008454298931249002,5958,0.6434886709510811
"KT225277.1_Soil-borne_virus_2_isolate_IS16_segment_RNA1_putative_replicase_(ORF2)_and_polymerase_(ORF1)_genes,_complete_cds","KU955464.1_Potato_mop-top_virus_isolate_H11_P64_segment_RNA-rep,_complete_sequence",0.6499912541542767,2001,5717,6261,5961,6042,0.9131129212585849,55,0.00878453921098866,5958,0.6442813804953588
"KT225277.1_Soil-borne_virus_2_isolate_IS16_segment_RNA1_putative_replicase_(ORF2)_and_polymerase_(ORF1)_genes,_complete_cds","KU955466.1_Potato_mop-top_virus_isolate_C29_P69_segment_RNA-rep,_complete_sequence",0.650726922403223,1994,5709,6269,5961,6042,0.9106715584622747,54,0.008613814005423513,5958,0.64512168172532
"KT225277.1_Soil-borne_virus_2_isolate_IS16_segment_RNA1_putative_replicase_(ORF2)_and_polymerase_(ORF1)_genes,_complete_cds","KU955467.1_Potato_mop-top_virus_isolate_C29_P70_segment_RNA-rep,_complete_sequence",0.6466073608930751,2026,5733,6245,5961,6042,0.9180144115292234,49,0.007846277021617293,5958,0.6415339004152911
"KT225277.1_Soil-borne_virus_2_isolate_IS16_segment_RNA1_putative_replicase_(ORF2)_and_polymerase_(ORF1)_genes,_complete_cds","KU955468.1_Potato_mop-top_virus_isolate_C29_P71_segment_RNA-rep,_complete_sequence",0.651077246452969,1992,5709,6269,5961,6042,0.9106715584622747,54,0.008613814005423513,5958,0.6454689881488599
"KT225277.1_Soil-borne_virus_2_isolate_IS16_segment_RNA1_putative_replicase_(ORF2)_and_polymerase_(ORF1)_genes,_complete_cds","KU955469.1_Potato_mop-top_virus_isolate_C61_P76_segment_RNA-rep,_complete_sequence",0.6509714685804306,1994,5713,6265,5961,6042,0.9118914604948124,56,0.008938547486033519,5958,0.6451527291964715
"KT225277.1_Soil-borne_virus_2_isolate_IS16_segment_RNA1_putative_replicase_(ORF2)_and_polymerase_(ORF1)_genes,_complete_cds","KU955470.1_Potato_mop-top_virus_isolate_C61_P77_segment_RNA-rep,_complete_sequence",0.6509714685804306,1994,5713,6265,5961,6042,0.9118914604948124,56,0.008938547486033519,5958,0.6451527291964715
"KT225277.1_Soil-borne_virus_2_isolate_IS16_segment_RNA1_putative_replicase_(ORF2)_and_polymerase_(ORF1)_genes,_complete_cds","KU955471.1_Potato_mop-top_virus_isolate_C115_P79_segment_RNA-rep,_complete_sequence",0.6512892475004386,1988,5701,6277,5961,6042,0.9082364186713399,57,0.009080771068981999,5958,0.6453750389441976
"KT225277.1_Soil-borne_virus_2_isolate_IS16_segment_RNA1_putative_replicase_(ORF2)_and_polymerase_(ORF1)_genes,_complete_cds","KU955472.1_Potato_mop-top_virus_isolate_C115_P80_segment_RNA-rep,_complete_sequence",0.6514646553236274,1987,5701,6277,5961,6042,0.9082364186713399,57,0.009080771068981999,5958,0.6455488539291003
"KT225277.1_Soil-borne_virus_2_isolate_IS16_segment_RNA1_putative_replicase_(ORF2)_and_polymerase_(ORF1)_genes,_complete_cds","KU955473.1_Potato_mop-top_virus_isolate_PF43_segment_RNA-rep,_complete_sequence",0.6536499560246263,1969,5685,6293,5961,6042,0.9033847131733672,58,0.009216589861751152,5958,0.6476255324667957
"KT225277.1_Soil-borne_virus_2_isolate_IS16_segment_RNA1_putative_replicase_(ORF2)_and_polymerase_(ORF1)_genes,_complete_cds","KM822695.1_Potato_mop-top_virus_isolate_Guangdong_segment_RNA1,_complete_sequence",0.6536499560246263,1969,5685,6293,5961,6042,0.9033847131733672,58,0.009216589861751152,5958,0.6476255324667957
"KT225277.1_Soil-borne_virus_2_isolate_IS16_segment_RNA1_putative_replicase_(ORF2)_and_polymerase_(ORF1)_genes,_complete_cds","KM822696.1_Potato_mop-top_virus_isolate_Yunnan_segment_RNA1,_complete_sequence",0.64697658161482,2020,5722,6256,5961,6042,0.9146419437340153,53,0.008471867007672634,5958,0.6414954820583005
"KT225277.1_Soil-borne_virus_2_isolate_IS16_segment_RNA1_putative_replicase_(ORF2)_and_polymerase_(ORF1)_genes,_complete_cds","KM822697.1_Potato_mop-top_virus_isolate_Ch10_segment_RNA1,_complete_sequence",0.6520063080427545,1986,5707,6271,5961,6042,0.9100621910381119,58,0.009248923616648062,5958,0.6459759515020943
"KT225277.1_Soil-borne_virus_2_isolate_IS16_segment_RNA1_putative_replicase_(ORF2)_and_polymerase_(ORF1)_genes,_complete_cds","NC_003723.1_Potato_mop-top_virus_RNA_1,_complete_sequence",0.6524186455584873,1976,5685,6294,5961,6043,0.9032411820781697,59,0.009374006990784875,5958,0.6463028686141037
"KT225277.1_Soil-borne_virus_2_isolate_IS16_segment_RNA1_putative_replicase_(ORF2)_and_polymerase_(ORF1)_genes,_complete_cds","KT225274.1_Colombian_potato_soil-borne_virus_isolate_IS13_segment_RNA1_putative_replicase_(ORF2)_and_polymerase_(ORF1)_genes,_complete_cds",0.6217744786143513,2140,5658,6334,5961,6061,0.8932743921692453,48,0.007578149668455952,5936,0.6170625785553856
"KT225277.1_Soil-borne_virus_2_isolate_IS16_segment_RNA1_putative_replicase_(ORF2)_and_polymerase_(ORF1)_genes,_complete_cds","NC_029034.2_Colombian_potato_soil-borne_virus_RNA_1,_complete_sequence",0.6276297335203367,2124,5704,6401,5961,6170,0.8911107639431339,54,0.00843618184658647,5961,0.6223349349560345
"OK523979.1_Potato_mop-top_virus_isolate_AS99_segment_RNA1,_complete_sequence","OK523982.1_Potato_mop-top_virus_isolate_AS144_segment_RNA1,_complete_sequence",0.9981559094719196,11,5965,5965,5965,5965,1.0,0,0.0,5965,0.9981559094719196
"OK523979.1_Potato_mop-top_virus_isolate_AS99_segment_RNA1,_complete_sequence","OK504616.1_Potato_mop-top_virus_isolate_AS22_segment_RNA_1,_partial_sequence",0.9979882648784577,12,5965,5965,5965,5967,1.0,0,0.0,5965,0.9979882648784577
"OK523979.1_Potato_mop-top_virus_isolate_AS99_segment_RNA1,_complete_sequence","MN417993.1_Potato_mop-top_virus_isolate_PMTV_physalis_M7_segment_RNA1,_complete_sequence",0.9724508651100285,164,5953,5954,5965,5978,0.9998320456835741,1,0.00016795431642593214,5953,0.9722875377897212
"OK523979.1_Potato_mop-top_virus_isolate_AS99_segment_RNA1,_complete_sequence","OR477289.1_Beet_virus_Q_isolate_DSMZ_PV-0961_Replicase_read-through_protein_and_replicase_genes,_complete_cds",0.639384400139909,2062,5718,6201,5965,5991,0.9221093372036768,47,0.0075794226737622965,5965,0.6345382355202387
"OK523979.1_Potato_mop-top_virus_isolate_AS99_segment_RNA1,_complete_sequence","OQ731908.1_Beet_virus_Q_isolate_DSMZ_PV-1078_segment_RNA1_Replicase_readthrough_protein_(Replicase-RT)_and_replicase_(Replicase)_genes,_complete_cds",0.639734172787688,2060,5718,6201,5965,5996,0.9221093372036768,47,0.0075794226737622965,5965,0.6348853570932804
"OK523979.1_Potato_mop-top_virus_isolate_AS99_segment_RNA1,_complete_sequence","NC_003510.1_Beet_virus_Q_RNA_1,_complete_sequence",0.6391806722689075,2061,5712,6201,5965,6003,0.9211417513304305,49,0.007901951298177712,5965,0.6341298977259021
"OK523979.1_Potato_mop-top_virus_isolate_AS99_segment_RNA1,_complete_sequence","MN125060.1_Potato_mop-top_virus_isolate_PMTV_quitoense_M1_segment_RNA_1,_complete_sequence",0.9688181056160938,186,5965,5966,5965,6005,0.999832383506537,1,0.00016761649346295676,5965,0.968655715722427
"OK523979.1_Potato_mop-top_virus_isolate_AS99_segment_RNA1,_complete_sequence","KM822698.1_Potato_mop-top_virus_isolate_Ch20_segment_RNA1,_complete_sequence",0.9891012743125419,65,5964,5964,5965,6005,1.0,0,0.0,5964,0.9891012743125419
"OK523979.1_Potato_mop-top_virus_isolate_AS99_segment_RNA1,_complete_sequence","KM822709.1_Potato_mop-top_virus_isolate_Ch9_segment_RNA1,_complete_sequence",0.988430583501006,69,5964,5964,5965,6005,1.0,0,0.0,5964,0.988430583501006
"OK523979.1_Potato_mop-top_virus_isolate_AS99_segment_RNA1,_complete_sequence","MN417990.1_Potato_mop-top_virus_isolate_PMTV_physalis_M2_segment_RNA1,_complete_sequence",0.972338642078793,165,5965,5966,5965,6010,0.999832383506537,1,0.00016761649346295676,5965,0.9721756620851492
"OK523979.1_Potato_mop-top_virus_isolate_AS99_segment_RNA1,_complete_sequence","ON398500.1_Potato_mop-top_virus_isolate_DSMZ_PV-0582_segment_RNA_1,_complete_sequence",0.9766974015088014,139,5965,5965,5965,6014,1.0,0,0.0,5965,0.9766974015088014
"OK523979.1_Potato_mop-top_virus_isolate_AS99_segment_RNA1,_complete_sequence","KR857349.1_Potato_mop-top_virus_isolate_CO1_segment_RNA1_rep_protein_2_and_rep_protein_1_genes,_complete_cds",0.9693210393964795,183,5965,5965,5965,6041,1.0,0,0.0,5965,0.9693210393964795
"OK523979.1_Potato_mop-top_virus_isolate_AS99_segment_RNA1,_complete_sequence","KR857352.1_Potato_mop-top_virus_isolate_CO2_segment_RNA1_rep_protein_2_and_rep_protein_1_genes,_complete_cds",0.9711651299245599,172,5965,5965,5965,6041,1.0,0,0.0,5965,0.9711651299245599
"OK523979.1_Potato_mop-top_virus_isolate_AS99_segment_RNA1,_complete_sequence","KR857355.1_Potato_mop-top_virus_isolate_CO3_segment_RNA1_rep_protein_2_and_rep_protein_1_genes,_complete_cds",0.9894383906119028,63,5965,5965,5965,6041,1.0,0,0.0,5965,0.9894383906119028
"OK523979.1_Potato_mop-top_virus_isolate_AS99_segment_RNA1,_complete_sequence","KR857358.1_Potato_mop-top_virus_isolate_CO4_segment_RNA1_rep_protein_2_and_rep_protein_1_genes,_complete_cds",0.9894383906119028,63,5965,5965,5965,6041,1.0,0,0.0,5965,0.9894383906119028
"OK523979.1_Potato_mop-top_virus_isolate_AS99_segment_RNA1,_complete_sequence","KR857361.1_Potato_mop-top_virus_isolate_CO5_segment_RNA1_rep_protein_2_and_rep_protein_1_genes,_complete_cds",0.9699916177703269,179,5965,5965,5965,6041,1.0,0,0.0,5965,0.9699916177703269
"OK523979.1_Potato_mop-top_virus_isolate_AS99_segment_RNA1,_complete_sequence","OP221272.1_Potato_mop-top_virus_isolate_Hebei_segment_RNA1,_complete_sequence",0.9850796311818943,89,5965,5965,5965,6042,1.0,0,0.0,5965,0.9850796311818943
"OK523979.1_Potato_mop-top_virus_isolate_AS99_segment_RNA1,_complete_sequence","KY275269.1_Potato_mop-top_virus_strain_Maryland_segment_RNA1,_complete_sequence",0.9892707460184409,64,5965,5965,5965,6042,1.0,0,0.0,5965,0.9892707460184409
"OK523979.1_Potato_mop-top_virus_isolate_AS99_segment_RNA1,_complete_sequence","KU955464.1_Potato_mop-top_virus_isolate_H11_P64_segment_RNA-rep,_complete_sequence",0.9904442581726739,57,5965,5965,5965,6042,1.0,0,0.0,5965,0.9904442581726739
"OK523979.1_Potato_mop-top_virus_isolate_AS99_segment_RNA1,_complete_sequence","KU955466.1_Potato_mop-top_virus_isolate_C29_P69_segment_RNA-rep,_complete_sequence",0.9906119027661358,56,5965,5965,5965,6042,1.0,0,0.0,5965,0.9906119027661358
"OK523979.1_Potato_mop-top_virus_isolate_AS99_segment_RNA1,_complete_sequence","KU955467.1_Potato_mop-top_virus_isolate_C29_P70_segment_RNA-rep,_complete_sequence",0.9907795473595976,55,5965,5965,5965,6042,1.0,0,0.0,5965,0.9907795473595976
"OK523979.1_Potato_mop-top_virus_isolate_AS99_segment_RNA1,_complete_sequence","KU955468.1_Potato_mop-top_virus_isolate_C29_P71_segment_RNA-rep,_complete_sequence",0.9909471919530595,54,5965,5965,5965,6042,1.0,0,0.0,5965,0.9909471919530595
"OK523979.1_Potato_mop-top_virus_isolate_AS99_segment_RNA1,_complete_sequence","KU955469.1_Potato_mop-top_virus_isolate_C61_P76_segment_RNA-rep,_complete_sequence",0.9948030176026823,31,5965,5965,5965,6042,1.0,0,0.0,5965,0.9948030176026823
"OK523979.1_Potato_mop-top_virus_isolate_AS99_segment_RNA1,_complete_sequence","KU955470.1_Potato_mop-top_virus_isolate_C61_P77_segment_RNA-rep,_complete_sequence",0.9949706621961442,30,5965,5965,5965,6042,1.0,0,0.0,5965,0.9949706621961442
"OK523979.1_Potato_mop-top_virus_isolate_AS99_segment_RNA1,_complete_sequence","KU955471.1_Potato_mop-top_virus_isolate_C115_P79_segment_RNA-rep,_complete_sequence",0.9922883487007544,46,5965,5965,5965,6042,1.0,0,0.0,5965,0.9922883487007544
"OK523979.1_Potato_mop-top_virus_isolate_AS99_segment_RNA1,_complete_sequence","KU955472.1_Potato_mop-top_virus_isolate_C115_P80_segment_RNA-rep,_complete_sequence",0.9919530595138307,48,5965,5965,5965,6042,1.0,0,0.0,5965,0.9919530595138307
"OK523979.1_Potato_mop-top_virus_isolate_AS99_segment_RNA1,_complete_sequence","KU955473.1_Potato_mop-top_virus_isolate_PF43_segment_RNA-rep,_complete_sequence",0.9897736797988265,61,5965,5965,5965,6042,1.0,0,0.0,5965,0.9897736797988265
"OK523979.1_Potato_mop-top_virus_isolate_AS99_segment_RNA1,_complete_sequence","KM822695.1_Potato_mop-top_virus_isolate_Guangdong_segment_RNA1,_complete_sequence",0.9884325230511316,69,5965,5965,5965,6042,1.0,0,0.0,5965,0.9884325230511316
"OK523979.1_Potato_mop-top_virus_isolate_AS99_segment_RNA1,_complete_sequence","KM822696.1_Potato_mop-top_virus_isolate_Yunnan_segment_RNA1,_complete_sequence",0.9835708298407376,98,5965,5965,5965,6042,1.0,0,0.0,5965,0.9835708298407376
"OK523979.1_Potato_mop-top_virus_isolate_AS99_segment_RNA1,_complete_sequence","KM822697.1_Potato_mop-top_virus_isolate_Ch10_segment_RNA1,_complete_sequence",0.9887678122380553,67,5965,5965,5965,6042,1.0,0,0.0,5965,0.9887678122380553
"OK523979.1_Potato_mop-top_virus_isolate_AS99_segment_RNA1,_complete_sequence","NC_003723.1_Potato_mop-top_virus_RNA_1,_complete_sequence",0.986756077116513,79,5965,5966,5965,6043,0.999832383506537,1,0.00016761649346295676,5965,0.9865906805229635
"OK523979.1_Potato_mop-top_virus_isolate_AS99_segment_RNA1,_complete_sequence","KT225274.1_Colombian_potato_soil-borne_virus_isolate_IS13_segment_RNA1_putative_replicase_(ORF2)_and_polymerase_(ORF1)_genes,_complete_cds",0.711024024535696,1696,5869,6044,5965,6061,0.9710456651224355,19,0.00314361350099272,5895,0.7087888398126354
"OK523979.1_Potato_mop-top_virus_isolate_AS99_segment_RNA1,_complete_sequence","NC_029034.2_Colombian_potato_soil-borne_virus_RNA_1,_complete_sequence",0.7123610643314247,1708,5938,6114,5965,6170,0.9712136081125287,20,0.0032711808963035655,5965,0.7100308024265133
"OK523982.1_Potato_mop-top_virus_isolate_AS144_segment_RNA1,_complete_sequence","OK504616.1_Potato_mop-top_virus_isolate_AS22_segment_RNA_1,_partial_sequence",0.9984911986588433,9,5965,5965,5965,5967,1.0,0,0.0,5965,0.9984911986588433
"OK523982.1_Potato_mop-top_virus_isolate_AS144_segment_RNA1,_complete_sequence","MN417993.1_Potato_mop-top_virus_isolate_PMTV_physalis_M7_segment_RNA1,_complete_sequence",0.9729548126994793,161,5953,5954,5965,5978,0.9998320456835741,1,0.00016795431642593214,5953,0.9727914007389991
"OK523982.1_Potato_mop-top_virus_isolate_AS144_segment_RNA1,_complete_sequence","OR477289.1_Beet_virus_Q_isolate_DSMZ_PV-0961_Replicase_read-through_protein_and_replicase_genes,_complete_cds",0.639734172787688,2060,5718,6201,5965,5991,0.9221093372036768,47,0.0075794226737622965,5965,0.6348853570932804
"OK523982.1_Potato_mop-top_virus_isolate_AS144_segment_RNA1,_complete_sequence","OQ731908.1_Beet_virus_Q_isolate_DSMZ_PV-1078_segment_RNA1_Replicase_readthrough_protein_(Replicase-RT)_and_replicase_(Replicase)_genes,_complete_cds",0.640083945435467,2058,5718,6201,5965,5996,0.9221093372036768,47,0.0075794226737622965,5965,0.6352324786663222
"OK523982.1_Potato_mop-top_virus_isolate_AS144_segment_RNA1,_complete_sequence","NC_003510.1_Beet_virus_Q_RNA_1,_complete_sequence",0.6395308123249299,2059,5712,6201,5965,6003,0.9211417513304305,49,0.007901951298177712,5965,0.6344772709922543
"OK523982.1_Potato_mop-top_virus_isolate_AS144_segment_RNA1,_complete_sequence","MN125060.1_Potato_mop-top_virus_isolate_PMTV_quitoense_M1_segment_RNA_1,_complete_sequence",0.9693210393964795,183,5965,5966,5965,6005,0.999832383506537,1,0.00016761649346295676,5965,0.969158565202816
"OK523982.1_Potato_mop-top_virus_isolate_AS144_segment_RNA1,_complete_sequence","KM822698.1_Potato_mop-top_virus_isolate_Ch20_segment_RNA1,_complete_sequence",0.9892689470154259,64,5964,5964,5965,6005,1.0,0,0.0,5964,0.9892689470154259
"OK523982.1_Potato_mop-top_virus_isolate_AS144_segment_RNA1,_complete_sequence","KM822709.1_Potato_mop-top_virus_isolate_Ch9_segment_RNA1,_complete_sequence",0.9889336016096579,66,5964,5964,5965,6005,1.0,0,0.0,5964,0.9889336016096579
"OK523982.1_Potato_mop-top_virus_isolate_AS144_segment_RNA1,_complete_sequence","MN417990.1_Potato_mop-top_virus_isolate_PMTV_physalis_M2_segment_RNA1,_complete_sequence",0.9728415758591785,162,5965,5966,5965,6010,0.999832383506537,1,0.00016761649346295676,5965,0.972678511565538
"OK523982.1_Potato_mop-top_virus_isolate_AS144_segment_RNA1,_complete_sequence","ON398500.1_Potato_mop-top_virus_isolate_DSMZ_PV-0582_segment_RNA_1,_complete_sequence",0.9772003352891869,136,5965,5965,5965,6014,1.0,0,0.0,5965,0.9772003352891869
"OK523982.1_Potato_mop-top_virus_isolate_AS144_segment_RNA1,_complete_sequence","KR857349.1_Potato_mop-top_virus_isolate_CO1_segment_RNA1_rep_protein_2_and_rep_protein_1_genes,_complete_cds",0.9699916177703269,179,5965,5965,5965,6041,1.0,0,0.0,5965,0.9699916177703269
"OK523982.1_Potato_mop-top_virus_isolate_AS144_segment_RNA1,_complete_sequence","KR857352.1_Potato_mop-top_virus_isolate_CO2_segment_RNA1_rep_protein_2_and_rep_protein_1_genes,_complete_cds",0.9716680637049455,169,5965,5965,5965,6041,1.0,0,0.0,5965,0.9716680637049455
"OK523982.1_Potato_mop-top_virus_isolate_AS144_segment_RNA1,_complete_sequence","KR857355.1_Potato_mop-top_virus_isolate_CO3_segment_RNA1_rep_protein_2_and_rep_protein_1_genes,_complete_cds",0.9899413243922883,60,5965,5965,5965,6041,1.0,0,0.0,5965,0.9899413243922883
"OK523982.1_Potato_mop-top_virus_isolate_AS144_segment_RNA1,_complete_sequence","KR857358.1_Potato_mop-top_virus_isolate_CO4_segment_RNA1_rep_protein_2_and_rep_protein_1_genes,_complete_cds",0.9899413243922883,60,5965,5965,5965,6041,1.0,0,0.0,5965,0.9899413243922883
"OK523982.1_Potato_mop-top_virus_isolate_AS144_segment_RNA1,_complete_sequence","KR857361.1_Potato_mop-top_virus_isolate_CO5_segment_RNA1_rep_protein_2_and_rep_protein_1_genes,_complete_cds",0.9704945515507125,176,5965,5965,5965,6041,1.0,0,0.0,5965,0.9704945515507125
"OK523982.1_Potato_mop-top_virus_isolate_AS144_segment_RNA1,_complete_sequence","OP221272.1_Potato_mop-top_virus_isolate_Hebei_segment_RNA1,_complete_sequence",0.9855825649622799,86,5965,5965,5965,6042,1.0,0,0.0,5965,0.9855825649622799
"OK523982.1_Potato_mop-top_virus_isolate_AS144_segment_RNA1,_complete_sequence","KY275269.1_Potato_mop-top_virus_strain_Maryland_segment_RNA1,_complete_sequence",0.9897736797988265,61,5965,5965,5965,6042,1.0,0,0.0,5965,0.9897736797988265
"OK523982.1_Potato_mop-top_virus_isolate_AS144_segment_RNA1,_complete_sequence","KU955464.1_Potato_mop-top_virus_isolate_H11_P64_segment_RNA-rep,_complete_sequence",0.9909471919530595,54,5965,5965,5965,6042,1.0,0,0.0,5965,0.9909471919530595
"OK523982.1_Potato_mop-top_virus_isolate_AS144_segment_RNA1,_complete_sequence","KU955466.1_Potato_mop-top_virus_isolate_C29_P69_segment_RNA-rep,_complete_sequence",0.9912824811399832,52,5965,5965,5965,6042,1.0,0,0.0,5965,0.9912824811399832
"OK523982.1_Potato_mop-top_virus_isolate_AS144_segment_RNA1,_complete_sequence","KU955467.1_Potato_mop-top_virus_isolate_C29_P70_segment_RNA-rep,_complete_sequence",0.991450125733445,51,5965,5965,5965,6042,1.0,0,0.0,5965,0.991450125733445
"OK523982.1_Potato_mop-top_virus_isolate_AS144_segment_RNA1,_complete_sequence","KU955468.1_Potato_mop-top_virus_isolate_C29_P71_segment_RNA-rep,_complete_sequence",0.991617770326907,50,5965,5965,5965,6042,1.0,0,0.0,5965,0.991617770326907
"OK523982.1_Potato_mop-top_virus_isolate_AS144_segment_RNA1,_complete_sequence","KU955469.1_Potato_mop-top_virus_isolate_C61_P76_segment_RNA-rep,_complete_sequence",0.9953059513830679,28,5965,5965,5965,6042,1.0,0,0.0,5965,0.9953059513830679
"OK523982.1_Potato_mop-top_virus_isolate_AS144_segment_RNA1,_complete_sequence","KU955470.1_Potato_mop-top_virus_isolate_C61_P77_segment_RNA-rep,_complete_sequence",0.9954735959765297,27,5965,5965,5965,6042,1.0,0,0.0,5965,0.9954735959765297
"OK523982.1_Potato_mop-top_virus_isolate_AS144_segment_RNA1,_complete_sequence","KU955471.1_Potato_mop-top_virus_isolate_C115_P79_segment_RNA-rep,_complete_sequence",0.99279128248114,43,5965,5965,5965,6042,1.0,0,0.0,5965,0.99279128248114
"OK523982.1_Potato_mop-top_virus_isolate_AS144_segment_RNA1,_complete_sequence","KU955472.1_Potato_mop-top_virus_isolate_C115_P80_segment_RNA-rep,_complete_sequence",0.9924559932942163,45,5965,5965,5965,6042,1.0,0,0.0,5965,0.9924559932942163
"OK523982.1_Potato_mop-top_virus_isolate_AS144_segment_RNA1,_complete_sequence","KU955473.1_Potato_mop-top_virus_isolate_PF43_segment_RNA-rep,_complete_sequence",0.990276613579212,58,5965,5965,5965,6042,1.0,0,0.0,5965,0.990276613579212
"OK523982.1_Potato_mop-top_virus_isolate_AS144_segment_RNA1,_complete_sequence","KM822695.1_Potato_mop-top_virus_isolate_Guangdong_segment_RNA1,_complete_sequence",0.9889354568315172,66,5965,5965,5965,6042,1.0,0,0.0,5965,0.9889354568315172
"OK523982.1_Potato_mop-top_virus_isolate_AS144_segment_RNA1,_complete_sequence","KM822696.1_Potato_mop-top_virus_isolate_Yunnan_segment_RNA1,_complete_sequence",0.9840737636211232,95,5965,5965,5965,6042,1.0,0,0.0,5965,0.9840737636211232
"OK523982.1_Potato_mop-top_virus_isolate_AS144_segment_RNA1,_complete_sequence","KM822697.1_Potato_mop-top_virus_isolate_Ch10_segment_RNA1,_complete_sequence",0.9892707460184409,64,5965,5965,5965,6042,1.0,0,0.0,5965,0.9892707460184409
"OK523982.1_Potato_mop-top_virus_isolate_AS144_segment_RNA1,_complete_sequence","NC_003723.1_Potato_mop-top_virus_RNA_1,_complete_sequence",0.9872590108968986,76,5965,5966,5965,6043,0.999832383506537,1,0.00016761649346295676,5965,0.9870935300033523
"OK523982.1_Potato_mop-top_virus_isolate_AS144_segment_RNA1,_complete_sequence","KT225274.1_Colombian_potato_soil-borne_virus_isolate_IS13_segment_RNA1_putative_replicase_(ORF2)_and_polymerase_(ORF1)_genes,_complete_cds",0.710512864201738,1699,5869,6044,5965,6061,0.9710456651224355,18,0.0029781601588352085,5895,0.7083968430972325
"OK523982.1_Potato_mop-top_virus_isolate_AS144_segment_RNA1,_complete_sequence","NC_029034.2_Colombian_potato_soil-borne_virus_RNA_1,_complete_sequence",0.7118558437184237,1711,5938,6114,5965,6170,0.9712136081125287,19,0.0031076218514883873,5965,0.7096436649433746
"OK504616.1_Potato_mop-top_virus_isolate_AS22_segment_RNA_1,_partial_sequence","MN417993.1_Potato_mop-top_virus_isolate_PMTV_physalis_M7_segment_RNA1,_complete_sequence",0.9727868301696624,162,5953,5954,5967,5978,0.9998320456835741,1,0.00016795431642593214,5953,0.9726234464225731
"OK504616.1_Potato_mop-top_virus_isolate_AS22_segment_RNA_1,_partial_sequence","OR477289.1_Beet_virus_Q_isolate_DSMZ_PV-0961_Replicase_read-through_protein_and_replicase_genes,_complete_cds",0.638986013986014,2065,5720,6203,5967,5991,0.9221344510720619,47,0.007576978881186523,5967,0.6341444304526684
"OK504616.1_Potato_mop-top_virus_isolate_AS22_segment_RNA_1,_partial_sequence","OQ731908.1_Beet_virus_Q_isolate_DSMZ_PV-1078_segment_RNA1_Replicase_readthrough_protein_(Replicase-RT)_and_replicase_(Replicase)_genes,_complete_cds",0.6393356643356644,2063,5720,6203,5967,5996,0.9221344510720619,47,0.007576978881186523,5967,0.6344914315090037
"OK504616.1_Potato_mop-top_virus_isolate_AS22_segment_RNA_1,_partial_sequence","NC_003510.1_Beet_virus_Q_RNA_1,_complete_sequence",0.6387819390969549,2064,5714,6203,5967,6003,0.921167177172336,49,0.007899403514428503,5967,0.633735942802299
"OK504616.1_Potato_mop-top_virus_isolate_AS22_segment_RNA_1,_partial_sequence","MN125060.1_Potato_mop-top_virus_isolate_PMTV_quitoense_M1_segment_RNA_1,_complete_sequence",0.9691637338696162,184,5967,5968,5967,6005,0.9998324396782842,1,0.0001675603217158177,5967,0.9690013404825737
"OK504616.1_Potato_mop-top_virus_isolate_AS22_segment_RNA_1,_partial_sequence","KM822698.1_Potato_mop-top_virus_isolate_Ch20_segment_RNA1,_complete_sequence",0.9894366197183099,63,5964,5964,5967,6005,1.0,0,0.0,5964,0.9894366197183099
"OK504616.1_Potato_mop-top_virus_isolate_AS22_segment_RNA_1,_partial_sequence","KM822709.1_Potato_mop-top_virus_isolate_Ch9_segment_RNA1,_complete_sequence",0.9891012743125419,65,5964,5964,5967,6005,1.0,0,0.0,5964,0.9891012743125419
"OK504616.1_Potato_mop-top_virus_isolate_AS22_segment_RNA_1,_partial_sequence","MN417990.1_Potato_mop-top_virus_isolate_PMTV_physalis_M2_segment_RNA1,_complete_sequence",0.9726830903301491,163,5967,5968,5967,6010,0.9998324396782842,1,0.0001675603217158177,5967,0.9725201072386058
"OK504616.1_Potato_mop-top_virus_isolate_AS22_segment_RNA_1,_partial_sequence","ON398500.1_Potato_mop-top_virus_isolate_DSMZ_PV-0582_segment_RNA_1,_complete_sequence",0.9770403888050947,137,5967,5967,5967,6014,1.0,0,0.0,5967,0.9770403888050947
"OK504616.1_Potato_mop-top_virus_isolate_AS22_segment_RNA_1,_partial_sequence","KR857349.1_Potato_mop-top_virus_isolate_CO1_segment_RNA1_rep_protein_2_and_rep_protein_1_genes,_complete_cds",0.9696664990782637,181,5967,5967,5967,6041,1.0,0,0.0,5967,0.9696664990782637
"OK504616.1_Potato_mop-top_virus_isolate_AS22_segment_RNA_1,_partial_sequence","KR857352.1_Potato_mop-top_virus_isolate_CO2_segment_RNA1_rep_protein_2_and_rep_protein_1_genes,_complete_cds",0.9715099715099715,170,5967,5967,5967,6041,1.0,0,0.0,5967,0.9715099715099715
"OK504616.1_Potato_mop-top_virus_isolate_AS22_segment_RNA_1,_partial_sequence","KR857355.1_Potato_mop-top_virus_isolate_CO3_segment_RNA1_rep_protein_2_and_rep_protein_1_genes,_complete_cds",0.9901122842299312,59,5967,5967,5967,6041,1.0,0,0.0,5967,0.9901122842299312
"OK504616.1_Potato_mop-top_virus_isolate_AS22_segment_RNA_1,_partial_sequence","KR857358.1_Potato_mop-top_virus_isolate_CO4_segment_RNA1_rep_protein_2_and_rep_protein_1_genes,_complete_cds",0.9901122842299312,59,5967,5967,5967,6041,1.0,0,0.0,5967,0.9901122842299312
"OK504616.1_Potato_mop-top_virus_isolate_AS22_segment_RNA_1,_partial_sequence","KR857361.1_Potato_mop-top_virus_isolate_CO5_segment_RNA1_rep_protein_2_and_rep_protein_1_genes,_complete_cds",0.9703368526897939,177,5967,5967,5967,6041,1.0,0,0.0,5967,0.9703368526897939
"OK504616.1_Potato_mop-top_virus_isolate_AS22_segment_RNA_1,_partial_sequence","OP221272.1_Potato_mop-top_virus_isolate_Hebei_segment_RNA1,_complete_sequence",0.9854198089492208,87,5967,5967,5967,6042,1.0,0,0.0,5967,0.9854198089492208
"OK504616.1_Potato_mop-top_virus_isolate_AS22_segment_RNA_1,_partial_sequence","KY275269.1_Potato_mop-top_virus_strain_Maryland_segment_RNA1,_complete_sequence",0.9899446958270488,60,5967,5967,5967,6042,1.0,0,0.0,5967,0.9899446958270488
"OK504616.1_Potato_mop-top_virus_isolate_AS22_segment_RNA_1,_partial_sequence","KU955464.1_Potato_mop-top_virus_isolate_H11_P64_segment_RNA-rep,_complete_sequence",0.9907826378414614,55,5967,5967,5967,6042,1.0,0,0.0,5967,0.9907826378414614
"OK504616.1_Potato_mop-top_virus_isolate_AS22_segment_RNA_1,_partial_sequence","KU955466.1_Potato_mop-top_virus_isolate_C29_P69_segment_RNA-rep,_complete_sequence",0.9909502262443439,54,5967,5967,5967,6042,1.0,0,0.0,5967,0.9909502262443439
"OK504616.1_Potato_mop-top_virus_isolate_AS22_segment_RNA_1,_partial_sequence","KU955467.1_Potato_mop-top_virus_isolate_C29_P70_segment_RNA-rep,_complete_sequence",0.9911178146472264,53,5967,5967,5967,6042,1.0,0,0.0,5967,0.9911178146472264
"OK504616.1_Potato_mop-top_virus_isolate_AS22_segment_RNA_1,_partial_sequence","KU955468.1_Potato_mop-top_virus_isolate_C29_P71_segment_RNA-rep,_complete_sequence",0.9912854030501089,52,5967,5967,5967,6042,1.0,0,0.0,5967,0.9912854030501089
"OK504616.1_Potato_mop-top_virus_isolate_AS22_segment_RNA_1,_partial_sequence","KU955469.1_Potato_mop-top_virus_isolate_C61_P76_segment_RNA-rep,_complete_sequence",0.995139936316407,29,5967,5967,5967,6042,1.0,0,0.0,5967,0.995139936316407
"OK504616.1_Potato_mop-top_virus_isolate_AS22_segment_RNA_1,_partial_sequence","KU955470.1_Potato_mop-top_virus_isolate_C61_P77_segment_RNA-rep,_complete_sequence",0.9953075247192894,28,5967,5967,5967,6042,1.0,0,0.0,5967,0.9953075247192894
"OK504616.1_Potato_mop-top_virus_isolate_AS22_segment_RNA_1,_partial_sequence","KU955471.1_Potato_mop-top_virus_isolate_C115_P79_segment_RNA-rep,_complete_sequence",0.992626110273169,44,5967,5967,5967,6042,1.0,0,0.0,5967,0.992626110273169
"OK504616.1_Potato_mop-top_virus_isolate_AS22_segment_RNA_1,_partial_sequence","KU955472.1_Potato_mop-top_virus_isolate_C115_P80_segment_RNA-rep,_complete_sequence",0.992290933467404,46,5967,5967,5967,6042,1.0,0,0.0,5967,0.992290933467404
"OK504616.1_Potato_mop-top_virus_isolate_AS22_segment_RNA_1,_partial_sequence","KU955473.1_Potato_mop-top_virus_isolate_PF43_segment_RNA-rep,_complete_sequence",0.9904474610356964,57,5967,5967,5967,6042,1.0,0,0.0,5967,0.9904474610356964
"OK504616.1_Potato_mop-top_virus_isolate_AS22_segment_RNA_1,_partial_sequence","KM822695.1_Potato_mop-top_virus_isolate_Guangdong_segment_RNA1,_complete_sequence",0.9891067538126361,65,5967,5967,5967,6042,1.0,0,0.0,5967,0.9891067538126361
"OK504616.1_Potato_mop-top_virus_isolate_AS22_segment_RNA_1,_partial_sequence","KM822696.1_Potato_mop-top_virus_isolate_Yunnan_segment_RNA1,_complete_sequence",0.9839115133232781,96,5967,5967,5967,6042,1.0,0,0.0,5967,0.9839115133232781
"OK504616.1_Potato_mop-top_virus_isolate_AS22_segment_RNA_1,_partial_sequence","KM822697.1_Potato_mop-top_virus_isolate_Ch10_segment_RNA1,_complete_sequence",0.9894419306184012,63,5967,5967,5967,6042,1.0,0,0.0,5967,0.9894419306184012
"OK504616.1_Potato_mop-top_virus_isolate_AS22_segment_RNA_1,_partial_sequence","NC_003723.1_Potato_mop-top_virus_RNA_1,_complete_sequence",0.987430869783811,75,5967,5968,5967,6043,0.9998324396782842,1,0.0001675603217158177,5967,0.9872654155495979
"OK504616.1_Potato_mop-top_virus_isolate_AS22_segment_RNA_1,_partial_sequence","KT225274.1_Colombian_potato_soil-borne_virus_isolate_IS13_segment_RNA1_putative_replicase_(ORF2)_and_polymerase_(ORF1)_genes,_complete_cds",0.7107818088911599,1698,5871,6046,5967,6061,0.9710552431359577,19,0.00314257360238174,5897,0.7085481247414854
"OK504616.1_Potato_mop-top_virus_isolate_AS22_segment_RNA_1,_partial_sequence","NC_029034.2_Colombian_potato_soil-borne_virus_RNA_1,_complete_sequence",0.7121212121212122,1710,5940,6116,5967,6170,0.9712230215827338,20,0.0032701111837802484,5967,0.7097924965812474
"MN417993.1_Potato_mop-top_virus_isolate_PMTV_physalis_M7_segment_RNA1,_complete_sequence","OR477289.1_Beet_virus_Q_isolate_DSMZ_PV-0961_Replicase_read-through_protein_and_replicase_genes,_complete_cds",0.6315881022786571,2118,5749,6190,5978,5991,0.9287560581583199,42,0.00678513731825525,5978,0.6273026902761202
"MN417993.1_Potato_mop-top_virus_isolate_PMTV_physalis_M7_segment_RNA1,_complete_sequence","OQ731908.1_Beet_virus_Q_isolate_DSMZ_PV-1078_segment_RNA1_Replicase_readthrough_protein_(Replicase-RT)_and_replicase_(Replicase)_genes,_complete_cds",0.6340655509065551,2099,5736,6205,5978,5996,0.9244157937147461,44,0.007091055600322321,5978,0.6295693568308278
"MN417993.1_Potato_mop-top_virus_isolate_PMTV_physalis_M7_segment_RNA1,_complete_sequence","NC_003510.1_Beet_virus_Q_RNA_1,_complete_sequence",0.6320738290092287,2113,5743,6192,5978,6003,0.9274870801033591,45,0.007267441860465116,5978,0.6274802692053826
"MN417993.1_Potato_mop-top_virus_isolate_PMTV_physalis_M7_segment_RNA1,_complete_sequence","MN125060.1_Potato_mop-top_virus_isolate_PMTV_quitoense_M1_segment_RNA_1,_complete_sequence",0.9772194304857621,136,5970,5970,5978,6005,1.0,0,0.0,5970,0.9772194304857621
"MN417993.1_Potato_mop-top_virus_isolate_PMTV_physalis_M7_segment_RNA1,_complete_sequence","KM822698.1_Potato_mop-top_virus_isolate_Ch20_segment_RNA1,_complete_sequence",0.9725614856951648,164,5977,5978,5978,6005,0.9998327199732352,1,0.00016728002676480428,5978,0.9723987955838073
"MN417993.1_Potato_mop-top_virus_isolate_PMTV_physalis_M7_segment_RNA1,_complete_sequence","KM822709.1_Potato_mop-top_virus_isolate_Ch9_segment_RNA1,_complete_sequence",0.9723941776811109,165,5977,5978,5978,6005,0.9998327199732352,1,0.00016728002676480428,5978,0.9722315155570425
"MN417993.1_Potato_mop-top_virus_isolate_PMTV_physalis_M7_segment_RNA1,_complete_sequence","MN417990.1_Potato_mop-top_virus_isolate_PMTV_physalis_M2_segment_RNA1,_complete_sequence",0.9993308798929408,4,5978,5978,5978,6010,1.0,0,0.0,5978,0.9993308798929408
"MN417993.1_Potato_mop-top_virus_isolate_PMTV_physalis_M7_segment_RNA1,_complete_sequence","ON398500.1_Potato_mop-top_virus_isolate_DSMZ_PV-0582_segment_RNA_1,_complete_sequence",0.9669795507877975,197,5966,5967,5978,6014,0.9998324115971174,1,0.00016758840288252054,5967,0.9668174962292609
"MN417993.1_Potato_mop-top_virus_isolate_PMTV_physalis_M7_segment_RNA1,_complete_sequence","KR857349.1_Potato_mop-top_virus_isolate_CO1_segment_RNA1_rep_protein_2_and_rep_protein_1_genes,_complete_cds",0.9892922871005522,64,5977,5978,5978,6041,0.9998327199732352,1,0.00016728002676480428,5978,0.9891267982602878
"MN417993.1_Potato_mop-top_virus_isolate_PMTV_physalis_M7_segment_RNA1,_complete_sequence","KR857352.1_Potato_mop-top_virus_isolate_CO2_segment_RNA1_rep_protein_2_and_rep_protein_1_genes,_complete_cds",0.9805922703697507,116,5977,5978,5978,6041,0.9998327199732352,1,0.00016728002676480428,5978,0.9804282368685179
"MN417993.1_Potato_mop-top_virus_isolate_PMTV_physalis_M7_segment_RNA1,_complete_sequence","KR857355.1_Potato_mop-top_virus_isolate_CO3_segment_RNA1_rep_protein_2_and_rep_protein_1_genes,_complete_cds",0.9730634097373264,161,5977,5978,5978,6041,0.9998327199732352,1,0.00016728002676480428,5978,0.9729006356641017
"MN417993.1_Potato_mop-top_virus_isolate_PMTV_physalis_M7_segment_RNA1,_complete_sequence","KR857358.1_Potato_mop-top_virus_isolate_CO4_segment_RNA1_rep_protein_2_and_rep_protein_1_genes,_complete_cds",0.9730634097373264,161,5977,5978,5978,6041,0.9998327199732352,1,0.00016728002676480428,5978,0.9729006356641017
"MN417993.1_Potato_mop-top_virus_isolate_PMTV_physalis_M7_segment_RNA1,_complete_sequence","KR857361.1_Potato_mop-top_virus_isolate_CO5_segment_RNA1_rep_protein_2_and_rep_protein_1_genes,_complete_cds",0.9911326752551447,53,5977,5978,5978,6041,0.9998327199732352,1,0.00016728002676480428,5978,0.9909668785547006
"MN417993.1_Potato_mop-top_virus_isolate_PMTV_physalis_M7_segment_RNA1,_complete_sequence","OP221272.1_Potato_mop-top_virus_isolate_Hebei_segment_RNA1,_complete_sequence",0.974903797891919,150,5977,5978,5978,6042,0.9998327199732352,1,0.00016728002676480428,5978,0.9747407159585146
"MN417993.1_Potato_mop-top_virus_isolate_PMTV_physalis_M7_segment_RNA1,_complete_sequence","KY275269.1_Potato_mop-top_virus_strain_Maryland_segment_RNA1,_complete_sequence",0.9728961017232726,162,5977,5978,5978,6042,0.9998327199732352,1,0.00016728002676480428,5978,0.9727333556373369
"MN417993.1_Potato_mop-top_virus_isolate_PMTV_physalis_M7_segment_RNA1,_complete_sequence","KU955464.1_Potato_mop-top_virus_isolate_H11_P64_segment_RNA-rep,_complete_sequence",0.9738999498075958,156,5977,5978,5978,6042,0.9998327199732352,1,0.00016728002676480428,5978,0.9737370357979257
"MN417993.1_Potato_mop-top_virus_isolate_PMTV_physalis_M7_segment_RNA1,_complete_sequence","KU955466.1_Potato_mop-top_virus_isolate_C29_P69_segment_RNA-rep,_complete_sequence",0.9738999498075958,156,5977,5978,5978,6042,0.9998327199732352,1,0.00016728002676480428,5978,0.9737370357979257
"MN417993.1_Potato_mop-top_virus_isolate_PMTV_physalis_M7_segment_RNA1,_complete_sequence","KU955467.1_Potato_mop-top_virus_isolate_C29_P70_segment_RNA-rep,_complete_sequence",0.9740672578216496,155,5977,5978,5978,6042,0.9998327199732352,1,0.00016728002676480428,5978,0.9739043158246905
"MN417993.1_Potato_mop-top_virus_isolate_PMTV_physalis_M7_segment_RNA1,_complete_sequence","KU955468.1_Potato_mop-top_virus_isolate_C29_P71_segment_RNA-rep,_complete_sequence",0.9742345658357036,154,5977,5978,5978,6042,0.9998327199732352,1,0.00016728002676480428,5978,0.9740715958514554
"MN417993.1_Potato_mop-top_virus_isolate_PMTV_physalis_M7_segment_RNA1,_complete_sequence","KU955469.1_Potato_mop-top_virus_isolate_C61_P76_segment_RNA-rep,_complete_sequence",0.9747364898778651,151,5977,5978,5978,6042,0.9998327199732352,1,0.00016728002676480428,5978,0.9745734359317497
"MN417993.1_Potato_mop-top_virus_isolate_PMTV_physalis_M7_segment_RNA1,_complete_sequence","KU955470.1_Potato_mop-top_virus_isolate_C61_P77_segment_RNA-rep,_complete_sequence",0.974903797891919,150,5977,5978,5978,6042,0.9998327199732352,1,0.00016728002676480428,5978,0.9747407159585146
"MN417993.1_Potato_mop-top_virus_isolate_PMTV_physalis_M7_segment_RNA1,_complete_sequence","KU955471.1_Potato_mop-top_virus_isolate_C115_P79_segment_RNA-rep,_complete_sequence",0.9759076459762422,144,5977,5978,5978,6042,0.9998327199732352,1,0.00016728002676480428,5978,0.9757443961191034
"MN417993.1_Potato_mop-top_virus_isolate_PMTV_physalis_M7_segment_RNA1,_complete_sequence","KU955472.1_Potato_mop-top_virus_isolate_C115_P80_segment_RNA-rep,_complete_sequence",0.9759076459762422,144,5977,5978,5978,6042,0.9998327199732352,1,0.00016728002676480428,5978,0.9757443961191034
"MN417993.1_Potato_mop-top_virus_isolate_PMTV_physalis_M7_segment_RNA1,_complete_sequence","KU955473.1_Potato_mop-top_virus_isolate_PF43_segment_RNA-rep,_complete_sequence",0.9733980257654342,159,5977,5978,5978,6042,0.9998327199732352,1,0.00016728002676480428,5978,0.9732351957176314
"MN417993.1_Potato_mop-top_virus_isolate_PMTV_physalis_M7_segment_RNA1,_complete_sequence","KM822695.1_Potato_mop-top_virus_isolate_Guangdong_segment_RNA1,_complete_sequence",0.9720595616530032,167,5977,5978,5978,6042,0.9998327199732352,1,0.00016728002676480428,5978,0.971896955503513
"MN417993.1_Potato_mop-top_virus_isolate_PMTV_physalis_M7_segment_RNA1,_complete_sequence","KM822696.1_Potato_mop-top_virus_isolate_Yunnan_segment_RNA1,_complete_sequence",0.9735653337794881,158,5977,5978,5978,6042,0.9998327199732352,1,0.00016728002676480428,5978,0.9734024757443961
"MN417993.1_Potato_mop-top_virus_isolate_PMTV_physalis_M7_segment_RNA1,_complete_sequence","KM822697.1_Potato_mop-top_virus_isolate_Ch10_segment_RNA1,_complete_sequence",0.9725614856951648,164,5977,5978,5978,6042,0.9998327199732352,1,0.00016728002676480428,5978,0.9723987955838073
"MN417993.1_Potato_mop-top_virus_isolate_PMTV_physalis_M7_segment_RNA1,_complete_sequence","NC_003723.1_Potato_mop-top_virus_RNA_1,_complete_sequence",0.9707259953161592,175,5978,5978,5978,6043,1.0,0,0.0,5978,0.9707259953161592
"MN417993.1_Potato_mop-top_virus_isolate_PMTV_physalis_M7_segment_RNA1,_complete_sequence","KT225274.1_Colombian_potato_soil-borne_virus_isolate_IS13_segment_RNA1_putative_replicase_(ORF2)_and_polymerase_(ORF1)_genes,_complete_cds",0.7077001878094588,1712,5857,6032,5978,6061,0.9709880636604774,19,0.0031498673740053052,5884,0.7054710260773003
"MN417993.1_Potato_mop-top_virus_isolate_PMTV_physalis_M7_segment_RNA1,_complete_sequence","NC_029034.2_Colombian_potato_soil-borne_virus_RNA_1,_complete_sequence",0.7095798319327731,1728,5950,6126,5978,6170,0.9712699967352268,20,0.00326477309826967,5978,0.7072632147864042
"OR477289.1_Beet_virus_Q_isolate_DSMZ_PV-0961_Replicase_read-through_protein_and_replicase_genes,_complete_cds","OQ731908.1_Beet_virus_Q_isolate_DSMZ_PV-1078_segment_RNA1_Replicase_readthrough_protein_(Replicase-RT)_and_replicase_(Replicase)_genes,_complete_cds",0.9976631614087799,14,5991,5991,5991,5996,1.0,0,0.0,5991,0.9976631614087799
"OR477289.1_Beet_virus_Q_isolate_DSMZ_PV-0961_Replicase_read-through_protein_and_replicase_genes,_complete_cds","NC_003510.1_Beet_virus_Q_RNA_1,_complete_sequence",0.9984962406015038,9,5985,5991,5991,6003,0.99899849774662,2,0.00033383408446002337,5991,0.9981629085231859
"OR477289.1_Beet_virus_Q_isolate_DSMZ_PV-0961_Replicase_read-through_protein_and_replicase_genes,_complete_cds","MN125060.1_Potato_mop-top_virus_isolate_PMTV_quitoense_M1_segment_RNA_1,_complete_sequence",0.6339766997043992,2105,5751,6227,5991,6005,0.9235586960012847,45,0.007226593865424763,5973,0.6293952075754932
"OR477289.1_Beet_virus_Q_isolate_DSMZ_PV-0961_Replicase_read-through_protein_and_replicase_genes,_complete_cds","KM822698.1_Potato_mop-top_virus_isolate_Ch20_segment_RNA1,_complete_sequence",0.6374717046839631,2082,5743,6190,5991,6005,0.9277867528271405,46,0.007431340872374798,5945,0.6327344351499626
"OR477289.1_Beet_virus_Q_isolate_DSMZ_PV-0961_Replicase_read-through_protein_and_replicase_genes,_complete_cds","KM822709.1_Potato_mop-top_virus_isolate_Ch9_segment_RNA1,_complete_sequence",0.6376458297057287,2081,5743,6190,5991,6005,0.9277867528271405,46,0.007431340872374798,5945,0.6329072661893371
"OR477289.1_Beet_virus_Q_isolate_DSMZ_PV-0961_Replicase_read-through_protein_and_replicase_genes,_complete_cds","MN417990.1_Potato_mop-top_virus_isolate_PMTV_physalis_M2_segment_RNA1,_complete_sequence",0.6308678330157631,2131,5773,6220,5991,6010,0.9281350482315113,43,0.006913183279742765,5991,0.626506528060831
"OR477289.1_Beet_virus_Q_isolate_DSMZ_PV-0961_Replicase_read-through_protein_and_replicase_genes,_complete_cds","ON398500.1_Potato_mop-top_virus_isolate_DSMZ_PV-0582_segment_RNA_1,_complete_sequence",0.6331892826274849,2122,5785,6202,5991,6014,0.9327636246372139,46,0.007416962270235408,5973,0.6284929416083194
"OR477289.1_Beet_virus_Q_isolate_DSMZ_PV-0961_Replicase_read-through_protein_and_replicase_genes,_complete_cds","KR857349.1_Potato_mop-top_virus_isolate_CO1_segment_RNA1_rep_protein_2_and_rep_protein_1_genes,_complete_cds",0.633587786259542,2112,5764,6251,5991,6041,0.9220924652055671,44,0.007038873780195169,5990,0.6291280418033879
"OR477289.1_Beet_virus_Q_isolate_DSMZ_PV-0961_Replicase_read-through_protein_and_replicase_genes,_complete_cds","KR857352.1_Potato_mop-top_virus_isolate_CO2_segment_RNA1_rep_protein_2_and_rep_protein_1_genes,_complete_cds",0.6348792774014244,2102,5757,6258,5991,6041,0.9199424736337488,46,0.007350591243208693,5990,0.6302125393444628
"OR477289.1_Beet_virus_Q_isolate_DSMZ_PV-0961_Replicase_read-through_protein_and_replicase_genes,_complete_cds","KR857355.1_Potato_mop-top_virus_isolate_CO3_segment_RNA1_rep_protein_2_and_rep_protein_1_genes,_complete_cds",0.6366782006920415,2100,5780,6229,5991,6041,0.927917803820838,48,0.007705891796436025,5984,0.631772027368359
"OR477289.1_Beet_virus_Q_isolate_DSMZ_PV-0961_Replicase_read-through_protein_and_replicase_genes,_complete_cds","KR857358.1_Potato_mop-top_virus_isolate_CO4_segment_RNA1_rep_protein_2_and_rep_protein_1_genes,_complete_cds",0.6368512110726643,2099,5780,6229,5991,6041,0.927917803820838,48,0.007705891796436025,5984,0.6319437045497092
"OR477289.1_Beet_virus_Q_isolate_DSMZ_PV-0961_Replicase_read-through_protein_and_replicase_genes,_complete_cds","KR857361.1_Potato_mop-top_virus_isolate_CO5_segment_RNA1_rep_protein_2_and_rep_protein_1_genes,_complete_cds",0.6314696209105072,2129,5777,6232,5991,6041,0.92698973042362,44,0.007060333761232349,5984,0.6270112346268001
"OR477289.1_Beet_virus_Q_isolate_DSMZ_PV-0961_Replicase_read-through_protein_and_replicase_genes,_complete_cds","OP221272.1_Potato_mop-top_virus_isolate_Hebei_segment_RNA1,_complete_sequence",0.6356709956709956,2104,5775,6234,5991,6042,0.9263715110683349,49,0.007860121912094963,5984,0.6306745441490388
"OR477289.1_Beet_virus_Q_isolate_DSMZ_PV-0961_Replicase_read-through_protein_and_replicase_genes,_complete_cds","KY275269.1_Potato_mop-top_virus_strain_Maryland_segment_RNA1,_complete_sequence",0.6366782006920415,2100,5780,6229,5991,6042,0.927917803820838,48,0.007705891796436025,5984,0.631772027368359
"OR477289.1_Beet_virus_Q_isolate_DSMZ_PV-0961_Replicase_read-through_protein_and_replicase_genes,_complete_cds","KU955464.1_Potato_mop-top_virus_isolate_H11_P64_segment_RNA-rep,_complete_sequence",0.6351983370864369,2106,5773,6236,5991,6042,0.9257536882617062,45,0.007216164207825529,5984,0.6306146415814835
"OR477289.1_Beet_virus_Q_isolate_DSMZ_PV-0961_Replicase_read-through_protein_and_replicase_genes,_complete_cds","KU955466.1_Potato_mop-top_virus_isolate_C29_P69_segment_RNA-rep,_complete_sequence",0.6343399482312337,2119,5795,6214,5991,6042,0.9325716124879305,45,0.0072417122626327645,5984,0.6297462408494497
"OR477289.1_Beet_virus_Q_isolate_DSMZ_PV-0961_Replicase_read-through_protein_and_replicase_genes,_complete_cds","KU955467.1_Potato_mop-top_virus_isolate_C29_P70_segment_RNA-rep,_complete_sequence",0.6351234674494906,2113,5791,6218,5991,6042,0.9313284014152461,47,0.007558700546799614,5984,0.6303227593487948
"OR477289.1_Beet_virus_Q_isolate_DSMZ_PV-0961_Replicase_read-through_protein_and_replicase_genes,_complete_cds","KU955468.1_Potato_mop-top_virus_isolate_C29_P71_segment_RNA-rep,_complete_sequence",0.6346850733390854,2117,5795,6214,5991,6042,0.9325716124879305,45,0.0072417122626327645,5984,0.6300888666605757
"OR477289.1_Beet_virus_Q_isolate_DSMZ_PV-0961_Replicase_read-through_protein_and_replicase_genes,_complete_cds","KU955469.1_Potato_mop-top_virus_isolate_C61_P76_segment_RNA-rep,_complete_sequence",0.6336736459595086,2117,5779,6230,5991,6042,0.9276083467094703,43,0.006902086677367576,5984,0.6292999755299326
"OR477289.1_Beet_virus_Q_isolate_DSMZ_PV-0961_Replicase_read-through_protein_and_replicase_genes,_complete_cds","KU955470.1_Potato_mop-top_virus_isolate_C61_P77_segment_RNA-rep,_complete_sequence",0.6335006056411143,2118,5779,6230,5991,6042,0.9276083467094703,43,0.006902086677367576,5984,0.6291281295508145
"OR477289.1_Beet_virus_Q_isolate_DSMZ_PV-0961_Replicase_read-through_protein_and_replicase_genes,_complete_cds","KU955471.1_Potato_mop-top_virus_isolate_C115_P79_segment_RNA-rep,_complete_sequence",0.6338466862779027,2116,5779,6230,5991,6042,0.9276083467094703,44,0.007062600321027288,5984,0.6293700804679144
"OR477289.1_Beet_virus_Q_isolate_DSMZ_PV-0961_Replicase_read-through_protein_and_replicase_genes,_complete_cds","KU955472.1_Potato_mop-top_virus_isolate_C115_P80_segment_RNA-rep,_complete_sequence",0.6335350043215211,2120,5785,6224,5991,6042,0.9294665809768637,45,0.007230077120822622,5984,0.6289544973815359
"OR477289.1_Beet_virus_Q_isolate_DSMZ_PV-0961_Replicase_read-through_protein_and_replicase_genes,_complete_cds","KU955473.1_Potato_mop-top_virus_isolate_PF43_segment_RNA-rep,_complete_sequence",0.6366782006920415,2100,5780,6229,5991,6042,0.927917803820838,48,0.007705891796436025,5984,0.631772027368359
"OR477289.1_Beet_virus_Q_isolate_DSMZ_PV-0961_Replicase_read-through_protein_and_replicase_genes,_complete_cds","KM822695.1_Potato_mop-top_virus_isolate_Guangdong_segment_RNA1,_complete_sequence",0.6370242214532872,2098,5780,6229,5991,6042,0.927917803820838,48,0.007705891796436025,5984,0.6321153817310593
"OR477289.1_Beet_virus_Q_isolate_DSMZ_PV-0961_Replicase_read-through_protein_and_replicase_genes,_complete_cds","KM822696.1_Potato_mop-top_virus_isolate_Yunnan_segment_RNA1,_complete_sequence",0.6346320346320347,2110,5775,6234,5991,6042,0.9263715110683349,49,0.007860121912094963,5984,0.629643749470506
"OR477289.1_Beet_virus_Q_isolate_DSMZ_PV-0961_Replicase_read-through_protein_and_replicase_genes,_complete_cds","KM822697.1_Potato_mop-top_virus_isolate_Ch10_segment_RNA1,_complete_sequence",0.6367410482615464,2100,5781,6228,5991,6042,0.9282273603082851,48,0.007707129094412331,5984,0.6318336028028833
"OR477289.1_Beet_virus_Q_isolate_DSMZ_PV-0961_Replicase_read-through_protein_and_replicase_genes,_complete_cds","NC_003723.1_Potato_mop-top_virus_RNA_1,_complete_sequence",0.6351678781585324,2108,5778,6232,5991,6043,0.9271501925545571,49,0.007862644415917844,5984,0.6301737789881587
"OR477289.1_Beet_virus_Q_isolate_DSMZ_PV-0961_Replicase_read-through_protein_and_replicase_genes,_complete_cds","KT225274.1_Colombian_potato_soil-borne_virus_isolate_IS13_segment_RNA1_putative_replicase_(ORF2)_and_polymerase_(ORF1)_genes,_complete_cds",0.6174948240165632,2217,5796,6214,5991,6061,0.9327325394271001,45,0.0072417122626327645,5959,0.6130231041773702
"OR477289.1_Beet_virus_Q_isolate_DSMZ_PV-0961_Replicase_read-through_protein_and_replicase_genes,_complete_cds","NC_029034.2_Colombian_potato_soil-borne_virus_RNA_1,_complete_sequence",0.6185743660041124,2226,5836,6299,5991,6170,0.9264962692490871,46,0.007302746467693285,5991,0.6140570742377703
"OQ731908.1_Beet_virus_Q_isolate_DSMZ_PV-1078_segment_RNA1_Replicase_readthrough_protein_(Replicase-RT)_and_replicase_(Replicase)_genes,_complete_cds","NC_003510.1_Beet_virus_Q_RNA_1,_complete_sequence",0.9961602671118531,23,5990,5996,5996,6003,0.9989993328885924,2,0.000333555703802535,5996,0.9958279921728564
"OQ731908.1_Beet_virus_Q_isolate_DSMZ_PV-1078_segment_RNA1_Replicase_readthrough_protein_(Replicase-RT)_and_replicase_(Replicase)_genes,_complete_cds","MN125060.1_Potato_mop-top_virus_isolate_PMTV_quitoense_M1_segment_RNA_1,_complete_sequence",0.6350034794711203,2098,5748,6230,5996,6005,0.9226324237560193,46,0.007383627608346709,5973,0.6303148502487012
"OQ731908.1_Beet_virus_Q_isolate_DSMZ_PV-1078_segment_RNA1_Replicase_readthrough_protein_(Replicase-RT)_and_replicase_(Replicase)_genes,_complete_cds","KM822698.1_Potato_mop-top_virus_isolate_Ch20_segment_RNA1,_complete_sequence",0.6388308977035491,2076,5748,6193,5996,6005,0.9281446794768287,48,0.007750686258679154,5950,0.6338795198430985
"OQ731908.1_Beet_virus_Q_isolate_DSMZ_PV-1078_segment_RNA1_Replicase_readthrough_protein_(Replicase-RT)_and_replicase_(Replicase)_genes,_complete_cds","KM822709.1_Potato_mop-top_virus_isolate_Ch9_segment_RNA1,_complete_sequence",0.6390048712595686,2075,5748,6193,5996,6005,0.9281446794768287,48,0.007750686258679154,5950,0.634052144984668
"OQ731908.1_Beet_virus_Q_isolate_DSMZ_PV-1078_segment_RNA1_Replicase_readthrough_protein_(Replicase-RT)_and_replicase_(Replicase)_genes,_complete_cds","MN417990.1_Potato_mop-top_virus_isolate_PMTV_physalis_M2_segment_RNA1,_complete_sequence",0.6331771646711781,2114,5763,6238,5996,6010,0.9238537992946457,45,0.007213850593138826,5996,0.628609519206253
"OQ731908.1_Beet_virus_Q_isolate_DSMZ_PV-1078_segment_RNA1_Replicase_readthrough_protein_(Replicase-RT)_and_replicase_(Replicase)_genes,_complete_cds","ON398500.1_Potato_mop-top_virus_isolate_DSMZ_PV-0582_segment_RNA_1,_complete_sequence",0.6296169043119739,2156,5821,6166,5996,6014,0.9440480051897503,43,0.006973726889393448,5973,0.6252261279763568
"OQ731908.1_Beet_virus_Q_isolate_DSMZ_PV-1078_segment_RNA1_Replicase_readthrough_protein_(Replicase-RT)_and_replicase_(Replicase)_genes,_complete_cds","KR857349.1_Potato_mop-top_virus_isolate_CO1_segment_RNA1_rep_protein_2_and_rep_protein_1_genes,_complete_cds",0.6338637149775164,2117,5782,6241,5996,6041,0.926454093895209,45,0.007210382951450088,5995,0.6292933148534997
"OQ731908.1_Beet_virus_Q_isolate_DSMZ_PV-1078_segment_RNA1_Replicase_readthrough_protein_(Replicase-RT)_and_replicase_(Replicase)_genes,_complete_cds","KR857352.1_Potato_mop-top_virus_isolate_CO2_segment_RNA1_rep_protein_2_and_rep_protein_1_genes,_complete_cds",0.6344290657439446,2113,5780,6243,5996,6041,0.9258369373698543,48,0.0076886112445939455,5995,0.6295511872951685
"OQ731908.1_Beet_virus_Q_isolate_DSMZ_PV-1078_segment_RNA1_Replicase_readthrough_protein_(Replicase-RT)_and_replicase_(Replicase)_genes,_complete_cds","KR857355.1_Potato_mop-top_virus_isolate_CO3_segment_RNA1_rep_protein_2_and_rep_protein_1_genes,_complete_cds",0.6380293863439931,2094,5785,6232,5996,6041,0.9282734274711169,50,0.008023106546854942,5989,0.6329104085973308
"OQ731908.1_Beet_virus_Q_isolate_DSMZ_PV-1078_segment_RNA1_Replicase_readthrough_protein_(Replicase-RT)_and_replicase_(Replicase)_genes,_complete_cds","KR857358.1_Potato_mop-top_virus_isolate_CO4_segment_RNA1_rep_protein_2_and_rep_protein_1_genes,_complete_cds",0.6382022471910113,2093,5785,6232,5996,6041,0.9282734274711169,50,0.008023106546854942,5989,0.6330818825633555
"OQ731908.1_Beet_virus_Q_isolate_DSMZ_PV-1078_segment_RNA1_Replicase_readthrough_protein_(Replicase-RT)_and_replicase_(Replicase)_genes,_complete_cds","KR857361.1_Potato_mop-top_virus_isolate_CO5_segment_RNA1_rep_protein_2_and_rep_protein_1_genes,_complete_cds",0.6323529411764706,2125,5780,6237,5996,6041,0.92672759339426,45,0.007215007215007215,5989,0.6277905101434513
"OQ731908.1_Beet_virus_Q_isolate_DSMZ_PV-1078_segment_RNA1_Replicase_readthrough_protein_(Replicase-RT)_and_replicase_(Replicase)_genes,_complete_cds","OP221272.1_Potato_mop-top_virus_isolate_Hebei_segment_RNA1,_complete_sequence",0.6363636363636364,2104,5786,6231,5996,6042,0.9285828919916547,51,0.008184882041405874,5989,0.6311550750645599
"OQ731908.1_Beet_virus_Q_isolate_DSMZ_PV-1078_segment_RNA1_Replicase_readthrough_protein_(Replicase-RT)_and_replicase_(Replicase)_genes,_complete_cds","KY275269.1_Potato_mop-top_virus_strain_Maryland_segment_RNA1,_complete_sequence",0.6372125194535708,2098,5783,6234,5996,6042,0.9276547962784729,49,0.007860121912094963,5989,0.6322039513667526
"OQ731908.1_Beet_virus_Q_isolate_DSMZ_PV-1078_segment_RNA1_Replicase_readthrough_protein_(Replicase-RT)_and_replicase_(Replicase)_genes,_complete_cds","KU955464.1_Potato_mop-top_virus_isolate_H11_P64_segment_RNA-rep,_complete_sequence",0.6340498710232159,2128,5815,6202,5996,6042,0.9376007739438891,49,0.007900677200902935,5989,0.6290404476629873
"OQ731908.1_Beet_virus_Q_isolate_DSMZ_PV-1078_segment_RNA1_Replicase_readthrough_protein_(Replicase-RT)_and_replicase_(Replicase)_genes,_complete_cds","KU955466.1_Potato_mop-top_virus_isolate_C29_P69_segment_RNA-rep,_complete_sequence",0.636128810056828,2113,5807,6210,5996,6042,0.9351046698872786,50,0.008051529790660225,5989,0.6310069999919582
"OQ731908.1_Beet_virus_Q_isolate_DSMZ_PV-1078_segment_RNA1_Replicase_readthrough_protein_(Replicase-RT)_and_replicase_(Replicase)_genes,_complete_cds","KU955467.1_Potato_mop-top_virus_isolate_C29_P70_segment_RNA-rep,_complete_sequence",0.637195648419962,2101,5791,6226,5996,6042,0.9301317057500803,50,0.008030838419530999,5989,0.632078433125873
"OQ731908.1_Beet_virus_Q_isolate_DSMZ_PV-1078_segment_RNA1_Replicase_readthrough_protein_(Replicase-RT)_and_replicase_(Replicase)_genes,_complete_cds","KU955468.1_Potato_mop-top_virus_isolate_C29_P71_segment_RNA-rep,_complete_sequence",0.6364732219734803,2111,5807,6210,5996,6042,0.9351046698872786,50,0.008051529790660225,5989,0.6313486388658033
"OQ731908.1_Beet_virus_Q_isolate_DSMZ_PV-1078_segment_RNA1_Replicase_readthrough_protein_(Replicase-RT)_and_replicase_(Replicase)_genes,_complete_cds","KU955469.1_Potato_mop-top_virus_isolate_C61_P76_segment_RNA-rep,_complete_sequence",0.6328809482906717,2137,5821,6196,5996,6042,0.9394770819883796,48,0.007746933505487412,5989,0.627978061667374
"OQ731908.1_Beet_virus_Q_isolate_DSMZ_PV-1078_segment_RNA1_Replicase_readthrough_protein_(Replicase-RT)_and_replicase_(Replicase)_genes,_complete_cds","KU955470.1_Potato_mop-top_virus_isolate_C61_P77_segment_RNA-rep,_complete_sequence",0.6327091565023192,2138,5821,6196,5996,6042,0.9394770819883796,48,0.007746933505487412,5989,0.6278076007385827
"OQ731908.1_Beet_virus_Q_isolate_DSMZ_PV-1078_segment_RNA1_Replicase_readthrough_protein_(Replicase-RT)_and_replicase_(Replicase)_genes,_complete_cds","KU955471.1_Potato_mop-top_virus_isolate_C115_P79_segment_RNA-rep,_complete_sequence",0.6352005532503457,2110,5784,6233,5996,6042,0.9279640622493182,46,0.007380073800738007,5989,0.6305127262890886
"OQ731908.1_Beet_virus_Q_isolate_DSMZ_PV-1078_segment_RNA1_Replicase_readthrough_protein_(Replicase-RT)_and_replicase_(Replicase)_genes,_complete_cds","KU955472.1_Potato_mop-top_virus_isolate_C115_P80_segment_RNA-rep,_complete_sequence",0.6327896995708154,2139,5825,6192,5996,6042,0.9407299741602068,49,0.00791343669250646,5989,0.6277821583435916
"OQ731908.1_Beet_virus_Q_isolate_DSMZ_PV-1078_segment_RNA1_Replicase_readthrough_protein_(Replicase-RT)_and_replicase_(Replicase)_genes,_complete_cds","KU955473.1_Potato_mop-top_virus_isolate_PF43_segment_RNA-rep,_complete_sequence",0.6380293863439931,2094,5785,6232,5996,6042,0.9282734274711169,50,0.008023106546854942,5989,0.6329104085973308
"OQ731908.1_Beet_virus_Q_isolate_DSMZ_PV-1078_segment_RNA1_Replicase_readthrough_protein_(Replicase-RT)_and_replicase_(Replicase)_genes,_complete_cds","KM822695.1_Potato_mop-top_virus_isolate_Guangdong_segment_RNA1,_complete_sequence",0.6383751080380293,2092,5785,6232,5996,6042,0.9282734274711169,50,0.008023106546854942,5989,0.6332533565293802
"OQ731908.1_Beet_virus_Q_isolate_DSMZ_PV-1078_segment_RNA1_Replicase_readthrough_protein_(Replicase-RT)_and_replicase_(Replicase)_genes,_complete_cds","KM822696.1_Potato_mop-top_virus_isolate_Yunnan_segment_RNA1,_complete_sequence",0.635326650535776,2110,5786,6231,5996,6042,0.9285828919916547,51,0.008184882041405874,5989,0.6301265768433791
"OQ731908.1_Beet_virus_Q_isolate_DSMZ_PV-1078_segment_RNA1_Replicase_readthrough_protein_(Replicase-RT)_and_replicase_(Replicase)_genes,_complete_cds","KM822697.1_Potato_mop-top_virus_isolate_Ch10_segment_RNA1,_complete_sequence",0.6380113930605904,2097,5793,6224,5996,6042,0.9307519280205655,50,0.008033419023136246,5989,0.6328859801985998
"OQ731908.1_Beet_virus_Q_isolate_DSMZ_PV-1078_segment_RNA1_Replicase_readthrough_protein_(Replicase-RT)_and_replicase_(Replicase)_genes,_complete_cds","NC_003723.1_Potato_mop-top_virus_RNA_1,_complete_sequence",0.6365208369358464,2102,5783,6235,5996,6043,0.9275060144346431,51,0.00817963111467522,5989,0.6313143312929068
"OQ731908.1_Beet_virus_Q_isolate_DSMZ_PV-1078_segment_RNA1_Replicase_readthrough_protein_(Replicase-RT)_and_replicase_(Replicase)_genes,_complete_cds","KT225274.1_Colombian_potato_soil-borne_virus_isolate_IS13_segment_RNA1_putative_replicase_(ORF2)_and_polymerase_(ORF1)_genes,_complete_cds",0.6193358699411968,2201,5782,6228,5996,6061,0.9283879254977521,49,0.007867694283879255,5959,0.6144631246574591
"OQ731908.1_Beet_virus_Q_isolate_DSMZ_PV-1078_segment_RNA1_Replicase_readthrough_protein_(Replicase-RT)_and_replicase_(Replicase)_genes,_complete_cds","NC_029034.2_Colombian_potato_soil-borne_virus_RNA_1,_complete_sequence",0.6171409098653944,2247,5869,6274,5996,6170,0.9354478801402614,49,0.007810009563277016,5996,0.6123210334574561
"NC_003510.1_Beet_virus_Q_RNA_1,_complete_sequence","MN125060.1_Potato_mop-top_virus_isolate_PMTV_quitoense_M1_segment_RNA_1,_complete_sequence",0.6337684943429069,2104,5745,6227,6003,6005,0.9225951501525614,47,0.007547775814999197,5967,0.628984951828997
"NC_003510.1_Beet_virus_Q_RNA_1,_complete_sequence","KM822698.1_Potato_mop-top_virus_isolate_Ch20_segment_RNA1,_complete_sequence",0.6375803928385191,2085,5753,6208,6003,6005,0.9267074742268041,49,0.007893041237113402,5957,0.6325479445058697
"NC_003510.1_Beet_virus_Q_RNA_1,_complete_sequence","KM822709.1_Potato_mop-top_virus_isolate_Ch9_segment_RNA1,_complete_sequence",0.6377542151920736,2084,5753,6208,6003,6005,0.9267074742268041,49,0.007893041237113402,5957,0.6327203948724197
"NC_003510.1_Beet_virus_Q_RNA_1,_complete_sequence","MN417990.1_Potato_mop-top_virus_isolate_PMTV_physalis_M2_segment_RNA1,_complete_sequence",0.6311503811503811,2129,5772,6227,6003,6010,0.9269311064718163,46,0.0073871848402119805,5992,0.6264879566228531
"NC_003510.1_Beet_virus_Q_RNA_1,_complete_sequence","ON398500.1_Potato_mop-top_virus_isolate_DSMZ_PV-0582_segment_RNA_1,_complete_sequence",0.6329814846859319,2121,5779,6202,6003,6014,0.9317961947758787,48,0.007739438890680426,5967,0.628082563166273
"NC_003510.1_Beet_virus_Q_RNA_1,_complete_sequence","KR857349.1_Potato_mop-top_virus_isolate_CO1_segment_RNA1_rep_protein_2_and_rep_protein_1_genes,_complete_cds",0.6337028056806373,2115,5774,6269,6003,6041,0.9210400382836178,47,0.007497208486201946,6002,0.6289518036281585
"NC_003510.1_Beet_virus_Q_RNA_1,_complete_sequence","KR857352.1_Potato_mop-top_virus_isolate_CO2_segment_RNA1_rep_protein_2_and_rep_protein_1_genes,_complete_cds",0.6349921969828334,2105,5767,6276,6003,6041,0.9188973868706183,49,0.007807520713830465,6002,0.6300344822517692
"NC_003510.1_Beet_virus_Q_RNA_1,_complete_sequence","KR857355.1_Potato_mop-top_virus_isolate_CO3_segment_RNA1_rep_protein_2_and_rep_protein_1_genes,_complete_cds",0.6367875647668394,2103,5790,6247,6003,6041,0.9268448855450616,51,0.008163918680966864,5996,0.631588882871032
"NC_003510.1_Beet_virus_Q_RNA_1,_complete_sequence","KR857358.1_Potato_mop-top_virus_isolate_CO4_segment_RNA1_rep_protein_2_and_rep_protein_1_genes,_complete_cds",0.6369602763385147,2102,5790,6247,6003,6041,0.9268448855450616,51,0.008163918680966864,5996,0.6317601844394809
"NC_003510.1_Beet_virus_Q_RNA_1,_complete_sequence","KR857361.1_Potato_mop-top_virus_isolate_CO5_segment_RNA1_rep_protein_2_and_rep_protein_1_genes,_complete_cds",0.6315880421634699,2132,5787,6250,6003,6041,0.92592,47,0.00752,5996,0.6268385000864006
"NC_003510.1_Beet_virus_Q_RNA_1,_complete_sequence","OP221272.1_Potato_mop-top_virus_isolate_Hebei_segment_RNA1,_complete_sequence",0.6357821953327571,2107,5785,6252,6003,6042,0.9253039027511196,52,0.008317338451695458,5996,0.6304941796326127
"NC_003510.1_Beet_virus_Q_RNA_1,_complete_sequence","KY275269.1_Potato_mop-top_virus_strain_Maryland_segment_RNA1,_complete_sequence",0.6367875647668394,2103,5790,6247,6003,6042,0.9268448855450616,51,0.008163918680966864,5996,0.631588882871032
"NC_003510.1_Beet_virus_Q_RNA_1,_complete_sequence","KU955464.1_Potato_mop-top_virus_isolate_H11_P64_segment_RNA-rep,_complete_sequence",0.6354833131592599,2108,5783,6254,6003,6042,0.9246881995522865,48,0.007675087943716022,5996,0.6306059228439985
"NC_003510.1_Beet_virus_Q_RNA_1,_complete_sequence","KU955466.1_Potato_mop-top_virus_isolate_C29_P69_segment_RNA-rep,_complete_sequence",0.6344530577088716,2122,5805,6232,6003,6042,0.9314826700898587,48,0.007702182284980745,5996,0.6295663846071344
"NC_003510.1_Beet_virus_Q_RNA_1,_complete_sequence","KU955467.1_Potato_mop-top_virus_isolate_C29_P70_segment_RNA-rep,_complete_sequence",0.6352353042578865,2116,5801,6236,6003,6042,0.9302437459910199,50,0.008017960230917255,5996,0.6301420128510722
"NC_003510.1_Beet_virus_Q_RNA_1,_complete_sequence","KU955468.1_Potato_mop-top_virus_isolate_C29_P71_segment_RNA-rep,_complete_sequence",0.6347975882859604,2120,5805,6232,6003,6042,0.9314826700898587,48,0.007702182284980745,5996,0.6299082615469158
"NC_003510.1_Beet_virus_Q_RNA_1,_complete_sequence","KU955469.1_Potato_mop-top_virus_isolate_C61_P76_segment_RNA-rep,_complete_sequence",0.6337882190361029,2120,5789,6248,6003,6042,0.9265364916773368,46,0.00736235595390525,5996,0.6291220445681674
"NC_003510.1_Beet_virus_Q_RNA_1,_complete_sequence","KU955470.1_Potato_mop-top_virus_isolate_C61_P77_segment_RNA-rep,_complete_sequence",0.6336154776299879,2121,5789,6248,6003,6042,0.9265364916773368,46,0.00736235595390525,5996,0.6289505749457723
"NC_003510.1_Beet_virus_Q_RNA_1,_complete_sequence","KU955471.1_Potato_mop-top_virus_isolate_C115_P79_segment_RNA-rep,_complete_sequence",0.6339609604422181,2119,5789,6248,6003,6042,0.9265364916773368,47,0.007522407170294494,5996,0.6291920479677007
"NC_003510.1_Beet_virus_Q_RNA_1,_complete_sequence","KU955472.1_Potato_mop-top_virus_isolate_C115_P80_segment_RNA-rep,_complete_sequence",0.6336496980155306,2123,5795,6242,6003,6042,0.9283883370714514,48,0.00768984299903877,5996,0.6287770313214028
"NC_003510.1_Beet_virus_Q_RNA_1,_complete_sequence","KU955473.1_Potato_mop-top_virus_isolate_PF43_segment_RNA-rep,_complete_sequence",0.6367875647668394,2103,5790,6247,6003,6042,0.9268448855450616,51,0.008163918680966864,5996,0.631588882871032
"NC_003510.1_Beet_virus_Q_RNA_1,_complete_sequence","KM822695.1_Potato_mop-top_virus_isolate_Guangdong_segment_RNA1,_complete_sequence",0.6371329879101899,2101,5790,6247,6003,6042,0.9268448855450616,51,0.008163918680966864,5996,0.6319314860079297
"NC_003510.1_Beet_virus_Q_RNA_1,_complete_sequence","KM822696.1_Potato_mop-top_virus_isolate_Yunnan_segment_RNA1,_complete_sequence",0.6347450302506482,2113,5785,6252,6003,6042,0.9253039027511196,52,0.008317338451695458,5996,0.6294656410035219
"NC_003510.1_Beet_virus_Q_RNA_1,_complete_sequence","KM822697.1_Potato_mop-top_virus_isolate_Ch10_segment_RNA1,_complete_sequence",0.6368502849248834,2103,5791,6246,6003,6042,0.9271533781620237,51,0.008165225744476465,5996,0.6316502585830376
"NC_003510.1_Beet_virus_Q_RNA_1,_complete_sequence","NC_003723.1_Potato_mop-top_virus_RNA_1,_complete_sequence",0.6352798894263995,2111,5788,6250,6003,6043,0.92608,52,0.00832,5996,0.6299943607463718
"NC_003510.1_Beet_virus_Q_RNA_1,_complete_sequence","KT225274.1_Colombian_potato_soil-borne_virus_isolate_IS13_segment_RNA1_putative_replicase_(ORF2)_and_polymerase_(ORF1)_genes,_complete_cds",0.6172711571675302,2216,5790,6214,6003,6061,0.9317669777920824,47,0.007563566140971999,5953,0.6126023859433793
"NC_003510.1_Beet_virus_Q_RNA_1,_complete_sequence","NC_029034.2_Colombian_potato_soil-borne_virus_RNA_1,_complete_sequence",0.6188847074923025,2228,5846,6317,6003,6170,0.9254392908025961,49,0.007756846604400823,6003,0.6140841137504752
"MN125060.1_Potato_mop-top_virus_isolate_PMTV_quitoense_M1_segment_RNA_1,_complete_sequence","KM822698.1_Potato_mop-top_virus_isolate_Ch20_segment_RNA1,_complete_sequence",0.9690635451505016,185,5980,5981,6005,6005,0.99983280387895,1,0.00016719612104999163,5981,0.9689015214847015
"MN125060.1_Potato_mop-top_virus_isolate_PMTV_quitoense_M1_segment_RNA_1,_complete_sequence","KM822709.1_Potato_mop-top_virus_isolate_Ch9_segment_RNA1,_complete_sequence",0.9688963210702342,186,5980,5981,6005,6005,0.99983280387895,1,0.00016719612104999163,5981,0.9687343253636516
"MN125060.1_Potato_mop-top_virus_isolate_PMTV_quitoense_M1_segment_RNA_1,_complete_sequence","MN417990.1_Potato_mop-top_virus_isolate_PMTV_physalis_M2_segment_RNA1,_complete_sequence",0.9774887443721861,135,5997,5997,6005,6010,1.0,0,0.0,5997,0.9774887443721861
"MN125060.1_Potato_mop-top_virus_isolate_PMTV_quitoense_M1_segment_RNA_1,_complete_sequence","ON398500.1_Potato_mop-top_virus_isolate_DSMZ_PV-0582_segment_RNA_1,_complete_sequence",0.9638393601066488,217,6001,6002,6005,6014,0.9998333888703765,1,0.00016661112962345885,6002,0.9636787737420859
"MN125060.1_Potato_mop-top_virus_isolate_PMTV_quitoense_M1_segment_RNA_1,_complete_sequence","KR857349.1_Potato_mop-top_virus_isolate_CO1_segment_RNA1_rep_protein_2_and_rep_protein_1_genes,_complete_cds",0.975016655562958,150,6004,6005,6005,6041,0.9998334721065778,1,0.00016652789342214822,6005,0.9748542880932556
"MN125060.1_Potato_mop-top_virus_isolate_PMTV_quitoense_M1_segment_RNA_1,_complete_sequence","KR857352.1_Potato_mop-top_virus_isolate_CO2_segment_RNA1_rep_protein_2_and_rep_protein_1_genes,_complete_cds",0.9901732178547635,59,6004,6005,6005,6041,0.9998334721065778,1,0.00016652789342214822,6005,0.9900083263946711
"MN125060.1_Potato_mop-top_virus_isolate_PMTV_quitoense_M1_segment_RNA_1,_complete_sequence","KR857355.1_Potato_mop-top_virus_isolate_CO3_segment_RNA1_rep_protein_2_and_rep_protein_1_genes,_complete_cds",0.9696868754163891,182,6004,6005,6005,6041,0.9998334721065778,1,0.00016652789342214822,6005,0.9695253955037468
"MN125060.1_Potato_mop-top_virus_isolate_PMTV_quitoense_M1_segment_RNA_1,_complete_sequence","KR857358.1_Potato_mop-top_virus_isolate_CO4_segment_RNA1_rep_protein_2_and_rep_protein_1_genes,_complete_cds",0.9696868754163891,182,6004,6005,6005,6041,0.9998334721065778,1,0.00016652789342214822,6005,0.9695253955037468
"MN125060.1_Potato_mop-top_virus_isolate_PMTV_quitoense_M1_segment_RNA_1,_complete_sequence","KR857361.1_Potato_mop-top_virus_isolate_CO5_segment_RNA1_rep_protein_2_and_rep_protein_1_genes,_complete_cds",0.9763491005996002,142,6004,6005,6005,6041,0.9998334721065778,1,0.00016652789342214822,6005,0.9761865112406327
"MN125060.1_Potato_mop-top_virus_isolate_PMTV_quitoense_M1_segment_RNA_1,_complete_sequence","OP221272.1_Potato_mop-top_virus_isolate_Hebei_segment_RNA1,_complete_sequence",0.9715189873417721,171,6004,6005,6005,6042,0.9998334721065778,1,0.00016652789342214822,6005,0.9713572023313904
"MN125060.1_Potato_mop-top_virus_isolate_PMTV_quitoense_M1_segment_RNA_1,_complete_sequence","KY275269.1_Potato_mop-top_virus_strain_Maryland_segment_RNA1,_complete_sequence",0.9695203197868087,183,6004,6005,6005,6042,0.9998334721065778,1,0.00016652789342214822,6005,0.9693588676103246
"MN125060.1_Potato_mop-top_virus_isolate_PMTV_quitoense_M1_segment_RNA_1,_complete_sequence","KU955464.1_Potato_mop-top_virus_isolate_H11_P64_segment_RNA-rep,_complete_sequence",0.9695203197868087,183,6004,6005,6005,6042,0.9998334721065778,1,0.00016652789342214822,6005,0.9693588676103246
"MN125060.1_Potato_mop-top_virus_isolate_PMTV_quitoense_M1_segment_RNA_1,_complete_sequence","KU955466.1_Potato_mop-top_virus_isolate_C29_P69_segment_RNA-rep,_complete_sequence",0.9698534310459693,181,6004,6005,6005,6042,0.9998334721065778,1,0.00016652789342214822,6005,0.9696919233971689
"MN125060.1_Potato_mop-top_virus_isolate_PMTV_quitoense_M1_segment_RNA_1,_complete_sequence","KU955467.1_Potato_mop-top_virus_isolate_C29_P70_segment_RNA-rep,_complete_sequence",0.9700199866755497,180,6004,6005,6005,6042,0.9998334721065778,1,0.00016652789342214822,6005,0.9698584512905911
"MN125060.1_Potato_mop-top_virus_isolate_PMTV_quitoense_M1_segment_RNA_1,_complete_sequence","KU955468.1_Potato_mop-top_virus_isolate_C29_P71_segment_RNA-rep,_complete_sequence",0.9701865423051299,179,6004,6005,6005,6042,0.9998334721065778,1,0.00016652789342214822,6005,0.9700249791840133
"MN125060.1_Potato_mop-top_virus_isolate_PMTV_quitoense_M1_segment_RNA_1,_complete_sequence","KU955469.1_Potato_mop-top_virus_isolate_C61_P76_segment_RNA-rep,_complete_sequence",0.9711858760826116,173,6004,6005,6005,6042,0.9998334721065778,1,0.00016652789342214822,6005,0.9710241465445462
"MN125060.1_Potato_mop-top_virus_isolate_PMTV_quitoense_M1_segment_RNA_1,_complete_sequence","KU955470.1_Potato_mop-top_virus_isolate_C61_P77_segment_RNA-rep,_complete_sequence",0.9713524317121919,172,6004,6005,6005,6042,0.9998334721065778,1,0.00016652789342214822,6005,0.9711906744379684
"MN125060.1_Potato_mop-top_virus_isolate_PMTV_quitoense_M1_segment_RNA_1,_complete_sequence","KU955471.1_Potato_mop-top_virus_isolate_C115_P79_segment_RNA-rep,_complete_sequence",0.9715189873417721,171,6004,6005,6005,6042,0.9998334721065778,1,0.00016652789342214822,6005,0.9713572023313904
"MN125060.1_Potato_mop-top_virus_isolate_PMTV_quitoense_M1_segment_RNA_1,_complete_sequence","KU955472.1_Potato_mop-top_virus_isolate_C115_P80_segment_RNA-rep,_complete_sequence",0.9715189873417721,171,6004,6005,6005,6042,0.9998334721065778,1,0.00016652789342214822,6005,0.9713572023313904
"MN125060.1_Potato_mop-top_virus_isolate_PMTV_quitoense_M1_segment_RNA_1,_complete_sequence","KU955473.1_Potato_mop-top_virus_isolate_PF43_segment_RNA-rep,_complete_sequence",0.9700199866755497,180,6004,6005,6005,6042,0.9998334721065778,1,0.00016652789342214822,6005,0.9698584512905911
"MN125060.1_Potato_mop-top_virus_isolate_PMTV_quitoense_M1_segment_RNA_1,_complete_sequence","KM822695.1_Potato_mop-top_virus_isolate_Guangdong_segment_RNA1,_complete_sequence",0.9686875416389074,188,6004,6005,6005,6042,0.9998334721065778,1,0.00016652789342214822,6005,0.9685262281432139
"MN125060.1_Potato_mop-top_virus_isolate_PMTV_quitoense_M1_segment_RNA_1,_complete_sequence","KM822696.1_Potato_mop-top_virus_isolate_Yunnan_segment_RNA1,_complete_sequence",0.9701865423051299,179,6004,6005,6005,6042,0.9998334721065778,1,0.00016652789342214822,6005,0.9700249791840133
"MN125060.1_Potato_mop-top_virus_isolate_PMTV_quitoense_M1_segment_RNA_1,_complete_sequence","KM822697.1_Potato_mop-top_virus_isolate_Ch10_segment_RNA1,_complete_sequence",0.9691872085276483,185,6004,6005,6005,6042,0.9998334721065778,1,0.00016652789342214822,6005,0.9690258118234805
"MN125060.1_Potato_mop-top_virus_isolate_PMTV_quitoense_M1_segment_RNA_1,_complete_sequence","NC_003723.1_Potato_mop-top_virus_RNA_1,_complete_sequence",0.9676935886761032,194,6005,6005,6005,6043,1.0,0,0.0,6005,0.9676935886761032
"MN125060.1_Potato_mop-top_virus_isolate_PMTV_quitoense_M1_segment_RNA_1,_complete_sequence","KT225274.1_Colombian_potato_soil-borne_virus_isolate_IS13_segment_RNA1_putative_replicase_(ORF2)_and_polymerase_(ORF1)_genes,_complete_cds",0.7103120759837178,1708,5896,6064,6005,6061,0.9722955145118733,17,0.002803430079155673,5919,0.7083207657443176
"MN125060.1_Potato_mop-top_virus_isolate_PMTV_quitoense_M1_segment_RNA_1,_complete_sequence","NC_029034.2_Colombian_potato_soil-borne_virus_RNA_1,_complete_sequence",0.7119210834308645,1723,5981,6150,6005,6170,0.972520325203252,18,0.002926829268292683,6005,0.7098374119671643
"KM822698.1_Potato_mop-top_virus_isolate_Ch20_segment_RNA1,_complete_sequence","KM822709.1_Potato_mop-top_virus_isolate_Ch9_segment_RNA1,_complete_sequence",0.9980016652789342,12,6005,6005,6005,6005,1.0,0,0.0,6005,0.9980016652789342
"KM822698.1_Potato_mop-top_virus_isolate_Ch20_segment_RNA1,_complete_sequence","MN417990.1_Potato_mop-top_virus_isolate_PMTV_physalis_M2_segment_RNA1,_complete_sequence",0.972634740530619,164,5993,5994,6005,6010,0.9998331664998331,1,0.0001668335001668335,5993,0.9724724724724724
"KM822698.1_Potato_mop-top_virus_isolate_Ch20_segment_RNA1,_complete_sequence","ON398500.1_Potato_mop-top_virus_isolate_DSMZ_PV-0582_segment_RNA_1,_complete_sequence",0.9770788020746194,137,5977,5977,6005,6014,1.0,0,0.0,5977,0.9770788020746194
"KM822698.1_Potato_mop-top_virus_isolate_Ch20_segment_RNA1,_complete_sequence","KR857349.1_Potato_mop-top_virus_isolate_CO1_segment_RNA1_rep_protein_2_and_rep_protein_1_genes,_complete_cds",0.9703530979347101,178,6004,6004,6005,6041,1.0,0,0.0,6004,0.9703530979347101
"KM822698.1_Potato_mop-top_virus_isolate_Ch20_segment_RNA1,_complete_sequence","KR857352.1_Potato_mop-top_virus_isolate_CO2_segment_RNA1_rep_protein_2_and_rep_protein_1_genes,_complete_cds",0.972018654230513,168,6004,6004,6005,6041,1.0,0,0.0,6004,0.972018654230513
"KM822698.1_Potato_mop-top_virus_isolate_Ch20_segment_RNA1,_complete_sequence","KR857355.1_Potato_mop-top_virus_isolate_CO3_segment_RNA1_rep_protein_2_and_rep_protein_1_genes,_complete_cds",0.9986675549633578,8,6004,6004,6005,6041,1.0,0,0.0,6004,0.9986675549633578
"KM822698.1_Potato_mop-top_virus_isolate_Ch20_segment_RNA1,_complete_sequence","KR857358.1_Potato_mop-top_virus_isolate_CO4_segment_RNA1_rep_protein_2_and_rep_protein_1_genes,_complete_cds",0.9986675549633578,8,6004,6004,6005,6041,1.0,0,0.0,6004,0.9986675549633578
"KM822698.1_Potato_mop-top_virus_isolate_Ch20_segment_RNA1,_complete_sequence","KR857361.1_Potato_mop-top_virus_isolate_CO5_segment_RNA1_rep_protein_2_and_rep_protein_1_genes,_complete_cds",0.9703530979347101,178,6004,6004,6005,6041,1.0,0,0.0,6004,0.9703530979347101
"KM822698.1_Potato_mop-top_virus_isolate_Ch20_segment_RNA1,_complete_sequence","OP221272.1_Potato_mop-top_virus_isolate_Hebei_segment_RNA1,_complete_sequence",0.9848459616985845,91,6005,6005,6005,6042,1.0,0,0.0,6005,0.9848459616985845
"KM822698.1_Potato_mop-top_virus_isolate_Ch20_segment_RNA1,_complete_sequence","KY275269.1_Potato_mop-top_virus_strain_Maryland_segment_RNA1,_complete_sequence",0.9985012489592007,9,6005,6005,6005,6042,1.0,0,0.0,6005,0.9985012489592007
"KM822698.1_Potato_mop-top_virus_isolate_Ch20_segment_RNA1,_complete_sequence","KU955464.1_Potato_mop-top_virus_isolate_H11_P64_segment_RNA-rep,_complete_sequence",0.9906744379683597,56,6005,6005,6005,6042,1.0,0,0.0,6005,0.9906744379683597
"KM822698.1_Potato_mop-top_virus_isolate_Ch20_segment_RNA1,_complete_sequence","KU955466.1_Potato_mop-top_virus_isolate_C29_P69_segment_RNA-rep,_complete_sequence",0.9911740216486261,53,6005,6005,6005,6042,1.0,0,0.0,6005,0.9911740216486261
"KM822698.1_Potato_mop-top_virus_isolate_Ch20_segment_RNA1,_complete_sequence","KU955467.1_Potato_mop-top_virus_isolate_C29_P70_segment_RNA-rep,_complete_sequence",0.9913405495420483,52,6005,6005,6005,6042,1.0,0,0.0,6005,0.9913405495420483
"KM822698.1_Potato_mop-top_virus_isolate_Ch20_segment_RNA1,_complete_sequence","KU955468.1_Potato_mop-top_virus_isolate_C29_P71_segment_RNA-rep,_complete_sequence",0.9915070774354704,51,6005,6005,6005,6042,1.0,0,0.0,6005,0.9915070774354704
"KM822698.1_Potato_mop-top_virus_isolate_Ch20_segment_RNA1,_complete_sequence","KU955469.1_Potato_mop-top_virus_isolate_C61_P76_segment_RNA-rep,_complete_sequence",0.9906744379683597,56,6005,6005,6005,6042,1.0,0,0.0,6005,0.9906744379683597
"KM822698.1_Potato_mop-top_virus_isolate_Ch20_segment_RNA1,_complete_sequence","KU955470.1_Potato_mop-top_virus_isolate_C61_P77_segment_RNA-rep,_complete_sequence",0.9908409658617818,55,6005,6005,6005,6042,1.0,0,0.0,6005,0.9908409658617818
"KM822698.1_Potato_mop-top_virus_isolate_Ch20_segment_RNA1,_complete_sequence","KU955471.1_Potato_mop-top_virus_isolate_C115_P79_segment_RNA-rep,_complete_sequence",0.9915070774354704,51,6005,6005,6005,6042,1.0,0,0.0,6005,0.9915070774354704
"KM822698.1_Potato_mop-top_virus_isolate_Ch20_segment_RNA1,_complete_sequence","KU955472.1_Potato_mop-top_virus_isolate_C115_P80_segment_RNA-rep,_complete_sequence",0.9911740216486261,53,6005,6005,6005,6042,1.0,0,0.0,6005,0.9911740216486261
"KM822698.1_Potato_mop-top_virus_isolate_Ch20_segment_RNA1,_complete_sequence","KU955473.1_Potato_mop-top_virus_isolate_PF43_segment_RNA-rep,_complete_sequence",0.9990008326394672,6,6005,6005,6005,6042,1.0,0,0.0,6005,0.9990008326394672
"KM822698.1_Potato_mop-top_virus_isolate_Ch20_segment_RNA1,_complete_sequence","KM822695.1_Potato_mop-top_virus_isolate_Guangdong_segment_RNA1,_complete_sequence",0.9980016652789342,12,6005,6005,6005,6042,1.0,0,0.0,6005,0.9980016652789342
"KM822698.1_Potato_mop-top_virus_isolate_Ch20_segment_RNA1,_complete_sequence","KM822696.1_Potato_mop-top_virus_isolate_Yunnan_segment_RNA1,_complete_sequence",0.9838467943380517,97,6005,6005,6005,6042,1.0,0,0.0,6005,0.9838467943380517
"KM822698.1_Potato_mop-top_virus_isolate_Ch20_segment_RNA1,_complete_sequence","KM822697.1_Potato_mop-top_virus_isolate_Ch10_segment_RNA1,_complete_sequence",0.9985012489592007,9,6005,6005,6005,6042,1.0,0,0.0,6005,0.9985012489592007
"KM822698.1_Potato_mop-top_virus_isolate_Ch20_segment_RNA1,_complete_sequence","NC_003723.1_Potato_mop-top_virus_RNA_1,_complete_sequence",0.9960033305578685,24,6005,6006,6005,6043,0.9998334998334998,1,0.0001665001665001665,6005,0.9958374958374958
"KM822698.1_Potato_mop-top_virus_isolate_Ch20_segment_RNA1,_complete_sequence","KT225274.1_Colombian_potato_soil-borne_virus_isolate_IS13_segment_RNA1_putative_replicase_(ORF2)_and_polymerase_(ORF1)_genes,_complete_cds",0.7069640728758726,1721,5873,6050,6005,6061,0.9707438016528925,17,0.0028099173553719006,5894,0.7049775622578742
"KM822698.1_Potato_mop-top_virus_isolate_Ch20_segment_RNA1,_complete_sequence","NC_029034.2_Colombian_potato_soil-borne_virus_RNA_1,_complete_sequence",0.7099632230023403,1735,5982,6160,6005,6170,0.9711038961038961,18,0.002922077922077922,6004,0.7078886551429179
"KM822709.1_Potato_mop-top_virus_isolate_Ch9_segment_RNA1,_complete_sequence","MN417990.1_Potato_mop-top_virus_isolate_PMTV_physalis_M2_segment_RNA1,_complete_sequence",0.9723010178541632,166,5993,5994,6005,6010,0.9998331664998331,1,0.0001668335001668335,5993,0.9721388054721388
"KM822709.1_Potato_mop-top_virus_isolate_Ch9_segment_RNA1,_complete_sequence","ON398500.1_Potato_mop-top_virus_isolate_DSMZ_PV-0582_segment_RNA_1,_complete_sequence",0.9767441860465116,139,5977,5977,6005,6014,1.0,0,0.0,5977,0.9767441860465116
"KM822709.1_Potato_mop-top_virus_isolate_Ch9_segment_RNA1,_complete_sequence","KR857349.1_Potato_mop-top_virus_isolate_CO1_segment_RNA1_rep_protein_2_and_rep_protein_1_genes,_complete_cds",0.9701865423051299,179,6004,6004,6005,6041,1.0,0,0.0,6004,0.9701865423051299
"KM822709.1_Potato_mop-top_virus_isolate_Ch9_segment_RNA1,_complete_sequence","KR857352.1_Potato_mop-top_virus_isolate_CO2_segment_RNA1_rep_protein_2_and_rep_protein_1_genes,_complete_cds",0.9715189873417721,171,6004,6004,6005,6041,1.0,0,0.0,6004,0.9715189873417721
"KM822709.1_Potato_mop-top_virus_isolate_Ch9_segment_RNA1,_complete_sequence","KR857355.1_Potato_mop-top_virus_isolate_CO3_segment_RNA1_rep_protein_2_and_rep_protein_1_genes,_complete_cds",0.9983344437041972,10,6004,6004,6005,6041,1.0,0,0.0,6004,0.9983344437041972
"KM822709.1_Potato_mop-top_virus_isolate_Ch9_segment_RNA1,_complete_sequence","KR857358.1_Potato_mop-top_virus_isolate_CO4_segment_RNA1_rep_protein_2_and_rep_protein_1_genes,_complete_cds",0.9983344437041972,10,6004,6004,6005,6041,1.0,0,0.0,6004,0.9983344437041972
"KM822709.1_Potato_mop-top_virus_isolate_Ch9_segment_RNA1,_complete_sequence","KR857361.1_Potato_mop-top_virus_isolate_CO5_segment_RNA1_rep_protein_2_and_rep_protein_1_genes,_complete_cds",0.9701865423051299,179,6004,6004,6005,6041,1.0,0,0.0,6004,0.9701865423051299
"KM822709.1_Potato_mop-top_virus_isolate_Ch9_segment_RNA1,_complete_sequence","OP221272.1_Potato_mop-top_virus_isolate_Hebei_segment_RNA1,_complete_sequence",0.9845129059117402,93,6005,6005,6005,6042,1.0,0,0.0,6005,0.9845129059117402
"KM822709.1_Potato_mop-top_virus_isolate_Ch9_segment_RNA1,_complete_sequence","KY275269.1_Potato_mop-top_virus_strain_Maryland_segment_RNA1,_complete_sequence",0.9981681931723564,11,6005,6005,6005,6042,1.0,0,0.0,6005,0.9981681931723564
"KM822709.1_Potato_mop-top_virus_isolate_Ch9_segment_RNA1,_complete_sequence","KU955464.1_Potato_mop-top_virus_isolate_H11_P64_segment_RNA-rep,_complete_sequence",0.9903413821815154,58,6005,6005,6005,6042,1.0,0,0.0,6005,0.9903413821815154
"KM822709.1_Potato_mop-top_virus_isolate_Ch9_segment_RNA1,_complete_sequence","KU955466.1_Potato_mop-top_virus_isolate_C29_P69_segment_RNA-rep,_complete_sequence",0.9908409658617818,55,6005,6005,6005,6042,1.0,0,0.0,6005,0.9908409658617818
"KM822709.1_Potato_mop-top_virus_isolate_Ch9_segment_RNA1,_complete_sequence","KU955467.1_Potato_mop-top_virus_isolate_C29_P70_segment_RNA-rep,_complete_sequence",0.991007493755204,54,6005,6005,6005,6042,1.0,0,0.0,6005,0.991007493755204
"KM822709.1_Potato_mop-top_virus_isolate_Ch9_segment_RNA1,_complete_sequence","KU955468.1_Potato_mop-top_virus_isolate_C29_P71_segment_RNA-rep,_complete_sequence",0.9911740216486261,53,6005,6005,6005,6042,1.0,0,0.0,6005,0.9911740216486261
"KM822709.1_Potato_mop-top_virus_isolate_Ch9_segment_RNA1,_complete_sequence","KU955469.1_Potato_mop-top_virus_isolate_C61_P76_segment_RNA-rep,_complete_sequence",0.9903413821815154,58,6005,6005,6005,6042,1.0,0,0.0,6005,0.9903413821815154
"KM822709.1_Potato_mop-top_virus_isolate_Ch9_segment_RNA1,_complete_sequence","KU955470.1_Potato_mop-top_virus_isolate_C61_P77_segment_RNA-rep,_complete_sequence",0.9905079100749375,57,6005,6005,6005,6042,1.0,0,0.0,6005,0.9905079100749375
"KM822709.1_Potato_mop-top_virus_isolate_Ch9_segment_RNA1,_complete_sequence","KU955471.1_Potato_mop-top_virus_isolate_C115_P79_segment_RNA-rep,_complete_sequence",0.9911740216486261,53,6005,6005,6005,6042,1.0,0,0.0,6005,0.9911740216486261
"KM822709.1_Potato_mop-top_virus_isolate_Ch9_segment_RNA1,_complete_sequence","KU955472.1_Potato_mop-top_virus_isolate_C115_P80_segment_RNA-rep,_complete_sequence",0.9908409658617818,55,6005,6005,6005,6042,1.0,0,0.0,6005,0.9908409658617818
"KM822709.1_Potato_mop-top_virus_isolate_Ch9_segment_RNA1,_complete_sequence","KU955473.1_Potato_mop-top_virus_isolate_PF43_segment_RNA-rep,_complete_sequence",0.9986677768526229,8,6005,6005,6005,6042,1.0,0,0.0,6005,0.9986677768526229
"KM822709.1_Potato_mop-top_virus_isolate_Ch9_segment_RNA1,_complete_sequence","KM822695.1_Potato_mop-top_virus_isolate_Guangdong_segment_RNA1,_complete_sequence",0.9976686094920899,14,6005,6005,6005,6042,1.0,0,0.0,6005,0.9976686094920899
"KM822709.1_Potato_mop-top_virus_isolate_Ch9_segment_RNA1,_complete_sequence","KM822696.1_Potato_mop-top_virus_isolate_Yunnan_segment_RNA1,_complete_sequence",0.9835137385512074,99,6005,6005,6005,6042,1.0,0,0.0,6005,0.9835137385512074
"KM822709.1_Potato_mop-top_virus_isolate_Ch9_segment_RNA1,_complete_sequence","KM822697.1_Potato_mop-top_virus_isolate_Ch10_segment_RNA1,_complete_sequence",0.9980016652789342,12,6005,6005,6005,6042,1.0,0,0.0,6005,0.9980016652789342
"KM822709.1_Potato_mop-top_virus_isolate_Ch9_segment_RNA1,_complete_sequence","NC_003723.1_Potato_mop-top_virus_RNA_1,_complete_sequence",0.9956702747710241,26,6005,6006,6005,6043,0.9998334998334998,1,0.0001665001665001665,6005,0.9955044955044954
"KM822709.1_Potato_mop-top_virus_isolate_Ch9_segment_RNA1,_complete_sequence","KT225274.1_Colombian_potato_soil-borne_virus_isolate_IS13_segment_RNA1_putative_replicase_(ORF2)_and_polymerase_(ORF1)_genes,_complete_cds",0.7073046143367955,1719,5873,6050,6005,6061,0.9707438016528925,17,0.0028099173553719006,5894,0.7053171468254359
"KM822709.1_Potato_mop-top_virus_isolate_Ch9_segment_RNA1,_complete_sequence","NC_029034.2_Colombian_potato_soil-borne_virus_RNA_1,_complete_sequence",0.7102975593447007,1733,5982,6160,6005,6170,0.9711038961038961,18,0.002922077922077922,6004,0.7082220145284338
"MN417990.1_Potato_mop-top_virus_isolate_PMTV_physalis_M2_segment_RNA1,_complete_sequence","ON398500.1_Potato_mop-top_virus_isolate_DSMZ_PV-0582_segment_RNA_1,_complete_sequence",0.9669614550308694,198,5993,5994,6010,6014,0.9998331664998331,1,0.0001668335001668335,5994,0.9668001334668002
"MN417990.1_Potato_mop-top_virus_isolate_PMTV_physalis_M2_segment_RNA1,_complete_sequence","KR857349.1_Potato_mop-top_virus_isolate_CO1_segment_RNA1_rep_protein_2_and_rep_protein_1_genes,_complete_cds",0.9896821434514894,62,6009,6010,6010,6041,0.9998336106489185,1,0.00016638935108153079,6010,0.9895174708818636
"MN417990.1_Potato_mop-top_virus_isolate_PMTV_physalis_M2_segment_RNA1,_complete_sequence","KR857352.1_Potato_mop-top_virus_isolate_CO2_segment_RNA1_rep_protein_2_and_rep_protein_1_genes,_complete_cds",0.981028457314029,114,6009,6010,6010,6041,0.9998336106489185,1,0.00016638935108153079,6010,0.9808652246256241
"MN417990.1_Potato_mop-top_virus_isolate_PMTV_physalis_M2_segment_RNA1,_complete_sequence","KR857355.1_Potato_mop-top_virus_isolate_CO3_segment_RNA1_rep_protein_2_and_rep_protein_1_genes,_complete_cds",0.9730404393409885,162,6009,6010,6010,6041,0.9998336106489185,1,0.00016638935108153079,6010,0.9728785357737105
"MN417990.1_Potato_mop-top_virus_isolate_PMTV_physalis_M2_segment_RNA1,_complete_sequence","KR857358.1_Potato_mop-top_virus_isolate_CO4_segment_RNA1_rep_protein_2_and_rep_protein_1_genes,_complete_cds",0.9730404393409885,162,6009,6010,6010,6041,0.9998336106489185,1,0.00016638935108153079,6010,0.9728785357737105
"MN417990.1_Potato_mop-top_virus_isolate_PMTV_physalis_M2_segment_RNA1,_complete_sequence","KR857361.1_Potato_mop-top_virus_isolate_CO5_segment_RNA1_rep_protein_2_and_rep_protein_1_genes,_complete_cds",0.9915127309036446,51,6009,6010,6010,6041,0.9998336106489185,1,0.00016638935108153079,6010,0.9913477537437605
"MN417990.1_Potato_mop-top_virus_isolate_PMTV_physalis_M2_segment_RNA1,_complete_sequence","OP221272.1_Potato_mop-top_virus_isolate_Hebei_segment_RNA1,_complete_sequence",0.9748710267931436,151,6009,6010,6010,6042,0.9998336106489185,1,0.00016638935108153079,6010,0.9747088186356074
"MN417990.1_Potato_mop-top_virus_isolate_PMTV_physalis_M2_segment_RNA1,_complete_sequence","KY275269.1_Potato_mop-top_virus_strain_Maryland_segment_RNA1,_complete_sequence",0.9728740222998835,163,6009,6010,6010,6042,0.9998336106489185,1,0.00016638935108153079,6010,0.972712146422629
"MN417990.1_Potato_mop-top_virus_isolate_PMTV_physalis_M2_segment_RNA1,_complete_sequence","KU955464.1_Potato_mop-top_virus_isolate_H11_P64_segment_RNA-rep,_complete_sequence",0.9740389415876186,156,6009,6010,6010,6042,0.9998336106489185,1,0.00016638935108153079,6010,0.9738768718801998
"MN417990.1_Potato_mop-top_virus_isolate_PMTV_physalis_M2_segment_RNA1,_complete_sequence","KU955466.1_Potato_mop-top_virus_isolate_C29_P69_segment_RNA-rep,_complete_sequence",0.9738725245465135,157,6009,6010,6010,6042,0.9998336106489185,1,0.00016638935108153079,6010,0.9737104825291182
"MN417990.1_Potato_mop-top_virus_isolate_PMTV_physalis_M2_segment_RNA1,_complete_sequence","KU955467.1_Potato_mop-top_virus_isolate_C29_P70_segment_RNA-rep,_complete_sequence",0.9740389415876186,156,6009,6010,6010,6042,0.9998336106489185,1,0.00016638935108153079,6010,0.9738768718801998
"MN417990.1_Potato_mop-top_virus_isolate_PMTV_physalis_M2_segment_RNA1,_complete_sequence","KU955468.1_Potato_mop-top_virus_isolate_C29_P71_segment_RNA-rep,_complete_sequence",0.9742053586287236,155,6009,6010,6010,6042,0.9998336106489185,1,0.00016638935108153079,6010,0.9740432612312813
"MN417990.1_Potato_mop-top_virus_isolate_PMTV_physalis_M2_segment_RNA1,_complete_sequence","KU955469.1_Potato_mop-top_virus_isolate_C61_P76_segment_RNA-rep,_complete_sequence",0.9747046097520387,152,6009,6010,6010,6042,0.9998336106489185,1,0.00016638935108153079,6010,0.9745424292845258
"MN417990.1_Potato_mop-top_virus_isolate_PMTV_physalis_M2_segment_RNA1,_complete_sequence","KU955470.1_Potato_mop-top_virus_isolate_C61_P77_segment_RNA-rep,_complete_sequence",0.9748710267931436,151,6009,6010,6010,6042,0.9998336106489185,1,0.00016638935108153079,6010,0.9747088186356074
"MN417990.1_Potato_mop-top_virus_isolate_PMTV_physalis_M2_segment_RNA1,_complete_sequence","KU955471.1_Potato_mop-top_virus_isolate_C115_P79_segment_RNA-rep,_complete_sequence",0.9758695290397736,145,6009,6010,6010,6042,0.9998336106489185,1,0.00016638935108153079,6010,0.9757071547420966
"MN417990.1_Potato_mop-top_virus_isolate_PMTV_physalis_M2_segment_RNA1,_complete_sequence","KU955472.1_Potato_mop-top_virus_isolate_C115_P80_segment_RNA-rep,_complete_sequence",0.9758695290397736,145,6009,6010,6010,6042,0.9998336106489185,1,0.00016638935108153079,6010,0.9757071547420966
"MN417990.1_Potato_mop-top_virus_isolate_PMTV_physalis_M2_segment_RNA1,_complete_sequence","KU955473.1_Potato_mop-top_virus_isolate_PF43_segment_RNA-rep,_complete_sequence",0.9733732734231986,160,6009,6010,6010,6042,0.9998336106489185,1,0.00016638935108153079,6010,0.9732113144758736
"MN417990.1_Potato_mop-top_virus_isolate_PMTV_physalis_M2_segment_RNA1,_complete_sequence","KM822695.1_Potato_mop-top_virus_isolate_Guangdong_segment_RNA1,_complete_sequence",0.9720419370943585,168,6009,6010,6010,6042,0.9998336106489185,1,0.00016638935108153079,6010,0.9718801996672214
"MN417990.1_Potato_mop-top_virus_isolate_PMTV_physalis_M2_segment_RNA1,_complete_sequence","KM822696.1_Potato_mop-top_virus_isolate_Yunnan_segment_RNA1,_complete_sequence",0.9735396904643036,159,6009,6010,6010,6042,0.9998336106489185,1,0.00016638935108153079,6010,0.9733777038269551
"MN417990.1_Potato_mop-top_virus_isolate_PMTV_physalis_M2_segment_RNA1,_complete_sequence","KM822697.1_Potato_mop-top_virus_isolate_Ch10_segment_RNA1,_complete_sequence",0.9725411882176735,165,6009,6010,6010,6042,0.9998336106489185,1,0.00016638935108153079,6010,0.972379367720466
"MN417990.1_Potato_mop-top_virus_isolate_PMTV_physalis_M2_segment_RNA1,_complete_sequence","NC_003723.1_Potato_mop-top_virus_RNA_1,_complete_sequence",0.9707154742096505,176,6010,6010,6010,6043,1.0,0,0.0,6010,0.9707154742096505
"MN417990.1_Potato_mop-top_virus_isolate_PMTV_physalis_M2_segment_RNA1,_complete_sequence","KT225274.1_Colombian_potato_soil-borne_virus_isolate_IS13_segment_RNA1_putative_replicase_(ORF2)_and_polymerase_(ORF1)_genes,_complete_cds",0.7085316111488783,1715,5884,6060,6010,6061,0.970957095709571,20,0.0033003300330033004,5911,0.7061932229932714
"MN417990.1_Potato_mop-top_virus_isolate_PMTV_physalis_M2_segment_RNA1,_complete_sequence","NC_029034.2_Colombian_potato_soil-borne_virus_RNA_1,_complete_sequence",0.7106318956870612,1731,5982,6159,6010,6170,0.9712615684364345,21,0.0034096444227959084,6010,0.7082088936072709
"ON398500.1_Potato_mop-top_virus_isolate_DSMZ_PV-0582_segment_RNA_1,_complete_sequence","KR857349.1_Potato_mop-top_virus_isolate_CO1_segment_RNA1_rep_protein_2_and_rep_protein_1_genes,_complete_cds",0.963751247090123,218,6014,6014,6014,6041,1.0,0,0.0,6014,0.963751247090123
"ON398500.1_Potato_mop-top_virus_isolate_DSMZ_PV-0582_segment_RNA_1,_complete_sequence","KR857352.1_Potato_mop-top_virus_isolate_CO2_segment_RNA1_rep_protein_2_and_rep_protein_1_genes,_complete_cds",0.9664117060192883,202,6014,6014,6014,6041,1.0,0,0.0,6014,0.9664117060192883
"ON398500.1_Potato_mop-top_virus_isolate_DSMZ_PV-0582_segment_RNA_1,_complete_sequence","KR857355.1_Potato_mop-top_virus_isolate_CO3_segment_RNA1_rep_protein_2_and_rep_protein_1_genes,_complete_cds",0.9778849351513136,133,6014,6014,6014,6041,1.0,0,0.0,6014,0.9778849351513136
"ON398500.1_Potato_mop-top_virus_isolate_DSMZ_PV-0582_segment_RNA_1,_complete_sequence","KR857358.1_Potato_mop-top_virus_isolate_CO4_segment_RNA1_rep_protein_2_and_rep_protein_1_genes,_complete_cds",0.9778849351513136,133,6014,6014,6014,6041,1.0,0,0.0,6014,0.9778849351513136
"ON398500.1_Potato_mop-top_virus_isolate_DSMZ_PV-0582_segment_RNA_1,_complete_sequence","KR857361.1_Potato_mop-top_virus_isolate_CO5_segment_RNA1_rep_protein_2_and_rep_protein_1_genes,_complete_cds",0.9639175257731959,217,6014,6014,6014,6041,1.0,0,0.0,6014,0.9639175257731959
"ON398500.1_Potato_mop-top_virus_isolate_DSMZ_PV-0582_segment_RNA_1,_complete_sequence","OP221272.1_Potato_mop-top_virus_isolate_Hebei_segment_RNA1,_complete_sequence",0.9905221150648487,57,6014,6014,6014,6042,1.0,0,0.0,6014,0.9905221150648487
"ON398500.1_Potato_mop-top_virus_isolate_DSMZ_PV-0582_segment_RNA_1,_complete_sequence","KY275269.1_Potato_mop-top_virus_strain_Maryland_segment_RNA1,_complete_sequence",0.9777186564682407,134,6014,6014,6014,6042,1.0,0,0.0,6014,0.9777186564682407
"ON398500.1_Potato_mop-top_virus_isolate_DSMZ_PV-0582_segment_RNA_1,_complete_sequence","KU955464.1_Potato_mop-top_virus_isolate_H11_P64_segment_RNA-rep,_complete_sequence",0.9787163285666778,128,6014,6014,6014,6042,1.0,0,0.0,6014,0.9787163285666778
"ON398500.1_Potato_mop-top_virus_isolate_DSMZ_PV-0582_segment_RNA_1,_complete_sequence","KU955466.1_Potato_mop-top_virus_isolate_C29_P69_segment_RNA-rep,_complete_sequence",0.9785500498836049,129,6014,6014,6014,6042,1.0,0,0.0,6014,0.9785500498836049
"ON398500.1_Potato_mop-top_virus_isolate_DSMZ_PV-0582_segment_RNA_1,_complete_sequence","KU955467.1_Potato_mop-top_virus_isolate_C29_P70_segment_RNA-rep,_complete_sequence",0.9787163285666778,128,6014,6014,6014,6042,1.0,0,0.0,6014,0.9787163285666778
"ON398500.1_Potato_mop-top_virus_isolate_DSMZ_PV-0582_segment_RNA_1,_complete_sequence","KU955468.1_Potato_mop-top_virus_isolate_C29_P71_segment_RNA-rep,_complete_sequence",0.9788826072497506,127,6014,6014,6014,6042,1.0,0,0.0,6014,0.9788826072497506
"ON398500.1_Potato_mop-top_virus_isolate_DSMZ_PV-0582_segment_RNA_1,_complete_sequence","KU955469.1_Potato_mop-top_virus_isolate_C61_P76_segment_RNA-rep,_complete_sequence",0.9787163285666778,128,6014,6014,6014,6042,1.0,0,0.0,6014,0.9787163285666778
"ON398500.1_Potato_mop-top_virus_isolate_DSMZ_PV-0582_segment_RNA_1,_complete_sequence","KU955470.1_Potato_mop-top_virus_isolate_C61_P77_segment_RNA-rep,_complete_sequence",0.9788826072497506,127,6014,6014,6014,6042,1.0,0,0.0,6014,0.9788826072497506
"ON398500.1_Potato_mop-top_virus_isolate_DSMZ_PV-0582_segment_RNA_1,_complete_sequence","KU955471.1_Potato_mop-top_virus_isolate_C115_P79_segment_RNA-rep,_complete_sequence",0.9792151646158962,125,6014,6014,6014,6042,1.0,0,0.0,6014,0.9792151646158962
"ON398500.1_Potato_mop-top_virus_isolate_DSMZ_PV-0582_segment_RNA_1,_complete_sequence","KU955472.1_Potato_mop-top_virus_isolate_C115_P80_segment_RNA-rep,_complete_sequence",0.9788826072497506,127,6014,6014,6014,6042,1.0,0,0.0,6014,0.9788826072497506
"ON398500.1_Potato_mop-top_virus_isolate_DSMZ_PV-0582_segment_RNA_1,_complete_sequence","KU955473.1_Potato_mop-top_virus_isolate_PF43_segment_RNA-rep,_complete_sequence",0.9782174925174593,131,6014,6014,6014,6042,1.0,0,0.0,6014,0.9782174925174593
"ON398500.1_Potato_mop-top_virus_isolate_DSMZ_PV-0582_segment_RNA_1,_complete_sequence","KM822695.1_Potato_mop-top_virus_isolate_Guangdong_segment_RNA1,_complete_sequence",0.9768872630528767,139,6014,6014,6014,6042,1.0,0,0.0,6014,0.9768872630528767
"ON398500.1_Potato_mop-top_virus_isolate_DSMZ_PV-0582_segment_RNA_1,_complete_sequence","KM822696.1_Potato_mop-top_virus_isolate_Yunnan_segment_RNA1,_complete_sequence",0.989191885600266,65,6014,6014,6014,6042,1.0,0,0.0,6014,0.989191885600266
"ON398500.1_Potato_mop-top_virus_isolate_DSMZ_PV-0582_segment_RNA_1,_complete_sequence","KM822697.1_Potato_mop-top_virus_isolate_Ch10_segment_RNA1,_complete_sequence",0.9772198204190223,137,6014,6014,6014,6042,1.0,0,0.0,6014,0.9772198204190223
"ON398500.1_Potato_mop-top_virus_isolate_DSMZ_PV-0582_segment_RNA_1,_complete_sequence","NC_003723.1_Potato_mop-top_virus_RNA_1,_complete_sequence",0.9755570335882939,147,6014,6015,6014,6043,0.999833748960931,1,0.00016625103906899418,6014,0.9753948462177888
"ON398500.1_Potato_mop-top_virus_isolate_DSMZ_PV-0582_segment_RNA_1,_complete_sequence","KT225274.1_Colombian_potato_soil-borne_virus_isolate_IS13_segment_RNA1_putative_replicase_(ORF2)_and_polymerase_(ORF1)_genes,_complete_cds",0.7084251568062383,1720,5899,6085,6014,6061,0.9694330320460148,23,0.0037797863599013967,5931,0.7057474610615311
"ON398500.1_Potato_mop-top_virus_isolate_DSMZ_PV-0582_segment_RNA_1,_complete_sequence","NC_029034.2_Colombian_potato_soil-borne_virus_RNA_1,_complete_sequence",0.7102491222203645,1733,5981,6168,6014,6170,0.9696822308690013,24,0.0038910505836575876,6014,0.7074855069588066
"KR857349.1_Potato_mop-top_virus_isolate_CO1_segment_RNA1_rep_protein_2_and_rep_protein_1_genes,_complete_cds","KR857352.1_Potato_mop-top_virus_isolate_CO2_segment_RNA1_rep_protein_2_and_rep_protein_1_genes,_complete_cds",0.9791425260718424,126,6041,6041,6041,6041,1.0,0,0.0,6041,0.9791425260718424
"KR857349.1_Potato_mop-top_virus_isolate_CO1_segment_RNA1_rep_protein_2_and_rep_protein_1_genes,_complete_cds","KR857355.1_Potato_mop-top_virus_isolate_CO3_segment_RNA1_rep_protein_2_and_rep_protein_1_genes,_complete_cds",0.9707002151961596,177,6041,6041,6041,6041,1.0,0,0.0,6041,0.9707002151961596
"KR857349.1_Potato_mop-top_virus_isolate_CO1_segment_RNA1_rep_protein_2_and_rep_protein_1_genes,_complete_cds","KR857358.1_Potato_mop-top_virus_isolate_CO4_segment_RNA1_rep_protein_2_and_rep_protein_1_genes,_complete_cds",0.9707002151961596,177,6041,6041,6041,6041,1.0,0,0.0,6041,0.9707002151961596
"KR857349.1_Potato_mop-top_virus_isolate_CO1_segment_RNA1_rep_protein_2_and_rep_protein_1_genes,_complete_cds","KR857361.1_Potato_mop-top_virus_isolate_CO5_segment_RNA1_rep_protein_2_and_rep_protein_1_genes,_complete_cds",0.9892401920211885,65,6041,6041,6041,6041,1.0,0,0.0,6041,0.9892401920211885
"KR857349.1_Potato_mop-top_virus_isolate_CO1_segment_RNA1_rep_protein_2_and_rep_protein_1_genes,_complete_cds","OP221272.1_Potato_mop-top_virus_isolate_Hebei_segment_RNA1,_complete_sequence",0.9713623572256249,173,6041,6041,6041,6042,1.0,0,0.0,6041,0.9713623572256249
"KR857349.1_Potato_mop-top_virus_isolate_CO1_segment_RNA1_rep_protein_2_and_rep_protein_1_genes,_complete_cds","KY275269.1_Potato_mop-top_virus_strain_Maryland_segment_RNA1,_complete_sequence",0.9705346796887933,178,6041,6041,6041,6042,1.0,0,0.0,6041,0.9705346796887933
"KR857349.1_Potato_mop-top_virus_isolate_CO1_segment_RNA1_rep_protein_2_and_rep_protein_1_genes,_complete_cds","KU955464.1_Potato_mop-top_virus_isolate_H11_P64_segment_RNA-rep,_complete_sequence",0.9705346796887933,178,6041,6041,6041,6042,1.0,0,0.0,6041,0.9705346796887933
"KR857349.1_Potato_mop-top_virus_isolate_CO1_segment_RNA1_rep_protein_2_and_rep_protein_1_genes,_complete_cds","KU955466.1_Potato_mop-top_virus_isolate_C29_P69_segment_RNA-rep,_complete_sequence",0.970369144181427,179,6041,6041,6041,6042,1.0,0,0.0,6041,0.970369144181427
"KR857349.1_Potato_mop-top_virus_isolate_CO1_segment_RNA1_rep_protein_2_and_rep_protein_1_genes,_complete_cds","KU955467.1_Potato_mop-top_virus_isolate_C29_P70_segment_RNA-rep,_complete_sequence",0.9705346796887933,178,6041,6041,6041,6042,1.0,0,0.0,6041,0.9705346796887933
"KR857349.1_Potato_mop-top_virus_isolate_CO1_segment_RNA1_rep_protein_2_and_rep_protein_1_genes,_complete_cds","KU955468.1_Potato_mop-top_virus_isolate_C29_P71_segment_RNA-rep,_complete_sequence",0.9707002151961596,177,6041,6041,6041,6042,1.0,0,0.0,6041,0.9707002151961596
"KR857349.1_Potato_mop-top_virus_isolate_CO1_segment_RNA1_rep_protein_2_and_rep_protein_1_genes,_complete_cds","KU955469.1_Potato_mop-top_virus_isolate_C61_P76_segment_RNA-rep,_complete_sequence",0.9718589637477238,170,6041,6041,6041,6042,1.0,0,0.0,6041,0.9718589637477238
"KR857349.1_Potato_mop-top_virus_isolate_CO1_segment_RNA1_rep_protein_2_and_rep_protein_1_genes,_complete_cds","KU955470.1_Potato_mop-top_virus_isolate_C61_P77_segment_RNA-rep,_complete_sequence",0.9720244992550903,169,6041,6041,6041,6042,1.0,0,0.0,6041,0.9720244992550903
"KR857349.1_Potato_mop-top_virus_isolate_CO1_segment_RNA1_rep_protein_2_and_rep_protein_1_genes,_complete_cds","KU955471.1_Potato_mop-top_virus_isolate_C115_P79_segment_RNA-rep,_complete_sequence",0.9726866412845555,165,6041,6041,6041,6042,1.0,0,0.0,6041,0.9726866412845555
"KR857349.1_Potato_mop-top_virus_isolate_CO1_segment_RNA1_rep_protein_2_and_rep_protein_1_genes,_complete_cds","KU955472.1_Potato_mop-top_virus_isolate_C115_P80_segment_RNA-rep,_complete_sequence",0.9723555702698229,167,6041,6041,6041,6042,1.0,0,0.0,6041,0.9723555702698229
"KR857349.1_Potato_mop-top_virus_isolate_CO1_segment_RNA1_rep_protein_2_and_rep_protein_1_genes,_complete_cds","KU955473.1_Potato_mop-top_virus_isolate_PF43_segment_RNA-rep,_complete_sequence",0.9710312862108922,175,6041,6041,6041,6042,1.0,0,0.0,6041,0.9710312862108922
"KR857349.1_Potato_mop-top_virus_isolate_CO1_segment_RNA1_rep_protein_2_and_rep_protein_1_genes,_complete_cds","KM822695.1_Potato_mop-top_virus_isolate_Guangdong_segment_RNA1,_complete_sequence",0.9697070021519616,183,6041,6041,6041,6042,1.0,0,0.0,6041,0.9697070021519616
"KR857349.1_Potato_mop-top_virus_isolate_CO1_segment_RNA1_rep_protein_2_and_rep_protein_1_genes,_complete_cds","KM822696.1_Potato_mop-top_virus_isolate_Yunnan_segment_RNA1,_complete_sequence",0.9700380731666942,181,6041,6041,6041,6042,1.0,0,0.0,6041,0.9700380731666942
"KR857349.1_Potato_mop-top_virus_isolate_CO1_segment_RNA1_rep_protein_2_and_rep_protein_1_genes,_complete_cds","KM822697.1_Potato_mop-top_virus_isolate_Ch10_segment_RNA1,_complete_sequence",0.9702036086740606,180,6041,6041,6041,6042,1.0,0,0.0,6041,0.9702036086740606
"KR857349.1_Potato_mop-top_virus_isolate_CO1_segment_RNA1_rep_protein_2_and_rep_protein_1_genes,_complete_cds","NC_003723.1_Potato_mop-top_virus_RNA_1,_complete_sequence",0.968382718093031,191,6041,6042,6041,6043,0.9998344918901027,1,0.00016550810989738498,6041,0.9682224428997022
"KR857349.1_Potato_mop-top_virus_isolate_CO1_segment_RNA1_rep_protein_2_and_rep_protein_1_genes,_complete_cds","KT225274.1_Colombian_potato_soil-borne_virus_isolate_IS13_segment_RNA1_putative_replicase_(ORF2)_and_polymerase_(ORF1)_genes,_complete_cds",0.7088414634146342,1719,5904,6080,6041,6061,0.9710526315789474,20,0.003289473684210526,5931,0.7065097480744544
"KR857349.1_Potato_mop-top_virus_isolate_CO1_segment_RNA1_rep_protein_2_and_rep_protein_1_genes,_complete_cds","NC_029034.2_Colombian_potato_soil-borne_virus_RNA_1,_complete_sequence",0.7112922002328288,1736,6013,6190,6041,6170,0.97140549273021,21,0.003392568659127625,6041,0.708879092606837
"KR857352.1_Potato_mop-top_virus_isolate_CO2_segment_RNA1_rep_protein_2_and_rep_protein_1_genes,_complete_cds","KR857355.1_Potato_mop-top_virus_isolate_CO3_segment_RNA1_rep_protein_2_and_rep_protein_1_genes,_complete_cds",0.9723555702698229,167,6041,6041,6041,6041,1.0,0,0.0,6041,0.9723555702698229
"KR857352.1_Potato_mop-top_virus_isolate_CO2_segment_RNA1_rep_protein_2_and_rep_protein_1_genes,_complete_cds","KR857358.1_Potato_mop-top_virus_isolate_CO4_segment_RNA1_rep_protein_2_and_rep_protein_1_genes,_complete_cds",0.9723555702698229,167,6041,6041,6041,6041,1.0,0,0.0,6041,0.9723555702698229
"KR857352.1_Potato_mop-top_virus_isolate_CO2_segment_RNA1_rep_protein_2_and_rep_protein_1_genes,_complete_cds","KR857361.1_Potato_mop-top_virus_isolate_CO5_segment_RNA1_rep_protein_2_and_rep_protein_1_genes,_complete_cds",0.9803012746234068,119,6041,6041,6041,6041,1.0,0,0.0,6041,0.9803012746234068
"KR857352.1_Potato_mop-top_virus_isolate_CO2_segment_RNA1_rep_protein_2_and_rep_protein_1_genes,_complete_cds","OP221272.1_Potato_mop-top_virus_isolate_Hebei_segment_RNA1,_complete_sequence",0.9741764608508525,156,6041,6041,6041,6042,1.0,0,0.0,6041,0.9741764608508525
"KR857352.1_Potato_mop-top_virus_isolate_CO2_segment_RNA1_rep_protein_2_and_rep_protein_1_genes,_complete_cds","KY275269.1_Potato_mop-top_virus_strain_Maryland_segment_RNA1,_complete_sequence",0.9721900347624566,168,6041,6041,6041,6042,1.0,0,0.0,6041,0.9721900347624566
"KR857352.1_Potato_mop-top_virus_isolate_CO2_segment_RNA1_rep_protein_2_and_rep_protein_1_genes,_complete_cds","KU955464.1_Potato_mop-top_virus_isolate_H11_P64_segment_RNA-rep,_complete_sequence",0.9723555702698229,167,6041,6041,6041,6042,1.0,0,0.0,6041,0.9723555702698229
"KR857352.1_Potato_mop-top_virus_isolate_CO2_segment_RNA1_rep_protein_2_and_rep_protein_1_genes,_complete_cds","KU955466.1_Potato_mop-top_virus_isolate_C29_P69_segment_RNA-rep,_complete_sequence",0.9726866412845555,165,6041,6041,6041,6042,1.0,0,0.0,6041,0.9726866412845555
"KR857352.1_Potato_mop-top_virus_isolate_CO2_segment_RNA1_rep_protein_2_and_rep_protein_1_genes,_complete_cds","KU955467.1_Potato_mop-top_virus_isolate_C29_P70_segment_RNA-rep,_complete_sequence",0.9728521767919218,164,6041,6041,6041,6042,1.0,0,0.0,6041,0.9728521767919218
"KR857352.1_Potato_mop-top_virus_isolate_CO2_segment_RNA1_rep_protein_2_and_rep_protein_1_genes,_complete_cds","KU955468.1_Potato_mop-top_virus_isolate_C29_P71_segment_RNA-rep,_complete_sequence",0.9730177122992882,163,6041,6041,6041,6042,1.0,0,0.0,6041,0.9730177122992882
"KR857352.1_Potato_mop-top_virus_isolate_CO2_segment_RNA1_rep_protein_2_and_rep_protein_1_genes,_complete_cds","KU955469.1_Potato_mop-top_virus_isolate_C61_P76_segment_RNA-rep,_complete_sequence",0.9736798543287535,159,6041,6041,6041,6042,1.0,0,0.0,6041,0.9736798543287535
"KR857352.1_Potato_mop-top_virus_isolate_CO2_segment_RNA1_rep_protein_2_and_rep_protein_1_genes,_complete_cds","KU955470.1_Potato_mop-top_virus_isolate_C61_P77_segment_RNA-rep,_complete_sequence",0.9738453898361199,158,6041,6041,6041,6042,1.0,0,0.0,6041,0.9738453898361199
"KR857352.1_Potato_mop-top_virus_isolate_CO2_segment_RNA1_rep_protein_2_and_rep_protein_1_genes,_complete_cds","KU955471.1_Potato_mop-top_virus_isolate_C115_P79_segment_RNA-rep,_complete_sequence",0.9741764608508525,156,6041,6041,6041,6042,1.0,0,0.0,6041,0.9741764608508525
"KR857352.1_Potato_mop-top_virus_isolate_CO2_segment_RNA1_rep_protein_2_and_rep_protein_1_genes,_complete_cds","KU955472.1_Potato_mop-top_virus_isolate_C115_P80_segment_RNA-rep,_complete_sequence",0.9741764608508525,156,6041,6041,6041,6042,1.0,0,0.0,6041,0.9741764608508525
"KR857352.1_Potato_mop-top_virus_isolate_CO2_segment_RNA1_rep_protein_2_and_rep_protein_1_genes,_complete_cds","KU955473.1_Potato_mop-top_virus_isolate_PF43_segment_RNA-rep,_complete_sequence",0.9726866412845555,165,6041,6041,6041,6042,1.0,0,0.0,6041,0.9726866412845555
"KR857352.1_Potato_mop-top_virus_isolate_CO2_segment_RNA1_rep_protein_2_and_rep_protein_1_genes,_complete_cds","KM822695.1_Potato_mop-top_virus_isolate_Guangdong_segment_RNA1,_complete_sequence",0.9713623572256249,173,6041,6041,6041,6042,1.0,0,0.0,6041,0.9713623572256249
"KR857352.1_Potato_mop-top_virus_isolate_CO2_segment_RNA1_rep_protein_2_and_rep_protein_1_genes,_complete_cds","KM822696.1_Potato_mop-top_virus_isolate_Yunnan_segment_RNA1,_complete_sequence",0.9728521767919218,164,6041,6041,6041,6042,1.0,0,0.0,6041,0.9728521767919218
"KR857352.1_Potato_mop-top_virus_isolate_CO2_segment_RNA1_rep_protein_2_and_rep_protein_1_genes,_complete_cds","KM822697.1_Potato_mop-top_virus_isolate_Ch10_segment_RNA1,_complete_sequence",0.9718589637477238,170,6041,6041,6041,6042,1.0,0,0.0,6041,0.9718589637477238
"KR857352.1_Potato_mop-top_virus_isolate_CO2_segment_RNA1_rep_protein_2_and_rep_protein_1_genes,_complete_cds","NC_003723.1_Potato_mop-top_virus_RNA_1,_complete_sequence",0.9697070021519616,183,6041,6042,6041,6043,0.9998344918901027,1,0.00016550810989738498,6041,0.9695465077788812
"KR857352.1_Potato_mop-top_virus_isolate_CO2_segment_RNA1_rep_protein_2_and_rep_protein_1_genes,_complete_cds","KT225274.1_Colombian_potato_soil-borne_virus_isolate_IS13_segment_RNA1_putative_replicase_(ORF2)_and_polymerase_(ORF1)_genes,_complete_cds",0.7085308056872037,1722,5908,6076,6041,6061,0.9723502304147466,17,0.0027978933508887426,5931,0.7065484120570716
"KR857352.1_Potato_mop-top_virus_isolate_CO2_segment_RNA1_rep_protein_2_and_rep_protein_1_genes,_complete_cds","NC_029034.2_Colombian_potato_soil-borne_virus_RNA_1,_complete_sequence",0.7111517367458866,1738,6017,6186,6041,6170,0.9726802457161332,18,0.002909796314258002,6041,0.7090824300434252
"KR857355.1_Potato_mop-top_virus_isolate_CO3_segment_RNA1_rep_protein_2_and_rep_protein_1_genes,_complete_cds","KR857358.1_Potato_mop-top_virus_isolate_CO4_segment_RNA1_rep_protein_2_and_rep_protein_1_genes,_complete_cds",0.9993378579705346,4,6041,6041,6041,6041,1.0,0,0.0,6041,0.9993378579705346
"KR857355.1_Potato_mop-top_virus_isolate_CO3_segment_RNA1_rep_protein_2_and_rep_protein_1_genes,_complete_cds","KR857361.1_Potato_mop-top_virus_isolate_CO5_segment_RNA1_rep_protein_2_and_rep_protein_1_genes,_complete_cds",0.9707002151961596,177,6041,6041,6041,6041,1.0,0,0.0,6041,0.9707002151961596
"KR857355.1_Potato_mop-top_virus_isolate_CO3_segment_RNA1_rep_protein_2_and_rep_protein_1_genes,_complete_cds","OP221272.1_Potato_mop-top_virus_isolate_Hebei_segment_RNA1,_complete_sequence",0.9855984108591292,87,6041,6041,6041,6042,1.0,0,0.0,6041,0.9855984108591292
"KR857355.1_Potato_mop-top_virus_isolate_CO3_segment_RNA1_rep_protein_2_and_rep_protein_1_genes,_complete_cds","KY275269.1_Potato_mop-top_virus_strain_Maryland_segment_RNA1,_complete_sequence",0.9991723224631683,5,6041,6041,6041,6042,1.0,0,0.0,6041,0.9991723224631683
"KR857355.1_Potato_mop-top_virus_isolate_CO3_segment_RNA1_rep_protein_2_and_rep_protein_1_genes,_complete_cds","KU955464.1_Potato_mop-top_virus_isolate_H11_P64_segment_RNA-rep,_complete_sequence",0.9913921536169509,52,6041,6041,6041,6042,1.0,0,0.0,6041,0.9913921536169509
"KR857355.1_Potato_mop-top_virus_isolate_CO3_segment_RNA1_rep_protein_2_and_rep_protein_1_genes,_complete_cds","KU955466.1_Potato_mop-top_virus_isolate_C29_P69_segment_RNA-rep,_complete_sequence",0.9918887601390498,49,6041,6041,6041,6042,1.0,0,0.0,6041,0.9918887601390498
"KR857355.1_Potato_mop-top_virus_isolate_CO3_segment_RNA1_rep_protein_2_and_rep_protein_1_genes,_complete_cds","KU955467.1_Potato_mop-top_virus_isolate_C29_P70_segment_RNA-rep,_complete_sequence",0.9920542956464161,48,6041,6041,6041,6042,1.0,0,0.0,6041,0.9920542956464161
"KR857355.1_Potato_mop-top_virus_isolate_CO3_segment_RNA1_rep_protein_2_and_rep_protein_1_genes,_complete_cds","KU955468.1_Potato_mop-top_virus_isolate_C29_P71_segment_RNA-rep,_complete_sequence",0.9922198311537825,47,6041,6041,6041,6042,1.0,0,0.0,6041,0.9922198311537825
"KR857355.1_Potato_mop-top_virus_isolate_CO3_segment_RNA1_rep_protein_2_and_rep_protein_1_genes,_complete_cds","KU955469.1_Potato_mop-top_virus_isolate_C61_P76_segment_RNA-rep,_complete_sequence",0.9913921536169509,52,6041,6041,6041,6042,1.0,0,0.0,6041,0.9913921536169509
"KR857355.1_Potato_mop-top_virus_isolate_CO3_segment_RNA1_rep_protein_2_and_rep_protein_1_genes,_complete_cds","KU955470.1_Potato_mop-top_virus_isolate_C61_P77_segment_RNA-rep,_complete_sequence",0.9915576891243172,51,6041,6041,6041,6042,1.0,0,0.0,6041,0.9915576891243172
"KR857355.1_Potato_mop-top_virus_isolate_CO3_segment_RNA1_rep_protein_2_and_rep_protein_1_genes,_complete_cds","KU955471.1_Potato_mop-top_virus_isolate_C115_P79_segment_RNA-rep,_complete_sequence",0.9925509021685152,45,6041,6041,6041,6042,1.0,0,0.0,6041,0.9925509021685152
"KR857355.1_Potato_mop-top_virus_isolate_CO3_segment_RNA1_rep_protein_2_and_rep_protein_1_genes,_complete_cds","KU955472.1_Potato_mop-top_virus_isolate_C115_P80_segment_RNA-rep,_complete_sequence",0.9922198311537825,47,6041,6041,6041,6042,1.0,0,0.0,6041,0.9922198311537825
"KR857355.1_Potato_mop-top_virus_isolate_CO3_segment_RNA1_rep_protein_2_and_rep_protein_1_genes,_complete_cds","KU955473.1_Potato_mop-top_virus_isolate_PF43_segment_RNA-rep,_complete_sequence",0.9996689289852674,2,6041,6041,6041,6042,1.0,0,0.0,6041,0.9996689289852674
"KR857355.1_Potato_mop-top_virus_isolate_CO3_segment_RNA1_rep_protein_2_and_rep_protein_1_genes,_complete_cds","KM822695.1_Potato_mop-top_virus_isolate_Guangdong_segment_RNA1,_complete_sequence",0.9983446449263367,10,6041,6041,6041,6042,1.0,0,0.0,6041,0.9983446449263367
"KR857355.1_Potato_mop-top_virus_isolate_CO3_segment_RNA1_rep_protein_2_and_rep_protein_1_genes,_complete_cds","KM822696.1_Potato_mop-top_virus_isolate_Yunnan_segment_RNA1,_complete_sequence",0.9846051978149313,93,6041,6041,6041,6042,1.0,0,0.0,6041,0.9846051978149313
"KR857355.1_Potato_mop-top_virus_isolate_CO3_segment_RNA1_rep_protein_2_and_rep_protein_1_genes,_complete_cds","KM822697.1_Potato_mop-top_virus_isolate_Ch10_segment_RNA1,_complete_sequence",0.9986757159410694,8,6041,6041,6041,6042,1.0,0,0.0,6041,0.9986757159410694
"KR857355.1_Potato_mop-top_virus_isolate_CO3_segment_RNA1_rep_protein_2_and_rep_protein_1_genes,_complete_cds","NC_003723.1_Potato_mop-top_virus_RNA_1,_complete_sequence",0.9963582188379407,22,6041,6042,6041,6043,0.9998344918901027,1,0.00016550810989738498,6041,0.9961933134723602
"KR857355.1_Potato_mop-top_virus_isolate_CO3_segment_RNA1_rep_protein_2_and_rep_protein_1_genes,_complete_cds","KT225274.1_Colombian_potato_soil-borne_virus_isolate_IS13_segment_RNA1_putative_replicase_(ORF2)_and_polymerase_(ORF1)_genes,_complete_cds",0.7084108986292097,1723,5909,6075,6041,6061,0.9726748971193415,18,0.002962962962962963,5931,0.7063119033740121
"KR857355.1_Potato_mop-top_virus_isolate_CO3_segment_RNA1_rep_protein_2_and_rep_protein_1_genes,_complete_cds","NC_029034.2_Colombian_potato_soil-borne_virus_RNA_1,_complete_sequence",0.7113659022931207,1737,6018,6185,6041,6170,0.9729991915925627,19,0.0030719482619240095,6041,0.7091806230459793
"KR857358.1_Potato_mop-top_virus_isolate_CO4_segment_RNA1_rep_protein_2_and_rep_protein_1_genes,_complete_cds","KR857361.1_Potato_mop-top_virus_isolate_CO5_segment_RNA1_rep_protein_2_and_rep_protein_1_genes,_complete_cds",0.9707002151961596,177,6041,6041,6041,6041,1.0,0,0.0,6041,0.9707002151961596
"KR857358.1_Potato_mop-top_virus_isolate_CO4_segment_RNA1_rep_protein_2_and_rep_protein_1_genes,_complete_cds","OP221272.1_Potato_mop-top_virus_isolate_Hebei_segment_RNA1,_complete_sequence",0.9855984108591292,87,6041,6041,6041,6042,1.0,0,0.0,6041,0.9855984108591292
"KR857358.1_Potato_mop-top_virus_isolate_CO4_segment_RNA1_rep_protein_2_and_rep_protein_1_genes,_complete_cds","KY275269.1_Potato_mop-top_virus_strain_Maryland_segment_RNA1,_complete_sequence",0.9991723224631683,5,6041,6041,6041,6042,1.0,0,0.0,6041,0.9991723224631683
"KR857358.1_Potato_mop-top_virus_isolate_CO4_segment_RNA1_rep_protein_2_and_rep_protein_1_genes,_complete_cds","KU955464.1_Potato_mop-top_virus_isolate_H11_P64_segment_RNA-rep,_complete_sequence",0.9913921536169509,52,6041,6041,6041,6042,1.0,0,0.0,6041,0.9913921536169509
"KR857358.1_Potato_mop-top_virus_isolate_CO4_segment_RNA1_rep_protein_2_and_rep_protein_1_genes,_complete_cds","KU955466.1_Potato_mop-top_virus_isolate_C29_P69_segment_RNA-rep,_complete_sequence",0.9918887601390498,49,6041,6041,6041,6042,1.0,0,0.0,6041,0.9918887601390498
"KR857358.1_Potato_mop-top_virus_isolate_CO4_segment_RNA1_rep_protein_2_and_rep_protein_1_genes,_complete_cds","KU955467.1_Potato_mop-top_virus_isolate_C29_P70_segment_RNA-rep,_complete_sequence",0.9920542956464161,48,6041,6041,6041,6042,1.0,0,0.0,6041,0.9920542956464161
"KR857358.1_Potato_mop-top_virus_isolate_CO4_segment_RNA1_rep_protein_2_and_rep_protein_1_genes,_complete_cds","KU955468.1_Potato_mop-top_virus_isolate_C29_P71_segment_RNA-rep,_complete_sequence",0.9922198311537825,47,6041,6041,6041,6042,1.0,0,0.0,6041,0.9922198311537825
"KR857358.1_Potato_mop-top_virus_isolate_CO4_segment_RNA1_rep_protein_2_and_rep_protein_1_genes,_complete_cds","KU955469.1_Potato_mop-top_virus_isolate_C61_P76_segment_RNA-rep,_complete_sequence",0.9913921536169509,52,6041,6041,6041,6042,1.0,0,0.0,6041,0.9913921536169509
"KR857358.1_Potato_mop-top_virus_isolate_CO4_segment_RNA1_rep_protein_2_and_rep_protein_1_genes,_complete_cds","KU955470.1_Potato_mop-top_virus_isolate_C61_P77_segment_RNA-rep,_complete_sequence",0.9915576891243172,51,6041,6041,6041,6042,1.0,0,0.0,6041,0.9915576891243172
"KR857358.1_Potato_mop-top_virus_isolate_CO4_segment_RNA1_rep_protein_2_and_rep_protein_1_genes,_complete_cds","KU955471.1_Potato_mop-top_virus_isolate_C115_P79_segment_RNA-rep,_complete_sequence",0.9922198311537825,47,6041,6041,6041,6042,1.0,0,0.0,6041,0.9922198311537825
"KR857358.1_Potato_mop-top_virus_isolate_CO4_segment_RNA1_rep_protein_2_and_rep_protein_1_genes,_complete_cds","KU955472.1_Potato_mop-top_virus_isolate_C115_P80_segment_RNA-rep,_complete_sequence",0.9918887601390498,49,6041,6041,6041,6042,1.0,0,0.0,6041,0.9918887601390498
"KR857358.1_Potato_mop-top_virus_isolate_CO4_segment_RNA1_rep_protein_2_and_rep_protein_1_genes,_complete_cds","KU955473.1_Potato_mop-top_virus_isolate_PF43_segment_RNA-rep,_complete_sequence",0.9996689289852674,2,6041,6041,6041,6042,1.0,0,0.0,6041,0.9996689289852674
"KR857358.1_Potato_mop-top_virus_isolate_CO4_segment_RNA1_rep_protein_2_and_rep_protein_1_genes,_complete_cds","KM822695.1_Potato_mop-top_virus_isolate_Guangdong_segment_RNA1,_complete_sequence",0.9983446449263367,10,6041,6041,6041,6042,1.0,0,0.0,6041,0.9983446449263367
"KR857358.1_Potato_mop-top_virus_isolate_CO4_segment_RNA1_rep_protein_2_and_rep_protein_1_genes,_complete_cds","KM822696.1_Potato_mop-top_virus_isolate_Yunnan_segment_RNA1,_complete_sequence",0.9846051978149313,93,6041,6041,6041,6042,1.0,0,0.0,6041,0.9846051978149313
"KR857358.1_Potato_mop-top_virus_isolate_CO4_segment_RNA1_rep_protein_2_and_rep_protein_1_genes,_complete_cds","KM822697.1_Potato_mop-top_virus_isolate_Ch10_segment_RNA1,_complete_sequence",0.9986757159410694,8,6041,6041,6041,6042,1.0,0,0.0,6041,0.9986757159410694
"KR857358.1_Potato_mop-top_virus_isolate_CO4_segment_RNA1_rep_protein_2_and_rep_protein_1_genes,_complete_cds","NC_003723.1_Potato_mop-top_virus_RNA_1,_complete_sequence",0.9963582188379407,22,6041,6042,6041,6043,0.9998344918901027,1,0.00016550810989738498,6041,0.9961933134723602
"KR857358.1_Potato_mop-top_virus_isolate_CO4_segment_RNA1_rep_protein_2_and_rep_protein_1_genes,_complete_cds","KT225274.1_Colombian_potato_soil-borne_virus_isolate_IS13_segment_RNA1_putative_replicase_(ORF2)_and_polymerase_(ORF1)_genes,_complete_cds",0.708749365374852,1721,5909,6075,6041,6061,0.9726748971193415,18,0.002962962962962963,5931,0.7066493672552229
"KR857358.1_Potato_mop-top_virus_isolate_CO4_segment_RNA1_rep_protein_2_and_rep_protein_1_genes,_complete_cds","NC_029034.2_Colombian_potato_soil-borne_virus_RNA_1,_complete_sequence",0.7116982386174808,1735,6018,6185,6041,6170,0.9729991915925627,19,0.0030719482619240095,6041,0.7095119384503454
"KR857361.1_Potato_mop-top_virus_isolate_CO5_segment_RNA1_rep_protein_2_and_rep_protein_1_genes,_complete_cds","OP221272.1_Potato_mop-top_virus_isolate_Hebei_segment_RNA1,_complete_sequence",0.9725211057771892,166,6041,6041,6041,6042,1.0,0,0.0,6041,0.9725211057771892
"KR857361.1_Potato_mop-top_virus_isolate_CO5_segment_RNA1_rep_protein_2_and_rep_protein_1_genes,_complete_cds","KY275269.1_Potato_mop-top_virus_strain_Maryland_segment_RNA1,_complete_sequence",0.9705346796887933,178,6041,6041,6041,6042,1.0,0,0.0,6041,0.9705346796887933
"KR857361.1_Potato_mop-top_virus_isolate_CO5_segment_RNA1_rep_protein_2_and_rep_protein_1_genes,_complete_cds","KU955464.1_Potato_mop-top_virus_isolate_H11_P64_segment_RNA-rep,_complete_sequence",0.9710312862108922,175,6041,6041,6041,6042,1.0,0,0.0,6041,0.9710312862108922
"KR857361.1_Potato_mop-top_virus_isolate_CO5_segment_RNA1_rep_protein_2_and_rep_protein_1_genes,_complete_cds","KU955466.1_Potato_mop-top_virus_isolate_C29_P69_segment_RNA-rep,_complete_sequence",0.9715278927329912,172,6041,6041,6041,6042,1.0,0,0.0,6041,0.9715278927329912
"KR857361.1_Potato_mop-top_virus_isolate_CO5_segment_RNA1_rep_protein_2_and_rep_protein_1_genes,_complete_cds","KU955467.1_Potato_mop-top_virus_isolate_C29_P70_segment_RNA-rep,_complete_sequence",0.9716934282403575,171,6041,6041,6041,6042,1.0,0,0.0,6041,0.9716934282403575
"KR857361.1_Potato_mop-top_virus_isolate_CO5_segment_RNA1_rep_protein_2_and_rep_protein_1_genes,_complete_cds","KU955468.1_Potato_mop-top_virus_isolate_C29_P71_segment_RNA-rep,_complete_sequence",0.9718589637477238,170,6041,6041,6041,6042,1.0,0,0.0,6041,0.9718589637477238
"KR857361.1_Potato_mop-top_virus_isolate_CO5_segment_RNA1_rep_protein_2_and_rep_protein_1_genes,_complete_cds","KU955469.1_Potato_mop-top_virus_isolate_C61_P76_segment_RNA-rep,_complete_sequence",0.9723555702698229,167,6041,6041,6041,6042,1.0,0,0.0,6041,0.9723555702698229
"KR857361.1_Potato_mop-top_virus_isolate_CO5_segment_RNA1_rep_protein_2_and_rep_protein_1_genes,_complete_cds","KU955470.1_Potato_mop-top_virus_isolate_C61_P77_segment_RNA-rep,_complete_sequence",0.9725211057771892,166,6041,6041,6041,6042,1.0,0,0.0,6041,0.9725211057771892
"KR857361.1_Potato_mop-top_virus_isolate_CO5_segment_RNA1_rep_protein_2_and_rep_protein_1_genes,_complete_cds","KU955471.1_Potato_mop-top_virus_isolate_C115_P79_segment_RNA-rep,_complete_sequence",0.9731832478066545,162,6041,6041,6041,6042,1.0,0,0.0,6041,0.9731832478066545
"KR857361.1_Potato_mop-top_virus_isolate_CO5_segment_RNA1_rep_protein_2_and_rep_protein_1_genes,_complete_cds","KU955472.1_Potato_mop-top_virus_isolate_C115_P80_segment_RNA-rep,_complete_sequence",0.9731832478066545,162,6041,6041,6041,6042,1.0,0,0.0,6041,0.9731832478066545
"KR857361.1_Potato_mop-top_virus_isolate_CO5_segment_RNA1_rep_protein_2_and_rep_protein_1_genes,_complete_cds","KU955473.1_Potato_mop-top_virus_isolate_PF43_segment_RNA-rep,_complete_sequence",0.9710312862108922,175,6041,6041,6041,6042,1.0,0,0.0,6041,0.9710312862108922
"KR857361.1_Potato_mop-top_virus_isolate_CO5_segment_RNA1_rep_protein_2_and_rep_protein_1_genes,_complete_cds","KM822695.1_Potato_mop-top_virus_isolate_Guangdong_segment_RNA1,_complete_sequence",0.9697070021519616,183,6041,6041,6041,6042,1.0,0,0.0,6041,0.9697070021519616
"KR857361.1_Potato_mop-top_virus_isolate_CO5_segment_RNA1_rep_protein_2_and_rep_protein_1_genes,_complete_cds","KM822696.1_Potato_mop-top_virus_isolate_Yunnan_segment_RNA1,_complete_sequence",0.9708657507035259,176,6041,6041,6041,6042,1.0,0,0.0,6041,0.9708657507035259
"KR857361.1_Potato_mop-top_virus_isolate_CO5_segment_RNA1_rep_protein_2_and_rep_protein_1_genes,_complete_cds","KM822697.1_Potato_mop-top_virus_isolate_Ch10_segment_RNA1,_complete_sequence",0.9702036086740606,180,6041,6041,6041,6042,1.0,0,0.0,6041,0.9702036086740606
"KR857361.1_Potato_mop-top_virus_isolate_CO5_segment_RNA1_rep_protein_2_and_rep_protein_1_genes,_complete_cds","NC_003723.1_Potato_mop-top_virus_RNA_1,_complete_sequence",0.968382718093031,191,6041,6042,6041,6043,0.9998344918901027,1,0.00016550810989738498,6041,0.9682224428997022
"KR857361.1_Potato_mop-top_virus_isolate_CO5_segment_RNA1_rep_protein_2_and_rep_protein_1_genes,_complete_cds","KT225274.1_Colombian_potato_soil-borne_virus_isolate_IS13_segment_RNA1_putative_replicase_(ORF2)_and_polymerase_(ORF1)_genes,_complete_cds",0.7100271002710027,1712,5904,6080,6041,6061,0.9710526315789474,20,0.003289473684210526,5931,0.7076914848095849
"KR857361.1_Potato_mop-top_virus_isolate_CO5_segment_RNA1_rep_protein_2_and_rep_protein_1_genes,_complete_cds","NC_029034.2_Colombian_potato_soil-borne_virus_RNA_1,_complete_sequence",0.7124563445867287,1729,6013,6190,6041,6170,0.97140549273021,21,0.003392568659127625,6041,0.7100392875210871
"OP221272.1_Potato_mop-top_virus_isolate_Hebei_segment_RNA1,_complete_sequence","KY275269.1_Potato_mop-top_virus_strain_Maryland_segment_RNA1,_complete_sequence",0.9854352863290301,88,6042,6042,6042,6042,1.0,0,0.0,6042,0.9854352863290301
"OP221272.1_Potato_mop-top_virus_isolate_Hebei_segment_RNA1,_complete_sequence","KU955464.1_Potato_mop-top_virus_isolate_H11_P64_segment_RNA-rep,_complete_sequence",0.9865938430983118,81,6042,6042,6042,6042,1.0,0,0.0,6042,0.9865938430983118
"OP221272.1_Potato_mop-top_virus_isolate_Hebei_segment_RNA1,_complete_sequence","KU955466.1_Potato_mop-top_virus_isolate_C29_P69_segment_RNA-rep,_complete_sequence",0.9864283349884144,82,6042,6042,6042,6042,1.0,0,0.0,6042,0.9864283349884144
"OP221272.1_Potato_mop-top_virus_isolate_Hebei_segment_RNA1,_complete_sequence","KU955467.1_Potato_mop-top_virus_isolate_C29_P70_segment_RNA-rep,_complete_sequence",0.9865938430983118,81,6042,6042,6042,6042,1.0,0,0.0,6042,0.9865938430983118
"OP221272.1_Potato_mop-top_virus_isolate_Hebei_segment_RNA1,_complete_sequence","KU955468.1_Potato_mop-top_virus_isolate_C29_P71_segment_RNA-rep,_complete_sequence",0.9867593512082092,80,6042,6042,6042,6042,1.0,0,0.0,6042,0.9867593512082092
"OP221272.1_Potato_mop-top_virus_isolate_Hebei_segment_RNA1,_complete_sequence","KU955469.1_Potato_mop-top_virus_isolate_C61_P76_segment_RNA-rep,_complete_sequence",0.9869248593181066,79,6042,6042,6042,6042,1.0,0,0.0,6042,0.9869248593181066
"OP221272.1_Potato_mop-top_virus_isolate_Hebei_segment_RNA1,_complete_sequence","KU955470.1_Potato_mop-top_virus_isolate_C61_P77_segment_RNA-rep,_complete_sequence",0.9870903674280039,78,6042,6042,6042,6042,1.0,0,0.0,6042,0.9870903674280039
"OP221272.1_Potato_mop-top_virus_isolate_Hebei_segment_RNA1,_complete_sequence","KU955471.1_Potato_mop-top_virus_isolate_C115_P79_segment_RNA-rep,_complete_sequence",0.9874213836477987,76,6042,6042,6042,6042,1.0,0,0.0,6042,0.9874213836477987
"OP221272.1_Potato_mop-top_virus_isolate_Hebei_segment_RNA1,_complete_sequence","KU955472.1_Potato_mop-top_virus_isolate_C115_P80_segment_RNA-rep,_complete_sequence",0.9870903674280039,78,6042,6042,6042,6042,1.0,0,0.0,6042,0.9870903674280039
"OP221272.1_Potato_mop-top_virus_isolate_Hebei_segment_RNA1,_complete_sequence","KU955473.1_Potato_mop-top_virus_isolate_PF43_segment_RNA-rep,_complete_sequence",0.9859318106587223,85,6042,6042,6042,6042,1.0,0,0.0,6042,0.9859318106587223
"OP221272.1_Potato_mop-top_virus_isolate_Hebei_segment_RNA1,_complete_sequence","KM822695.1_Potato_mop-top_virus_isolate_Guangdong_segment_RNA1,_complete_sequence",0.9846077457795432,93,6042,6042,6042,6042,1.0,0,0.0,6042,0.9846077457795432
"OP221272.1_Potato_mop-top_virus_isolate_Hebei_segment_RNA1,_complete_sequence","KM822696.1_Potato_mop-top_virus_isolate_Yunnan_segment_RNA1,_complete_sequence",0.9980139026812314,12,6042,6042,6042,6042,1.0,0,0.0,6042,0.9980139026812314
"OP221272.1_Potato_mop-top_virus_isolate_Hebei_segment_RNA1,_complete_sequence","KM822697.1_Potato_mop-top_virus_isolate_Ch10_segment_RNA1,_complete_sequence",0.9849387619993379,91,6042,6042,6042,6042,1.0,0,0.0,6042,0.9849387619993379
"OP221272.1_Potato_mop-top_virus_isolate_Hebei_segment_RNA1,_complete_sequence","NC_003723.1_Potato_mop-top_virus_RNA_1,_complete_sequence",0.9832836809003641,101,6042,6043,6042,6043,0.9998345192785041,1,0.00016548072149594572,6042,0.9831209664074135
"OP221272.1_Potato_mop-top_virus_isolate_Hebei_segment_RNA1,_complete_sequence","KT225274.1_Colombian_potato_soil-borne_virus_isolate_IS13_segment_RNA1_putative_replicase_(ORF2)_and_polymerase_(ORF1)_genes,_complete_cds",0.709180216802168,1717,5904,6080,6042,6061,0.9710526315789474,20,0.003289473684210526,5931,0.7068473871416346
"OP221272.1_Potato_mop-top_virus_isolate_Hebei_segment_RNA1,_complete_sequence","NC_029034.2_Colombian_potato_soil-borne_virus_RNA_1,_complete_sequence",0.712123731914186,1731,6013,6190,6042,6170,0.97140549273021,21,0.003392568659127625,6041,0.7097078032598729
"KY275269.1_Potato_mop-top_virus_strain_Maryland_segment_RNA1,_complete_sequence","KU955464.1_Potato_mop-top_virus_isolate_H11_P64_segment_RNA-rep,_complete_sequence",0.9912280701754386,53,6042,6042,6042,6042,1.0,0,0.0,6042,0.9912280701754386
"KY275269.1_Potato_mop-top_virus_strain_Maryland_segment_RNA1,_complete_sequence","KU955466.1_Potato_mop-top_virus_isolate_C29_P69_segment_RNA-rep,_complete_sequence",0.9917245945051307,50,6042,6042,6042,6042,1.0,0,0.0,6042,0.9917245945051307
"KY275269.1_Potato_mop-top_virus_strain_Maryland_segment_RNA1,_complete_sequence","KU955467.1_Potato_mop-top_virus_isolate_C29_P70_segment_RNA-rep,_complete_sequence",0.9918901026150282,49,6042,6042,6042,6042,1.0,0,0.0,6042,0.9918901026150282
"KY275269.1_Potato_mop-top_virus_strain_Maryland_segment_RNA1,_complete_sequence","KU955468.1_Potato_mop-top_virus_isolate_C29_P71_segment_RNA-rep,_complete_sequence",0.9920556107249255,48,6042,6042,6042,6042,1.0,0,0.0,6042,0.9920556107249255
"KY275269.1_Potato_mop-top_virus_strain_Maryland_segment_RNA1,_complete_sequence","KU955469.1_Potato_mop-top_virus_isolate_C61_P76_segment_RNA-rep,_complete_sequence",0.9912280701754386,53,6042,6042,6042,6042,1.0,0,0.0,6042,0.9912280701754386
"KY275269.1_Potato_mop-top_virus_strain_Maryland_segment_RNA1,_complete_sequence","KU955470.1_Potato_mop-top_virus_isolate_C61_P77_segment_RNA-rep,_complete_sequence",0.991393578285336,52,6042,6042,6042,6042,1.0,0,0.0,6042,0.991393578285336
"KY275269.1_Potato_mop-top_virus_strain_Maryland_segment_RNA1,_complete_sequence","KU955471.1_Potato_mop-top_virus_isolate_C115_P79_segment_RNA-rep,_complete_sequence",0.9920556107249255,48,6042,6042,6042,6042,1.0,0,0.0,6042,0.9920556107249255
"KY275269.1_Potato_mop-top_virus_strain_Maryland_segment_RNA1,_complete_sequence","KU955472.1_Potato_mop-top_virus_isolate_C115_P80_segment_RNA-rep,_complete_sequence",0.9917245945051307,50,6042,6042,6042,6042,1.0,0,0.0,6042,0.9917245945051307
"KY275269.1_Potato_mop-top_virus_strain_Maryland_segment_RNA1,_complete_sequence","KU955473.1_Potato_mop-top_virus_isolate_PF43_segment_RNA-rep,_complete_sequence",0.9995034756703078,3,6042,6042,6042,6042,1.0,0,0.0,6042,0.9995034756703078
"KY275269.1_Potato_mop-top_virus_strain_Maryland_segment_RNA1,_complete_sequence","KM822695.1_Potato_mop-top_virus_isolate_Guangdong_segment_RNA1,_complete_sequence",0.9981794107911288,11,6042,6042,6042,6042,1.0,0,0.0,6042,0.9981794107911288
"KY275269.1_Potato_mop-top_virus_strain_Maryland_segment_RNA1,_complete_sequence","KM822696.1_Potato_mop-top_virus_isolate_Yunnan_segment_RNA1,_complete_sequence",0.9844422376696458,94,6042,6042,6042,6042,1.0,0,0.0,6042,0.9844422376696458
"KY275269.1_Potato_mop-top_virus_strain_Maryland_segment_RNA1,_complete_sequence","KM822697.1_Potato_mop-top_virus_isolate_Ch10_segment_RNA1,_complete_sequence",0.9985104270109235,9,6042,6042,6042,6042,1.0,0,0.0,6042,0.9985104270109235
"KY275269.1_Potato_mop-top_virus_strain_Maryland_segment_RNA1,_complete_sequence","NC_003723.1_Potato_mop-top_virus_RNA_1,_complete_sequence",0.9961933134723602,23,6042,6043,6042,6043,0.9998345192785041,1,0.00016548072149594572,6042,0.9960284626840974
"KY275269.1_Potato_mop-top_virus_strain_Maryland_segment_RNA1,_complete_sequence","KT225274.1_Colombian_potato_soil-borne_virus_isolate_IS13_segment_RNA1_putative_replicase_(ORF2)_and_polymerase_(ORF1)_genes,_complete_cds",0.7085801320020308,1722,5909,6075,6042,6061,0.9726748971193415,18,0.002962962962962963,5931,0.7064806353146175
"KY275269.1_Potato_mop-top_virus_strain_Maryland_segment_RNA1,_complete_sequence","NC_029034.2_Colombian_potato_soil-borne_virus_RNA_1,_complete_sequence",0.7115320704553008,1736,6018,6185,6042,6170,0.9729991915925627,19,0.0030719482619240095,6041,0.7093462807481624
"KU955464.1_Potato_mop-top_virus_isolate_H11_P64_segment_RNA-rep,_complete_sequence","KU955466.1_Potato_mop-top_virus_isolate_C29_P69_segment_RNA-rep,_complete_sequence",0.9918901026150282,49,6042,6042,6042,6042,1.0,0,0.0,6042,0.9918901026150282
"KU955464.1_Potato_mop-top_virus_isolate_H11_P64_segment_RNA-rep,_complete_sequence","KU955467.1_Potato_mop-top_virus_isolate_C29_P70_segment_RNA-rep,_complete_sequence",0.9920556107249255,48,6042,6042,6042,6042,1.0,0,0.0,6042,0.9920556107249255
"KU955464.1_Potato_mop-top_virus_isolate_H11_P64_segment_RNA-rep,_complete_sequence","KU955468.1_Potato_mop-top_virus_isolate_C29_P71_segment_RNA-rep,_complete_sequence",0.9922211188348229,47,6042,6042,6042,6042,1.0,0,0.0,6042,0.9922211188348229
"KU955464.1_Potato_mop-top_virus_isolate_H11_P64_segment_RNA-rep,_complete_sequence","KU955469.1_Potato_mop-top_virus_isolate_C61_P76_segment_RNA-rep,_complete_sequence",0.9923866269447202,46,6042,6042,6042,6042,1.0,0,0.0,6042,0.9923866269447202
"KU955464.1_Potato_mop-top_virus_isolate_H11_P64_segment_RNA-rep,_complete_sequence","KU955470.1_Potato_mop-top_virus_isolate_C61_P77_segment_RNA-rep,_complete_sequence",0.9925521350546177,45,6042,6042,6042,6042,1.0,0,0.0,6042,0.9925521350546177
"KU955464.1_Potato_mop-top_virus_isolate_H11_P64_segment_RNA-rep,_complete_sequence","KU955471.1_Potato_mop-top_virus_isolate_C115_P79_segment_RNA-rep,_complete_sequence",0.9938761999337967,37,6042,6042,6042,6042,1.0,0,0.0,6042,0.9938761999337967
"KU955464.1_Potato_mop-top_virus_isolate_H11_P64_segment_RNA-rep,_complete_sequence","KU955472.1_Potato_mop-top_virus_isolate_C115_P80_segment_RNA-rep,_complete_sequence",0.993545183714002,39,6042,6042,6042,6042,1.0,0,0.0,6042,0.993545183714002
"KU955464.1_Potato_mop-top_virus_isolate_H11_P64_segment_RNA-rep,_complete_sequence","KU955473.1_Potato_mop-top_virus_isolate_PF43_segment_RNA-rep,_complete_sequence",0.9917245945051307,50,6042,6042,6042,6042,1.0,0,0.0,6042,0.9917245945051307
"KU955464.1_Potato_mop-top_virus_isolate_H11_P64_segment_RNA-rep,_complete_sequence","KM822695.1_Potato_mop-top_virus_isolate_Guangdong_segment_RNA1,_complete_sequence",0.9904005296259517,58,6042,6042,6042,6042,1.0,0,0.0,6042,0.9904005296259517
"KU955464.1_Potato_mop-top_virus_isolate_H11_P64_segment_RNA-rep,_complete_sequence","KM822696.1_Potato_mop-top_virus_isolate_Yunnan_segment_RNA1,_complete_sequence",0.9854352863290301,88,6042,6042,6042,6042,1.0,0,0.0,6042,0.9854352863290301
"KU955464.1_Potato_mop-top_virus_isolate_H11_P64_segment_RNA-rep,_complete_sequence","KM822697.1_Potato_mop-top_virus_isolate_Ch10_segment_RNA1,_complete_sequence",0.9907315458457464,56,6042,6042,6042,6042,1.0,0,0.0,6042,0.9907315458457464
"KU955464.1_Potato_mop-top_virus_isolate_H11_P64_segment_RNA-rep,_complete_sequence","NC_003723.1_Potato_mop-top_virus_RNA_1,_complete_sequence",0.9887454485269778,68,6042,6043,6042,6043,0.9998345192785041,1,0.00016548072149594572,6042,0.9885818302167797
"KU955464.1_Potato_mop-top_virus_isolate_H11_P64_segment_RNA-rep,_complete_sequence","KT225274.1_Colombian_potato_soil-borne_virus_isolate_IS13_segment_RNA1_putative_replicase_(ORF2)_and_polymerase_(ORF1)_genes,_complete_cds",0.7107046070460705,1708,5904,6080,6042,6061,0.9710526315789474,20,0.003289473684210526,5931,0.7083667629439453
"KU955464.1_Potato_mop-top_virus_isolate_H11_P64_segment_RNA-rep,_complete_sequence","NC_029034.2_Colombian_potato_soil-borne_virus_RNA_1,_complete_sequence",0.7136204889406286,1722,6013,6190,6042,6170,0.97140549273021,21,0.003392568659127625,6041,0.7111994824353373
"KU955466.1_Potato_mop-top_virus_isolate_C29_P69_segment_RNA-rep,_complete_sequence","KU955467.1_Potato_mop-top_virus_isolate_C29_P70_segment_RNA-rep,_complete_sequence",0.9995034756703078,3,6042,6042,6042,6042,1.0,0,0.0,6042,0.9995034756703078
"KU955466.1_Potato_mop-top_virus_isolate_C29_P69_segment_RNA-rep,_complete_sequence","KU955468.1_Potato_mop-top_virus_isolate_C29_P71_segment_RNA-rep,_complete_sequence",0.9996689837802052,2,6042,6042,6042,6042,1.0,0,0.0,6042,0.9996689837802052
"KU955466.1_Potato_mop-top_virus_isolate_C29_P69_segment_RNA-rep,_complete_sequence","KU955469.1_Potato_mop-top_virus_isolate_C61_P76_segment_RNA-rep,_complete_sequence",0.9925521350546177,45,6042,6042,6042,6042,1.0,0,0.0,6042,0.9925521350546177
"KU955466.1_Potato_mop-top_virus_isolate_C29_P69_segment_RNA-rep,_complete_sequence","KU955470.1_Potato_mop-top_virus_isolate_C61_P77_segment_RNA-rep,_complete_sequence",0.992717643164515,44,6042,6042,6042,6042,1.0,0,0.0,6042,0.992717643164515
"KU955466.1_Potato_mop-top_virus_isolate_C29_P69_segment_RNA-rep,_complete_sequence","KU955471.1_Potato_mop-top_virus_isolate_C115_P79_segment_RNA-rep,_complete_sequence",0.9930486593843099,42,6042,6042,6042,6042,1.0,0,0.0,6042,0.9930486593843099
"KU955466.1_Potato_mop-top_virus_isolate_C29_P69_segment_RNA-rep,_complete_sequence","KU955472.1_Potato_mop-top_virus_isolate_C115_P80_segment_RNA-rep,_complete_sequence",0.992717643164515,44,6042,6042,6042,6042,1.0,0,0.0,6042,0.992717643164515
"KU955466.1_Potato_mop-top_virus_isolate_C29_P69_segment_RNA-rep,_complete_sequence","KU955473.1_Potato_mop-top_virus_isolate_PF43_segment_RNA-rep,_complete_sequence",0.9922211188348229,47,6042,6042,6042,6042,1.0,0,0.0,6042,0.9922211188348229
"KU955466.1_Potato_mop-top_virus_isolate_C29_P69_segment_RNA-rep,_complete_sequence","KM822695.1_Potato_mop-top_virus_isolate_Guangdong_segment_RNA1,_complete_sequence",0.9908970539556439,55,6042,6042,6042,6042,1.0,0,0.0,6042,0.9908970539556439
"KU955466.1_Potato_mop-top_virus_isolate_C29_P69_segment_RNA-rep,_complete_sequence","KM822696.1_Potato_mop-top_virus_isolate_Yunnan_segment_RNA1,_complete_sequence",0.9851042701092354,90,6042,6042,6042,6042,1.0,0,0.0,6042,0.9851042701092354
"KU955466.1_Potato_mop-top_virus_isolate_C29_P69_segment_RNA-rep,_complete_sequence","KM822697.1_Potato_mop-top_virus_isolate_Ch10_segment_RNA1,_complete_sequence",0.9912280701754386,53,6042,6042,6042,6042,1.0,0,0.0,6042,0.9912280701754386
"KU955466.1_Potato_mop-top_virus_isolate_C29_P69_segment_RNA-rep,_complete_sequence","NC_003723.1_Potato_mop-top_virus_RNA_1,_complete_sequence",0.9889109566368752,67,6042,6043,6042,6043,0.9998345192785041,1,0.00016548072149594572,6042,0.9887473109382757
"KU955466.1_Potato_mop-top_virus_isolate_C29_P69_segment_RNA-rep,_complete_sequence","KT225274.1_Colombian_potato_soil-borne_virus_isolate_IS13_segment_RNA1_putative_replicase_(ORF2)_and_polymerase_(ORF1)_genes,_complete_cds",0.7101964769647697,1711,5904,6080,6042,6061,0.9710526315789474,19,0.003125,5931,0.7079771129742548
"KU955466.1_Potato_mop-top_virus_isolate_C29_P69_segment_RNA-rep,_complete_sequence","NC_029034.2_Colombian_potato_soil-borne_virus_RNA_1,_complete_sequence",0.7131215699318144,1725,6013,6190,6042,6170,0.97140549273021,20,0.0032310177705977385,6041,0.7108174614667682
"KU955467.1_Potato_mop-top_virus_isolate_C29_P70_segment_RNA-rep,_complete_sequence","KU955468.1_Potato_mop-top_virus_isolate_C29_P71_segment_RNA-rep,_complete_sequence",0.9998344918901027,1,6042,6042,6042,6042,1.0,0,0.0,6042,0.9998344918901027
"KU955467.1_Potato_mop-top_virus_isolate_C29_P70_segment_RNA-rep,_complete_sequence","KU955469.1_Potato_mop-top_virus_isolate_C61_P76_segment_RNA-rep,_complete_sequence",0.992717643164515,44,6042,6042,6042,6042,1.0,0,0.0,6042,0.992717643164515
"KU955467.1_Potato_mop-top_virus_isolate_C29_P70_segment_RNA-rep,_complete_sequence","KU955470.1_Potato_mop-top_virus_isolate_C61_P77_segment_RNA-rep,_complete_sequence",0.9928831512744124,43,6042,6042,6042,6042,1.0,0,0.0,6042,0.9928831512744124
"KU955467.1_Potato_mop-top_virus_isolate_C29_P70_segment_RNA-rep,_complete_sequence","KU955471.1_Potato_mop-top_virus_isolate_C115_P79_segment_RNA-rep,_complete_sequence",0.9932141674942072,41,6042,6042,6042,6042,1.0,0,0.0,6042,0.9932141674942072
"KU955467.1_Potato_mop-top_virus_isolate_C29_P70_segment_RNA-rep,_complete_sequence","KU955472.1_Potato_mop-top_virus_isolate_C115_P80_segment_RNA-rep,_complete_sequence",0.9928831512744124,43,6042,6042,6042,6042,1.0,0,0.0,6042,0.9928831512744124
"KU955467.1_Potato_mop-top_virus_isolate_C29_P70_segment_RNA-rep,_complete_sequence","KU955473.1_Potato_mop-top_virus_isolate_PF43_segment_RNA-rep,_complete_sequence",0.9923866269447202,46,6042,6042,6042,6042,1.0,0,0.0,6042,0.9923866269447202
"KU955467.1_Potato_mop-top_virus_isolate_C29_P70_segment_RNA-rep,_complete_sequence","KM822695.1_Potato_mop-top_virus_isolate_Guangdong_segment_RNA1,_complete_sequence",0.9910625620655412,54,6042,6042,6042,6042,1.0,0,0.0,6042,0.9910625620655412
"KU955467.1_Potato_mop-top_virus_isolate_C29_P70_segment_RNA-rep,_complete_sequence","KM822696.1_Potato_mop-top_virus_isolate_Yunnan_segment_RNA1,_complete_sequence",0.9852697782191328,89,6042,6042,6042,6042,1.0,0,0.0,6042,0.9852697782191328
"KU955467.1_Potato_mop-top_virus_isolate_C29_P70_segment_RNA-rep,_complete_sequence","KM822697.1_Potato_mop-top_virus_isolate_Ch10_segment_RNA1,_complete_sequence",0.991393578285336,52,6042,6042,6042,6042,1.0,0,0.0,6042,0.991393578285336
"KU955467.1_Potato_mop-top_virus_isolate_C29_P70_segment_RNA-rep,_complete_sequence","NC_003723.1_Potato_mop-top_virus_RNA_1,_complete_sequence",0.9890764647467726,66,6042,6043,6042,6043,0.9998345192785041,1,0.00016548072149594572,6042,0.9889127916597716
"KU955467.1_Potato_mop-top_virus_isolate_C29_P70_segment_RNA-rep,_complete_sequence","KT225274.1_Colombian_potato_soil-borne_virus_isolate_IS13_segment_RNA1_putative_replicase_(ORF2)_and_polymerase_(ORF1)_genes,_complete_cds",0.7107046070460705,1708,5904,6080,6042,6061,0.9710526315789474,19,0.003125,5931,0.7084836551490515
"KU955467.1_Potato_mop-top_virus_isolate_C29_P70_segment_RNA-rep,_complete_sequence","NC_029034.2_Colombian_potato_soil-borne_virus_RNA_1,_complete_sequence",0.7136204889406286,1722,6013,6190,6042,6170,0.97140549273021,20,0.0032310177705977385,6041,0.7113147684593988
"KU955468.1_Potato_mop-top_virus_isolate_C29_P71_segment_RNA-rep,_complete_sequence","KU955469.1_Potato_mop-top_virus_isolate_C61_P76_segment_RNA-rep,_complete_sequence",0.9928831512744124,43,6042,6042,6042,6042,1.0,0,0.0,6042,0.9928831512744124
"KU955468.1_Potato_mop-top_virus_isolate_C29_P71_segment_RNA-rep,_complete_sequence","KU955470.1_Potato_mop-top_virus_isolate_C61_P77_segment_RNA-rep,_complete_sequence",0.9930486593843099,42,6042,6042,6042,6042,1.0,0,0.0,6042,0.9930486593843099
"KU955468.1_Potato_mop-top_virus_isolate_C29_P71_segment_RNA-rep,_complete_sequence","KU955471.1_Potato_mop-top_virus_isolate_C115_P79_segment_RNA-rep,_complete_sequence",0.9933796756041046,40,6042,6042,6042,6042,1.0,0,0.0,6042,0.9933796756041046
"KU955468.1_Potato_mop-top_virus_isolate_C29_P71_segment_RNA-rep,_complete_sequence","KU955472.1_Potato_mop-top_virus_isolate_C115_P80_segment_RNA-rep,_complete_sequence",0.9930486593843099,42,6042,6042,6042,6042,1.0,0,0.0,6042,0.9930486593843099
"KU955468.1_Potato_mop-top_virus_isolate_C29_P71_segment_RNA-rep,_complete_sequence","KU955473.1_Potato_mop-top_virus_isolate_PF43_segment_RNA-rep,_complete_sequence",0.9925521350546177,45,6042,6042,6042,6042,1.0,0,0.0,6042,0.9925521350546177
"KU955468.1_Potato_mop-top_virus_isolate_C29_P71_segment_RNA-rep,_complete_sequence","KM822695.1_Potato_mop-top_virus_isolate_Guangdong_segment_RNA1,_complete_sequence",0.9912280701754386,53,6042,6042,6042,6042,1.0,0,0.0,6042,0.9912280701754386
"KU955468.1_Potato_mop-top_virus_isolate_C29_P71_segment_RNA-rep,_complete_sequence","KM822696.1_Potato_mop-top_virus_isolate_Yunnan_segment_RNA1,_complete_sequence",0.9854352863290301,88,6042,6042,6042,6042,1.0,0,0.0,6042,0.9854352863290301
"KU955468.1_Potato_mop-top_virus_isolate_C29_P71_segment_RNA-rep,_complete_sequence","KM822697.1_Potato_mop-top_virus_isolate_Ch10_segment_RNA1,_complete_sequence",0.9915590863952334,51,6042,6042,6042,6042,1.0,0,0.0,6042,0.9915590863952334
"KU955468.1_Potato_mop-top_virus_isolate_C29_P71_segment_RNA-rep,_complete_sequence","NC_003723.1_Potato_mop-top_virus_RNA_1,_complete_sequence",0.9892419728566699,65,6042,6043,6042,6043,0.9998345192785041,1,0.00016548072149594572,6042,0.9890782723812676
"KU955468.1_Potato_mop-top_virus_isolate_C29_P71_segment_RNA-rep,_complete_sequence","KT225274.1_Colombian_potato_soil-borne_virus_isolate_IS13_segment_RNA1_putative_replicase_(ORF2)_and_polymerase_(ORF1)_genes,_complete_cds",0.7105352303523036,1709,5904,6080,6042,6061,0.9710526315789474,19,0.003125,5931,0.7083148077574526
"KU955468.1_Potato_mop-top_virus_isolate_C29_P71_segment_RNA-rep,_complete_sequence","NC_029034.2_Colombian_potato_soil-borne_virus_RNA_1,_complete_sequence",0.7134541826043572,1723,6013,6190,6042,6170,0.97140549273021,20,0.0032310177705977385,6041,0.7111489994618553
"KU955469.1_Potato_mop-top_virus_isolate_C61_P76_segment_RNA-rep,_complete_sequence","KU955470.1_Potato_mop-top_virus_isolate_C61_P77_segment_RNA-rep,_complete_sequence",0.9998344918901027,1,6042,6042,6042,6042,1.0,0,0.0,6042,0.9998344918901027
"KU955469.1_Potato_mop-top_virus_isolate_C61_P76_segment_RNA-rep,_complete_sequence","KU955471.1_Potato_mop-top_virus_isolate_C115_P79_segment_RNA-rep,_complete_sequence",0.9938761999337967,37,6042,6042,6042,6042,1.0,0,0.0,6042,0.9938761999337967
"KU955469.1_Potato_mop-top_virus_isolate_C61_P76_segment_RNA-rep,_complete_sequence","KU955472.1_Potato_mop-top_virus_isolate_C115_P80_segment_RNA-rep,_complete_sequence",0.993545183714002,39,6042,6042,6042,6042,1.0,0,0.0,6042,0.993545183714002
"KU955469.1_Potato_mop-top_virus_isolate_C61_P76_segment_RNA-rep,_complete_sequence","KU955473.1_Potato_mop-top_virus_isolate_PF43_segment_RNA-rep,_complete_sequence",0.9917245945051307,50,6042,6042,6042,6042,1.0,0,0.0,6042,0.9917245945051307
"KU955469.1_Potato_mop-top_virus_isolate_C61_P76_segment_RNA-rep,_complete_sequence","KM822695.1_Potato_mop-top_virus_isolate_Guangdong_segment_RNA1,_complete_sequence",0.9904005296259517,58,6042,6042,6042,6042,1.0,0,0.0,6042,0.9904005296259517
"KU955469.1_Potato_mop-top_virus_isolate_C61_P76_segment_RNA-rep,_complete_sequence","KM822696.1_Potato_mop-top_virus_isolate_Yunnan_segment_RNA1,_complete_sequence",0.9856007944389276,87,6042,6042,6042,6042,1.0,0,0.0,6042,0.9856007944389276
"KU955469.1_Potato_mop-top_virus_isolate_C61_P76_segment_RNA-rep,_complete_sequence","KM822697.1_Potato_mop-top_virus_isolate_Ch10_segment_RNA1,_complete_sequence",0.9907315458457464,56,6042,6042,6042,6042,1.0,0,0.0,6042,0.9907315458457464
"KU955469.1_Potato_mop-top_virus_isolate_C61_P76_segment_RNA-rep,_complete_sequence","NC_003723.1_Potato_mop-top_virus_RNA_1,_complete_sequence",0.9887454485269778,68,6042,6043,6042,6043,0.9998345192785041,1,0.00016548072149594572,6042,0.9885818302167797
"KU955469.1_Potato_mop-top_virus_isolate_C61_P76_segment_RNA-rep,_complete_sequence","KT225274.1_Colombian_potato_soil-borne_virus_isolate_IS13_segment_RNA1_putative_replicase_(ORF2)_and_polymerase_(ORF1)_genes,_complete_cds",0.711890243902439,1701,5904,6080,6042,6061,0.9710526315789474,20,0.003289473684210526,5931,0.7095484996790757
"KU955469.1_Potato_mop-top_virus_isolate_C61_P76_segment_RNA-rep,_complete_sequence","NC_029034.2_Colombian_potato_soil-borne_virus_RNA_1,_complete_sequence",0.7147846332945285,1715,6013,6190,6042,6170,0.97140549273021,21,0.003392568659127625,6041,0.7123596773495874
"KU955470.1_Potato_mop-top_virus_isolate_C61_P77_segment_RNA-rep,_complete_sequence","KU955471.1_Potato_mop-top_virus_isolate_C115_P79_segment_RNA-rep,_complete_sequence",0.9940417080436942,36,6042,6042,6042,6042,1.0,0,0.0,6042,0.9940417080436942
"KU955470.1_Potato_mop-top_virus_isolate_C61_P77_segment_RNA-rep,_complete_sequence","KU955472.1_Potato_mop-top_virus_isolate_C115_P80_segment_RNA-rep,_complete_sequence",0.9937106918238994,38,6042,6042,6042,6042,1.0,0,0.0,6042,0.9937106918238994
"KU955470.1_Potato_mop-top_virus_isolate_C61_P77_segment_RNA-rep,_complete_sequence","KU955473.1_Potato_mop-top_virus_isolate_PF43_segment_RNA-rep,_complete_sequence",0.9918901026150282,49,6042,6042,6042,6042,1.0,0,0.0,6042,0.9918901026150282
"KU955470.1_Potato_mop-top_virus_isolate_C61_P77_segment_RNA-rep,_complete_sequence","KM822695.1_Potato_mop-top_virus_isolate_Guangdong_segment_RNA1,_complete_sequence",0.9905660377358491,57,6042,6042,6042,6042,1.0,0,0.0,6042,0.9905660377358491
"KU955470.1_Potato_mop-top_virus_isolate_C61_P77_segment_RNA-rep,_complete_sequence","KM822696.1_Potato_mop-top_virus_isolate_Yunnan_segment_RNA1,_complete_sequence",0.9857663025488249,86,6042,6042,6042,6042,1.0,0,0.0,6042,0.9857663025488249
"KU955470.1_Potato_mop-top_virus_isolate_C61_P77_segment_RNA-rep,_complete_sequence","KM822697.1_Potato_mop-top_virus_isolate_Ch10_segment_RNA1,_complete_sequence",0.9908970539556439,55,6042,6042,6042,6042,1.0,0,0.0,6042,0.9908970539556439
"KU955470.1_Potato_mop-top_virus_isolate_C61_P77_segment_RNA-rep,_complete_sequence","NC_003723.1_Potato_mop-top_virus_RNA_1,_complete_sequence",0.9889109566368752,67,6042,6043,6042,6043,0.9998345192785041,1,0.00016548072149594572,6042,0.9887473109382757
"KU955470.1_Potato_mop-top_virus_isolate_C61_P77_segment_RNA-rep,_complete_sequence","KT225274.1_Colombian_potato_soil-borne_virus_isolate_IS13_segment_RNA1_putative_replicase_(ORF2)_and_polymerase_(ORF1)_genes,_complete_cds",0.712059620596206,1700,5904,6080,6042,6061,0.9710526315789474,20,0.003289473684210526,5931,0.7097173192126658
"KU955470.1_Potato_mop-top_virus_isolate_C61_P77_segment_RNA-rep,_complete_sequence","NC_029034.2_Colombian_potato_soil-borne_virus_RNA_1,_complete_sequence",0.7149509396307999,1714,6013,6190,6042,6170,0.97140549273021,21,0.003392568659127625,6041,0.7125254194801947
"KU955471.1_Potato_mop-top_virus_isolate_C115_P79_segment_RNA-rep,_complete_sequence","KU955472.1_Potato_mop-top_virus_isolate_C115_P80_segment_RNA-rep,_complete_sequence",0.9993379675604105,4,6042,6042,6042,6042,1.0,0,0.0,6042,0.9993379675604105
"KU955471.1_Potato_mop-top_virus_isolate_C115_P79_segment_RNA-rep,_complete_sequence","KU955473.1_Potato_mop-top_virus_isolate_PF43_segment_RNA-rep,_complete_sequence",0.9925521350546177,45,6042,6042,6042,6042,1.0,0,0.0,6042,0.9925521350546177
"KU955471.1_Potato_mop-top_virus_isolate_C115_P79_segment_RNA-rep,_complete_sequence","KM822695.1_Potato_mop-top_virus_isolate_Guangdong_segment_RNA1,_complete_sequence",0.9912280701754386,53,6042,6042,6042,6042,1.0,0,0.0,6042,0.9912280701754386
"KU955471.1_Potato_mop-top_virus_isolate_C115_P79_segment_RNA-rep,_complete_sequence","KM822696.1_Potato_mop-top_virus_isolate_Yunnan_segment_RNA1,_complete_sequence",0.9860973187686196,84,6042,6042,6042,6042,1.0,0,0.0,6042,0.9860973187686196
"KU955471.1_Potato_mop-top_virus_isolate_C115_P79_segment_RNA-rep,_complete_sequence","KM822697.1_Potato_mop-top_virus_isolate_Ch10_segment_RNA1,_complete_sequence",0.9915590863952334,51,6042,6042,6042,6042,1.0,0,0.0,6042,0.9915590863952334
"KU955471.1_Potato_mop-top_virus_isolate_C115_P79_segment_RNA-rep,_complete_sequence","NC_003723.1_Potato_mop-top_virus_RNA_1,_complete_sequence",0.9895729890764647,63,6042,6043,6042,6043,0.9998345192785041,1,0.00016548072149594572,6042,0.9894092338242595
"KU955471.1_Potato_mop-top_virus_isolate_C115_P79_segment_RNA-rep,_complete_sequence","KT225274.1_Colombian_potato_soil-borne_virus_isolate_IS13_segment_RNA1_putative_replicase_(ORF2)_and_polymerase_(ORF1)_genes,_complete_cds",0.7110433604336044,1706,5904,6080,6042,6061,0.9710526315789474,20,0.003289473684210526,5931,0.7087044020111254
"KU955471.1_Potato_mop-top_virus_isolate_C115_P79_segment_RNA-rep,_complete_sequence","NC_029034.2_Colombian_potato_soil-borne_virus_RNA_1,_complete_sequence",0.7139531016131715,1720,6013,6190,6042,6170,0.97140549273021,21,0.003392568659127625,6041,0.7115309666965517
"KU955472.1_Potato_mop-top_virus_isolate_C115_P80_segment_RNA-rep,_complete_sequence","KU955473.1_Potato_mop-top_virus_isolate_PF43_segment_RNA-rep,_complete_sequence",0.9922211188348229,47,6042,6042,6042,6042,1.0,0,0.0,6042,0.9922211188348229
"KU955472.1_Potato_mop-top_virus_isolate_C115_P80_segment_RNA-rep,_complete_sequence","KM822695.1_Potato_mop-top_virus_isolate_Guangdong_segment_RNA1,_complete_sequence",0.9908970539556439,55,6042,6042,6042,6042,1.0,0,0.0,6042,0.9908970539556439
"KU955472.1_Potato_mop-top_virus_isolate_C115_P80_segment_RNA-rep,_complete_sequence","KM822696.1_Potato_mop-top_virus_isolate_Yunnan_segment_RNA1,_complete_sequence",0.9857663025488249,86,6042,6042,6042,6042,1.0,0,0.0,6042,0.9857663025488249
"KU955472.1_Potato_mop-top_virus_isolate_C115_P80_segment_RNA-rep,_complete_sequence","KM822697.1_Potato_mop-top_virus_isolate_Ch10_segment_RNA1,_complete_sequence",0.9912280701754386,53,6042,6042,6042,6042,1.0,0,0.0,6042,0.9912280701754386
"KU955472.1_Potato_mop-top_virus_isolate_C115_P80_segment_RNA-rep,_complete_sequence","NC_003723.1_Potato_mop-top_virus_RNA_1,_complete_sequence",0.9892419728566699,65,6042,6043,6042,6043,0.9998345192785041,1,0.00016548072149594572,6042,0.9890782723812676
"KU955472.1_Potato_mop-top_virus_isolate_C115_P80_segment_RNA-rep,_complete_sequence","KT225274.1_Colombian_potato_soil-borne_virus_isolate_IS13_segment_RNA1_putative_replicase_(ORF2)_and_polymerase_(ORF1)_genes,_complete_cds",0.7108739837398375,1707,5904,6080,6042,6061,0.9710526315789474,20,0.003289473684210526,5931,0.7085355824775353
"KU955472.1_Potato_mop-top_virus_isolate_C115_P80_segment_RNA-rep,_complete_sequence","NC_029034.2_Colombian_potato_soil-borne_virus_RNA_1,_complete_sequence",0.7137867952769,1721,6013,6190,6042,6170,0.97140549273021,21,0.003392568659127625,6041,0.7113652245659444
"KU955473.1_Potato_mop-top_virus_isolate_PF43_segment_RNA-rep,_complete_sequence","KM822695.1_Potato_mop-top_virus_isolate_Guangdong_segment_RNA1,_complete_sequence",0.9986759351208209,8,6042,6042,6042,6042,1.0,0,0.0,6042,0.9986759351208209
"KU955473.1_Potato_mop-top_virus_isolate_PF43_segment_RNA-rep,_complete_sequence","KM822696.1_Potato_mop-top_virus_isolate_Yunnan_segment_RNA1,_complete_sequence",0.9849387619993379,91,6042,6042,6042,6042,1.0,0,0.0,6042,0.9849387619993379
"KU955473.1_Potato_mop-top_virus_isolate_PF43_segment_RNA-rep,_complete_sequence","KM822697.1_Potato_mop-top_virus_isolate_Ch10_segment_RNA1,_complete_sequence",0.9990069513406157,6,6042,6042,6042,6042,1.0,0,0.0,6042,0.9990069513406157
"KU955473.1_Potato_mop-top_virus_isolate_PF43_segment_RNA-rep,_complete_sequence","NC_003723.1_Potato_mop-top_virus_RNA_1,_complete_sequence",0.9966898378020523,20,6042,6043,6042,6043,0.9998345192785041,1,0.00016548072149594572,6042,0.9965249048485852
"KU955473.1_Potato_mop-top_virus_isolate_PF43_segment_RNA-rep,_complete_sequence","KT225274.1_Colombian_potato_soil-borne_virus_isolate_IS13_segment_RNA1_putative_replicase_(ORF2)_and_polymerase_(ORF1)_genes,_complete_cds",0.708749365374852,1721,5909,6075,6042,6061,0.9726748971193415,18,0.002962962962962963,5931,0.7066493672552229
"KU955473.1_Potato_mop-top_virus_isolate_PF43_segment_RNA-rep,_complete_sequence","NC_029034.2_Colombian_potato_soil-borne_virus_RNA_1,_complete_sequence",0.7116982386174808,1735,6018,6185,6042,6170,0.9729991915925627,19,0.0030719482619240095,6041,0.7095119384503454
"KM822695.1_Potato_mop-top_virus_isolate_Guangdong_segment_RNA1,_complete_sequence","KM822696.1_Potato_mop-top_virus_isolate_Yunnan_segment_RNA1,_complete_sequence",0.9836146971201589,99,6042,6042,6042,6042,1.0,0,0.0,6042,0.9836146971201589
"KM822695.1_Potato_mop-top_virus_isolate_Guangdong_segment_RNA1,_complete_sequence","KM822697.1_Potato_mop-top_virus_isolate_Ch10_segment_RNA1,_complete_sequence",0.9980139026812314,12,6042,6042,6042,6042,1.0,0,0.0,6042,0.9980139026812314
"KM822695.1_Potato_mop-top_virus_isolate_Guangdong_segment_RNA1,_complete_sequence","NC_003723.1_Potato_mop-top_virus_RNA_1,_complete_sequence",0.995696789142668,26,6042,6043,6042,6043,0.9998345192785041,1,0.00016548072149594572,6042,0.9955320205196095
"KM822695.1_Potato_mop-top_virus_isolate_Guangdong_segment_RNA1,_complete_sequence","KT225274.1_Colombian_potato_soil-borne_virus_isolate_IS13_segment_RNA1_putative_replicase_(ORF2)_and_polymerase_(ORF1)_genes,_complete_cds",0.7080724318835674,1725,5909,6075,6042,6061,0.9726748971193415,18,0.002962962962962963,5931,0.7059744394928013
"KM822695.1_Potato_mop-top_virus_isolate_Guangdong_segment_RNA1,_complete_sequence","NC_029034.2_Colombian_potato_soil-borne_virus_RNA_1,_complete_sequence",0.7110335659687603,1739,6018,6185,6042,6170,0.9729991915925627,19,0.0030719482619240095,6041,0.7088493076416129
"KM822696.1_Potato_mop-top_virus_isolate_Yunnan_segment_RNA1,_complete_sequence","KM822697.1_Potato_mop-top_virus_isolate_Ch10_segment_RNA1,_complete_sequence",0.9839457133399536,97,6042,6042,6042,6042,1.0,0,0.0,6042,0.9839457133399536
"KM822696.1_Potato_mop-top_virus_isolate_Yunnan_segment_RNA1,_complete_sequence","NC_003723.1_Potato_mop-top_virus_RNA_1,_complete_sequence",0.9826216484607746,105,6042,6043,6042,6043,0.9998345192785041,1,0.00016548072149594572,6042,0.9824590435214298
"KM822696.1_Potato_mop-top_virus_isolate_Yunnan_segment_RNA1,_complete_sequence","KT225274.1_Colombian_potato_soil-borne_virus_isolate_IS13_segment_RNA1_putative_replicase_(ORF2)_and_polymerase_(ORF1)_genes,_complete_cds",0.7078252032520325,1725,5904,6080,6042,6061,0.9710526315789474,20,0.003289473684210526,5931,0.7054968308729139
"KM822696.1_Potato_mop-top_virus_isolate_Yunnan_segment_RNA1,_complete_sequence","NC_029034.2_Colombian_potato_soil-borne_virus_RNA_1,_complete_sequence",0.7107932812240146,1739,6013,6190,6042,6170,0.97140549273021,21,0.003392568659127625,6041,0.7083818662150155
"KM822697.1_Potato_mop-top_virus_isolate_Ch10_segment_RNA1,_complete_sequence","NC_003723.1_Potato_mop-top_virus_RNA_1,_complete_sequence",0.9960278053624627,24,6042,6043,6042,6043,0.9998345192785041,1,0.00016548072149594572,6042,0.9958629819626014
"KM822697.1_Potato_mop-top_virus_isolate_Ch10_segment_RNA1,_complete_sequence","KT225274.1_Colombian_potato_soil-borne_virus_isolate_IS13_segment_RNA1_putative_replicase_(ORF2)_and_polymerase_(ORF1)_genes,_complete_cds",0.7082416652563885,1724,5909,6075,6042,6061,0.9726748971193415,18,0.002962962962962963,5931,0.7061431714334067
"KM822697.1_Potato_mop-top_virus_isolate_Ch10_segment_RNA1,_complete_sequence","NC_029034.2_Colombian_potato_soil-borne_virus_RNA_1,_complete_sequence",0.7111997341309405,1738,6018,6185,6042,6170,0.9729991915925627,19,0.0030719482619240095,6041,0.7090149653437962
"NC_003723.1_Potato_mop-top_virus_RNA_1,_complete_sequence","KT225274.1_Colombian_potato_soil-borne_virus_isolate_IS13_segment_RNA1_putative_replicase_(ORF2)_and_polymerase_(ORF1)_genes,_complete_cds",0.7072262650194618,1730,5909,6076,6043,6061,0.9725148123765636,19,0.003127057274522712,5932,0.7050147279826993
"NC_003723.1_Potato_mop-top_virus_RNA_1,_complete_sequence","NC_029034.2_Colombian_potato_soil-borne_virus_RNA_1,_complete_sequence",0.7102027251578598,1744,6018,6186,6043,6170,0.9728419010669254,20,0.0032331070158422245,6042,0.7079065637444816
"KT225274.1_Colombian_potato_soil-borne_virus_isolate_IS13_segment_RNA1_putative_replicase_(ORF2)_and_polymerase_(ORF1)_genes,_complete_cds","NC_029034.2_Colombian_potato_soil-borne_virus_RNA_1,_complete_sequence",0.9985150965187263,9,6061,6061,6061,6170,1.0,0,0.0,6061,0.9985150965187263
