orf_name,ref_name,identity_score,M,N,aln_len,orf_len,ref_len,N/aln_len,gap_openings,gap_ratio,aln_orf_len,clustering_score
"NC_038850.1_Japanese_soil-borne_wheat_mosaic_virus_genomic_RNA_1_for_152-kDa_protein,_59-kDa_readthrough_protein,_37-kDa_movement_protein,_complete_and_partial_cds",NC_002358.1_Oat_golden_stripe_virus_RNA1_complete_genome,0.6985452974218638,2093,6943,7394,7226,7111,0.9390045983229646,42,0.005680281309169597,7226,0.69457736362531
"NC_038850.1_Japanese_soil-borne_wheat_mosaic_virus_genomic_RNA_1_for_152-kDa_protein,_59-kDa_readthrough_protein,_37-kDa_movement_protein,_complete_and_partial_cds","NC_004014.1_Sorghum_chlorotic_spot_virus_RNA_1,_complete_sequence",0.6302958228036272,2487,6727,7364,7226,6878,0.9134980988593155,52,0.007061379684953829,7213,0.6258450646849704
"NC_038850.1_Japanese_soil-borne_wheat_mosaic_virus_genomic_RNA_1_for_152-kDa_protein,_59-kDa_readthrough_protein,_37-kDa_movement_protein,_complete_and_partial_cds",NC_002351.1_Soil-borne_cereal_mosaic_virus_RNA1_complete_genome,0.6639687816158404,2325,6919,7332,7226,7025,0.9436715766503001,39,0.005319148936170213,7226,0.6604370327774582
"NC_038850.1_Japanese_soil-borne_wheat_mosaic_virus_genomic_RNA_1_for_152-kDa_protein,_59-kDa_readthrough_protein,_37-kDa_movement_protein,_complete_and_partial_cds","NC_002359.1_Chinese_wheat_mosaic_virus_RNA1,_complete_sequence",0.6652236652236652,2320,6930,7443,7226,7147,0.9310761789600968,40,0.005374177079134758,7226,0.6616486354495221
"NC_038850.1_Japanese_soil-borne_wheat_mosaic_virus_genomic_RNA_1_for_152-kDa_protein,_59-kDa_readthrough_protein,_37-kDa_movement_protein,_complete_and_partial_cds","NC_002041.1_Soil-borne_wheat_mosaic_virus_RNA1,_complete_sequence",0.6678141135972462,2316,6972,7353,7226,7099,0.9481844145246838,41,0.005575955392356861,7226,0.6640904118894416
"NC_038850.1_Japanese_soil-borne_wheat_mosaic_virus_genomic_RNA_1_for_152-kDa_protein,_59-kDa_readthrough_protein,_37-kDa_movement_protein,_complete_and_partial_cds","OR886214.1_Soil-borne_wheat_mosaic_virus_isolate_19PN2_SBWMV_segment_RNA1,_complete_sequence",0.6638031450203844,2309,6868,7248,7226,6995,0.9475717439293598,39,0.005380794701986755,7121,0.6602313565744966
"NC_038850.1_Japanese_soil-borne_wheat_mosaic_virus_genomic_RNA_1_for_152-kDa_protein,_59-kDa_readthrough_protein,_37-kDa_movement_protein,_complete_and_partial_cds","OR886215.1_Soil-borne_wheat_mosaic_virus_isolate_21RL5_SBWMV_segment_RNA1,_complete_sequence",0.6647605432451751,2345,6995,7324,7226,7096,0.9550791916985254,38,0.005188421627525942,7223,0.6613114852654759
"NC_038850.1_Japanese_soil-borne_wheat_mosaic_virus_genomic_RNA_1_for_152-kDa_protein,_59-kDa_readthrough_protein,_37-kDa_movement_protein,_complete_and_partial_cds","OQ427639.1_Soil-borne_cereal_mosaic_virus_isolate_CAD22_segment_RNA1,_complete_sequence",0.6613464886825304,2334,6892,7351,7226,7052,0.937559515712148,36,0.004897292885321725,7191,0.658107681228773
"NC_038850.1_Japanese_soil-borne_wheat_mosaic_virus_genomic_RNA_1_for_152-kDa_protein,_59-kDa_readthrough_protein,_37-kDa_movement_protein,_complete_and_partial_cds","OM867858.1_Soil-borne_cereal_mosaic_virus_isolate_DSMZ_PV-0552_segment_RNA_1,_partial_sequence",0.663299177370472,2333,6929,7300,7226,7014,0.9491780821917808,35,0.004794520547945206,7215,0.6601189758351341
"NC_038850.1_Japanese_soil-borne_wheat_mosaic_virus_genomic_RNA_1_for_152-kDa_protein,_59-kDa_readthrough_protein,_37-kDa_movement_protein,_complete_and_partial_cds","LC642564.1_Japanese_soil-borne_wheat_mosaic_virus_TI_RNA,_segment_1,_complete_sequence",0.9888842573294429,80,7197,7198,7226,7197,0.9998610725201444,1,0.0001389274798555154,7198,0.9887468741317033
"NC_038850.1_Japanese_soil-borne_wheat_mosaic_virus_genomic_RNA_1_for_152-kDa_protein,_59-kDa_readthrough_protein,_37-kDa_movement_protein,_complete_and_partial_cds","MZ405651.1_Soil-borne_wheat_mosaic_virus_isolate_DSMZ_PV-0748_segment_RNA_1,_partial_sequence",0.6647948164146869,2328,6945,7299,7226,7058,0.9515002055076038,41,0.005617207836689958,7186,0.6610605257621314
"NC_038850.1_Japanese_soil-borne_wheat_mosaic_virus_genomic_RNA_1_for_152-kDa_protein,_59-kDa_readthrough_protein,_37-kDa_movement_protein,_complete_and_partial_cds","MK290758.1_Soil-borne_wheat_mosaic_virus_isolate_Oregon_segment_RNA1,_complete_sequence",0.665086887835703,2332,6963,7367,7226,7104,0.9451608524501154,41,0.005565359033527895,7226,0.6613854405164057
"NC_038850.1_Japanese_soil-borne_wheat_mosaic_virus_genomic_RNA_1_for_152-kDa_protein,_59-kDa_readthrough_protein,_37-kDa_movement_protein,_complete_and_partial_cds","MN123252.1_Japanese_soil-borne_wheat_mosaic_virus_isolate_Bornum_segment_RNA1,_complete_sequence",0.847651775486827,1064,6984,7104,7226,7003,0.9831081081081081,15,0.0021114864864864866,7085,0.8458619702176403
"NC_038850.1_Japanese_soil-borne_wheat_mosaic_virus_genomic_RNA_1_for_152-kDa_protein,_59-kDa_readthrough_protein,_37-kDa_movement_protein,_complete_and_partial_cds","MN123253.1_Japanese_soil-borne_wheat_mosaic_virus_isolate_HYT-38_segment_RNA1,_complete_sequence",0.8456471935853379,1078,6984,7104,7226,7003,0.9831081081081081,15,0.0021114864864864866,7085,0.8438616209637472
"NC_038850.1_Japanese_soil-borne_wheat_mosaic_virus_genomic_RNA_1_for_152-kDa_protein,_59-kDa_readthrough_protein,_37-kDa_movement_protein,_complete_and_partial_cds","MN241032.1_Soil-borne_wheat_mosaic_virus_isolate_SBWMV-OH2_segment_RNA1,_complete_sequence",0.6659965537047674,2326,6964,7356,7226,7110,0.9467101685698749,42,0.005709624796084829,7213,0.6621939632676276
"NC_038850.1_Japanese_soil-borne_wheat_mosaic_virus_genomic_RNA_1_for_152-kDa_protein,_59-kDa_readthrough_protein,_37-kDa_movement_protein,_complete_and_partial_cds","LC481571.1_Japanese_soil-borne_wheat_mosaic_virus_JO_genomic_RNA,_segment:_1,_complete_sequence",0.998477508650519,11,7225,7226,7226,7225,0.9998616108497094,1,0.0001383891502906172,7226,0.9983393301965126
"NC_038850.1_Japanese_soil-borne_wheat_mosaic_virus_genomic_RNA_1_for_152-kDa_protein,_59-kDa_readthrough_protein,_37-kDa_movement_protein,_complete_and_partial_cds","LC481573.1_Japanese_soil-borne_wheat_mosaic_virus_MS3_genomic_RNA,_segment:_1,_complete_sequence",0.9890657439446366,79,7225,7226,7226,7225,0.9998616108497094,1,0.0001383891502906172,7226,0.9889288679767506
"NC_038850.1_Japanese_soil-borne_wheat_mosaic_virus_genomic_RNA_1_for_152-kDa_protein,_59-kDa_readthrough_protein,_37-kDa_movement_protein,_complete_and_partial_cds","LC481577.1_Japanese_soil-borne_wheat_mosaic_virus_MH3_genomic_RNA,_segment:_1,_complete_sequence",0.9885121107266436,83,7225,7226,7226,7225,0.9998616108497094,1,0.0001383891502906172,7226,0.9883753113755881
"NC_038850.1_Japanese_soil-borne_wheat_mosaic_virus_genomic_RNA_1_for_152-kDa_protein,_59-kDa_readthrough_protein,_37-kDa_movement_protein,_complete_and_partial_cds","LC475518.1_Japanese_soil-borne_wheat_mosaic_virus_OT7_genomic_RNA,_segment:_1,_complete_sequence",0.9983391003460208,12,7225,7226,7226,7225,0.9998616108497094,1,0.0001383891502906172,7226,0.998200941046222
"NC_038850.1_Japanese_soil-borne_wheat_mosaic_virus_genomic_RNA_1_for_152-kDa_protein,_59-kDa_readthrough_protein,_37-kDa_movement_protein,_complete_and_partial_cds","LC475520.1_Japanese_soil-borne_wheat_mosaic_virus_S4_genomic_RNA,_segment:_1,_complete_sequence",0.9980622837370242,14,7225,7226,7226,7225,0.9998616108497094,1,0.0001383891502906172,7226,0.9979241627456408
"NC_038850.1_Japanese_soil-borne_wheat_mosaic_virus_genomic_RNA_1_for_152-kDa_protein,_59-kDa_readthrough_protein,_37-kDa_movement_protein,_complete_and_partial_cds","LC475522.1_Japanese_soil-borne_wheat_mosaic_virus_I7_genomic_RNA,_segment:_1,_complete_sequence",0.9890657439446366,79,7225,7226,7226,7225,0.9998616108497094,1,0.0001383891502906172,7226,0.9889288679767506
"NC_038850.1_Japanese_soil-borne_wheat_mosaic_virus_genomic_RNA_1_for_152-kDa_protein,_59-kDa_readthrough_protein,_37-kDa_movement_protein,_complete_and_partial_cds","LC475524.1_Japanese_soil-borne_wheat_mosaic_virus_I9_genomic_RNA,_segment:_1,_complete_sequence",0.9890657439446366,79,7225,7226,7226,7225,0.9998616108497094,1,0.0001383891502906172,7226,0.9889288679767506
"NC_038850.1_Japanese_soil-borne_wheat_mosaic_virus_genomic_RNA_1_for_152-kDa_protein,_59-kDa_readthrough_protein,_37-kDa_movement_protein,_complete_and_partial_cds","LC475526.1_Japanese_soil-borne_wheat_mosaic_virus_T4_genomic_RNA,_segment:_1,_complete_sequence",0.9886473764363838,82,7223,7226,7226,7223,0.9995848325491281,2,0.0002767783005812344,7226,0.9883737402956596
"NC_038850.1_Japanese_soil-borne_wheat_mosaic_virus_genomic_RNA_1_for_152-kDa_protein,_59-kDa_readthrough_protein,_37-kDa_movement_protein,_complete_and_partial_cds","KT736088.1_Soil-borne_wheat_mosaic_virus_isolate_OH_segment_RNA1,_complete_sequence",0.6670967741935484,2322,6975,7356,7226,7105,0.9482055464926591,42,0.005709624796084829,7226,0.6632879019102247
"NC_038850.1_Japanese_soil-borne_wheat_mosaic_virus_genomic_RNA_1_for_152-kDa_protein,_59-kDa_readthrough_protein,_37-kDa_movement_protein,_complete_and_partial_cds","AB935553.1_Chinese_wheat_mosaic_virus_genomic_RNA,_complete_genome,_isolate:_Nagano-A,_segment:_1",0.6635487120448986,2338,6949,7424,7226,7147,0.9360183189655172,39,0.00525323275862069,7226,0.6600629362138438
"NC_038850.1_Japanese_soil-borne_wheat_mosaic_virus_genomic_RNA_1_for_152-kDa_protein,_59-kDa_readthrough_protein,_37-kDa_movement_protein,_complete_and_partial_cds","AB299271.1_Chinese_wheat_mosaic_virus_genomic_RNA,_complete_genome,_segment:_RNA1",0.6683125181527738,2284,6886,7487,7226,7147,0.9197275277147055,44,0.00587685321223454,7226,0.6643849435836912
"NC_038850.1_Japanese_soil-borne_wheat_mosaic_virus_genomic_RNA_1_for_152-kDa_protein,_59-kDa_readthrough_protein,_37-kDa_movement_protein,_complete_and_partial_cds","AJ271838.1_Chinese_wheat_mosaic_virus_ORF1,_ORF2_and_ORF3,_genomic_segment_RNA1,_complete_sequence",0.66758480719049,2293,6898,7475,7226,7147,0.9228093645484949,44,0.00588628762541806,7226,0.6636552110010074
NC_002358.1_Oat_golden_stripe_virus_RNA1_complete_genome,"NC_004014.1_Sorghum_chlorotic_spot_virus_RNA_1,_complete_sequence",0.6208028652439934,2541,6701,7276,7111,6878,0.9209730621220451,58,0.007971412864211104,7099,0.6158541892978483
NC_002358.1_Oat_golden_stripe_virus_RNA1_complete_genome,NC_002351.1_Soil-borne_cereal_mosaic_virus_RNA1_complete_genome,0.6537621889099112,2379,6871,7265,7111,7025,0.9457673778389539,36,0.004955264969029594,7111,0.6505226240371298
NC_002358.1_Oat_golden_stripe_virus_RNA1_complete_genome,"NC_002359.1_Chinese_wheat_mosaic_virus_RNA1,_complete_sequence",0.6606393750904094,2346,6913,7345,7111,7147,0.9411844792375765,48,0.006535057862491491,7111,0.6563220585479533
NC_002358.1_Oat_golden_stripe_virus_RNA1_complete_genome,"NC_002041.1_Soil-borne_wheat_mosaic_virus_RNA1,_complete_sequence",0.6558874709976799,2373,6896,7314,7111,7099,0.9428493300519551,40,0.005468963631391851,7111,0.6523004462725079
NC_002358.1_Oat_golden_stripe_virus_RNA1_complete_genome,"OR886214.1_Soil-borne_wheat_mosaic_virus_isolate_19PN2_SBWMV_segment_RNA1,_complete_sequence",0.6517449565601532,2365,6791,7210,7111,6995,0.9418862690707351,42,0.005825242718446602,7006,0.6479483839976669
NC_002358.1_Oat_golden_stripe_virus_RNA1_complete_genome,"OR886215.1_Soil-borne_wheat_mosaic_virus_isolate_21RL5_SBWMV_segment_RNA1,_complete_sequence",0.655412259092885,2378,6901,7303,7111,7096,0.944954128440367,40,0.005477201150212241,7108,0.6518224343135183
NC_002358.1_Oat_golden_stripe_virus_RNA1_complete_genome,"OQ427639.1_Soil-borne_cereal_mosaic_virus_isolate_CAD22_segment_RNA1,_complete_sequence",0.6532846715328466,2375,6850,7275,7111,7052,0.9415807560137457,39,0.0053608247422680414,7084,0.6497825269019489
NC_002358.1_Oat_golden_stripe_virus_RNA1_complete_genome,"OM867858.1_Soil-borne_cereal_mosaic_virus_isolate_DSMZ_PV-0552_segment_RNA_1,_partial_sequence",0.6577024261911721,2342,6842,7272,7111,7014,0.9408690869086909,39,0.005363036303630363,7100,0.6541751442025231
NC_002358.1_Oat_golden_stripe_virus_RNA1_complete_genome,"LC642564.1_Japanese_soil-borne_wheat_mosaic_virus_TI_RNA,_segment_1,_complete_sequence",0.6975130133024869,2092,6916,7364,7111,7197,0.9391634980988594,42,0.005703422053231939,7083,0.6935348022000013
NC_002358.1_Oat_golden_stripe_virus_RNA1_complete_genome,"MZ405651.1_Soil-borne_wheat_mosaic_virus_isolate_DSMZ_PV-0748_segment_RNA_1,_partial_sequence",0.6528406601431284,2377,6847,7278,7111,7058,0.9407804341852157,38,0.005221214619400934,7067,0.6494320389442497
NC_002358.1_Oat_golden_stripe_virus_RNA1_complete_genome,"MK290758.1_Soil-borne_wheat_mosaic_virus_isolate_Oregon_segment_RNA1,_complete_sequence",0.6513921113689095,2404,6896,7319,7111,7104,0.9422052192922531,40,0.0054652274900942755,7111,0.6478321052950256
NC_002358.1_Oat_golden_stripe_virus_RNA1_complete_genome,"MN123252.1_Japanese_soil-borne_wheat_mosaic_virus_isolate_Bornum_segment_RNA1,_complete_sequence",0.6934038489789922,2087,6807,7166,7111,7003,0.9499023164945576,35,0.004884175272118337,6970,0.6900171430462173
NC_002358.1_Oat_golden_stripe_virus_RNA1_complete_genome,"MN123253.1_Japanese_soil-borne_wheat_mosaic_virus_isolate_HYT-38_segment_RNA1,_complete_sequence",0.6965730254449184,2063,6799,7174,7111,7003,0.9477279063284081,38,0.005296905492054642,6970,0.6928833439608221
NC_002358.1_Oat_golden_stripe_virus_RNA1_complete_genome,"MN241032.1_Soil-borne_wheat_mosaic_virus_isolate_SBWMV-OH2_segment_RNA1,_complete_sequence",0.6503982621288922,2414,6905,7285,7111,7110,0.9478380233356212,36,0.004941660947151681,7098,0.6471842144368345
NC_002358.1_Oat_golden_stripe_virus_RNA1_complete_genome,"LC481571.1_Japanese_soil-borne_wheat_mosaic_virus_JO_genomic_RNA,_segment:_1,_complete_sequence",0.6995535071294829,2086,6943,7393,7111,7225,0.9391316109833626,44,0.005951575814960097,7111,0.6953900613951806
NC_002358.1_Oat_golden_stripe_virus_RNA1_complete_genome,"LC481573.1_Japanese_soil-borne_wheat_mosaic_virus_MS3_genomic_RNA,_segment:_1,_complete_sequence",0.6983006912442397,2095,6944,7392,7111,7225,0.9393939393939394,42,0.005681818181818182,7111,0.6943330736803519
NC_002358.1_Oat_golden_stripe_virus_RNA1_complete_genome,"LC481577.1_Japanese_soil-borne_wheat_mosaic_virus_MH3_genomic_RNA,_segment:_1,_complete_sequence",0.6987327188940092,2092,6944,7392,7111,7225,0.9393939393939394,42,0.005681818181818182,7111,0.6947626466275659
NC_002358.1_Oat_golden_stripe_virus_RNA1_complete_genome,"LC475518.1_Japanese_soil-borne_wheat_mosaic_virus_OT7_genomic_RNA,_segment:_1,_complete_sequence",0.6995535071294829,2086,6943,7393,7111,7225,0.9391316109833626,44,0.005951575814960097,7111,0.6953900613951806
NC_002358.1_Oat_golden_stripe_virus_RNA1_complete_genome,"LC475520.1_Japanese_soil-borne_wheat_mosaic_virus_S4_genomic_RNA,_segment:_1,_complete_sequence",0.6994094771712516,2087,6943,7393,7111,7225,0.9391316109833626,44,0.005951575814960097,7111,0.6952468886421652
NC_002358.1_Oat_golden_stripe_virus_RNA1_complete_genome,"LC475522.1_Japanese_soil-borne_wheat_mosaic_virus_I7_genomic_RNA,_segment:_1,_complete_sequence",0.6983006912442397,2095,6944,7392,7111,7225,0.9393939393939394,42,0.005681818181818182,7111,0.6943330736803519
NC_002358.1_Oat_golden_stripe_virus_RNA1_complete_genome,"LC475524.1_Japanese_soil-borne_wheat_mosaic_virus_I9_genomic_RNA,_segment:_1,_complete_sequence",0.6985887096774194,2093,6944,7392,7111,7225,0.9393939393939394,42,0.005681818181818182,7111,0.6946194556451613
NC_002358.1_Oat_golden_stripe_virus_RNA1_complete_genome,"LC475526.1_Japanese_soil-borne_wheat_mosaic_virus_T4_genomic_RNA,_segment:_1,_complete_sequence",0.6982222864575806,2088,6919,7415,7111,7223,0.9331085637221848,38,0.005124747134187458,7111,0.6946440737960313
NC_002358.1_Oat_golden_stripe_virus_RNA1_complete_genome,"KT736088.1_Soil-borne_wheat_mosaic_virus_isolate_OH_segment_RNA1,_complete_sequence",0.6527777777777778,2400,6912,7304,7111,7105,0.9463307776560789,36,0.004928806133625411,7111,0.6495603626627723
NC_002358.1_Oat_golden_stripe_virus_RNA1_complete_genome,"AB935553.1_Chinese_wheat_mosaic_virus_genomic_RNA,_complete_genome,_isolate:_Nagano-A,_segment:_1",0.661549601737871,2337,6905,7353,7111,7147,0.9390724874201006,47,0.006391948864409085,7111,0.6573210105122924
NC_002358.1_Oat_golden_stripe_virus_RNA1_complete_genome,"AB299271.1_Chinese_wheat_mosaic_virus_genomic_RNA,_complete_genome,_segment:_RNA1",0.65835734870317,2371,6940,7318,7111,7147,0.948346542771249,47,0.006422519814156874,7111,0.6541290355863281
NC_002358.1_Oat_golden_stripe_virus_RNA1_complete_genome,"AJ271838.1_Chinese_wheat_mosaic_virus_ORF1,_ORF2_and_ORF3,_genomic_segment_RNA1,_complete_sequence",0.6546917660583418,2403,6959,7299,7111,7147,0.9534182764762297,43,0.005891217975065077,7111,0.6508348341580118
"NC_004014.1_Sorghum_chlorotic_spot_virus_RNA_1,_complete_sequence",NC_002351.1_Soil-borne_cereal_mosaic_virus_RNA1_complete_genome,0.614409307875895,2585,6704,7197,6878,7025,0.9314992357926914,64,0.008892594136445742,6876,0.6089456152673002
"NC_004014.1_Sorghum_chlorotic_spot_virus_RNA_1,_complete_sequence","NC_002359.1_Chinese_wheat_mosaic_virus_RNA1,_complete_sequence",0.6156594224471569,2582,6718,7297,6878,7147,0.9206523228724133,69,0.00945594079758805,6878,0.6098377833970193
"NC_004014.1_Sorghum_chlorotic_spot_virus_RNA_1,_complete_sequence","NC_002041.1_Soil-borne_wheat_mosaic_virus_RNA1,_complete_sequence",0.6111866969009826,2572,6615,7352,6878,7099,0.8997551686615887,66,0.008977149075081611,6878,0.6056999828101958
"NC_004014.1_Sorghum_chlorotic_spot_virus_RNA_1,_complete_sequence","OR886214.1_Soil-borne_wheat_mosaic_virus_isolate_19PN2_SBWMV_segment_RNA1,_complete_sequence",0.6087023134671365,2554,6527,7231,6878,6995,0.9026414050615406,66,0.00912736827548057,6773,0.603146463281985
"NC_004014.1_Sorghum_chlorotic_spot_virus_RNA_1,_complete_sequence","OR886215.1_Soil-borne_wheat_mosaic_virus_isolate_21RL5_SBWMV_segment_RNA1,_complete_sequence",0.6076101669423973,2609,6649,7312,6878,7096,0.9093271334792122,63,0.00861597374179431,6875,0.6023750136987743
"NC_004014.1_Sorghum_chlorotic_spot_virus_RNA_1,_complete_sequence","OQ427639.1_Soil-borne_cereal_mosaic_virus_isolate_CAD22_segment_RNA1,_complete_sequence",0.6136842105263158,2569,6650,7219,6878,7052,0.9211802188668791,64,0.008865493835711318,6851,0.6082435969408214
"NC_004014.1_Sorghum_chlorotic_spot_virus_RNA_1,_complete_sequence","OM867858.1_Soil-borne_cereal_mosaic_virus_isolate_DSMZ_PV-0552_segment_RNA_1,_partial_sequence",0.6129804097502617,2588,6687,7183,6878,7014,0.9309480718362801,60,0.008353055826256438,6867,0.6078601501672162
"NC_004014.1_Sorghum_chlorotic_spot_virus_RNA_1,_complete_sequence","LC642564.1_Japanese_soil-borne_wheat_mosaic_virus_TI_RNA,_segment_1,_complete_sequence",0.6297840655249441,2486,6715,7345,6878,7197,0.9142273655547992,54,0.007351940095302927,6863,0.6251539308022285
"NC_004014.1_Sorghum_chlorotic_spot_virus_RNA_1,_complete_sequence","MZ405651.1_Soil-borne_wheat_mosaic_virus_isolate_DSMZ_PV-0748_segment_RNA_1,_partial_sequence",0.6062106210621062,2625,6666,7238,6878,7058,0.9209726443768997,63,0.008704061895551257,6846,0.600934126294641
"NC_004014.1_Sorghum_chlorotic_spot_virus_RNA_1,_complete_sequence","MK290758.1_Soil-borne_wheat_mosaic_virus_isolate_Oregon_segment_RNA1,_complete_sequence",0.6151029748283753,2523,6555,7417,6878,7104,0.8837805042470002,65,0.008763651071861939,6878,0.6097124269837151
"NC_004014.1_Sorghum_chlorotic_spot_virus_RNA_1,_complete_sequence","MN123252.1_Japanese_soil-borne_wheat_mosaic_virus_isolate_Bornum_segment_RNA1,_complete_sequence",0.6238420652999241,2477,6585,7160,6878,7003,0.9196927374301676,47,0.006564245810055866,6742,0.6197470126366426
"NC_004014.1_Sorghum_chlorotic_spot_virus_RNA_1,_complete_sequence","MN123253.1_Japanese_soil-borne_wheat_mosaic_virus_isolate_HYT-38_segment_RNA1,_complete_sequence",0.6234990120079039,2477,6579,7166,6878,7003,0.9180854032933297,47,0.006558749651130338,6742,0.6194096380804169
"NC_004014.1_Sorghum_chlorotic_spot_virus_RNA_1,_complete_sequence","MN241032.1_Soil-borne_wheat_mosaic_virus_isolate_SBWMV-OH2_segment_RNA1,_complete_sequence",0.6131486836098006,2542,6571,7376,6878,7110,0.8908622559652929,65,0.00881236442516269,6865,0.6077453939630223
"NC_004014.1_Sorghum_chlorotic_spot_virus_RNA_1,_complete_sequence","LC481571.1_Japanese_soil-borne_wheat_mosaic_virus_JO_genomic_RNA,_segment:_1,_complete_sequence",0.6307806691449814,2483,6725,7365,6878,7225,0.9131025118805159,53,0.007196198234894773,6878,0.6262414464070746
"NC_004014.1_Sorghum_chlorotic_spot_virus_RNA_1,_complete_sequence","LC481573.1_Japanese_soil-borne_wheat_mosaic_virus_MS3_genomic_RNA,_segment:_1,_complete_sequence",0.6303120356612184,2488,6730,7360,6878,7225,0.9144021739130435,54,0.007336956521739131,6878,0.6256874636604431
"NC_004014.1_Sorghum_chlorotic_spot_virus_RNA_1,_complete_sequence","LC481577.1_Japanese_soil-borne_wheat_mosaic_virus_MH3_genomic_RNA,_segment:_1,_complete_sequence",0.6306092124814264,2486,6730,7360,6878,7225,0.9144021739130435,54,0.007336956521739131,6878,0.625982460107242
"NC_004014.1_Sorghum_chlorotic_spot_virus_RNA_1,_complete_sequence","LC475518.1_Japanese_soil-borne_wheat_mosaic_virus_OT7_genomic_RNA,_segment:_1,_complete_sequence",0.6308355634849836,2483,6726,7364,6878,7225,0.9133623030961434,53,0.007197175448126018,6878,0.6262953292556647
"NC_004014.1_Sorghum_chlorotic_spot_virus_RNA_1,_complete_sequence","LC475520.1_Japanese_soil-borne_wheat_mosaic_virus_S4_genomic_RNA,_segment:_1,_complete_sequence",0.6311329170383586,2481,6726,7364,6878,7225,0.9133623030961434,55,0.007468766974470397,6878,0.6264191323510814
"NC_004014.1_Sorghum_chlorotic_spot_virus_RNA_1,_complete_sequence","LC475522.1_Japanese_soil-borne_wheat_mosaic_virus_I7_genomic_RNA,_segment:_1,_complete_sequence",0.6300148588410104,2490,6730,7360,6878,7225,0.9144021739130435,54,0.007336956521739131,6878,0.6253924672136443
"NC_004014.1_Sorghum_chlorotic_spot_virus_RNA_1,_complete_sequence","LC475524.1_Japanese_soil-borne_wheat_mosaic_virus_I9_genomic_RNA,_segment:_1,_complete_sequence",0.6303120356612184,2488,6730,7360,6878,7225,0.9144021739130435,54,0.007336956521739131,6878,0.6256874636604431
"NC_004014.1_Sorghum_chlorotic_spot_virus_RNA_1,_complete_sequence","LC475526.1_Japanese_soil-borne_wheat_mosaic_virus_T4_genomic_RNA,_segment:_1,_complete_sequence",0.6302021403091558,2488,6728,7360,6878,7223,0.9141304347826087,55,0.007472826086956522,6878,0.6254927493149977
"NC_004014.1_Sorghum_chlorotic_spot_virus_RNA_1,_complete_sequence","KT736088.1_Soil-borne_wheat_mosaic_virus_isolate_OH_segment_RNA1,_complete_sequence",0.6156411033646559,2536,6598,7375,6878,7105,0.8946440677966102,66,0.008949152542372881,6878,0.6101316372192909
"NC_004014.1_Sorghum_chlorotic_spot_virus_RNA_1,_complete_sequence","AB935553.1_Chinese_wheat_mosaic_virus_genomic_RNA,_complete_genome,_isolate:_Nagano-A,_segment:_1",0.6159366123486321,2569,6689,7326,6878,7147,0.913049413049413,67,0.009145509145509146,6878,0.6103035584273437
"NC_004014.1_Sorghum_chlorotic_spot_virus_RNA_1,_complete_sequence","AB299271.1_Chinese_wheat_mosaic_virus_genomic_RNA,_complete_genome,_segment:_RNA1",0.6216459301454055,2524,6671,7344,6878,7147,0.9083605664488017,69,0.009395424836601307,6878,0.6158053025337452
"NC_004014.1_Sorghum_chlorotic_spot_virus_RNA_1,_complete_sequence","AJ271838.1_Chinese_wheat_mosaic_virus_ORF1,_ORF2_and_ORF3,_genomic_segment_RNA1,_complete_sequence",0.6159474391518591,2572,6697,7318,6878,7147,0.9151407488384805,65,0.008882208253621208,6878,0.6104764657240277
NC_002351.1_Soil-borne_cereal_mosaic_virus_RNA1_complete_genome,"NC_002359.1_Chinese_wheat_mosaic_virus_RNA1,_complete_sequence",0.7076057151104056,2026,6929,7243,7025,7147,0.9566477978738092,32,0.00441805881540798,7025,0.704479471442929
NC_002351.1_Soil-borne_cereal_mosaic_virus_RNA1_complete_genome,"NC_002041.1_Soil-borne_wheat_mosaic_virus_RNA1,_complete_sequence",0.7163426925845933,1970,6945,7179,7025,7099,0.9674049310488926,26,0.003621674327900822,7025,0.7137483326448802
NC_002351.1_Soil-borne_cereal_mosaic_virus_RNA1_complete_genome,"OR886214.1_Soil-borne_wheat_mosaic_virus_isolate_19PN2_SBWMV_segment_RNA1,_complete_sequence",0.714160199150681,1952,6829,7086,7025,6995,0.9637313011572114,26,0.00366920688681908,6920,0.7115397976296652
NC_002351.1_Soil-borne_cereal_mosaic_virus_RNA1_complete_genome,"OR886215.1_Soil-borne_wheat_mosaic_virus_isolate_21RL5_SBWMV_segment_RNA1,_complete_sequence",0.7150266532199971,1978,6941,7177,7025,7096,0.9671171798801728,26,0.0036226835725233384,7022,0.7124363379094607
NC_002351.1_Soil-borne_cereal_mosaic_virus_RNA1_complete_genome,"OQ427639.1_Soil-borne_cereal_mosaic_virus_isolate_CAD22_segment_RNA1,_complete_sequence",0.9727064875678766,191,6998,7051,7025,7052,0.9924833356970643,2,0.00028364770954474543,6998,0.9724305816006187
NC_002351.1_Soil-borne_cereal_mosaic_virus_RNA1_complete_genome,"OM867858.1_Soil-borne_cereal_mosaic_virus_isolate_DSMZ_PV-0552_segment_RNA_1,_partial_sequence",0.9573709723410322,299,7014,7014,7025,7014,1.0,0,0.0,7014,0.9573709723410322
NC_002351.1_Soil-borne_cereal_mosaic_virus_RNA1_complete_genome,"LC642564.1_Japanese_soil-borne_wheat_mosaic_virus_TI_RNA,_segment_1,_complete_sequence",0.6659407665505226,2301,6888,7307,7025,7197,0.9426577254687286,40,0.0054742028192144515,6998,0.662295271728842
NC_002351.1_Soil-borne_cereal_mosaic_virus_RNA1_complete_genome,"MZ405651.1_Soil-borne_wheat_mosaic_virus_isolate_DSMZ_PV-0748_segment_RNA_1,_partial_sequence",0.7149053057683967,1972,6917,7127,7025,7058,0.9705345867826575,22,0.003086852813245405,6986,0.7126984983140815
NC_002351.1_Soil-borne_cereal_mosaic_virus_RNA1_complete_genome,"MK290758.1_Soil-borne_wheat_mosaic_virus_isolate_Oregon_segment_RNA1,_complete_sequence",0.7148009232544721,1977,6932,7197,7025,7104,0.9631791024037794,28,0.003890509934695012,7025,0.7120199831612214
NC_002351.1_Soil-borne_cereal_mosaic_virus_RNA1_complete_genome,"MN123252.1_Japanese_soil-borne_wheat_mosaic_virus_isolate_Bornum_segment_RNA1,_complete_sequence",0.663215500665582,2277,6761,7135,7025,7003,0.9475823405746321,29,0.004064470918009811,6893,0.6605198805507535
NC_002351.1_Soil-borne_cereal_mosaic_virus_RNA1_complete_genome,"MN123253.1_Japanese_soil-borne_wheat_mosaic_virus_isolate_HYT-38_segment_RNA1,_complete_sequence",0.6657253269916765,2249,6728,7168,7025,7003,0.9386160714285714,30,0.004185267857142857,6893,0.6629390881789323
NC_002351.1_Soil-borne_cereal_mosaic_virus_RNA1_complete_genome,"MN241032.1_Soil-borne_wheat_mosaic_virus_isolate_SBWMV-OH2_segment_RNA1,_complete_sequence",0.7153337169159955,1979,6952,7152,7025,7110,0.9720357941834452,25,0.003495525727069351,7012,0.7128332495050754
NC_002351.1_Soil-borne_cereal_mosaic_virus_RNA1_complete_genome,"LC481571.1_Japanese_soil-borne_wheat_mosaic_virus_JO_genomic_RNA,_segment:_1,_complete_sequence",0.6649313087490962,2317,6915,7335,7025,7225,0.9427402862985685,40,0.0054533060668029995,7025,0.6613052348090875
NC_002351.1_Soil-borne_cereal_mosaic_virus_RNA1_complete_genome,"LC481573.1_Japanese_soil-borne_wheat_mosaic_virus_MS3_genomic_RNA,_segment:_1,_complete_sequence",0.6665220535068691,2306,6915,7335,7025,7225,0.9427402862985685,41,0.0055896387184730745,7025,0.6627964360298709
NC_002351.1_Soil-borne_cereal_mosaic_virus_RNA1_complete_genome,"LC481577.1_Japanese_soil-borne_wheat_mosaic_virus_MH3_genomic_RNA,_segment:_1,_complete_sequence",0.6670518561317348,2305,6923,7327,7025,7225,0.9448614712706428,41,0.005595741776989218,7025,0.6633192061929603
NC_002351.1_Soil-borne_cereal_mosaic_virus_RNA1_complete_genome,"LC475518.1_Japanese_soil-borne_wheat_mosaic_virus_OT7_genomic_RNA,_segment:_1,_complete_sequence",0.6664735698769009,2303,6905,7345,7025,7225,0.9400953029271614,41,0.005582028590878149,7025,0.6627532953547833
NC_002351.1_Soil-borne_cereal_mosaic_virus_RNA1_complete_genome,"LC475520.1_Japanese_soil-borne_wheat_mosaic_virus_S4_genomic_RNA,_segment:_1,_complete_sequence",0.6642082429501084,2322,6915,7335,7025,7225,0.9427402862985685,40,0.0054533060668029995,7025,0.6605861121092079
NC_002351.1_Soil-borne_cereal_mosaic_virus_RNA1_complete_genome,"LC475522.1_Japanese_soil-borne_wheat_mosaic_virus_I7_genomic_RNA,_segment:_1,_complete_sequence",0.6669558929862618,2303,6915,7335,7025,7225,0.9427402862985685,41,0.0055896387184730745,7025,0.663227850503312
NC_002351.1_Soil-borne_cereal_mosaic_virus_RNA1_complete_genome,"LC475524.1_Japanese_soil-borne_wheat_mosaic_virus_I9_genomic_RNA,_segment:_1,_complete_sequence",0.6671005061460593,2302,6915,7335,7025,7225,0.9427402862985685,41,0.0055896387184730745,7025,0.6633716553277923
NC_002351.1_Soil-borne_cereal_mosaic_virus_RNA1_complete_genome,"LC475526.1_Japanese_soil-borne_wheat_mosaic_virus_T4_genomic_RNA,_segment:_1,_complete_sequence",0.6667148849992768,2304,6913,7335,7025,7223,0.9424676209952284,42,0.0057259713701431495,7025,0.6628972946557226
NC_002351.1_Soil-borne_cereal_mosaic_virus_RNA1_complete_genome,"KT736088.1_Soil-borne_wheat_mosaic_virus_isolate_OH_segment_RNA1,_complete_sequence",0.7148600143575018,1986,6965,7165,7025,7105,0.9720865317515701,24,0.003349616189811584,7025,0.712465507679961
NC_002351.1_Soil-borne_cereal_mosaic_virus_RNA1_complete_genome,"AB935553.1_Chinese_wheat_mosaic_virus_genomic_RNA,_complete_genome,_isolate:_Nagano-A,_segment:_1",0.7067051189617881,2034,6935,7237,7025,7147,0.9582700013817881,30,0.004145364101146884,7025,0.7037755689315472
NC_002351.1_Soil-borne_cereal_mosaic_virus_RNA1_complete_genome,"AB299271.1_Chinese_wheat_mosaic_virus_genomic_RNA,_complete_genome,_segment:_RNA1",0.7080028839221342,2025,6935,7237,7025,7147,0.9582700013817881,31,0.004283542904518447,7025,0.7049701231923309
NC_002351.1_Soil-borne_cereal_mosaic_virus_RNA1_complete_genome,"AJ271838.1_Chinese_wheat_mosaic_virus_ORF1,_ORF2_and_ORF3,_genomic_segment_RNA1,_complete_sequence",0.7060181844421994,2037,6929,7243,7025,7147,0.9566477978738092,32,0.00441805881540798,7025,0.7028989545785862
"NC_002359.1_Chinese_wheat_mosaic_virus_RNA1,_complete_sequence","NC_002041.1_Soil-borne_wheat_mosaic_virus_RNA1,_complete_sequence",0.7494292237442922,1756,7008,7238,7147,7099,0.9682232660956065,18,0.0024868748273003593,7147,0.7475654870729193
"NC_002359.1_Chinese_wheat_mosaic_virus_RNA1,_complete_sequence","OR886214.1_Soil-borne_wheat_mosaic_virus_isolate_19PN2_SBWMV_segment_RNA1,_complete_sequence",0.7480783176214648,1737,6895,7143,7147,6995,0.9652806943861123,17,0.002379952400951981,7043,0.7462979268333415
"NC_002359.1_Chinese_wheat_mosaic_virus_RNA1,_complete_sequence","OR886215.1_Soil-borne_wheat_mosaic_virus_isolate_21RL5_SBWMV_segment_RNA1,_complete_sequence",0.7491805614935158,1760,7017,7223,7147,7096,0.9714799944621348,15,0.0020766994323688217,7144,0.7476247386467204
"NC_002359.1_Chinese_wheat_mosaic_virus_RNA1,_complete_sequence","OQ427639.1_Soil-borne_cereal_mosaic_virus_isolate_CAD22_segment_RNA1,_complete_sequence",0.7071791153009427,2019,6895,7268,7147,7052,0.9486791414419372,29,0.0039900935608145295,7121,0.7043574044666379
"NC_002359.1_Chinese_wheat_mosaic_virus_RNA1,_complete_sequence","OM867858.1_Soil-borne_cereal_mosaic_virus_isolate_DSMZ_PV-0552_segment_RNA_1,_partial_sequence",0.7091512702078522,2015,6928,7222,7147,7014,0.959291055109388,31,0.004292439767377458,7136,0.7061072810945257
"NC_002359.1_Chinese_wheat_mosaic_virus_RNA1,_complete_sequence","LC642564.1_Japanese_soil-borne_wheat_mosaic_virus_TI_RNA,_segment_1,_complete_sequence",0.6631533352584464,2333,6926,7392,7147,7197,0.9369588744588745,40,0.005411255411255411,7121,0.6595648431845371
"NC_002359.1_Chinese_wheat_mosaic_virus_RNA1,_complete_sequence","MZ405651.1_Soil-borne_wheat_mosaic_virus_isolate_DSMZ_PV-0748_segment_RNA_1,_partial_sequence",0.7486700215672178,1748,6955,7212,7147,7058,0.9643649473100389,18,0.0024958402662229617,7109,0.7468014607812764
"NC_002359.1_Chinese_wheat_mosaic_virus_RNA1,_complete_sequence","MK290758.1_Soil-borne_wheat_mosaic_virus_isolate_Oregon_segment_RNA1,_complete_sequence",0.7476782397485355,1766,6999,7252,7147,7104,0.9651130722559293,18,0.002482073910645339,7147,0.7458224470960985
"NC_002359.1_Chinese_wheat_mosaic_virus_RNA1,_complete_sequence","MN123252.1_Japanese_soil-borne_wheat_mosaic_virus_isolate_Bornum_segment_RNA1,_complete_sequence",0.6597892888498683,2325,6834,7190,7147,7003,0.9504867872044507,38,0.005285118219749653,7021,0.6563022244581722
"NC_002359.1_Chinese_wheat_mosaic_virus_RNA1,_complete_sequence","MN123253.1_Japanese_soil-borne_wheat_mosaic_virus_isolate_HYT-38_segment_RNA1,_complete_sequence",0.6586721263527346,2334,6838,7186,7147,7003,0.9515725020873922,36,0.005009741163373225,7021,0.6553723494881788
"NC_002359.1_Chinese_wheat_mosaic_virus_RNA1,_complete_sequence","MN241032.1_Soil-borne_wheat_mosaic_virus_isolate_SBWMV-OH2_segment_RNA1,_complete_sequence",0.7536833071091403,1722,6991,7235,7147,7110,0.9662750518313753,21,0.002902557014512785,7134,0.7514956983393695
"NC_002359.1_Chinese_wheat_mosaic_virus_RNA1,_complete_sequence","LC481571.1_Japanese_soil-borne_wheat_mosaic_virus_JO_genomic_RNA,_segment:_1,_complete_sequence",0.6654639919180256,2318,6929,7443,7147,7225,0.9309418245331184,40,0.005374177079134758,7147,0.6618876705856702
"NC_002359.1_Chinese_wheat_mosaic_virus_RNA1,_complete_sequence","LC481573.1_Japanese_soil-borne_wheat_mosaic_virus_MS3_genomic_RNA,_segment:_1,_complete_sequence",0.6636939010356732,2338,6952,7420,7147,7225,0.9369272237196765,41,0.005525606469002696,7147,0.6600265897226728
"NC_002359.1_Chinese_wheat_mosaic_virus_RNA1,_complete_sequence","LC481577.1_Japanese_soil-borne_wheat_mosaic_virus_MH3_genomic_RNA,_segment:_1,_complete_sequence",0.66335636154289,2339,6948,7424,7147,7225,0.9358836206896551,41,0.005522629310344827,7147,0.6596928902574295
"NC_002359.1_Chinese_wheat_mosaic_virus_RNA1,_complete_sequence","LC475518.1_Japanese_soil-borne_wheat_mosaic_virus_OT7_genomic_RNA,_segment:_1,_complete_sequence",0.6653196709481888,2319,6929,7443,7147,7225,0.9309418245331184,40,0.005374177079134758,7147,0.6617441252222815
"NC_002359.1_Chinese_wheat_mosaic_virus_RNA1,_complete_sequence","LC475520.1_Japanese_soil-borne_wheat_mosaic_virus_S4_genomic_RNA,_segment:_1,_complete_sequence",0.6651753499783519,2320,6929,7443,7147,7225,0.9309418245331184,40,0.005374177079134758,7147,0.6616005798588928
"NC_002359.1_Chinese_wheat_mosaic_virus_RNA1,_complete_sequence","LC475522.1_Japanese_soil-borne_wheat_mosaic_virus_I7_genomic_RNA,_segment:_1,_complete_sequence",0.6638377445339471,2337,6952,7420,7147,7225,0.9369272237196765,41,0.005525606469002696,7147,0.6601696383983822
"NC_002359.1_Chinese_wheat_mosaic_virus_RNA1,_complete_sequence","LC475524.1_Japanese_soil-borne_wheat_mosaic_virus_I9_genomic_RNA,_segment:_1,_complete_sequence",0.6646508279337653,2329,6945,7427,7147,7225,0.9351016561195638,42,0.005655042412818096,7147,0.6608921993120852
"NC_002359.1_Chinese_wheat_mosaic_virus_RNA1,_complete_sequence","LC475526.1_Japanese_soil-borne_wheat_mosaic_virus_T4_genomic_RNA,_segment:_1,_complete_sequence",0.6636455186304129,2338,6951,7419,7147,7223,0.9369187221997574,41,0.005526351260277665,7147,0.659977980382152
"NC_002359.1_Chinese_wheat_mosaic_virus_RNA1,_complete_sequence","KT736088.1_Soil-borne_wheat_mosaic_virus_isolate_OH_segment_RNA1,_complete_sequence",0.7551399200456882,1715,7004,7248,7147,7105,0.9663355408388521,20,0.0027593818984547464,7147,0.7530562006195136
"NC_002359.1_Chinese_wheat_mosaic_virus_RNA1,_complete_sequence","AB935553.1_Chinese_wheat_mosaic_virus_genomic_RNA,_complete_genome,_isolate:_Nagano-A,_segment:_1",0.990205680705191,70,7147,7147,7147,7147,1.0,0,0.0,7147,0.990205680705191
"NC_002359.1_Chinese_wheat_mosaic_virus_RNA1,_complete_sequence","AB299271.1_Chinese_wheat_mosaic_virus_genomic_RNA,_complete_genome,_segment:_RNA1",0.9599832097383517,286,7147,7147,7147,7147,1.0,0,0.0,7147,0.9599832097383517
"NC_002359.1_Chinese_wheat_mosaic_virus_RNA1,_complete_sequence","AJ271838.1_Chinese_wheat_mosaic_virus_ORF1,_ORF2_and_ORF3,_genomic_segment_RNA1,_complete_sequence",0.9655799636210998,246,7147,7147,7147,7147,1.0,0,0.0,7147,0.9655799636210998
"NC_002041.1_Soil-borne_wheat_mosaic_virus_RNA1,_complete_sequence","OR886214.1_Soil-borne_wheat_mosaic_virus_isolate_19PN2_SBWMV_segment_RNA1,_complete_sequence",0.9847033595425304,107,6995,6995,7099,6995,1.0,0,0.0,6995,0.9847033595425304
"NC_002041.1_Soil-borne_wheat_mosaic_virus_RNA1,_complete_sequence","OR886215.1_Soil-borne_wheat_mosaic_virus_isolate_21RL5_SBWMV_segment_RNA1,_complete_sequence",0.9663190529875987,239,7096,7096,7099,7096,1.0,0,0.0,7096,0.9663190529875987
"NC_002041.1_Soil-borne_wheat_mosaic_virus_RNA1,_complete_sequence","OQ427639.1_Soil-borne_cereal_mosaic_virus_isolate_CAD22_segment_RNA1,_complete_sequence",0.7156706699464621,1965,6911,7200,7099,7052,0.9598611111111112,22,0.0030555555555555557,7073,0.713483898454959
"NC_002041.1_Soil-borne_wheat_mosaic_virus_RNA1,_complete_sequence","OM867858.1_Soil-borne_cereal_mosaic_virus_isolate_DSMZ_PV-0552_segment_RNA_1,_partial_sequence",0.7133620689655172,1995,6960,7142,7099,7014,0.974516942033044,24,0.0033604032483898066,7088,0.7109648847516874
"NC_002041.1_Soil-borne_wheat_mosaic_virus_RNA1,_complete_sequence","LC642564.1_Japanese_soil-borne_wheat_mosaic_virus_TI_RNA,_segment_1,_complete_sequence",0.6663790624101237,2320,6954,7316,7099,7197,0.9505194095133953,37,0.005057408419901586,7073,0.6630089113290446
"NC_002041.1_Soil-borne_wheat_mosaic_virus_RNA1,_complete_sequence","MZ405651.1_Soil-borne_wheat_mosaic_virus_isolate_DSMZ_PV-0748_segment_RNA_1,_partial_sequence",0.9896571266647776,73,7058,7061,7099,7058,0.9995751310012746,1,0.000141622999575131,7061,0.9895169684539484
"NC_002041.1_Soil-borne_wheat_mosaic_virus_RNA1,_complete_sequence","MK290758.1_Soil-borne_wheat_mosaic_virus_isolate_Oregon_segment_RNA1,_complete_sequence",0.9826736160022539,123,7099,7104,7099,7104,0.9992961711711712,1,0.00014076576576576576,7099,0.9825352891981995
"NC_002041.1_Soil-borne_wheat_mosaic_virus_RNA1,_complete_sequence","MN123252.1_Japanese_soil-borne_wheat_mosaic_virus_isolate_Bornum_segment_RNA1,_complete_sequence",0.6665686994856723,2269,6805,7171,7099,7003,0.9489610932924278,42,0.005856923720541068,6973,0.6626646574582845
"NC_002041.1_Soil-borne_wheat_mosaic_virus_RNA1,_complete_sequence","MN123253.1_Japanese_soil-borne_wheat_mosaic_virus_isolate_HYT-38_segment_RNA1,_complete_sequence",0.6628026412325752,2298,6815,7161,7099,7003,0.9516827258762742,39,0.005446166736489317,6973,0.659192907535037
"NC_002041.1_Soil-borne_wheat_mosaic_virus_RNA1,_complete_sequence","MN241032.1_Soil-borne_wheat_mosaic_virus_isolate_SBWMV-OH2_segment_RNA1,_complete_sequence",0.8945808636748518,747,7086,7092,7099,7110,0.9991539763113367,1,0.0001410039481105471,7086,0.8944547242411695
"NC_002041.1_Soil-borne_wheat_mosaic_virus_RNA1,_complete_sequence","LC481571.1_Japanese_soil-borne_wheat_mosaic_virus_JO_genomic_RNA,_segment:_1,_complete_sequence",0.6680533639363075,2314,6971,7353,7099,7225,0.948048415612675,42,0.005711954304365565,7099,0.6642374736486256
"NC_002041.1_Soil-borne_wheat_mosaic_virus_RNA1,_complete_sequence","LC481573.1_Japanese_soil-borne_wheat_mosaic_virus_MS3_genomic_RNA,_segment:_1,_complete_sequence",0.6667621776504298,2326,6980,7344,7099,7225,0.9504357298474946,38,0.0051742919389978215,7099,0.6633121554893845
"NC_002041.1_Soil-borne_wheat_mosaic_virus_RNA1,_complete_sequence","LC481577.1_Japanese_soil-borne_wheat_mosaic_virus_MH3_genomic_RNA,_segment:_1,_complete_sequence",0.6682912844036697,2314,6976,7348,7099,7225,0.9493739793140991,40,0.005443658138268917,7099,0.6646533351145915
"NC_002041.1_Soil-borne_wheat_mosaic_virus_RNA1,_complete_sequence","LC475518.1_Japanese_soil-borne_wheat_mosaic_virus_OT7_genomic_RNA,_segment:_1,_complete_sequence",0.6683402668196816,2312,6971,7353,7099,7225,0.948048415612675,42,0.005711954304365565,7099,0.6645227377558401
"NC_002041.1_Soil-borne_wheat_mosaic_virus_RNA1,_complete_sequence","LC475520.1_Japanese_soil-borne_wheat_mosaic_virus_S4_genomic_RNA,_segment:_1,_complete_sequence",0.6671915259089608,2325,6986,7338,7099,7225,0.9520305260288907,41,0.005587353502316708,7099,0.6634636909999573
"NC_002041.1_Soil-borne_wheat_mosaic_virus_RNA1,_complete_sequence","LC475522.1_Japanese_soil-borne_wheat_mosaic_virus_I7_genomic_RNA,_segment:_1,_complete_sequence",0.6663323782234958,2329,6980,7344,7099,7225,0.9504357298474946,38,0.0051742919389978215,7099,0.6628845799701607
"NC_002041.1_Soil-borne_wheat_mosaic_virus_RNA1,_complete_sequence","LC475524.1_Japanese_soil-borne_wheat_mosaic_virus_I9_genomic_RNA,_segment:_1,_complete_sequence",0.6666189111747851,2327,6980,7344,7099,7225,0.9504357298474946,38,0.0051742919389978215,7099,0.6631696303163099
"NC_002041.1_Soil-borne_wheat_mosaic_virus_RNA1,_complete_sequence","LC475526.1_Japanese_soil-borne_wheat_mosaic_virus_T4_genomic_RNA,_segment:_1,_complete_sequence",0.6657114199742084,2333,6979,7343,7099,7223,0.9504289799809342,38,0.005174996595396977,7099,0.6622663656423249
"NC_002041.1_Soil-borne_wheat_mosaic_virus_RNA1,_complete_sequence","KT736088.1_Soil-borne_wheat_mosaic_virus_isolate_OH_segment_RNA1,_complete_sequence",0.8940695872658121,752,7099,7105,7099,7105,0.999155524278677,1,0.00014074595355383532,7099,0.8939437505892088
"NC_002041.1_Soil-borne_wheat_mosaic_virus_RNA1,_complete_sequence","AB935553.1_Chinese_wheat_mosaic_virus_genomic_RNA,_complete_genome,_isolate:_Nagano-A,_segment:_1",0.749714611872146,1754,7008,7238,7099,7147,0.9682232660956065,18,0.0024868748273003593,7099,0.747850165476222
"NC_002041.1_Soil-borne_wheat_mosaic_virus_RNA1,_complete_sequence","AB299271.1_Chinese_wheat_mosaic_virus_genomic_RNA,_complete_genome,_segment:_RNA1",0.7479674796747968,1767,7011,7235,7099,7147,0.9690393918451969,19,0.0026261230131306153,7099,0.7460032250633496
"NC_002041.1_Soil-borne_wheat_mosaic_virus_RNA1,_complete_sequence","AJ271838.1_Chinese_wheat_mosaic_virus_ORF1,_ORF2_and_ORF3,_genomic_segment_RNA1,_complete_sequence",0.7499285918309054,1751,7002,7244,7099,7147,0.9665930425179459,18,0.002484815019326339,7099,0.7480651580025017
"OR886214.1_Soil-borne_wheat_mosaic_virus_isolate_19PN2_SBWMV_segment_RNA1,_complete_sequence","OR886215.1_Soil-borne_wheat_mosaic_virus_isolate_21RL5_SBWMV_segment_RNA1,_complete_sequence",0.9682630450321659,222,6995,6995,6995,7096,1.0,0,0.0,6995,0.9682630450321659
"OR886214.1_Soil-borne_wheat_mosaic_virus_isolate_19PN2_SBWMV_segment_RNA1,_complete_sequence","OQ427639.1_Soil-borne_cereal_mosaic_virus_isolate_CAD22_segment_RNA1,_complete_sequence",0.7128640421483975,1962,6833,7122,6995,7052,0.9594215108115698,22,0.003089019938219601,6995,0.7106619909089612
"OR886214.1_Soil-borne_wheat_mosaic_virus_isolate_19PN2_SBWMV_segment_RNA1,_complete_sequence","OM867858.1_Soil-borne_cereal_mosaic_virus_isolate_DSMZ_PV-0552_segment_RNA_1,_partial_sequence",0.709916994320664,1992,6867,7048,6995,7014,0.9743189557321226,23,0.0032633371169125992,6995,0.7076002958431703
"OR886214.1_Soil-borne_wheat_mosaic_virus_isolate_19PN2_SBWMV_segment_RNA1,_complete_sequence","LC642564.1_Japanese_soil-borne_wheat_mosaic_virus_TI_RNA,_segment_1,_complete_sequence",0.6640932265112891,2306,6865,7224,6995,7197,0.9503045404208195,36,0.0049833887043189366,6983,0.660783791827678
"OR886214.1_Soil-borne_wheat_mosaic_virus_isolate_19PN2_SBWMV_segment_RNA1,_complete_sequence","MZ405651.1_Soil-borne_wheat_mosaic_virus_isolate_DSMZ_PV-0748_segment_RNA_1,_partial_sequence",0.9819199311235471,126,6969,6972,6995,7058,0.9995697074010327,1,0.00014343086632243257,6972,0.9817790934971669
"OR886214.1_Soil-borne_wheat_mosaic_virus_isolate_19PN2_SBWMV_segment_RNA1,_complete_sequence","MK290758.1_Soil-borne_wheat_mosaic_virus_isolate_Oregon_segment_RNA1,_complete_sequence",0.9897069335239457,72,6995,7000,6995,7104,0.9992857142857143,1,0.00014285714285714287,6995,0.9895655468191565
"OR886214.1_Soil-borne_wheat_mosaic_virus_isolate_19PN2_SBWMV_segment_RNA1,_complete_sequence","MN123252.1_Japanese_soil-borne_wheat_mosaic_virus_isolate_Bornum_segment_RNA1,_complete_sequence",0.6583518930957684,2301,6735,7034,6995,7003,0.9574921808359397,40,0.005686664771111743,6870,0.654608066578306
"OR886214.1_Soil-borne_wheat_mosaic_virus_isolate_19PN2_SBWMV_segment_RNA1,_complete_sequence","MN123253.1_Japanese_soil-borne_wheat_mosaic_virus_isolate_HYT-38_segment_RNA1,_complete_sequence",0.6581336508408989,2297,6719,7050,6995,7003,0.953049645390071,39,0.005531914893617021,6870,0.6544929114958216
"OR886214.1_Soil-borne_wheat_mosaic_virus_isolate_19PN2_SBWMV_segment_RNA1,_complete_sequence","MN241032.1_Soil-borne_wheat_mosaic_virus_isolate_SBWMV-OH2_segment_RNA1,_complete_sequence",0.891493924231594,759,6995,7001,6995,7110,0.9991429795743465,1,0.00014283673760891302,6995,0.8913665861478586
"OR886214.1_Soil-borne_wheat_mosaic_virus_isolate_19PN2_SBWMV_segment_RNA1,_complete_sequence","LC481571.1_Japanese_soil-borne_wheat_mosaic_virus_JO_genomic_RNA,_segment:_1,_complete_sequence",0.66501602097291,2300,6866,7249,6995,7225,0.9471651262243068,44,0.006069802731411229,6995,0.6609795049123764
"OR886214.1_Soil-borne_wheat_mosaic_virus_isolate_19PN2_SBWMV_segment_RNA1,_complete_sequence","LC481573.1_Japanese_soil-borne_wheat_mosaic_virus_MS3_genomic_RNA,_segment:_1,_complete_sequence",0.663806892540352,2312,6877,7238,6995,7225,0.950124343741365,37,0.005111909367228516,6995,0.6604135718683442
"OR886214.1_Soil-borne_wheat_mosaic_virus_isolate_19PN2_SBWMV_segment_RNA1,_complete_sequence","LC481577.1_Japanese_soil-borne_wheat_mosaic_virus_MH3_genomic_RNA,_segment:_1,_complete_sequence",0.6655026916921286,2299,6873,7242,6995,7225,0.9490472245236122,39,0.005385252692626346,6995,0.6619187915297435
"OR886214.1_Soil-borne_wheat_mosaic_virus_isolate_19PN2_SBWMV_segment_RNA1,_complete_sequence","LC475518.1_Japanese_soil-borne_wheat_mosaic_virus_OT7_genomic_RNA,_segment:_1,_complete_sequence",0.6646279306829765,2303,6867,7248,6995,7225,0.9474337748344371,40,0.005518763796909493,6995,0.6609600061207085
"OR886214.1_Soil-borne_wheat_mosaic_virus_isolate_19PN2_SBWMV_segment_RNA1,_complete_sequence","LC475520.1_Japanese_soil-borne_wheat_mosaic_virus_S4_genomic_RNA,_segment:_1,_complete_sequence",0.6634699215344377,2316,6882,7233,6995,7225,0.9514724180837827,39,0.005391953546246371,6995,0.6598925225381923
"OR886214.1_Soil-borne_wheat_mosaic_virus_isolate_19PN2_SBWMV_segment_RNA1,_complete_sequence","LC475522.1_Japanese_soil-borne_wheat_mosaic_virus_I7_genomic_RNA,_segment:_1,_complete_sequence",0.6633706558092192,2315,6877,7238,6995,7225,0.950124343741365,37,0.005111909367228516,6995,0.6599795651398435
"OR886214.1_Soil-borne_wheat_mosaic_virus_isolate_19PN2_SBWMV_segment_RNA1,_complete_sequence","LC475524.1_Japanese_soil-borne_wheat_mosaic_virus_I9_genomic_RNA,_segment:_1,_complete_sequence",0.663661480296641,2313,6877,7238,6995,7225,0.950124343741365,37,0.005111909367228516,6995,0.6602689029588439
"OR886214.1_Soil-borne_wheat_mosaic_virus_isolate_19PN2_SBWMV_segment_RNA1,_complete_sequence","LC475526.1_Japanese_soil-borne_wheat_mosaic_virus_T4_genomic_RNA,_segment:_1,_complete_sequence",0.6632252435655082,2316,6877,7238,6995,7223,0.950124343741365,37,0.005111909367228516,6995,0.6598348962303432
"OR886214.1_Soil-borne_wheat_mosaic_virus_isolate_19PN2_SBWMV_segment_RNA1,_complete_sequence","KT736088.1_Soil-borne_wheat_mosaic_virus_isolate_OH_segment_RNA1,_complete_sequence",0.8910650464617584,762,6995,7001,6995,7105,0.9991429795743465,1,0.00014283673760891302,6995,0.8909377696375245
"OR886214.1_Soil-borne_wheat_mosaic_virus_isolate_19PN2_SBWMV_segment_RNA1,_complete_sequence","AB935553.1_Chinese_wheat_mosaic_virus_genomic_RNA,_complete_genome,_isolate:_Nagano-A,_segment:_1",0.7486584481508339,1733,6895,7143,6995,7147,0.9652806943861123,17,0.002379952400951981,6995,0.7468766766796644
"OR886214.1_Soil-borne_wheat_mosaic_virus_isolate_19PN2_SBWMV_segment_RNA1,_complete_sequence","AB299271.1_Chinese_wheat_mosaic_virus_genomic_RNA,_complete_genome,_segment:_RNA1",0.7451860431446359,1760,6907,7131,6995,7147,0.9685878558406955,18,0.002524190155658393,6995,0.7433050518703962
"OR886214.1_Soil-borne_wheat_mosaic_virus_isolate_19PN2_SBWMV_segment_RNA1,_complete_sequence","AJ271838.1_Chinese_wheat_mosaic_virus_ORF1,_ORF2_and_ORF3,_genomic_segment_RNA1,_complete_sequence",0.7486926205694364,1730,6884,7154,6995,7147,0.962258876153201,18,0.002516074923119933,6995,0.7468088538416967
"OR886215.1_Soil-borne_wheat_mosaic_virus_isolate_21RL5_SBWMV_segment_RNA1,_complete_sequence","OQ427639.1_Soil-borne_cereal_mosaic_virus_isolate_CAD22_segment_RNA1,_complete_sequence",0.7122675508144731,1996,6937,7174,7096,7052,0.9669640367995539,21,0.002927237245609144,7073,0.7101825747108902
"OR886215.1_Soil-borne_wheat_mosaic_virus_isolate_21RL5_SBWMV_segment_RNA1,_complete_sequence","OM867858.1_Soil-borne_cereal_mosaic_virus_isolate_DSMZ_PV-0552_segment_RNA_1,_partial_sequence",0.7138956746659002,1991,6959,7143,7096,7014,0.9742405151896962,25,0.003499930001399972,7088,0.7113970897762674
"OR886215.1_Soil-borne_wheat_mosaic_virus_isolate_21RL5_SBWMV_segment_RNA1,_complete_sequence","LC642564.1_Japanese_soil-borne_wheat_mosaic_virus_TI_RNA,_segment_1,_complete_sequence",0.6670495333811917,2319,6965,7306,7096,7197,0.9533260333972078,38,0.005201204489460717,7074,0.6635800723534767
"OR886215.1_Soil-borne_wheat_mosaic_virus_isolate_21RL5_SBWMV_segment_RNA1,_complete_sequence","MZ405651.1_Soil-borne_wheat_mosaic_virus_isolate_DSMZ_PV-0748_segment_RNA_1,_partial_sequence",0.9651459336922641,246,7058,7061,7096,7058,0.9995751310012746,1,0.000141622999575131,7061,0.9650092468301069
"OR886215.1_Soil-borne_wheat_mosaic_virus_isolate_21RL5_SBWMV_segment_RNA1,_complete_sequence","MK290758.1_Soil-borne_wheat_mosaic_virus_isolate_Oregon_segment_RNA1,_complete_sequence",0.9644870349492672,252,7096,7101,7096,7104,0.9992958738205886,1,0.0001408252358822701,7096,0.964351210835065
"OR886215.1_Soil-borne_wheat_mosaic_virus_isolate_21RL5_SBWMV_segment_RNA1,_complete_sequence","MN123252.1_Japanese_soil-borne_wheat_mosaic_virus_isolate_Bornum_segment_RNA1,_complete_sequence",0.6654908877131099,2276,6804,7168,7096,7003,0.94921875,43,0.005998883928571429,6971,0.661498685122197
"OR886215.1_Soil-borne_wheat_mosaic_virus_isolate_21RL5_SBWMV_segment_RNA1,_complete_sequence","MN123253.1_Japanese_soil-borne_wheat_mosaic_virus_isolate_HYT-38_segment_RNA1,_complete_sequence",0.6620750293083235,2306,6824,7148,7096,7003,0.9546726357022943,41,0.005735870173475098,6971,0.6582774528951113
"OR886215.1_Soil-borne_wheat_mosaic_virus_isolate_21RL5_SBWMV_segment_RNA1,_complete_sequence","MN241032.1_Soil-borne_wheat_mosaic_virus_isolate_SBWMV-OH2_segment_RNA1,_complete_sequence",0.89232289020604,763,7086,7092,7096,7110,0.9991539763113367,1,0.0001410039481105471,7086,0.8921970691555315
"OR886215.1_Soil-borne_wheat_mosaic_virus_isolate_21RL5_SBWMV_segment_RNA1,_complete_sequence","LC481571.1_Japanese_soil-borne_wheat_mosaic_virus_JO_genomic_RNA,_segment:_1,_complete_sequence",0.6668573062625107,2330,6994,7324,7096,7225,0.9549426542872748,43,0.005871108683779356,7096,0.6629421145408712
"OR886215.1_Soil-borne_wheat_mosaic_virus_isolate_21RL5_SBWMV_segment_RNA1,_complete_sequence","LC481573.1_Japanese_soil-borne_wheat_mosaic_virus_MS3_genomic_RNA,_segment:_1,_complete_sequence",0.667954773150136,2320,6987,7331,7096,7225,0.953075978720502,40,0.005456281544127677,7096,0.6643102238490849
"OR886215.1_Soil-borne_wheat_mosaic_virus_isolate_21RL5_SBWMV_segment_RNA1,_complete_sequence","LC481577.1_Japanese_soil-borne_wheat_mosaic_virus_MH3_genomic_RNA,_segment:_1,_complete_sequence",0.6698167239404353,2306,6984,7334,7096,7225,0.9522770657212981,46,0.006272157076629398,7096,0.6656155282353277
"OR886215.1_Soil-borne_wheat_mosaic_virus_isolate_21RL5_SBWMV_segment_RNA1,_complete_sequence","LC475518.1_Japanese_soil-borne_wheat_mosaic_virus_OT7_genomic_RNA,_segment:_1,_complete_sequence",0.6664284693440046,2334,6997,7321,7096,7225,0.9557437508537086,44,0.006010107908755635,7096,0.6624231623297803
"OR886215.1_Soil-borne_wheat_mosaic_virus_isolate_21RL5_SBWMV_segment_RNA1,_complete_sequence","LC475520.1_Japanese_soil-borne_wheat_mosaic_virus_S4_genomic_RNA,_segment:_1,_complete_sequence",0.6670002859593938,2329,6994,7324,7096,7225,0.9549426542872748,44,0.006007646095030038,7096,0.6629931842960659
"OR886215.1_Soil-borne_wheat_mosaic_virus_isolate_21RL5_SBWMV_segment_RNA1,_complete_sequence","LC475522.1_Japanese_soil-borne_wheat_mosaic_virus_I7_genomic_RNA,_segment:_1,_complete_sequence",0.6675254043223129,2323,6987,7331,7096,7225,0.953075978720502,40,0.005456281544127677,7096,0.6638831977784727
"OR886215.1_Soil-borne_wheat_mosaic_virus_isolate_21RL5_SBWMV_segment_RNA1,_complete_sequence","LC475524.1_Japanese_soil-borne_wheat_mosaic_virus_I9_genomic_RNA,_segment:_1,_complete_sequence",0.6678116502075282,2321,6987,7331,7096,7225,0.953075978720502,40,0.005456281544127677,7096,0.6641678818255474
"OR886215.1_Soil-borne_wheat_mosaic_virus_isolate_21RL5_SBWMV_segment_RNA1,_complete_sequence","LC475526.1_Japanese_soil-borne_wheat_mosaic_virus_T4_genomic_RNA,_segment:_1,_complete_sequence",0.6674778127683939,2323,6986,7330,7096,7223,0.9530695770804911,40,0.005457025920873124,7096,0.6638353690425091
"OR886215.1_Soil-borne_wheat_mosaic_virus_isolate_21RL5_SBWMV_segment_RNA1,_complete_sequence","KT736088.1_Soil-borne_wheat_mosaic_virus_isolate_OH_segment_RNA1,_complete_sequence",0.8921927846674182,765,7096,7102,7096,7105,0.9991551675584343,1,0.000140805406927626,7096,0.8920671590993152
"OR886215.1_Soil-borne_wheat_mosaic_virus_isolate_21RL5_SBWMV_segment_RNA1,_complete_sequence","AB935553.1_Chinese_wheat_mosaic_virus_genomic_RNA,_complete_genome,_isolate:_Nagano-A,_segment:_1",0.7500356277611515,1754,7017,7223,7096,7147,0.9714799944621348,15,0.0020766994323688217,7096,0.7484780291987235
"OR886215.1_Soil-borne_wheat_mosaic_virus_isolate_21RL5_SBWMV_segment_RNA1,_complete_sequence","AB299271.1_Chinese_wheat_mosaic_virus_genomic_RNA,_complete_genome,_segment:_RNA1",0.7460815047021944,1782,7018,7222,7096,7147,0.9717529770146773,15,0.002076986984214899,7096,0.7445319031277644
"OR886215.1_Soil-borne_wheat_mosaic_virus_isolate_21RL5_SBWMV_segment_RNA1,_complete_sequence","AJ271838.1_Chinese_wheat_mosaic_virus_ORF1,_ORF2_and_ORF3,_genomic_segment_RNA1,_complete_sequence",0.749928632600628,1752,7006,7234,7096,7147,0.968482167542162,16,0.002211777716339508,7096,0.748269957162197
"OQ427639.1_Soil-borne_cereal_mosaic_virus_isolate_CAD22_segment_RNA1,_complete_sequence","OM867858.1_Soil-borne_cereal_mosaic_virus_isolate_DSMZ_PV-0552_segment_RNA_1,_partial_sequence",0.9545584452700772,318,6998,7021,7052,7014,0.9967241133741632,1,0.0001424298532972511,7021,0.9544224876507537
"OQ427639.1_Soil-borne_cereal_mosaic_virus_isolate_CAD22_segment_RNA1,_complete_sequence","LC642564.1_Japanese_soil-borne_wheat_mosaic_virus_TI_RNA,_segment_1,_complete_sequence",0.6630845193145513,2320,6886,7346,7052,7197,0.9373808875578546,39,0.005309011707051456,7048,0.6595641958387457
"OQ427639.1_Soil-borne_cereal_mosaic_virus_isolate_CAD22_segment_RNA1,_complete_sequence","MZ405651.1_Soil-borne_wheat_mosaic_virus_isolate_DSMZ_PV-0748_segment_RNA_1,_partial_sequence",0.716231884057971,1958,6900,7162,7052,7058,0.963418039653728,20,0.0027925160569673277,7015,0.7142317950212271
"OQ427639.1_Soil-borne_cereal_mosaic_virus_isolate_CAD22_segment_RNA1,_complete_sequence","MK290758.1_Soil-borne_wheat_mosaic_virus_isolate_Oregon_segment_RNA1,_complete_sequence",0.7129214296049775,1984,6911,7205,7052,7104,0.9591950034698127,24,0.0033310201249132547,7038,0.7105466739754814
"OQ427639.1_Soil-borne_cereal_mosaic_virus_isolate_CAD22_segment_RNA1,_complete_sequence","MN123252.1_Japanese_soil-borne_wheat_mosaic_virus_isolate_Bornum_segment_RNA1,_complete_sequence",0.6619364375461936,2287,6765,7079,7052,7003,0.9556434524650375,28,0.00395536092668456,6867,0.6593182400251746
"OQ427639.1_Soil-borne_cereal_mosaic_virus_isolate_CAD22_segment_RNA1,_complete_sequence","MN123253.1_Japanese_soil-borne_wheat_mosaic_virus_isolate_HYT-38_segment_RNA1,_complete_sequence",0.6601654846335697,2300,6768,7076,7052,7003,0.9564725833804409,25,0.0035330695308083662,6867,0.6578330740745195
"OQ427639.1_Soil-borne_cereal_mosaic_virus_isolate_CAD22_segment_RNA1,_complete_sequence","MN241032.1_Soil-borne_wheat_mosaic_virus_isolate_SBWMV-OH2_segment_RNA1,_complete_sequence",0.7129496402877697,1995,6950,7162,7052,7110,0.9703993297961463,20,0.0027925160569673277,7015,0.7109587169694571
"OQ427639.1_Soil-borne_cereal_mosaic_virus_isolate_CAD22_segment_RNA1,_complete_sequence","LC481571.1_Japanese_soil-borne_wheat_mosaic_virus_JO_genomic_RNA,_segment:_1,_complete_sequence",0.6622603137710633,2325,6884,7358,7052,7225,0.9355803207393314,39,0.00530035335689046,7052,0.6587501000938315
"OQ427639.1_Soil-borne_cereal_mosaic_virus_isolate_CAD22_segment_RNA1,_complete_sequence","LC481573.1_Japanese_soil-borne_wheat_mosaic_virus_MS3_genomic_RNA,_segment:_1,_complete_sequence",0.6625072547881602,2326,6892,7350,7052,7225,0.937687074829932,38,0.0051700680272108845,7052,0.6590820472123847
"OQ427639.1_Soil-borne_cereal_mosaic_virus_isolate_CAD22_segment_RNA1,_complete_sequence","LC481577.1_Japanese_soil-borne_wheat_mosaic_virus_MH3_genomic_RNA,_segment:_1,_complete_sequence",0.66366802089379,2318,6892,7350,7052,7225,0.937687074829932,38,0.0051700680272108845,7052,0.6602368120782847
"OQ427639.1_Soil-borne_cereal_mosaic_virus_isolate_CAD22_segment_RNA1,_complete_sequence","LC475518.1_Japanese_soil-borne_wheat_mosaic_virus_OT7_genomic_RNA,_segment:_1,_complete_sequence",0.6618757259001161,2329,6888,7354,7052,7225,0.9366331248300245,37,0.005031275496328529,7052,0.6585456467787802
"OQ427639.1_Soil-borne_cereal_mosaic_virus_isolate_CAD22_segment_RNA1,_complete_sequence","LC475520.1_Japanese_soil-borne_wheat_mosaic_virus_S4_genomic_RNA,_segment:_1,_complete_sequence",0.6616792562463684,2329,6884,7358,7052,7225,0.9355803207393314,39,0.00530035335689046,7052,0.6581721223793381
"OQ427639.1_Soil-borne_cereal_mosaic_virus_isolate_CAD22_segment_RNA1,_complete_sequence","LC475522.1_Japanese_soil-borne_wheat_mosaic_virus_I7_genomic_RNA,_segment:_1,_complete_sequence",0.6629425420777713,2323,6892,7350,7052,7225,0.937687074829932,38,0.0051700680272108845,7052,0.659515084037097
"OQ427639.1_Soil-borne_cereal_mosaic_virus_isolate_CAD22_segment_RNA1,_complete_sequence","LC475524.1_Japanese_soil-borne_wheat_mosaic_virus_I9_genomic_RNA,_segment:_1,_complete_sequence",0.6627974463145676,2324,6892,7350,7052,7225,0.937687074829932,38,0.0051700680272108845,7052,0.6593707384288596
"OQ427639.1_Soil-borne_cereal_mosaic_virus_isolate_CAD22_segment_RNA1,_complete_sequence","LC475526.1_Japanese_soil-borne_wheat_mosaic_virus_T4_genomic_RNA,_segment:_1,_complete_sequence",0.6623621590249564,2327,6892,7350,7052,7223,0.937687074829932,38,0.0051700680272108845,7052,0.6589377016041471
"OQ427639.1_Soil-borne_cereal_mosaic_virus_isolate_CAD22_segment_RNA1,_complete_sequence","KT736088.1_Soil-borne_wheat_mosaic_virus_isolate_OH_segment_RNA1,_complete_sequence",0.7112615207373272,2005,6944,7173,7052,7105,0.9680747246619267,18,0.002509410288582183,7038,0.7094766737593163
"OQ427639.1_Soil-borne_cereal_mosaic_virus_isolate_CAD22_segment_RNA1,_complete_sequence","AB935553.1_Chinese_wheat_mosaic_virus_genomic_RNA,_complete_genome,_isolate:_Nagano-A,_segment:_1",0.705839733371975,2030,6901,7262,7052,7147,0.9502891765353897,27,0.0037179840264389974,7042,0.7032154325180721
"OQ427639.1_Soil-borne_cereal_mosaic_virus_isolate_CAD22_segment_RNA1,_complete_sequence","AB299271.1_Chinese_wheat_mosaic_virus_genomic_RNA,_complete_genome,_segment:_RNA1",0.7068540791189682,2023,6901,7262,7052,7147,0.9502891765353897,29,0.003993390250619664,7042,0.7040313349308038
"OQ427639.1_Soil-borne_cereal_mosaic_virus_isolate_CAD22_segment_RNA1,_complete_sequence","AJ271838.1_Chinese_wheat_mosaic_virus_ORF1,_ORF2_and_ORF3,_genomic_segment_RNA1,_complete_sequence",0.7045685279187817,2037,6895,7264,7052,7147,0.9492015418502202,28,0.003854625550660793,7038,0.7018526800688745
"OM867858.1_Soil-borne_cereal_mosaic_virus_isolate_DSMZ_PV-0552_segment_RNA_1,_partial_sequence","LC642564.1_Japanese_soil-borne_wheat_mosaic_virus_TI_RNA,_segment_1,_complete_sequence",0.6671014492753623,2297,6900,7295,7014,7197,0.9458533241946538,39,0.005346127484578478,6998,0.6635350398823892
"OM867858.1_Soil-borne_cereal_mosaic_virus_isolate_DSMZ_PV-0552_segment_RNA_1,_partial_sequence","MZ405651.1_Soil-borne_wheat_mosaic_virus_isolate_DSMZ_PV-0748_segment_RNA_1,_partial_sequence",0.7135025966532025,1986,6932,7112,7014,7058,0.9746906636670416,22,0.003093363329583802,6986,0.7112954738851527
"OM867858.1_Soil-borne_cereal_mosaic_virus_isolate_DSMZ_PV-0552_segment_RNA_1,_partial_sequence","MK290758.1_Soil-borne_wheat_mosaic_virus_isolate_Oregon_segment_RNA1,_complete_sequence",0.7107343009053024,2013,6959,7148,7014,7104,0.973559037493005,25,0.003497481813094572,7014,0.7082485206139436
"OM867858.1_Soil-borne_cereal_mosaic_virus_isolate_DSMZ_PV-0552_segment_RNA_1,_partial_sequence","MN123252.1_Japanese_soil-borne_wheat_mosaic_virus_isolate_Bornum_segment_RNA1,_complete_sequence",0.6600999705968833,2312,6802,7074,7014,7003,0.9615493355951371,25,0.0035340684195646027,6883,0.6577671321370413
"OM867858.1_Soil-borne_cereal_mosaic_virus_isolate_DSMZ_PV-0552_segment_RNA_1,_partial_sequence","MN123253.1_Japanese_soil-borne_wheat_mosaic_virus_isolate_HYT-38_segment_RNA1,_complete_sequence",0.6624260355029585,2282,6760,7116,7014,7003,0.9499718943226532,27,0.0037942664418212477,6883,0.6599126146262609
"OM867858.1_Soil-borne_cereal_mosaic_virus_isolate_DSMZ_PV-0552_segment_RNA_1,_partial_sequence","MN241032.1_Soil-borne_wheat_mosaic_virus_isolate_SBWMV-OH2_segment_RNA1,_complete_sequence",0.7172066234701224,1964,6945,7159,7014,7110,0.9701075569213577,26,0.003631792149741584,7012,0.714601878085261
"OM867858.1_Soil-borne_cereal_mosaic_virus_isolate_DSMZ_PV-0552_segment_RNA_1,_partial_sequence","LC481571.1_Japanese_soil-borne_wheat_mosaic_virus_JO_genomic_RNA,_segment:_1,_complete_sequence",0.6670533642691415,2296,6896,7332,7014,7225,0.9405346426623022,38,0.005182760501909438,7014,0.6635961864401416
"OM867858.1_Soil-borne_cereal_mosaic_virus_isolate_DSMZ_PV-0552_segment_RNA_1,_partial_sequence","LC481573.1_Japanese_soil-borne_wheat_mosaic_virus_MS3_genomic_RNA,_segment:_1,_complete_sequence",0.6674378253325621,2300,6916,7312,7014,7225,0.9458424507658644,40,0.005470459518599562,7014,0.6637866337278983
"OM867858.1_Soil-borne_cereal_mosaic_virus_isolate_DSMZ_PV-0552_segment_RNA_1,_partial_sequence","LC481577.1_Japanese_soil-borne_wheat_mosaic_virus_MH3_genomic_RNA,_segment:_1,_complete_sequence",0.6671480144404331,2305,6925,7303,7014,7225,0.9482404491304943,39,0.005340271121456935,7014,0.6635852631651795
"OM867858.1_Soil-borne_cereal_mosaic_virus_isolate_DSMZ_PV-0552_segment_RNA_1,_partial_sequence","LC475518.1_Japanese_soil-borne_wheat_mosaic_virus_OT7_genomic_RNA,_segment:_1,_complete_sequence",0.667150319210679,2294,6892,7336,7014,7225,0.9394765539803708,38,0.005179934569247546,7014,0.6636945242093151
"OM867858.1_Soil-borne_cereal_mosaic_virus_isolate_DSMZ_PV-0552_segment_RNA_1,_partial_sequence","LC475520.1_Japanese_soil-borne_wheat_mosaic_virus_S4_genomic_RNA,_segment:_1,_complete_sequence",0.6665216129968088,2299,6894,7334,7014,7225,0.9400054540496319,38,0.0051813471502590676,7014,0.6630681331367216
"OM867858.1_Soil-borne_cereal_mosaic_virus_isolate_DSMZ_PV-0552_segment_RNA_1,_partial_sequence","LC475522.1_Japanese_soil-borne_wheat_mosaic_virus_I7_genomic_RNA,_segment:_1,_complete_sequence",0.6678716020821285,2297,6916,7312,7014,7225,0.9458424507658644,40,0.005470459518599562,7014,0.664218037519316
"OM867858.1_Soil-borne_cereal_mosaic_virus_isolate_DSMZ_PV-0552_segment_RNA_1,_partial_sequence","LC475524.1_Japanese_soil-borne_wheat_mosaic_virus_I9_genomic_RNA,_segment:_1,_complete_sequence",0.668451519536903,2291,6910,7318,7014,7225,0.9442470620388084,40,0.005465974309920744,7014,0.6647977807036868
"OM867858.1_Soil-borne_cereal_mosaic_virus_isolate_DSMZ_PV-0552_segment_RNA_1,_partial_sequence","LC475526.1_Japanese_soil-borne_wheat_mosaic_virus_T4_genomic_RNA,_segment:_1,_complete_sequence",0.6676308938385884,2298,6914,7312,7014,7223,0.9455689277899344,41,0.005607221006564552,7014,0.6638873398660252
"OM867858.1_Soil-borne_cereal_mosaic_virus_isolate_DSMZ_PV-0552_segment_RNA_1,_partial_sequence","KT736088.1_Soil-borne_wheat_mosaic_virus_isolate_OH_segment_RNA1,_complete_sequence",0.7165660051768766,1971,6954,7154,7014,7105,0.9720436119653341,25,0.00349454850433324,7014,0.7140619305152297
"OM867858.1_Soil-borne_cereal_mosaic_virus_isolate_DSMZ_PV-0552_segment_RNA_1,_partial_sequence","AB935553.1_Chinese_wheat_mosaic_virus_genomic_RNA,_complete_genome,_isolate:_Nagano-A,_segment:_1",0.7088260744159216,2019,6934,7216,7014,7147,0.960920177383592,29,0.004018847006651885,7014,0.7059774108685184
"OM867858.1_Soil-borne_cereal_mosaic_virus_isolate_DSMZ_PV-0552_segment_RNA_1,_partial_sequence","AB299271.1_Chinese_wheat_mosaic_virus_genomic_RNA,_complete_genome,_segment:_RNA1",0.7137896107654464,1978,6911,7239,7014,7147,0.9546898742920293,35,0.004834921950545655,7014,0.7103384937082852
"OM867858.1_Soil-borne_cereal_mosaic_virus_isolate_DSMZ_PV-0552_segment_RNA_1,_partial_sequence","AJ271838.1_Chinese_wheat_mosaic_virus_ORF1,_ORF2_and_ORF3,_genomic_segment_RNA1,_complete_sequence",0.709463358338142,2014,6932,7218,7014,7147,0.9603768356885564,33,0.00457190357439734,7014,0.7062197602742519
"LC642564.1_Japanese_soil-borne_wheat_mosaic_virus_TI_RNA,_segment_1,_complete_sequence","MZ405651.1_Soil-borne_wheat_mosaic_virus_isolate_DSMZ_PV-0748_segment_RNA_1,_partial_sequence",0.6645105648986632,2334,6957,7286,7197,7058,0.9548449080428218,42,0.005764479824320615,7185,0.660680007154257
"LC642564.1_Japanese_soil-borne_wheat_mosaic_virus_TI_RNA,_segment_1,_complete_sequence","MK290758.1_Soil-borne_wheat_mosaic_virus_isolate_Oregon_segment_RNA1,_complete_sequence",0.663981588032221,2336,6952,7323,7197,7104,0.9493377031271337,37,0.005052574081660522,7197,0.6606267718698295
"LC642564.1_Japanese_soil-borne_wheat_mosaic_virus_TI_RNA,_segment_1,_complete_sequence","MN123252.1_Japanese_soil-borne_wheat_mosaic_virus_isolate_Bornum_segment_RNA1,_complete_sequence",0.8462200545115478,1072,6971,7090,7197,7003,0.9832157968970381,14,0.0019746121297602257,7071,0.8445490981274629
"LC642564.1_Japanese_soil-borne_wheat_mosaic_virus_TI_RNA,_segment_1,_complete_sequence","MN123253.1_Japanese_soil-borne_wheat_mosaic_virus_isolate_HYT-38_segment_RNA1,_complete_sequence",0.844355185769617,1085,6971,7090,7197,7003,0.9832157968970381,14,0.0019746121297602257,7071,0.8426879117779703
"LC642564.1_Japanese_soil-borne_wheat_mosaic_virus_TI_RNA,_segment_1,_complete_sequence","MN241032.1_Soil-borne_wheat_mosaic_virus_isolate_SBWMV-OH2_segment_RNA1,_complete_sequence",0.6662352602818522,2321,6954,7322,7197,7110,0.9497405080579077,42,0.0057361376673040155,7197,0.6624136431100635
"LC642564.1_Japanese_soil-borne_wheat_mosaic_virus_TI_RNA,_segment_1,_complete_sequence","LC481571.1_Japanese_soil-borne_wheat_mosaic_virus_JO_genomic_RNA,_segment:_1,_complete_sequence",0.9891621508962067,78,7197,7197,7197,7225,1.0,0,0.0,7197,0.9891621508962067
"LC642564.1_Japanese_soil-borne_wheat_mosaic_virus_TI_RNA,_segment_1,_complete_sequence","LC481573.1_Japanese_soil-borne_wheat_mosaic_virus_MS3_genomic_RNA,_segment:_1,_complete_sequence",0.999861053216618,1,7197,7197,7197,7225,1.0,0,0.0,7197,0.999861053216618
"LC642564.1_Japanese_soil-borne_wheat_mosaic_virus_TI_RNA,_segment_1,_complete_sequence","LC481577.1_Japanese_soil-borne_wheat_mosaic_virus_MH3_genomic_RNA,_segment:_1,_complete_sequence",0.9981936918160345,13,7197,7197,7197,7225,1.0,0,0.0,7197,0.9981936918160345
"LC642564.1_Japanese_soil-borne_wheat_mosaic_virus_TI_RNA,_segment_1,_complete_sequence","LC475518.1_Japanese_soil-borne_wheat_mosaic_virus_OT7_genomic_RNA,_segment:_1,_complete_sequence",0.9890232041128247,79,7197,7197,7197,7225,1.0,0,0.0,7197,0.9890232041128247
"LC642564.1_Japanese_soil-borne_wheat_mosaic_virus_TI_RNA,_segment_1,_complete_sequence","LC475520.1_Japanese_soil-borne_wheat_mosaic_virus_S4_genomic_RNA,_segment:_1,_complete_sequence",0.9887453105460609,81,7197,7197,7197,7225,1.0,0,0.0,7197,0.9887453105460609
"LC642564.1_Japanese_soil-borne_wheat_mosaic_virus_TI_RNA,_segment_1,_complete_sequence","LC475522.1_Japanese_soil-borne_wheat_mosaic_virus_I7_genomic_RNA,_segment:_1,_complete_sequence",0.9987494789495623,9,7197,7197,7197,7225,1.0,0,0.0,7197,0.9987494789495623
"LC642564.1_Japanese_soil-borne_wheat_mosaic_virus_TI_RNA,_segment_1,_complete_sequence","LC475524.1_Japanese_soil-borne_wheat_mosaic_virus_I9_genomic_RNA,_segment:_1,_complete_sequence",0.9987494789495623,9,7197,7197,7197,7225,1.0,0,0.0,7197,0.9987494789495623
"LC642564.1_Japanese_soil-borne_wheat_mosaic_virus_TI_RNA,_segment_1,_complete_sequence","LC475526.1_Japanese_soil-borne_wheat_mosaic_virus_T4_genomic_RNA,_segment:_1,_complete_sequence",0.9983321751216122,12,7195,7197,7197,7223,0.9997221064332361,1,0.00013894678338196472,7197,0.9981934600771323
"LC642564.1_Japanese_soil-borne_wheat_mosaic_virus_TI_RNA,_segment_1,_complete_sequence","KT736088.1_Soil-borne_wheat_mosaic_virus_isolate_OH_segment_RNA1,_complete_sequence",0.6668104687949381,2317,6954,7322,7197,7105,0.9497405080579077,42,0.0057361376673040155,7197,0.6629855521479309
"LC642564.1_Japanese_soil-borne_wheat_mosaic_virus_TI_RNA,_segment_1,_complete_sequence","AB935553.1_Chinese_wheat_mosaic_virus_genomic_RNA,_complete_genome,_isolate:_Nagano-A,_segment:_1",0.6624891961970614,2343,6942,7376,7197,7147,0.9411605206073753,41,0.0055585683297180045,7197,0.6588067047323001
"LC642564.1_Japanese_soil-borne_wheat_mosaic_virus_TI_RNA,_segment_1,_complete_sequence","AB299271.1_Chinese_wheat_mosaic_virus_genomic_RNA,_complete_genome,_segment:_RNA1",0.666424735084918,2298,6889,7429,7197,7147,0.9273118858527393,43,0.005788127608022614,7197,0.6625673836771038
"LC642564.1_Japanese_soil-borne_wheat_mosaic_virus_TI_RNA,_segment_1,_complete_sequence","AJ271838.1_Chinese_wheat_mosaic_virus_ORF1,_ORF2_and_ORF3,_genomic_segment_RNA1,_complete_sequence",0.6632446500867554,2329,6916,7402,7197,7147,0.934342069710889,40,0.0054039448797622265,7197,0.6596605125558893
"MZ405651.1_Soil-borne_wheat_mosaic_virus_isolate_DSMZ_PV-0748_segment_RNA_1,_partial_sequence","MK290758.1_Soil-borne_wheat_mosaic_virus_isolate_Oregon_segment_RNA1,_complete_sequence",0.9798809861150467,142,7058,7066,7058,7104,0.9988678177186527,2,0.0002830455703368242,7058,0.9796036351424695
"MZ405651.1_Soil-borne_wheat_mosaic_virus_isolate_DSMZ_PV-0748_segment_RNA_1,_partial_sequence","MN123252.1_Japanese_soil-borne_wheat_mosaic_virus_isolate_Bornum_segment_RNA1,_complete_sequence",0.6656310105045125,2260,6759,7186,7058,7003,0.9405789034233232,40,0.0055663790704146955,6956,0.6619258559790212
"MZ405651.1_Soil-borne_wheat_mosaic_virus_isolate_DSMZ_PV-0748_segment_RNA_1,_partial_sequence","MN123253.1_Japanese_soil-borne_wheat_mosaic_virus_isolate_HYT-38_segment_RNA1,_complete_sequence",0.6604274134119381,2304,6785,7160,7058,7003,0.9476256983240223,37,0.005167597765363128,6956,0.657014590186206
"MZ405651.1_Soil-borne_wheat_mosaic_virus_isolate_DSMZ_PV-0748_segment_RNA_1,_partial_sequence","MN241032.1_Soil-borne_wheat_mosaic_virus_isolate_SBWMV-OH2_segment_RNA1,_complete_sequence",0.8940209691130632,748,7058,7067,7058,7110,0.9987264751662658,2,0.0002830055186076129,7058,0.8937679562450532
"MZ405651.1_Soil-borne_wheat_mosaic_virus_isolate_DSMZ_PV-0748_segment_RNA_1,_partial_sequence","LC481571.1_Japanese_soil-borne_wheat_mosaic_virus_JO_genomic_RNA,_segment:_1,_complete_sequence",0.6650345622119815,2326,6944,7299,7058,7225,0.9513632004384163,42,0.005754212905877518,7058,0.6612078117512468
"MZ405651.1_Soil-borne_wheat_mosaic_virus_isolate_DSMZ_PV-0748_segment_RNA_1,_partial_sequence","LC481573.1_Japanese_soil-borne_wheat_mosaic_virus_MS3_genomic_RNA,_segment:_1,_complete_sequence",0.6643668247807963,2335,6957,7286,7058,7225,0.9548449080428218,42,0.005764479824320615,7058,0.6605370956233995
"MZ405651.1_Soil-borne_wheat_mosaic_virus_isolate_DSMZ_PV-0748_segment_RNA_1,_partial_sequence","LC481577.1_Japanese_soil-borne_wheat_mosaic_virus_MH3_genomic_RNA,_segment:_1,_complete_sequence",0.6639356044271956,2338,6957,7286,7058,7225,0.9548449080428218,42,0.005764479824320615,7058,0.6601083610308269
"MZ405651.1_Soil-borne_wheat_mosaic_virus_isolate_DSMZ_PV-0748_segment_RNA_1,_partial_sequence","LC475518.1_Japanese_soil-borne_wheat_mosaic_virus_OT7_genomic_RNA,_segment:_1,_complete_sequence",0.6653225806451613,2324,6944,7299,7058,7225,0.9513632004384163,42,0.005754212905877518,7058,0.6614941728650411
"MZ405651.1_Soil-borne_wheat_mosaic_virus_isolate_DSMZ_PV-0748_segment_RNA_1,_partial_sequence","LC475520.1_Japanese_soil-borne_wheat_mosaic_virus_S4_genomic_RNA,_segment:_1,_complete_sequence",0.6637460499856362,2341,6962,7281,7058,7225,0.9561873369042714,41,0.005631094629858536,7058,0.6600084331679723
"MZ405651.1_Soil-borne_wheat_mosaic_virus_isolate_DSMZ_PV-0748_segment_RNA_1,_partial_sequence","LC475522.1_Japanese_soil-borne_wheat_mosaic_virus_I7_genomic_RNA,_segment:_1,_complete_sequence",0.6636481241914618,2340,6957,7286,7058,7225,0.9548449080428218,42,0.005764479824320615,7058,0.6598225379691119
"MZ405651.1_Soil-borne_wheat_mosaic_virus_isolate_DSMZ_PV-0748_segment_RNA_1,_partial_sequence","LC475524.1_Japanese_soil-borne_wheat_mosaic_virus_I9_genomic_RNA,_segment:_1,_complete_sequence",0.6632198764900187,2345,6963,7280,7058,7225,0.956456043956044,40,0.005494505494505495,7058,0.659575811234579
"MZ405651.1_Soil-borne_wheat_mosaic_virus_isolate_DSMZ_PV-0748_segment_RNA_1,_partial_sequence","LC475526.1_Japanese_soil-borne_wheat_mosaic_virus_T4_genomic_RNA,_segment:_1,_complete_sequence",0.6630247268545141,2344,6956,7285,7058,7223,0.9548387096774194,42,0.005765271105010295,7058,0.6592022095548724
"MZ405651.1_Soil-borne_wheat_mosaic_virus_isolate_DSMZ_PV-0748_segment_RNA_1,_partial_sequence","KT736088.1_Soil-borne_wheat_mosaic_virus_isolate_OH_segment_RNA1,_complete_sequence",0.8931708699348258,754,7058,7067,7058,7105,0.9987264751662658,2,0.0002830055186076129,7058,0.8929180976495746
"MZ405651.1_Soil-borne_wheat_mosaic_virus_isolate_DSMZ_PV-0748_segment_RNA_1,_partial_sequence","AB935553.1_Chinese_wheat_mosaic_virus_genomic_RNA,_complete_genome,_isolate:_Nagano-A,_segment:_1",0.7484909456740443,1750,6958,7209,7058,7147,0.9651824108752948,18,0.0024968789013732834,7058,0.7466220544239218
"MZ405651.1_Soil-borne_wheat_mosaic_virus_isolate_DSMZ_PV-0748_segment_RNA_1,_partial_sequence","AB299271.1_Chinese_wheat_mosaic_virus_genomic_RNA,_complete_genome,_segment:_RNA1",0.7443759850981516,1784,6979,7188,7058,7147,0.9709237618252643,19,0.0026432943795214247,7058,0.7424083802404909
"MZ405651.1_Soil-borne_wheat_mosaic_virus_isolate_DSMZ_PV-0748_segment_RNA_1,_partial_sequence","AJ271838.1_Chinese_wheat_mosaic_virus_ORF1,_ORF2_and_ORF3,_genomic_segment_RNA1,_complete_sequence",0.747093440505239,1762,6967,7200,7058,7147,0.9676388888888889,17,0.002361111111111111,7058,0.7453294698818238
"MK290758.1_Soil-borne_wheat_mosaic_virus_isolate_Oregon_segment_RNA1,_complete_sequence","MN123252.1_Japanese_soil-borne_wheat_mosaic_virus_isolate_Bornum_segment_RNA1,_complete_sequence",0.6591672753834916,2333,6845,7136,7104,7003,0.9592208520179372,42,0.005885650224215246,6978,0.6552876473613354
"MK290758.1_Soil-borne_wheat_mosaic_virus_isolate_Oregon_segment_RNA1,_complete_sequence","MN123253.1_Japanese_soil-borne_wheat_mosaic_virus_isolate_HYT-38_segment_RNA1,_complete_sequence",0.6597832454598711,2323,6828,7153,7104,7003,0.9545645183838949,43,0.006011463721515448,6978,0.6558169824157254
"MK290758.1_Soil-borne_wheat_mosaic_virus_isolate_Oregon_segment_RNA1,_complete_sequence","MN241032.1_Soil-borne_wheat_mosaic_virus_isolate_SBWMV-OH2_segment_RNA1,_complete_sequence",0.8917583968388372,767,7086,7097,7104,7110,0.9984500493166126,2,0.0002818092151613358,7091,0.8915070911049106
"MK290758.1_Soil-borne_wheat_mosaic_virus_isolate_Oregon_segment_RNA1,_complete_sequence","LC481571.1_Japanese_soil-borne_wheat_mosaic_virus_JO_genomic_RNA,_segment:_1,_complete_sequence",0.6656133295030164,2328,6962,7367,7104,7225,0.945025111985883,42,0.005701099497760282,7104,0.6618186016844843
"MK290758.1_Soil-borne_wheat_mosaic_virus_isolate_Oregon_segment_RNA1,_complete_sequence","LC481573.1_Japanese_soil-borne_wheat_mosaic_virus_MS3_genomic_RNA,_segment:_1,_complete_sequence",0.6643737460590426,2342,6978,7351,7104,7225,0.9492586042715276,38,0.005169364712284043,7104,0.6609393558603971
"MK290758.1_Soil-borne_wheat_mosaic_virus_isolate_Oregon_segment_RNA1,_complete_sequence","LC481577.1_Japanese_soil-borne_wheat_mosaic_virus_MH3_genomic_RNA,_segment:_1,_complete_sequence",0.6660453111557212,2329,6974,7355,7104,7225,0.9481985044187627,40,0.005438477226376614,7104,0.6624230388992659
"MK290758.1_Soil-borne_wheat_mosaic_virus_isolate_Oregon_segment_RNA1,_complete_sequence","LC475518.1_Japanese_soil-borne_wheat_mosaic_virus_OT7_genomic_RNA,_segment:_1,_complete_sequence",0.6659006032749211,2326,6962,7367,7104,7225,0.945025111985883,42,0.005701099497760282,7104,0.6621042376800321
"MK290758.1_Soil-borne_wheat_mosaic_virus_isolate_Oregon_segment_RNA1,_complete_sequence","LC475520.1_Japanese_soil-borne_wheat_mosaic_virus_S4_genomic_RNA,_segment:_1,_complete_sequence",0.6647556256270604,2339,6977,7352,7104,7225,0.948993471164309,41,0.005576713819368879,7104,0.6610484737431227
"MK290758.1_Soil-borne_wheat_mosaic_virus_isolate_Oregon_segment_RNA1,_complete_sequence","LC475522.1_Japanese_soil-borne_wheat_mosaic_virus_I7_genomic_RNA,_segment:_1,_complete_sequence",0.6639438234451132,2345,6978,7351,7104,7225,0.9492586042715276,38,0.005169364712284043,7104,0.6605116556732571
"MK290758.1_Soil-borne_wheat_mosaic_virus_isolate_Oregon_segment_RNA1,_complete_sequence","LC475524.1_Japanese_soil-borne_wheat_mosaic_virus_I9_genomic_RNA,_segment:_1,_complete_sequence",0.6642304385210662,2343,6978,7351,7104,7225,0.9492586042715276,38,0.005169364712284043,7104,0.6607967891313505
"MK290758.1_Soil-borne_wheat_mosaic_virus_isolate_Oregon_segment_RNA1,_complete_sequence","LC475526.1_Japanese_soil-borne_wheat_mosaic_virus_T4_genomic_RNA,_segment:_1,_complete_sequence",0.6633223448473555,2349,6977,7350,7104,7223,0.9492517006802721,38,0.0051700680272108845,7104,0.6598929232005256
"MK290758.1_Soil-borne_wheat_mosaic_virus_isolate_Oregon_segment_RNA1,_complete_sequence","KT736088.1_Soil-borne_wheat_mosaic_virus_isolate_OH_segment_RNA1,_complete_sequence",0.8912522890547965,772,7099,7110,7104,7105,0.9984528832630098,2,0.00028129395218002813,7104,0.8910015851760188
"MK290758.1_Soil-borne_wheat_mosaic_virus_isolate_Oregon_segment_RNA1,_complete_sequence","AB935553.1_Chinese_wheat_mosaic_virus_genomic_RNA,_complete_genome,_isolate:_Nagano-A,_segment:_1",0.7482497499642806,1762,6999,7252,7104,7147,0.9651130722559293,18,0.002482073910645339,7104,0.7463925387812473
"MK290758.1_Soil-borne_wheat_mosaic_virus_isolate_Oregon_segment_RNA1,_complete_sequence","AB299271.1_Chinese_wheat_mosaic_virus_genomic_RNA,_complete_genome,_segment:_RNA1",0.7449721865639709,1788,7011,7240,7104,7147,0.9683701657458563,19,0.0026243093922651934,7104,0.7430171490577947
"MK290758.1_Soil-borne_wheat_mosaic_virus_isolate_Oregon_segment_RNA1,_complete_sequence","AJ271838.1_Chinese_wheat_mosaic_virus_ORF1,_ORF2_and_ORF3,_genomic_segment_RNA1,_complete_sequence",0.7481396680022896,1760,6988,7263,7104,7147,0.9621368580476387,19,0.0026159988985267795,7104,0.7461825354548514
"MN123252.1_Japanese_soil-borne_wheat_mosaic_virus_isolate_Bornum_segment_RNA1,_complete_sequence","MN123253.1_Japanese_soil-borne_wheat_mosaic_virus_isolate_HYT-38_segment_RNA1,_complete_sequence",0.9948593459945737,36,7003,7003,7003,7003,1.0,0,0.0,7003,0.9948593459945737
"MN123252.1_Japanese_soil-borne_wheat_mosaic_virus_isolate_Bornum_segment_RNA1,_complete_sequence","MN241032.1_Soil-borne_wheat_mosaic_virus_isolate_SBWMV-OH2_segment_RNA1,_complete_sequence",0.6630306603773585,2286,6784,7174,7003,7110,0.9456370225815445,43,0.0059938667410092,6991,0.6590565429538533
"MN123252.1_Japanese_soil-borne_wheat_mosaic_virus_isolate_Bornum_segment_RNA1,_complete_sequence","LC481571.1_Japanese_soil-borne_wheat_mosaic_virus_JO_genomic_RNA,_segment:_1,_complete_sequence",0.8482245131729668,1060,6984,7103,7003,7225,0.983246515556807,14,0.0019709981697874136,7003,0.846552664209934
"MN123252.1_Japanese_soil-borne_wheat_mosaic_virus_isolate_Bornum_segment_RNA1,_complete_sequence","LC481573.1_Japanese_soil-borne_wheat_mosaic_virus_MS3_genomic_RNA,_segment:_1,_complete_sequence",0.8465063001145475,1072,6984,7103,7003,7225,0.983246515556807,14,0.0019709981697874136,7003,0.8448378377463083
"MN123252.1_Japanese_soil-borne_wheat_mosaic_virus_isolate_Bornum_segment_RNA1,_complete_sequence","LC481577.1_Japanese_soil-borne_wheat_mosaic_virus_MH3_genomic_RNA,_segment:_1,_complete_sequence",0.8457903780068728,1077,6984,7103,7003,7225,0.983246515556807,14,0.0019709981697874136,7003,0.8441233267197975
"MN123252.1_Japanese_soil-borne_wheat_mosaic_virus_isolate_Bornum_segment_RNA1,_complete_sequence","LC475518.1_Japanese_soil-borne_wheat_mosaic_virus_OT7_genomic_RNA,_segment:_1,_complete_sequence",0.8472878202375841,1067,6987,7100,7003,7225,0.9840845070422535,12,0.0016901408450704226,7003,0.8458557844850698
"MN123252.1_Japanese_soil-borne_wheat_mosaic_virus_isolate_Bornum_segment_RNA1,_complete_sequence","LC475520.1_Japanese_soil-borne_wheat_mosaic_virus_S4_genomic_RNA,_segment:_1,_complete_sequence",0.8503225806451613,1044,6975,7112,7003,7225,0.9807367829021373,16,0.0022497187851518562,7003,0.8484095939620451
"MN123252.1_Japanese_soil-borne_wheat_mosaic_virus_isolate_Bornum_segment_RNA1,_complete_sequence","LC475522.1_Japanese_soil-borne_wheat_mosaic_virus_I7_genomic_RNA,_segment:_1,_complete_sequence",0.8457903780068728,1077,6984,7103,7003,7225,0.983246515556807,14,0.0019709981697874136,7003,0.8441233267197975
"MN123252.1_Japanese_soil-borne_wheat_mosaic_virus_isolate_Bornum_segment_RNA1,_complete_sequence","LC475524.1_Japanese_soil-borne_wheat_mosaic_virus_I9_genomic_RNA,_segment:_1,_complete_sequence",0.8460767468499427,1075,6984,7103,7003,7225,0.983246515556807,14,0.0019709981697874136,7003,0.8444091311304018
"MN123252.1_Japanese_soil-borne_wheat_mosaic_virus_isolate_Bornum_segment_RNA1,_complete_sequence","LC475526.1_Japanese_soil-borne_wheat_mosaic_virus_T4_genomic_RNA,_segment:_1,_complete_sequence",0.8463191062732741,1073,6982,7103,7003,7223,0.9829649443896945,15,0.0021117837533436577,7003,0.8445318633345019
"MN123252.1_Japanese_soil-borne_wheat_mosaic_virus_isolate_Bornum_segment_RNA1,_complete_sequence","KT736088.1_Soil-borne_wheat_mosaic_virus_isolate_OH_segment_RNA1,_complete_sequence",0.6645560300397585,2278,6791,7191,7003,7105,0.9443749130858017,41,0.005701571408705326,7003,0.660767016379401
"MN123252.1_Japanese_soil-borne_wheat_mosaic_virus_isolate_Bornum_segment_RNA1,_complete_sequence","AB935553.1_Chinese_wheat_mosaic_virus_genomic_RNA,_complete_genome,_isolate:_Nagano-A,_segment:_1",0.6593101432329729,2331,6842,7182,7003,7147,0.9526594263436369,41,0.005708716235032024,7003,0.6555463287143776
"MN123252.1_Japanese_soil-borne_wheat_mosaic_virus_isolate_Bornum_segment_RNA1,_complete_sequence","AB299271.1_Chinese_wheat_mosaic_virus_genomic_RNA,_complete_genome,_segment:_RNA1",0.6579909343471269,2339,6839,7185,7003,7147,0.9518441196938066,38,0.005288796102992345,7003,0.6545109544577474
"MN123252.1_Japanese_soil-borne_wheat_mosaic_virus_isolate_Bornum_segment_RNA1,_complete_sequence","AJ271838.1_Chinese_wheat_mosaic_virus_ORF1,_ORF2_and_ORF3,_genomic_segment_RNA1,_complete_sequence",0.6567883211678832,2351,6850,7174,7003,7147,0.9548369110677446,39,0.005436297741845553,7003,0.6532178243006478
"MN123253.1_Japanese_soil-borne_wheat_mosaic_virus_isolate_HYT-38_segment_RNA1,_complete_sequence","MN241032.1_Soil-borne_wheat_mosaic_virus_isolate_SBWMV-OH2_segment_RNA1,_complete_sequence",0.6629230087187823,2281,6767,7191,7003,7110,0.9410374078709498,42,0.005840634125990822,6991,0.6590511179711549
"MN123253.1_Japanese_soil-borne_wheat_mosaic_virus_isolate_HYT-38_segment_RNA1,_complete_sequence","LC481571.1_Japanese_soil-borne_wheat_mosaic_virus_JO_genomic_RNA,_segment:_1,_complete_sequence",0.8462199312714777,1074,6984,7103,7003,7225,0.983246515556807,14,0.0019709981697874136,7003,0.8445520333357039
"MN123253.1_Japanese_soil-borne_wheat_mosaic_virus_isolate_HYT-38_segment_RNA1,_complete_sequence","LC481573.1_Japanese_soil-borne_wheat_mosaic_virus_MS3_genomic_RNA,_segment:_1,_complete_sequence",0.8446449026345934,1085,6984,7103,7003,7225,0.983246515556807,14,0.0019709981697874136,7003,0.8429801090773803
"MN123253.1_Japanese_soil-borne_wheat_mosaic_virus_isolate_HYT-38_segment_RNA1,_complete_sequence","LC481577.1_Japanese_soil-borne_wheat_mosaic_virus_MH3_genomic_RNA,_segment:_1,_complete_sequence",0.8440721649484536,1089,6984,7103,7003,7225,0.983246515556807,14,0.0019709981697874136,7003,0.8424085002561718
"MN123253.1_Japanese_soil-borne_wheat_mosaic_virus_isolate_HYT-38_segment_RNA1,_complete_sequence","LC475518.1_Japanese_soil-borne_wheat_mosaic_virus_OT7_genomic_RNA,_segment:_1,_complete_sequence",0.8452840990410763,1081,6987,7100,7003,7225,0.9840845070422535,12,0.0016901408450704226,7003,0.8438554498595984
"MN123253.1_Japanese_soil-borne_wheat_mosaic_virus_isolate_HYT-38_segment_RNA1,_complete_sequence","LC475520.1_Japanese_soil-borne_wheat_mosaic_virus_S4_genomic_RNA,_segment:_1,_complete_sequence",0.84831541218638,1058,6975,7112,7003,7225,0.9807367829021373,16,0.0022497187851518562,7003,0.8464069410678504
"MN123253.1_Japanese_soil-borne_wheat_mosaic_virus_isolate_HYT-38_segment_RNA1,_complete_sequence","LC475522.1_Japanese_soil-borne_wheat_mosaic_virus_I7_genomic_RNA,_segment:_1,_complete_sequence",0.8439289805269187,1090,6984,7103,7003,7225,0.983246515556807,14,0.0019709981697874136,7003,0.8422655980508695
"MN123253.1_Japanese_soil-borne_wheat_mosaic_virus_isolate_HYT-38_segment_RNA1,_complete_sequence","LC475524.1_Japanese_soil-borne_wheat_mosaic_virus_I9_genomic_RNA,_segment:_1,_complete_sequence",0.8442153493699885,1088,6984,7103,7003,7225,0.983246515556807,14,0.0019709981697874136,7003,0.8425514024614739
"MN123253.1_Japanese_soil-borne_wheat_mosaic_virus_isolate_HYT-38_segment_RNA1,_complete_sequence","LC475526.1_Japanese_soil-borne_wheat_mosaic_virus_T4_genomic_RNA,_segment:_1,_complete_sequence",0.8446004010312231,1085,6982,7103,7003,7223,0.9829649443896945,15,0.0021117837533436577,7003,0.8428167876262579
"MN123253.1_Japanese_soil-borne_wheat_mosaic_virus_isolate_HYT-38_segment_RNA1,_complete_sequence","KT736088.1_Soil-borne_wheat_mosaic_virus_isolate_OH_segment_RNA1,_complete_sequence",0.6651423513792595,2270,6779,7203,7003,7105,0.9411356379286409,42,0.0058309037900874635,7003,0.6612639703216545
"MN123253.1_Japanese_soil-borne_wheat_mosaic_virus_isolate_HYT-38_segment_RNA1,_complete_sequence","AB935553.1_Chinese_wheat_mosaic_virus_genomic_RNA,_complete_genome,_isolate:_Nagano-A,_segment:_1",0.658102189781022,2342,6850,7174,7003,7147,0.9548369110677446,39,0.005436297741845553,7003,0.6545245503328119
"MN123253.1_Japanese_soil-borne_wheat_mosaic_virus_isolate_HYT-38_segment_RNA1,_complete_sequence","AB299271.1_Chinese_wheat_mosaic_virus_genomic_RNA,_complete_genome,_segment:_RNA1",0.6568670469504169,2346,6837,7187,7003,7147,0.9513009600667872,37,0.005148184221511061,7003,0.6534853743836762
"MN123253.1_Japanese_soil-borne_wheat_mosaic_virus_isolate_HYT-38_segment_RNA1,_complete_sequence","AJ271838.1_Chinese_wheat_mosaic_virus_ORF1,_ORF2_and_ORF3,_genomic_segment_RNA1,_complete_sequence",0.655448717948718,2365,6864,7160,7003,7147,0.958659217877095,38,0.005307262569832402,7003,0.6519700795015041
"MN241032.1_Soil-borne_wheat_mosaic_virus_isolate_SBWMV-OH2_segment_RNA1,_complete_sequence","LC481571.1_Japanese_soil-borne_wheat_mosaic_virus_JO_genomic_RNA,_segment:_1,_complete_sequence",0.6665708949863525,2321,6961,7358,7110,7225,0.9460451209567817,43,0.005843979342212558,7107,0.6626754684459321
"MN241032.1_Soil-borne_wheat_mosaic_virus_isolate_SBWMV-OH2_segment_RNA1,_complete_sequence","LC481573.1_Japanese_soil-borne_wheat_mosaic_virus_MS3_genomic_RNA,_segment:_1,_complete_sequence",0.6658057110058833,2329,6969,7350,7110,7225,0.9481632653061225,43,0.005850340136054422,7107,0.6619105211319712
"MN241032.1_Soil-borne_wheat_mosaic_virus_isolate_SBWMV-OH2_segment_RNA1,_complete_sequence","LC481577.1_Japanese_soil-borne_wheat_mosaic_virus_MH3_genomic_RNA,_segment:_1,_complete_sequence",0.6663796814464056,2325,6969,7350,7110,7225,0.9481632653061225,43,0.005850340136054422,7107,0.6624811336501885
"MN241032.1_Soil-borne_wheat_mosaic_virus_isolate_SBWMV-OH2_segment_RNA1,_complete_sequence","LC475518.1_Japanese_soil-borne_wheat_mosaic_virus_OT7_genomic_RNA,_segment:_1,_complete_sequence",0.6667145318782308,2321,6964,7355,7110,7225,0.9468388851121686,43,0.00584636301835486,7107,0.6628166766952581
"MN241032.1_Soil-borne_wheat_mosaic_virus_isolate_SBWMV-OH2_segment_RNA1,_complete_sequence","LC475520.1_Japanese_soil-borne_wheat_mosaic_virus_S4_genomic_RNA,_segment:_1,_complete_sequence",0.666379434151946,2323,6963,7356,7110,7225,0.9465742251223491,43,0.005845568243610658,7107,0.6624840676934721
"MN241032.1_Soil-borne_wheat_mosaic_virus_isolate_SBWMV-OH2_segment_RNA1,_complete_sequence","LC475522.1_Japanese_soil-borne_wheat_mosaic_virus_I7_genomic_RNA,_segment:_1,_complete_sequence",0.6659492036160137,2328,6969,7350,7110,7225,0.9481632653061225,43,0.005850340136054422,7107,0.6620531742615254
"MN241032.1_Soil-borne_wheat_mosaic_virus_isolate_SBWMV-OH2_segment_RNA1,_complete_sequence","LC475524.1_Japanese_soil-borne_wheat_mosaic_virus_I9_genomic_RNA,_segment:_1,_complete_sequence",0.6659492036160137,2328,6969,7350,7110,7225,0.9481632653061225,43,0.005850340136054422,7107,0.6620531742615254
"MN241032.1_Soil-borne_wheat_mosaic_virus_isolate_SBWMV-OH2_segment_RNA1,_complete_sequence","LC475526.1_Japanese_soil-borne_wheat_mosaic_virus_T4_genomic_RNA,_segment:_1,_complete_sequence",0.6647531572904708,2336,6968,7349,7110,7223,0.948156211729487,43,0.005851136209008029,7107,0.6608635960217961
"MN241032.1_Soil-borne_wheat_mosaic_virus_isolate_SBWMV-OH2_segment_RNA1,_complete_sequence","KT736088.1_Soil-borne_wheat_mosaic_virus_isolate_OH_segment_RNA1,_complete_sequence",0.9952058657642414,34,7092,7092,7110,7105,1.0,0,0.0,7092,0.9952058657642414
"MN241032.1_Soil-borne_wheat_mosaic_virus_isolate_SBWMV-OH2_segment_RNA1,_complete_sequence","AB935553.1_Chinese_wheat_mosaic_virus_genomic_RNA,_complete_genome,_isolate:_Nagano-A,_segment:_1",0.7533972250035761,1724,6991,7235,7110,7147,0.9662750518313753,21,0.002902557014512785,7092,0.7512104466034275
"MN241032.1_Soil-borne_wheat_mosaic_virus_isolate_SBWMV-OH2_segment_RNA1,_complete_sequence","AB299271.1_Chinese_wheat_mosaic_virus_genomic_RNA,_complete_genome,_segment:_RNA1",0.7486761127808788,1756,6987,7239,7110,7147,0.9651885619560713,20,0.002762812543168946,7092,0.7466076610257169
"MN241032.1_Soil-borne_wheat_mosaic_virus_isolate_SBWMV-OH2_segment_RNA1,_complete_sequence","AJ271838.1_Chinese_wheat_mosaic_virus_ORF1,_ORF2_and_ORF3,_genomic_segment_RNA1,_complete_sequence",0.7518227305218013,1736,6995,7231,7110,7147,0.967362743742221,22,0.0030424560918268567,7092,0.7495353428753513
"LC481571.1_Japanese_soil-borne_wheat_mosaic_virus_JO_genomic_RNA,_segment:_1,_complete_sequence","LC481573.1_Japanese_soil-borne_wheat_mosaic_virus_MS3_genomic_RNA,_segment:_1,_complete_sequence",0.9893425605536332,77,7225,7225,7225,7225,1.0,0,0.0,7225,0.9893425605536332
"LC481571.1_Japanese_soil-borne_wheat_mosaic_virus_JO_genomic_RNA,_segment:_1,_complete_sequence","LC481577.1_Japanese_soil-borne_wheat_mosaic_virus_MH3_genomic_RNA,_segment:_1,_complete_sequence",0.9887889273356402,81,7225,7225,7225,7225,1.0,0,0.0,7225,0.9887889273356402
"LC481571.1_Japanese_soil-borne_wheat_mosaic_virus_JO_genomic_RNA,_segment:_1,_complete_sequence","LC475518.1_Japanese_soil-borne_wheat_mosaic_virus_OT7_genomic_RNA,_segment:_1,_complete_sequence",0.9993079584775086,5,7225,7225,7225,7225,1.0,0,0.0,7225,0.9993079584775086
"LC481571.1_Japanese_soil-borne_wheat_mosaic_virus_JO_genomic_RNA,_segment:_1,_complete_sequence","LC475520.1_Japanese_soil-borne_wheat_mosaic_virus_S4_genomic_RNA,_segment:_1,_complete_sequence",0.9990311418685122,7,7225,7225,7225,7225,1.0,0,0.0,7225,0.9990311418685122
"LC481571.1_Japanese_soil-borne_wheat_mosaic_virus_JO_genomic_RNA,_segment:_1,_complete_sequence","LC475522.1_Japanese_soil-borne_wheat_mosaic_virus_I7_genomic_RNA,_segment:_1,_complete_sequence",0.9893425605536332,77,7225,7225,7225,7225,1.0,0,0.0,7225,0.9893425605536332
"LC481571.1_Japanese_soil-borne_wheat_mosaic_virus_JO_genomic_RNA,_segment:_1,_complete_sequence","LC475524.1_Japanese_soil-borne_wheat_mosaic_virus_I9_genomic_RNA,_segment:_1,_complete_sequence",0.9893425605536332,77,7225,7225,7225,7225,1.0,0,0.0,7225,0.9893425605536332
"LC481571.1_Japanese_soil-borne_wheat_mosaic_virus_JO_genomic_RNA,_segment:_1,_complete_sequence","LC475526.1_Japanese_soil-borne_wheat_mosaic_virus_T4_genomic_RNA,_segment:_1,_complete_sequence",0.9889242696940329,80,7223,7225,7225,7223,0.9997231833910034,1,0.0001384083044982699,7225,0.9887873943625873
"LC481571.1_Japanese_soil-borne_wheat_mosaic_virus_JO_genomic_RNA,_segment:_1,_complete_sequence","KT736088.1_Soil-borne_wheat_mosaic_virus_isolate_OH_segment_RNA1,_complete_sequence",0.6676706827309237,2317,6972,7358,7225,7105,0.9475400924164175,43,0.005843979342212558,7225,0.6637688290536432
"LC481571.1_Japanese_soil-borne_wheat_mosaic_virus_JO_genomic_RNA,_segment:_1,_complete_sequence","AB935553.1_Chinese_wheat_mosaic_virus_genomic_RNA,_complete_genome,_isolate:_Nagano-A,_segment:_1",0.6640782283577797,2336,6954,7418,7225,7147,0.9374494472903747,40,0.005392289026691831,7225,0.6604973266141411
"LC481571.1_Japanese_soil-borne_wheat_mosaic_virus_JO_genomic_RNA,_segment:_1,_complete_sequence","AB299271.1_Chinese_wheat_mosaic_virus_genomic_RNA,_complete_genome,_segment:_RNA1",0.6684095860566448,2283,6885,7487,7225,7147,0.9195939628689729,44,0.00587685321223454,7225,0.6644814410337394
"LC481571.1_Japanese_soil-borne_wheat_mosaic_virus_JO_genomic_RNA,_segment:_1,_complete_sequence","AJ271838.1_Chinese_wheat_mosaic_virus_ORF1,_ORF2_and_ORF3,_genomic_segment_RNA1,_complete_sequence",0.6673916195447296,2294,6897,7475,7225,7147,0.922675585284281,44,0.00588628762541806,7225,0.6634631605132957
"LC481573.1_Japanese_soil-borne_wheat_mosaic_virus_MS3_genomic_RNA,_segment:_1,_complete_sequence","LC481577.1_Japanese_soil-borne_wheat_mosaic_virus_MH3_genomic_RNA,_segment:_1,_complete_sequence",0.9983391003460208,12,7225,7225,7225,7225,1.0,0,0.0,7225,0.9983391003460208
"LC481573.1_Japanese_soil-borne_wheat_mosaic_virus_MS3_genomic_RNA,_segment:_1,_complete_sequence","LC475518.1_Japanese_soil-borne_wheat_mosaic_virus_OT7_genomic_RNA,_segment:_1,_complete_sequence",0.9892041522491349,78,7225,7225,7225,7225,1.0,0,0.0,7225,0.9892041522491349
"LC481573.1_Japanese_soil-borne_wheat_mosaic_virus_MS3_genomic_RNA,_segment:_1,_complete_sequence","LC475520.1_Japanese_soil-borne_wheat_mosaic_virus_S4_genomic_RNA,_segment:_1,_complete_sequence",0.9889273356401385,80,7225,7225,7225,7225,1.0,0,0.0,7225,0.9889273356401385
"LC481573.1_Japanese_soil-borne_wheat_mosaic_virus_MS3_genomic_RNA,_segment:_1,_complete_sequence","LC475522.1_Japanese_soil-borne_wheat_mosaic_virus_I7_genomic_RNA,_segment:_1,_complete_sequence",0.9988927335640139,8,7225,7225,7225,7225,1.0,0,0.0,7225,0.9988927335640139
"LC481573.1_Japanese_soil-borne_wheat_mosaic_virus_MS3_genomic_RNA,_segment:_1,_complete_sequence","LC475524.1_Japanese_soil-borne_wheat_mosaic_virus_I9_genomic_RNA,_segment:_1,_complete_sequence",0.9988927335640139,8,7225,7225,7225,7225,1.0,0,0.0,7225,0.9988927335640139
"LC481573.1_Japanese_soil-borne_wheat_mosaic_virus_MS3_genomic_RNA,_segment:_1,_complete_sequence","LC475526.1_Japanese_soil-borne_wheat_mosaic_virus_T4_genomic_RNA,_segment:_1,_complete_sequence",0.9984770870829295,11,7223,7225,7225,7223,0.9997231833910034,1,0.0001384083044982699,7225,0.9983388895622259
"LC481573.1_Japanese_soil-borne_wheat_mosaic_virus_MS3_genomic_RNA,_segment:_1,_complete_sequence","KT736088.1_Soil-borne_wheat_mosaic_virus_isolate_OH_segment_RNA1,_complete_sequence",0.6671919770773639,2323,6980,7350,7225,7105,0.9496598639455782,43,0.005850340136054422,7225,0.6632886770754146
"LC481573.1_Japanese_soil-borne_wheat_mosaic_virus_MS3_genomic_RNA,_segment:_1,_complete_sequence","AB935553.1_Chinese_wheat_mosaic_virus_genomic_RNA,_complete_genome,_isolate:_Nagano-A,_segment:_1",0.6630309988518943,2348,6968,7404,7225,7147,0.9411129119394922,42,0.005672609400324149,7225,0.6592698829751008
"LC481573.1_Japanese_soil-borne_wheat_mosaic_virus_MS3_genomic_RNA,_segment:_1,_complete_sequence","AB299271.1_Chinese_wheat_mosaic_virus_genomic_RNA,_complete_genome,_segment:_RNA1",0.6669558929862618,2303,6915,7457,7225,7147,0.9273166152608288,44,0.0059004961780877024,7225,0.6630205222887433
"LC481573.1_Japanese_soil-borne_wheat_mosaic_virus_MS3_genomic_RNA,_segment:_1,_complete_sequence","AJ271838.1_Chinese_wheat_mosaic_virus_ORF1,_ORF2_and_ORF3,_genomic_segment_RNA1,_complete_sequence",0.6637856525496975,2334,6942,7430,7225,7147,0.9343203230148048,41,0.005518169582772544,7225,0.660122770752317
"LC481577.1_Japanese_soil-borne_wheat_mosaic_virus_MH3_genomic_RNA,_segment:_1,_complete_sequence","LC475518.1_Japanese_soil-borne_wheat_mosaic_virus_OT7_genomic_RNA,_segment:_1,_complete_sequence",0.9886505190311419,82,7225,7225,7225,7225,1.0,0,0.0,7225,0.9886505190311419
"LC481577.1_Japanese_soil-borne_wheat_mosaic_virus_MH3_genomic_RNA,_segment:_1,_complete_sequence","LC475520.1_Japanese_soil-borne_wheat_mosaic_virus_S4_genomic_RNA,_segment:_1,_complete_sequence",0.9883737024221453,84,7225,7225,7225,7225,1.0,0,0.0,7225,0.9883737024221453
"LC481577.1_Japanese_soil-borne_wheat_mosaic_virus_MH3_genomic_RNA,_segment:_1,_complete_sequence","LC475522.1_Japanese_soil-borne_wheat_mosaic_virus_I7_genomic_RNA,_segment:_1,_complete_sequence",0.9986159169550173,10,7225,7225,7225,7225,1.0,0,0.0,7225,0.9986159169550173
"LC481577.1_Japanese_soil-borne_wheat_mosaic_virus_MH3_genomic_RNA,_segment:_1,_complete_sequence","LC475524.1_Japanese_soil-borne_wheat_mosaic_virus_I9_genomic_RNA,_segment:_1,_complete_sequence",0.9986159169550173,10,7225,7225,7225,7225,1.0,0,0.0,7225,0.9986159169550173
"LC481577.1_Japanese_soil-borne_wheat_mosaic_virus_MH3_genomic_RNA,_segment:_1,_complete_sequence","LC475526.1_Japanese_soil-borne_wheat_mosaic_virus_T4_genomic_RNA,_segment:_1,_complete_sequence",0.9982001938252804,13,7223,7225,7225,7223,0.9997231833910034,1,0.0001384083044982699,7225,0.9980620346289031
"LC481577.1_Japanese_soil-borne_wheat_mosaic_virus_MH3_genomic_RNA,_segment:_1,_complete_sequence","KT736088.1_Soil-borne_wheat_mosaic_virus_isolate_OH_segment_RNA1,_complete_sequence",0.6677650429799427,2319,6980,7350,7225,7105,0.9496598639455782,43,0.005850340136054422,7225,0.663858390347543
"LC481577.1_Japanese_soil-borne_wheat_mosaic_virus_MH3_genomic_RNA,_segment:_1,_complete_sequence","AB935553.1_Chinese_wheat_mosaic_virus_genomic_RNA,_complete_genome,_isolate:_Nagano-A,_segment:_1",0.6618890640676509,2359,6977,7395,7225,7147,0.943475321162948,42,0.005679513184584178,7225,0.6581298564015466
"LC481577.1_Japanese_soil-borne_wheat_mosaic_virus_MH3_genomic_RNA,_segment:_1,_complete_sequence","AB299271.1_Chinese_wheat_mosaic_virus_genomic_RNA,_complete_genome,_segment:_RNA1",0.6675824175824177,2299,6916,7456,7225,7147,0.9275751072961373,45,0.006035407725321888,7225,0.6635532855020517
"LC481577.1_Japanese_soil-borne_wheat_mosaic_virus_MH3_genomic_RNA,_segment:_1,_complete_sequence","AJ271838.1_Chinese_wheat_mosaic_virus_ORF1,_ORF2_and_ORF3,_genomic_segment_RNA1,_complete_sequence",0.6645059060789398,2329,6942,7430,7225,7147,0.9343203230148048,41,0.005518169582772544,7225,0.6608390498004423
"LC475518.1_Japanese_soil-borne_wheat_mosaic_virus_OT7_genomic_RNA,_segment:_1,_complete_sequence","LC475520.1_Japanese_soil-borne_wheat_mosaic_virus_S4_genomic_RNA,_segment:_1,_complete_sequence",0.9988927335640139,8,7225,7225,7225,7225,1.0,0,0.0,7225,0.9988927335640139
"LC475518.1_Japanese_soil-borne_wheat_mosaic_virus_OT7_genomic_RNA,_segment:_1,_complete_sequence","LC475522.1_Japanese_soil-borne_wheat_mosaic_virus_I7_genomic_RNA,_segment:_1,_complete_sequence",0.9892041522491349,78,7225,7225,7225,7225,1.0,0,0.0,7225,0.9892041522491349
"LC475518.1_Japanese_soil-borne_wheat_mosaic_virus_OT7_genomic_RNA,_segment:_1,_complete_sequence","LC475524.1_Japanese_soil-borne_wheat_mosaic_virus_I9_genomic_RNA,_segment:_1,_complete_sequence",0.9892041522491349,78,7225,7225,7225,7225,1.0,0,0.0,7225,0.9892041522491349
"LC475518.1_Japanese_soil-borne_wheat_mosaic_virus_OT7_genomic_RNA,_segment:_1,_complete_sequence","LC475526.1_Japanese_soil-borne_wheat_mosaic_virus_T4_genomic_RNA,_segment:_1,_complete_sequence",0.9887858230652083,81,7223,7225,7225,7223,0.9997231833910034,1,0.0001384083044982699,7225,0.988648966895926
"LC475518.1_Japanese_soil-borne_wheat_mosaic_virus_OT7_genomic_RNA,_segment:_1,_complete_sequence","KT736088.1_Soil-borne_wheat_mosaic_virus_isolate_OH_segment_RNA1,_complete_sequence",0.6678136200716847,2317,6975,7355,7225,7105,0.9483344663494222,43,0.00584636301835486,7225,0.6639093392201438
"LC475518.1_Japanese_soil-borne_wheat_mosaic_virus_OT7_genomic_RNA,_segment:_1,_complete_sequence","AB935553.1_Chinese_wheat_mosaic_virus_genomic_RNA,_complete_genome,_isolate:_Nagano-A,_segment:_1",0.6642692750287686,2334,6952,7420,7225,7147,0.9369272237196765,41,0.005525606469002696,7225,0.66059878442551
"LC475518.1_Japanese_soil-borne_wheat_mosaic_virus_OT7_genomic_RNA,_segment:_1,_complete_sequence","AB299271.1_Chinese_wheat_mosaic_virus_genomic_RNA,_complete_genome,_segment:_RNA1",0.6684095860566448,2283,6885,7487,7225,7147,0.9195939628689729,44,0.00587685321223454,7225,0.6644814410337394
"LC475518.1_Japanese_soil-borne_wheat_mosaic_virus_OT7_genomic_RNA,_segment:_1,_complete_sequence","AJ271838.1_Chinese_wheat_mosaic_virus_ORF1,_ORF2_and_ORF3,_genomic_segment_RNA1,_complete_sequence",0.6673916195447296,2294,6897,7475,7225,7147,0.922675585284281,44,0.00588628762541806,7225,0.6634631605132957
"LC475520.1_Japanese_soil-borne_wheat_mosaic_virus_S4_genomic_RNA,_segment:_1,_complete_sequence","LC475522.1_Japanese_soil-borne_wheat_mosaic_virus_I7_genomic_RNA,_segment:_1,_complete_sequence",0.9889273356401385,80,7225,7225,7225,7225,1.0,0,0.0,7225,0.9889273356401385
"LC475520.1_Japanese_soil-borne_wheat_mosaic_virus_S4_genomic_RNA,_segment:_1,_complete_sequence","LC475524.1_Japanese_soil-borne_wheat_mosaic_virus_I9_genomic_RNA,_segment:_1,_complete_sequence",0.9889273356401385,80,7225,7225,7225,7225,1.0,0,0.0,7225,0.9889273356401385
"LC475520.1_Japanese_soil-borne_wheat_mosaic_virus_S4_genomic_RNA,_segment:_1,_complete_sequence","LC475526.1_Japanese_soil-borne_wheat_mosaic_virus_T4_genomic_RNA,_segment:_1,_complete_sequence",0.9885089298075592,83,7223,7225,7225,7223,0.9997231833910034,1,0.0001384083044982699,7225,0.9883721119626031
"LC475520.1_Japanese_soil-borne_wheat_mosaic_virus_S4_genomic_RNA,_segment:_1,_complete_sequence","KT736088.1_Soil-borne_wheat_mosaic_virus_isolate_OH_segment_RNA1,_complete_sequence",0.6674792084886723,2319,6974,7356,7225,7105,0.9480696030451332,43,0.005845568243610658,7225,0.6635774132242604
"LC475520.1_Japanese_soil-borne_wheat_mosaic_virus_S4_genomic_RNA,_segment:_1,_complete_sequence","AB935553.1_Chinese_wheat_mosaic_virus_genomic_RNA,_complete_genome,_isolate:_Nagano-A,_segment:_1",0.6630824372759856,2350,6975,7397,7225,7147,0.9429498445315668,42,0.00567797755846965,7225,0.6593174700777171
"LC475520.1_Japanese_soil-borne_wheat_mosaic_virus_S4_genomic_RNA,_segment:_1,_complete_sequence","AB299271.1_Chinese_wheat_mosaic_virus_genomic_RNA,_complete_genome,_segment:_RNA1",0.6679738562091504,2286,6885,7487,7225,7147,0.9195939628689729,44,0.00587685321223454,7225,0.664048271906599
"LC475520.1_Japanese_soil-borne_wheat_mosaic_virus_S4_genomic_RNA,_segment:_1,_complete_sequence","AJ271838.1_Chinese_wheat_mosaic_virus_ORF1,_ORF2_and_ORF3,_genomic_segment_RNA1,_complete_sequence",0.667246628969117,2295,6897,7475,7225,7147,0.922675585284281,44,0.00588628762541806,7225,0.6633190233939141
"LC475522.1_Japanese_soil-borne_wheat_mosaic_virus_I7_genomic_RNA,_segment:_1,_complete_sequence","LC475524.1_Japanese_soil-borne_wheat_mosaic_virus_I9_genomic_RNA,_segment:_1,_complete_sequence",0.9991695501730103,6,7225,7225,7225,7225,1.0,0,0.0,7225,0.9991695501730103
"LC475522.1_Japanese_soil-borne_wheat_mosaic_virus_I7_genomic_RNA,_segment:_1,_complete_sequence","LC475526.1_Japanese_soil-borne_wheat_mosaic_virus_T4_genomic_RNA,_segment:_1,_complete_sequence",0.9987539803405787,9,7223,7225,7225,7223,0.9997231833910034,1,0.0001384083044982699,7225,0.9986157444955489
"LC475522.1_Japanese_soil-borne_wheat_mosaic_virus_I7_genomic_RNA,_segment:_1,_complete_sequence","KT736088.1_Soil-borne_wheat_mosaic_virus_isolate_OH_segment_RNA1,_complete_sequence",0.6673352435530087,2322,6980,7350,7225,7105,0.9496598639455782,43,0.005850340136054422,7225,0.6634311053934469
"LC475522.1_Japanese_soil-borne_wheat_mosaic_virus_I7_genomic_RNA,_segment:_1,_complete_sequence","AB935553.1_Chinese_wheat_mosaic_virus_genomic_RNA,_complete_genome,_isolate:_Nagano-A,_segment:_1",0.6631745120551091,2347,6968,7404,7225,7147,0.9411129119394922,42,0.005672609400324149,7225,0.65941258208397
"LC475522.1_Japanese_soil-borne_wheat_mosaic_virus_I7_genomic_RNA,_segment:_1,_complete_sequence","AB299271.1_Chinese_wheat_mosaic_virus_genomic_RNA,_complete_genome,_segment:_RNA1",0.6672932330827068,2301,6916,7456,7225,7147,0.9275751072961373,45,0.006035407725321888,7225,0.6632658463487044
"LC475522.1_Japanese_soil-borne_wheat_mosaic_virus_I7_genomic_RNA,_segment:_1,_complete_sequence","AJ271838.1_Chinese_wheat_mosaic_virus_ORF1,_ORF2_and_ORF3,_genomic_segment_RNA1,_complete_sequence",0.6642178046672429,2331,6942,7430,7225,7147,0.9343203230148048,41,0.005518169582772544,7225,0.6605525381811922
"LC475524.1_Japanese_soil-borne_wheat_mosaic_virus_I9_genomic_RNA,_segment:_1,_complete_sequence","LC475526.1_Japanese_soil-borne_wheat_mosaic_virus_T4_genomic_RNA,_segment:_1,_complete_sequence",0.9987539803405787,9,7223,7225,7225,7223,0.9997231833910034,1,0.0001384083044982699,7225,0.9986157444955489
"LC475524.1_Japanese_soil-borne_wheat_mosaic_virus_I9_genomic_RNA,_segment:_1,_complete_sequence","KT736088.1_Soil-borne_wheat_mosaic_virus_isolate_OH_segment_RNA1,_complete_sequence",0.6673352435530087,2322,6980,7350,7225,7105,0.9496598639455782,43,0.005850340136054422,7225,0.6634311053934469
"LC475524.1_Japanese_soil-borne_wheat_mosaic_virus_I9_genomic_RNA,_segment:_1,_complete_sequence","AB935553.1_Chinese_wheat_mosaic_virus_genomic_RNA,_complete_genome,_isolate:_Nagano-A,_segment:_1",0.6631745120551091,2347,6968,7404,7225,7147,0.9411129119394922,42,0.005672609400324149,7225,0.65941258208397
"LC475524.1_Japanese_soil-borne_wheat_mosaic_virus_I9_genomic_RNA,_segment:_1,_complete_sequence","AB299271.1_Chinese_wheat_mosaic_virus_genomic_RNA,_complete_genome,_segment:_RNA1",0.6674374909669027,2301,6919,7453,7225,7147,0.9283509995974776,45,0.006037837112572118,7225,0.6634076121136208
"LC475524.1_Japanese_soil-borne_wheat_mosaic_virus_I9_genomic_RNA,_segment:_1,_complete_sequence","AJ271838.1_Chinese_wheat_mosaic_virus_ORF1,_ORF2_and_ORF3,_genomic_segment_RNA1,_complete_sequence",0.6645059060789398,2329,6942,7430,7225,7147,0.9343203230148048,41,0.005518169582772544,7225,0.6608390498004423
"LC475526.1_Japanese_soil-borne_wheat_mosaic_virus_T4_genomic_RNA,_segment:_1,_complete_sequence","KT736088.1_Soil-borne_wheat_mosaic_virus_isolate_OH_segment_RNA1,_complete_sequence",0.6661412809858146,2330,6979,7349,7223,7105,0.9496530140155123,43,0.005851136209008029,7223,0.6622435976163236
"LC475526.1_Japanese_soil-borne_wheat_mosaic_virus_T4_genomic_RNA,_segment:_1,_complete_sequence","AB935553.1_Chinese_wheat_mosaic_virus_genomic_RNA,_complete_genome,_isolate:_Nagano-A,_segment:_1",0.6629826324099326,2348,6967,7403,7223,7147,0.9411049574496826,42,0.005673375658516818,7223,0.6592212828811987
"LC475526.1_Japanese_soil-borne_wheat_mosaic_virus_T4_genomic_RNA,_segment:_1,_complete_sequence","AB299271.1_Chinese_wheat_mosaic_virus_genomic_RNA,_complete_genome,_segment:_RNA1",0.6672451193058568,2301,6915,7455,7223,7147,0.9275653923541247,45,0.006036217303822937,7223,0.6632174827708114
"LC475526.1_Japanese_soil-borne_wheat_mosaic_virus_T4_genomic_RNA,_segment:_1,_complete_sequence","AJ271838.1_Chinese_wheat_mosaic_virus_ORF1,_ORF2_and_ORF3,_genomic_segment_RNA1,_complete_sequence",0.6640253565768621,2332,6941,7429,7223,7147,0.9343114820298829,41,0.005518912370440167,7223,0.6603606588221641
"KT736088.1_Soil-borne_wheat_mosaic_virus_isolate_OH_segment_RNA1,_complete_sequence","AB935553.1_Chinese_wheat_mosaic_virus_genomic_RNA,_complete_genome,_isolate:_Nagano-A,_segment:_1",0.7548543689320388,1717,7004,7248,7105,7147,0.9663355408388521,20,0.0027593818984547464,7105,0.7527714374504383
"KT736088.1_Soil-borne_wheat_mosaic_virus_isolate_OH_segment_RNA1,_complete_sequence","AB299271.1_Chinese_wheat_mosaic_virus_genomic_RNA,_complete_genome,_segment:_RNA1",0.7514302059496567,1738,6992,7260,7105,7147,0.9630853994490358,20,0.0027548209366391185,7105,0.7493601502858835
"KT736088.1_Soil-borne_wheat_mosaic_virus_isolate_OH_segment_RNA1,_complete_sequence","AJ271838.1_Chinese_wheat_mosaic_virus_ORF1,_ORF2_and_ORF3,_genomic_segment_RNA1,_complete_sequence",0.754,1722,7000,7252,7105,7147,0.9652509652509652,22,0.003033645890788748,7105,0.7517126309983453
"AB935553.1_Chinese_wheat_mosaic_virus_genomic_RNA,_complete_genome,_isolate:_Nagano-A,_segment:_1","AB299271.1_Chinese_wheat_mosaic_virus_genomic_RNA,_complete_genome,_segment:_RNA1",0.9615223170561075,275,7147,7147,7147,7147,1.0,0,0.0,7147,0.9615223170561075
"AB935553.1_Chinese_wheat_mosaic_virus_genomic_RNA,_complete_genome,_isolate:_Nagano-A,_segment:_1","AJ271838.1_Chinese_wheat_mosaic_virus_ORF1,_ORF2_and_ORF3,_genomic_segment_RNA1,_complete_sequence",0.967818665174199,230,7147,7147,7147,7147,1.0,0,0.0,7147,0.967818665174199
"AB299271.1_Chinese_wheat_mosaic_virus_genomic_RNA,_complete_genome,_segment:_RNA1","AJ271838.1_Chinese_wheat_mosaic_virus_ORF1,_ORF2_and_ORF3,_genomic_segment_RNA1,_complete_sequence",0.9771932279278018,163,7147,7147,7147,7147,1.0,0,0.0,7147,0.9771932279278018
