,run_accession,study_accession,study_title,experiment_accession,experiment_title,experiment_desc,organism_taxid,organism_name,library_name,library_strategy,library_source,library_selection,library_layout,sample_accession,sample_title,biosample,bioproject,instrument,instrument_model,instrument_model_desc,total_spots,total_size,run_total_spots,run_total_bases,run_alias,public_filename,public_size,public_date,public_md5,public_version,public_semantic_name,public_supertype,public_sratoolkit,aws_url,aws_free_egress,aws_access_type,public_url,ncbi_url,ncbi_free_egress,ncbi_access_type,gcp_url,gcp_free_egress,gcp_access_type,experiment_alias,strain,isolate,host,isolation_source,collection_date,geo_loc_name,sample_type,host_tissue_sampled,biosamplemodel,lat_lon,breed,tissue,gold ecosystem classification,cultivar,age,biomaterial_provider,collected_by,biological_replicate,replicate,samp_mat_process,samp_size,ref_biomaterial,rel_to_oxygen,samp_collect_device,ecotype,identified_by,sex,dev_stage,ena-first-public,ena-last-update,external id,insdc center name,insdc first public,insdc last update,insdc status,submitter id,common name,sample name,scientific_name,phenotype,experimental factor: compound,experimental factor: dose,ebi_url,ebi_free_egress,ebi_access_type,broker name,altitude,env_broad_scale,env_local_scale,env_medium,season,type_of_nucleic_acid,arrayexpress-species,sample description,experimental factor: growth condition,experimental factor: stimulus,experimental factor: immunoprecipitate,cell type,developmental stage,genotype,growth condition,indivudal,organism part,progenitor cell type,source_name,treatment,sample_name,elev,env_feature,depth,env_material,env_biome,ena first public,ena last update,insdc center alias,collection date,environment (biome),environment (feature),environment (material),geographic location (country and/or sea),geographic location (latitude),geographic location (longitude),investigation type,project name,sequencing method,wastewater/sludge environmental package,cell_line,cell_type,nucleic_acid,sample_timepoint,host_subject_id,isolation source,isol_growth_condt,propagation,number_of_cells,target_molecules,site_name,chlorophyll,conduc,diss_inorg_carb,bacterial_count,samp_volume,min_filter_size,max_filter_size,sequencing_method,sequencing_machine,std_norm_factor,specimen_voucher,source_material_id,sample_number,sample_source,investigation_type,temp,geographic_location,ena_fastq_http,ena_fastq_http_1,ena_fastq_http_2,ena_fastq_ftp,ena_fastq_ftp_1,ena_fastq_ftp_2,contigs_510
0,DRR146894,DRP004413,Phylogeny of the spider mite sub-family Tetranychinae (Acari: Tetranychidae) inferred from RNA-Seq data,DRX137686,Illumina HiSeq 2000 sequencing of SAMD00134143,Illumina HiSeq 2000 sequencing of SAMD00134143,1490235,Eotetranychus uncatus,,RNA-Seq,TRANSCRIPTOMIC,PolyA,SINGLE,DRS074483,,SAMD00134143,PRJDB7231,Illumina HiSeq 2000,Illumina HiSeq 2000,ILLUMINA,28025618,1255865062,28025618,2830587418,DRR146894,DRR146894.sralite,768455546,2020-06-22 08:50:51,63bba36ca214b9854fbc32365e4beb03,1,SRA Lite,Primary ETL,1,s3://sra-pub-zq-1/DRR146894/DRR146894.sralite.1,s3.us-east-1,aws identity,https://sra-downloadb.be-md.ncbi.nlm.nih.gov/sos5/sra-pub-zq-11/DRR000/146/DRR146894/DRR146894.sralite.1,https://sra-downloadb.be-md.ncbi.nlm.nih.gov/sos5/sra-pub-zq-11/DRR000/146/DRR146894/DRR146894.sralite.1,worldwide,anonymous,gs://sra-pub-zq-105/DRR146894/DRR146894.zq.1,gs.us-east1,gcp identity,DRX137686,,,,,2014,Japan:Gumma,,,,,,,,,,,,,,,,,,,,,,,,,,,,,,,,,,,,,,,,,,,,,,,,,,,,,,,,,,,,,Sample_1086,,,,,,,,,,,,,,,,,,,,,,,,,,,,,,,,,,,,,,,,,,,,,,,,http://ftp.sra.ebi.ac.uk/vol1/fastq/DRR146/DRR146894/DRR146894.fastq.gz,,,era-fasp@fasp.sra.ebi.ac.uk:vol1/fastq/DRR146/DRR146894/DRR146894.fastq.gz,,,1
1,DRR146906,DRP004413,Phylogeny of the spider mite sub-family Tetranychinae (Acari: Tetranychidae) inferred from RNA-Seq data,DRX137698,Illumina HiSeq 2000 sequencing of SAMD00134155,Illumina HiSeq 2000 sequencing of SAMD00134155,1490253,Schizotetranychus lespedezae,,RNA-Seq,TRANSCRIPTOMIC,PolyA,SINGLE,DRS074495,,SAMD00134155,PRJDB7231,Illumina HiSeq 2000,Illumina HiSeq 2000,ILLUMINA,18559733,1145221599,18559733,1874533033,DRR146906,DRR146906.sralite,510664308,2020-06-22 08:47:04,046b600c2be6e62137c7f00c3f393f8c,1,SRA Lite,Primary ETL,1,s3://sra-pub-zq-2/DRR146906/DRR146906.sralite.1,s3.us-east-1,aws identity,https://sra-downloadb.be-md.ncbi.nlm.nih.gov/sos5/sra-pub-zq-11/DRR000/146/DRR146906/DRR146906.sralite.1,https://sra-downloadb.be-md.ncbi.nlm.nih.gov/sos5/sra-pub-zq-11/DRR000/146/DRR146906/DRR146906.sralite.1,worldwide,anonymous,gs://sra-pub-zq-105/DRR146906/DRR146906.zq.1,gs.us-east1,gcp identity,DRX137698,,,,,2012,Japan:Ibaraki,,,,,,,,,,,,,,,,,,,,,,,,,,,,,,,,,,,,,,,,,,,,,,,,,,,,,,,,,,,,,Sample_1235,,,,,,,,,,,,,,,,,,,,,,,,,,,,,,,,,,,,,,,,,,,,,,,,http://ftp.sra.ebi.ac.uk/vol1/fastq/DRR146/DRR146906/DRR146906.fastq.gz,,,era-fasp@fasp.sra.ebi.ac.uk:vol1/fastq/DRR146/DRR146906/DRR146906.fastq.gz,,,1
2,ERR1356733,ERP014782,Studying the presence and selection of antibiotic resistance genes,ERX1428208,Illumina HiSeq 2500 paired end sequencing,Illumina HiSeq 2500 paired end sequencing,256318,metagenome,unspecified,RNA-Seq,METATRANSCRIPTOMIC,Inverse rRNA,PAIRED,ERS1110349,,SAMEA3923215,PRJEB13233,Illumina HiSeq 2500,Illumina HiSeq 2500,ILLUMINA,23928438,2865073755,23928438,4813558449,ena-RUN-EAWAG-12-04-2016-14:33:33:720-42,ERR1356733.lite,1258890567,2022-09-23 14:24:46,8bb958249b0a858cc965028f3b930100,2,SRA Lite,Primary ETL,1,s3://sra-pub-zq-7/ERR1356733/ERR1356733.lite.2,s3.us-east-1,aws identity,https://sra-downloadb.be-md.ncbi.nlm.nih.gov/sos1/sra-pub-zq-38/ERR001/1356/ERR1356733/ERR1356733.lite.2,https://sra-downloadb.be-md.ncbi.nlm.nih.gov/sos1/sra-pub-zq-38/ERR001/1356/ERR1356733/ERR1356733.lite.2,worldwide,anonymous,gs://sra-pub-zq-106/ERR1356733/ERR1356733.lite.2,gs.us-east1,gcp identity,,,,,,,,,,,,,,,,,,,,,,,,,,,,,,,,SAMEA3923215,EAWAG,2018-03-30T17:02:14Z,2016-10-21T09:43:06Z,public,U121,,U121,,,,,http://ftp.sra.ebi.ac.uk/vol1/run/ERR135/ERR1356733/RU122R2.fq.gz,worldwide,anonymous,,,,,,,,,,,,,,,,,,,,,,,,,,,,2018-03-30,2016-10-21,EAWAG,2014.0,wastewater,wastewater treatment plant,activated sludge,Switzerland,47.40483,8.60967,metagenome,What biological and operational factors determine the release of antibiotic resistance genes from WWTPs?,Illumina HiSeq,wastewater/sludge,,,,,,,,,,,,,,,,,,,,,,,,,,,,,,http://ftp.sra.ebi.ac.uk/vol1/fastq/ERR135/003/ERR1356733/ERR1356733_1.fastq.gz,http://ftp.sra.ebi.ac.uk/vol1/fastq/ERR135/003/ERR1356733/ERR1356733_2.fastq.gz,,era-fasp@fasp.sra.ebi.ac.uk:vol1/fastq/ERR135/003/ERR1356733/ERR1356733_1.fastq.gz,era-fasp@fasp.sra.ebi.ac.uk:vol1/fastq/ERR135/003/ERR1356733/ERR1356733_2.fastq.gz,1
3,ERR2660556,ERP109502,Ago-RIP-Seq Analysis to Identify miR-375 Targets in Human Macrophages,ERX2676934,NextSeq 500 sequencing; Ago-RIP-Seq Analysis to Identify miR-375 Targets in Human Macrophages,NextSeq 500 sequencing; Ago-RIP-Seq Analysis to Identify miR-375 Targets in Human Macrophages,9606,Homo sapiens,"IgG-ACM_1,2,3_s",RNA-Seq,TRANSCRIPTOMIC,RT-PCR,SINGLE,ERS2573797,,SAMEA4753698,PRJEB27424,NextSeq 500,NextSeq 500,ILLUMINA,32937711,720598936,32937711,1635686885,"E-MTAB-6943:IgG-ACM_1,2,3",ERR2660556.lite,454277033,2022-09-29 12:39:00,9fb15f9565009b06aa1bad5be2162ab1,2,SRA Lite,Primary ETL,1,s3://sra-pub-zq-3/ERR2660556/ERR2660556.lite.2,s3.us-east-1,aws identity,https://sra-downloadb.be-md.ncbi.nlm.nih.gov/sos1/sra-pub-zq-38/ERR002/2660/ERR2660556/ERR2660556.lite.2,https://sra-downloadb.be-md.ncbi.nlm.nih.gov/sos1/sra-pub-zq-38/ERR002/2660/ERR2660556/ERR2660556.lite.2,worldwide,anonymous,gs://sra-pub-zq-102/ERR2660556/ERR2660556.lite.2,gs.us-east1,gcp identity,,,,,,,,,,,,,,,,,,,,,,,,,,,,,,2019-02-08T17:04:04Z,2018-06-22T13:33:29Z,SAMEA4753698,"Faculty of Medicine, Goethe-University Frankfurt",2019-02-08T17:04:04Z,2018-06-22T13:33:29Z,public,"E-MTAB-6943:IgG-ACM_1,2,3",human,"E-MTAB-6943:IgG-ACM_1,2,3",Homo sapiens,wild type phenotype,,,http://ftp.sra.ebi.ac.uk/vol1/run/ERR266/ERR2660556/10_S2_R1_001.fastq.gz,worldwide,anonymous,ArrayExpress,,,,,,,,,MCF-7 conditioned media,none,anti-IgG,macrophage,adult,wild type genotype,MCF-7 conditioned media,pool of donors 1 to 3,blood,peripheral blood mononuclear cell,,,,,,,,,,,,,,,,,,,,,,,,,,,,,,,,,,,,,,,,,,,,,,,,,,,http://ftp.sra.ebi.ac.uk/vol1/fastq/ERR266/006/ERR2660556/ERR2660556.fastq.gz,,,era-fasp@fasp.sra.ebi.ac.uk:vol1/fastq/ERR266/006/ERR2660556/ERR2660556.fastq.gz,,,0
4,ERR2737479,ERP108694,Virus Discovery for Vietnam Initiative on Zoonotic Infections (VIZIONS),ERX2750552,Illumina HiSeq 2500 paired end sequencing; Illumina HiSeq 2500 paired end sequencing,Illumina HiSeq 2500 paired end sequencing; Illumina HiSeq 2500 paired end sequencing,1070528,viral metagenome,,WGS,GENOMIC,RANDOM,PAIRED,ERS2529024,,SAMEA4708865,PRJEB26687,Illumina HiSeq 2500,Illumina HiSeq 2500,ILLUMINA,1666735,487636267,1666735,833367500,SC_RUN_20730_1#94_,20730_1#94.cram,370113235,2019-08-22 09:17:08,79849e490b578105f5adaf40c38936c4,1,cram,Original,0,https://sra-pub-run-odp.s3.amazonaws.com/sra/ERR2737479/ERR2737479,worldwide,anonymous,http://ftp.sra.ebi.ac.uk/vol1/run/ERR273/ERR2737479/20730_1#94.cram,https://sra-downloadb.be-md.ncbi.nlm.nih.gov/sos5/sra-pub-zq-11/ERR002/737/ERR2737479/ERR2737479.sralite.1,worldwide,anonymous,gs://sra-pub-zq-101/ERR2737479/ERR2737479.zq.1,gs.us-east1,gcp identity,,,,,,,,,,,,,,,,,,,,,,,,,,,,,,2018-06-11T17:03:00Z,2018-06-05T15:33:43Z,SAMEA4708865,UNIVERSITY OF EDINBURGH,2018-06-11T17:03:00Z,2018-06-05T15:33:43Z,public,20730x94,,20730x94,viral metagenome,,,,http://ftp.sra.ebi.ac.uk/vol1/run/ERR273/ERR2737479/20730_1#94.cram,worldwide,anonymous,,,,,,,,,,,,,,,,,,,,,,,,,,,,,,,,,,,,,,,,,,,,,,,,,,,,,,,,,,,,,,,,,,,,,,,http://ftp.sra.ebi.ac.uk/vol1/fastq/ERR273/009/ERR2737479/ERR2737479_1.fastq.gz,http://ftp.sra.ebi.ac.uk/vol1/fastq/ERR273/009/ERR2737479/ERR2737479_2.fastq.gz,,era-fasp@fasp.sra.ebi.ac.uk:vol1/fastq/ERR273/009/ERR2737479/ERR2737479_1.fastq.gz,era-fasp@fasp.sra.ebi.ac.uk:vol1/fastq/ERR273/009/ERR2737479/ERR2737479_2.fastq.gz,0
5,ERR3010915,ERP112886,Impact of process temperature and organic loading rate on cellulolytic / hydrolytic biofilm microbiomes during biomethanation of ryegrass silage revealed by genome-centered metagenomics and metatranscriptomics,ERX3013249,Illumina HiSeq 1500 paired end sequencing; Impact of process temperature and organic loading rate on cellulolytic / hydrolytic biofilm microbiomes during biomethanation of ryegrass silage revealed by genome-centered metagenomics and metatranscriptomics,Illumina HiSeq 1500 paired end sequencing; Impact of process temperature and organic loading rate on cellulolytic / hydrolytic biofilm microbiomes during biomethanation of ryegrass silage revealed by genome-centered metagenomics and metatranscriptomics,410658,soil metagenome,Sample 16_p,RNA-Seq,METATRANSCRIPTOMIC,RANDOM,PAIRED,ERS2993051,,SAMEA5185551,PRJEB30432,Illumina HiSeq 1500,Illumina HiSeq 1500,ILLUMINA,17344679,1554677572,17344679,3503625158,E-MTAB-7533:YS-16_CCGTCC_R,ERR3010915.lite,903513121,2022-06-10 05:01:51,130c70f18505dfea682be63c602535c0,2,SRA Lite,Primary ETL,1,s3://sra-pub-zq-2/ERR3010915/ERR3010915.lite.2,s3.us-east-1,aws identity,https://sra-downloadb.be-md.ncbi.nlm.nih.gov/sos4/sra-pub-zq-1/ERR003/3010/ERR3010915/ERR3010915.lite.2,https://sra-downloadb.be-md.ncbi.nlm.nih.gov/sos4/sra-pub-zq-1/ERR003/3010/ERR3010915/ERR3010915.lite.2,worldwide,anonymous,gs://sra-pub-zq-108/ERR3010915/ERR3010915.lite.2,gs.us-east1,gcp identity,,,,,,,,,,,,,,,,,,,,,,,,,,,,,,2019-04-19T04:02:37Z,2018-12-17T14:58:17Z,SAMEA5185551,Center for Biotechnology (CeBiTec) - Bielefeld University,2019-04-19T04:02:37Z,2018-12-17T14:58:17Z,public,E-MTAB-7533:Sample 16,,E-MTAB-7533:Sample 16,soil metagenome,,ryegrass silage,1500.0,http://ftp.sra.ebi.ac.uk/vol1/run/ERR301/ERR3010915/YS-16_CCGTCC_R2.fastq.gz,worldwide,anonymous,ArrayExpress,,,,,,,,,,,,,,,,,,,,,,,,,,,,,,,,,,,,,,,,,,,,,,,,,,,,,,,,,,,,,,,,,,,,,,http://ftp.sra.ebi.ac.uk/vol1/fastq/ERR301/005/ERR3010915/ERR3010915_1.fastq.gz,http://ftp.sra.ebi.ac.uk/vol1/fastq/ERR301/005/ERR3010915/ERR3010915_2.fastq.gz,,era-fasp@fasp.sra.ebi.ac.uk:vol1/fastq/ERR301/005/ERR3010915/ERR3010915_1.fastq.gz,era-fasp@fasp.sra.ebi.ac.uk:vol1/fastq/ERR301/005/ERR3010915/ERR3010915_2.fastq.gz,1
6,ERR3179625,ERP006046,Virus_Discovery_for_Vietnam_Initiative_on_Zoonotic_Infections__VIZIONS_,ERX3207476,Illumina HiSeq 2500 paired end sequencing,Illumina HiSeq 2500 paired end sequencing,1070528,viral metagenome,DN459406Q:F12,WGS,GENOMIC,RANDOM,PAIRED,ERS3172564,,SAMEA5365958,PRJEB6505,Illumina HiSeq 2500,Illumina HiSeq 2500,ILLUMINA,1666735,487636267,1666735,833367500,SC_RUN_20730_1#94,ERR3179625.sralite,209161673,2020-06-21 02:06:02,3e065664ad702c5e4786cbe1cba4b313,1,SRA Lite,Primary ETL,1,s3://sra-pub-zq-9/ERR3179625/ERR3179625.sralite.1,s3.us-east-1,aws identity,https://sra-downloadb.be-md.ncbi.nlm.nih.gov/sos9/sra-pub-zq-922/ERR003/179/ERR3179625.sralite.1,https://sra-downloadb.be-md.ncbi.nlm.nih.gov/sos9/sra-pub-zq-922/ERR003/179/ERR3179625.sralite.1,worldwide,anonymous,gs://sra-pub-zq-103/ERR3179625/ERR3179625.zq.1,gs.us-east1,gcp identity,,,,,,,,,,,,,,,,,,,,,,,,,,,,,,2019-02-26T17:02:58Z,2019-02-21T09:18:26Z,SAMEA5365958,SC,2019-02-26T17:02:58Z,2019-02-21T09:18:26Z,public,6bcb1c40-540d-11e6-9a3d-3c4a9275d6c8,viral metagenome,6bcb1c40-540d-11e6-9a3d-3c4a9275d6c8,viral metagenome,,,,http://ftp.sra.ebi.ac.uk/vol1/run/ERR317/ERR3179625/20730_1#94.cram,worldwide,anonymous,,,,,,,,viral metagenome,Total nucleic acid extraction from human feces,,,,,,,,,,,,,,,,,,,,,,,,,,,,,,,,,,,,,,,,,,,,,,,,,,,,,,,,,,,,,,http://ftp.sra.ebi.ac.uk/vol1/fastq/ERR317/005/ERR3179625/ERR3179625_1.fastq.gz,http://ftp.sra.ebi.ac.uk/vol1/fastq/ERR317/005/ERR3179625/ERR3179625_2.fastq.gz,,era-fasp@fasp.sra.ebi.ac.uk:vol1/fastq/ERR317/005/ERR3179625/ERR3179625_1.fastq.gz,era-fasp@fasp.sra.ebi.ac.uk:vol1/fastq/ERR317/005/ERR3179625/ERR3179625_2.fastq.gz,1
7,SRR10030315,SRP219503,Investigation of gene regulation in trichomes of Nicotiana tabacum,SRX6766521,RNA-Seq of trichomes of leaves,RNA-Seq of trichomes of leaves,4097,Nicotiana tabacum,T1,RNA-Seq,TRANSCRIPTOMIC,PCR,PAIRED,SRS5314446,,SAMN12630608,PRJNA561900,Illumina HiSeq 2500,Illumina HiSeq 2500,ILLUMINA,54298113,7607306202,54298113,10859622600,SampleT1_R1.fastq.gz,SRR10030315.sralite,2825409025,2020-06-23 02:58:47,65a6b7071e7df8251bfa968df063c49f,1,SRA Lite,Primary ETL,1,s3://sra-pub-zq-5/SRR10030315/SRR10030315.sralite.1,s3.us-east-1,aws identity,https://sra-downloadb.be-md.ncbi.nlm.nih.gov/sos5/sra-pub-zq-14/SRR010/030/SRR10030315.sralite.1,https://sra-downloadb.be-md.ncbi.nlm.nih.gov/sos5/sra-pub-zq-14/SRR010/030/SRR10030315.sralite.1,worldwide,anonymous,gs://sra-pub-zq-106/SRR10030315/SRR10030315.zq.1,gs.us-east1,gcp identity,,,,,,,India,,,Plant,,,Trichomes from leaves,,Petit Havana,60 days old plants,,,,,,,,,,,,,,,,,,,,,,,,,,,,,,,,,,,,,,,,,,,,,,,,,,,,,,,,,,,,,,,,,,,,,,,,,,,,,,,,,,,,,,,,,,,,,,,,,,,,,http://ftp.sra.ebi.ac.uk/vol1/fastq/SRR100/015/SRR10030315/SRR10030315_1.fastq.gz,http://ftp.sra.ebi.ac.uk/vol1/fastq/SRR100/015/SRR10030315/SRR10030315_2.fastq.gz,,era-fasp@fasp.sra.ebi.ac.uk:vol1/fastq/SRR100/015/SRR10030315/SRR10030315_1.fastq.gz,era-fasp@fasp.sra.ebi.ac.uk:vol1/fastq/SRR100/015/SRR10030315/SRR10030315_2.fastq.gz,1
8,SRR10064025,SRP220207,laurel family (Lauraceae) Transcriptome,SRX6797752,stem transcriptome of Litsea cubeba,stem transcriptome of Litsea cubeba,155299,Litsea cubeba,6_stem6_7,RNA-Seq,TRANSCRIPTOMIC,PolyA,PAIRED,SRS5339565,,SAMN12638588,PRJNA562115,Illumina NovaSeq 6000,Illumina NovaSeq 6000,ILLUMINA,20399154,2293088952,20399154,6119746200,RRA81125-S_L3_1.fq.gz,SRR10064025.sralite,1528272084,2020-06-21 22:05:33,37acfa579b7fd8f46bc35eaf9142923c,1,SRA Lite,Primary ETL,1,s3://sra-pub-zq-1/SRR10064025/SRR10064025.sralite.1,s3.us-east-1,aws identity,https://sra-downloadb.be-md.ncbi.nlm.nih.gov/sos5/sra-pub-zq-16/SRR010/064/SRR10064025.sralite.1,https://sra-downloadb.be-md.ncbi.nlm.nih.gov/sos5/sra-pub-zq-16/SRR010/064/SRR10064025.sralite.1,worldwide,anonymous,gs://sra-pub-zq-109/SRR10064025/SRR10064025.zq.1,gs.us-east1,gcp identity,,,"superior individual from Jiangxi, China",,,,"China: Fenyi County of Xinyu, Jiangxi",,,Plant,,,stem in June 7,,,3 years old,,,,,,,,,,,,,,,,,,,,,,,,,,,,,,,,,,,,,,,,,,,,,,,,,,,,,,,,,,,,,,,,,,,,,,,,,,,,,,,,,,,,,,,,,,,,,,,,,,,,,http://ftp.sra.ebi.ac.uk/vol1/fastq/SRR100/025/SRR10064025/SRR10064025_1.fastq.gz,http://ftp.sra.ebi.ac.uk/vol1/fastq/SRR100/025/SRR10064025/SRR10064025_2.fastq.gz,,era-fasp@fasp.sra.ebi.ac.uk:vol1/fastq/SRR100/025/SRR10064025/SRR10064025_1.fastq.gz,era-fasp@fasp.sra.ebi.ac.uk:vol1/fastq/SRR100/025/SRR10064025/SRR10064025_2.fastq.gz,1
9,SRR10143185,SRP222475,Ovis aries breed:bashibai Raw sequence reads,SRX6871109,Model organism or animal sample from Ovis aries,Model organism or animal sample from Ovis aries,9940,Ovis aries,T04,RNA-Seq,TRANSCRIPTOMIC,PCR,PAIRED,SRS5407140,,SAMN12769891,PRJNA565839,HiSeq X Ten,HiSeq X Ten,ILLUMINA,45089767,4141224482,45089767,13454768334,Ovisaries_O752-01-T04_good_1.fq.gz,SRR10143185.sralite,3391989017,2020-06-21 00:16:59,7dc1ca2606deed8e4f783eb8883f6dff,1,SRA Lite,Primary ETL,1,s3://sra-pub-zq-9/SRR10143185/SRR10143185.sralite.1,s3.us-east-1,aws identity,https://sra-downloadb.be-md.ncbi.nlm.nih.gov/sos5/sra-pub-zq-16/SRR010/143/SRR10143185.sralite.1,https://sra-downloadb.be-md.ncbi.nlm.nih.gov/sos5/sra-pub-zq-16/SRR010/143/SRR10143185.sralite.1,worldwide,anonymous,gs://sra-pub-zq-109/SRR10143185/SRR10143185.zq.1,gs.us-east1,gcp identity,,,,,,,,,,Model organism or animal,,bashibai sheep,skin,,,1-year-old,,,,,,,,,,,,female,,,,,,,,,,,,,cyan gray,,,,,,,,,,,,,,,,,,,,,,,,,,,,,,,,,,,,,,,,,,,,,,,,,,,,,,,,,,,,,,,,,,,,,,,,,,,,http://ftp.sra.ebi.ac.uk/vol1/fastq/SRR101/085/SRR10143185/SRR10143185_1.fastq.gz,http://ftp.sra.ebi.ac.uk/vol1/fastq/SRR101/085/SRR10143185/SRR10143185_2.fastq.gz,,era-fasp@fasp.sra.ebi.ac.uk:vol1/fastq/SRR101/085/SRR10143185/SRR10143185_1.fastq.gz,era-fasp@fasp.sra.ebi.ac.uk:vol1/fastq/SRR101/085/SRR10143185/SRR10143185_2.fastq.gz,1
10,SRR10143187,SRP222475,Ovis aries breed:bashibai Raw sequence reads,SRX6871107,Model organism or animal sample from Ovis aries,Model organism or animal sample from Ovis aries,9940,Ovis aries,T12,RNA-Seq,TRANSCRIPTOMIC,PCR,PAIRED,SRS5407138,,SAMN12769899,PRJNA565839,HiSeq X Ten,HiSeq X Ten,ILLUMINA,23144201,2151232762,23144201,6910463240,Ovisaries_O752-01-T12_good_1.fq.gz,SRR10143187.sralite,1741412082,2020-06-20 22:42:04,db0a2e026c16b5c1bb39e475084fcb8a,1,SRA Lite,Primary ETL,1,s3://sra-pub-zq-8/SRR10143187/SRR10143187.sralite.1,s3.us-east-1,aws identity,https://sra-downloadb.be-md.ncbi.nlm.nih.gov/sos5/sra-pub-zq-16/SRR010/143/SRR10143187.sralite.1,https://sra-downloadb.be-md.ncbi.nlm.nih.gov/sos5/sra-pub-zq-16/SRR010/143/SRR10143187.sralite.1,worldwide,anonymous,gs://sra-pub-zq-109/SRR10143187/SRR10143187.zq.1,gs.us-east1,gcp identity,,,,,,,,,,Model organism or animal,,bashibai sheep,skin,,,1-year-old,,,,,,,,,,,,female,,,,,,,,,,,,,white,,,,,,,,,,,,,,,,,,,,,,,,,,,,,,,,,,,,,,,,,,,,,,,,,,,,,,,,,,,,,,,,,,,,,,,,,,,,http://ftp.sra.ebi.ac.uk/vol1/fastq/SRR101/087/SRR10143187/SRR10143187_1.fastq.gz,http://ftp.sra.ebi.ac.uk/vol1/fastq/SRR101/087/SRR10143187/SRR10143187_2.fastq.gz,,era-fasp@fasp.sra.ebi.ac.uk:vol1/fastq/SRR101/087/SRR10143187/SRR10143187_1.fastq.gz,era-fasp@fasp.sra.ebi.ac.uk:vol1/fastq/SRR101/087/SRR10143187/SRR10143187_2.fastq.gz,1
11,SRR10255703,SRP225013,RNA-sequenceing for lfy1 near-isogenic lines,SRX6973657,RNA seq of NILs-AA-V5-stage-reapt1,RNA seq of NILs-AA-V5-stage-reapt1,4577,Zea mays,NILs-AA-V5-stage-reapt1,RNA-Seq,TRANSCRIPTOMIC,Oligo-dT,PAIRED,SRS5499059,,SAMN13006468,PRJNA576757,Illumina HiSeq 2500,Illumina HiSeq 2500,ILLUMINA,35333761,4204525510,35333761,10600128300,AA1_HFKYKALXX_L4_1.clean.fq.gz,SRR10255703.lite,2658552476,2022-07-10 01:48:19,e8598634da303e3c9b8ef6c7b12561aa,1,SRA Lite,Primary ETL,1,s3://sra-pub-zq-7/SRR10255703/SRR10255703.lite.1,s3.us-east-1,aws identity,https://sra-downloadb.be-md.ncbi.nlm.nih.gov/sos5/sra-pub-zq-11/SRR010/255/SRR10255703/SRR10255703.lite.1,https://sra-downloadb.be-md.ncbi.nlm.nih.gov/sos5/sra-pub-zq-11/SRR010/255/SRR10255703/SRR10255703.lite.1,worldwide,anonymous,gs://sra-pub-zq-102/SRR10255703/SRR10255703.lite.1,gs.us-east1,gcp identity,,,shoot tips of NILs-AA for RNA-seq at V5 stage,,,,China,,,Plant,,,shoot tips,,,,,,,,,,,,,,,,V5,,,,,,,,,,,,,,,,,,,,,,,,,,,,,,,,,,,,,,,,,,,,,,,,,,,,,,,,,,,,,,,,,,,,,,,,,,,,,,,,,,,,,,,,http://ftp.sra.ebi.ac.uk/vol1/fastq/SRR102/003/SRR10255703/SRR10255703_1.fastq.gz,http://ftp.sra.ebi.ac.uk/vol1/fastq/SRR102/003/SRR10255703/SRR10255703_2.fastq.gz,,era-fasp@fasp.sra.ebi.ac.uk:vol1/fastq/SRR102/003/SRR10255703/SRR10255703_1.fastq.gz,era-fasp@fasp.sra.ebi.ac.uk:vol1/fastq/SRR102/003/SRR10255703/SRR10255703_2.fastq.gz,1
12,SRR10307214,SRP224638,Heterosis analysis of neo-tetraploid rice line,SRX7018601,RNA-seq of tetraploid rice,RNA-seq of tetraploid rice,4530,Oryza sativa,KL1_2,RNA-Seq,TRANSCRIPTOMIC,RANDOM,PAIRED,SRS5539728,,SAMN12924071,PRJNA576043,Illumina HiSeq 4000,Illumina HiSeq 4000,ILLUMINA,24821011,2737785554,24821011,7413415115,KL1_2_Clean_Data1.fq.gz,SRR10307214.sralite,1868298438,2020-06-22 03:49:06,de47e6fd531a571617b22b3d9b8936a5,1,SRA Lite,Primary ETL,1,s3://sra-pub-zq-2/SRR10307214/SRR10307214.sralite.1,s3.us-east-1,aws identity,https://sra-downloadb.be-md.ncbi.nlm.nih.gov/sos5/sra-pub-zq-14/SRR010/307/SRR10307214.sralite.1,https://sra-downloadb.be-md.ncbi.nlm.nih.gov/sos5/sra-pub-zq-14/SRR010/307/SRR10307214.sralite.1,worldwide,anonymous,gs://sra-pub-zq-109/SRR10307214/SRR10307214.zq.1,gs.us-east1,gcp identity,,,not applicable,,,,China: Guangzhou,,,Plant,,,Leaf,,not applicable,not applicable,,,,replicate = biological replicate 2,,,,,,not applicable,,,not applicable,,,,,,,,,,,,,,,,,,,,,,,,,,,,,,,,,,,,,,,,,,,,,,,,,,,,,,,,,,,,,,,,,,,,,,,,,,,,,,,,,,,,,,,,http://ftp.sra.ebi.ac.uk/vol1/fastq/SRR103/014/SRR10307214/SRR10307214_1.fastq.gz,http://ftp.sra.ebi.ac.uk/vol1/fastq/SRR103/014/SRR10307214/SRR10307214_2.fastq.gz,,era-fasp@fasp.sra.ebi.ac.uk:vol1/fastq/SRR103/014/SRR10307214/SRR10307214_1.fastq.gz,era-fasp@fasp.sra.ebi.ac.uk:vol1/fastq/SRR103/014/SRR10307214/SRR10307214_2.fastq.gz,1
13,SRR10307240,SRP224638,Heterosis analysis of neo-tetraploid rice line,SRX7018575,RNA-seq of tetraploid rice,RNA-seq of tetraploid rice,4530,Oryza sativa,GL1_2,RNA-Seq,TRANSCRIPTOMIC,RANDOM,PAIRED,SRS5539702,,SAMN12924047,PRJNA576043,Illumina HiSeq 4000,Illumina HiSeq 4000,ILLUMINA,20222324,2184117161,20222324,6016338743,GL1_2_Clean_Data1.fq.gz,SRR10307240.sralite,1520396276,2020-06-22 03:52:51,fb0f995df6922a01a760097d8e4cc590,1,SRA Lite,Primary ETL,1,s3://sra-pub-zq-1/SRR10307240/SRR10307240.sralite.1,s3.us-east-1,aws identity,https://sra-downloadb.be-md.ncbi.nlm.nih.gov/sos5/sra-pub-zq-14/SRR010/307/SRR10307240.sralite.1,https://sra-downloadb.be-md.ncbi.nlm.nih.gov/sos5/sra-pub-zq-14/SRR010/307/SRR10307240.sralite.1,worldwide,anonymous,gs://sra-pub-zq-109/SRR10307240/SRR10307240.zq.1,gs.us-east1,gcp identity,,,not applicable,,,,China: Guangzhou,,,Plant,,,Leaf,,not applicable,not applicable,,,,replicate = biological replicate 2,,,,,,not applicable,,,not applicable,,,,,,,,,,,,,,,,,,,,,,,,,,,,,,,,,,,,,,,,,,,,,,,,,,,,,,,,,,,,,,,,,,,,,,,,,,,,,,,,,,,,,,,,http://ftp.sra.ebi.ac.uk/vol1/fastq/SRR103/040/SRR10307240/SRR10307240_1.fastq.gz,http://ftp.sra.ebi.ac.uk/vol1/fastq/SRR103/040/SRR10307240/SRR10307240_2.fastq.gz,,era-fasp@fasp.sra.ebi.ac.uk:vol1/fastq/SRR103/040/SRR10307240/SRR10307240_1.fastq.gz,era-fasp@fasp.sra.ebi.ac.uk:vol1/fastq/SRR103/040/SRR10307240/SRR10307240_2.fastq.gz,1
14,SRR10323722,SRP226606,Invertebrate RNA sequencing,SRX7034527,Total RNA sequencing of marine arthropods,Total RNA sequencing of marine arthropods,1711999,invertebrate metagenome,BHJQ,RNA-Seq,TRANSCRIPTOMIC,RANDOM,PAIRED,SRS5554577,,SAMN13073841,PRJNA578783,Illumina HiSeq 2000,Illumina HiSeq 2000,ILLUMINA,35720873,5277021690,35720873,7144174600,BHRJ_1.fq,SRR10323722.sralite,2315961857,2020-06-21 04:39:18,ceb02a0dc6699206e14e6392dbb30704,1,SRA Lite,Primary ETL,1,s3://sra-pub-zq-9/SRR10323722/SRR10323722.sralite.1,s3.us-east-1,aws identity,https://sra-downloadb.be-md.ncbi.nlm.nih.gov/sos5/sra-pub-zq-16/SRR010/323/SRR10323722.sralite.1,https://sra-downloadb.be-md.ncbi.nlm.nih.gov/sos5/sra-pub-zq-16/SRR010/323/SRR10323722.sralite.1,worldwide,anonymous,gs://sra-pub-zq-105/SRR10323722/SRR10323722.zq.1,gs.us-east1,gcp identity,,,,,Multiple species from Arthropoda,2013,China,,,Metagenome or environmental,,,,,,,,,,,,,,,,,,,,,,,,,,,,,,,,,,,,,,,,,,,,,,,,,,,,,,,,,,,,,,,,,,,,,,,,,,,,,,,,,,,,,,,,,,,,,,,,,,,,,,,,,,,http://ftp.sra.ebi.ac.uk/vol1/fastq/SRR103/022/SRR10323722/SRR10323722_1.fastq.gz,http://ftp.sra.ebi.ac.uk/vol1/fastq/SRR103/022/SRR10323722/SRR10323722_2.fastq.gz,,era-fasp@fasp.sra.ebi.ac.uk:vol1/fastq/SRR103/022/SRR10323722/SRR10323722_1.fastq.gz,era-fasp@fasp.sra.ebi.ac.uk:vol1/fastq/SRR103/022/SRR10323722/SRR10323722_2.fastq.gz,1
15,SRR10357996,SRP227304,Pyrus pyrifolia cultivar:Wonhwang Raw sequence reads,SRX7067394,RNA-seq of pear leaves: adult trees,RNA-seq of pear leaves: adult trees,3767,Pyrus pyrifolia,DP_105DAF_I,RNA-Seq,TRANSCRIPTOMIC,RT-PCR,PAIRED,SRS5583830,,SAMN13124167,PRJNA579772,Illumina HiSeq 2500,Illumina HiSeq 2500,ILLUMINA,22310796,2534874456,22310796,6693238800,BL7A_R1.fastq.gz,BL7A_R1.fastq.gz,1666156301,2019-10-29 05:57:05,656e1ed2c3ba4b01f36323dee7dbfebe,1,fastq,Original,0,s3://sra-pub-src-16/SRR10357996/BL7A_R1.fastq.gz.1,-,Use Cloud Data Delivery,https://sra-pub-run-odp.s3.amazonaws.com/sra/SRR10357996/SRR10357996,https://sra-downloadb.be-md.ncbi.nlm.nih.gov/sos9/sra-pub-zq-922/SRR010/357/SRR10357996.sralite.1,worldwide,anonymous,gs://sra-pub-zq-108/SRR10357996/SRR10357996.zq.1,gs.us-east1,gcp identity,,,,,,,China: Wuhan,,,Plant,,,leaves,,Wonhwang,,,,,,,,,,,,,,105DAF,,,,,,,,,,,,,,,,,,,,,,,,,,,,,,,,,,,,,,,,,,,,,,,,,,,,,,,,,,,,,,,,,,,,,,,,,,,,,,,,,,,,,,,,http://ftp.sra.ebi.ac.uk/vol1/fastq/SRR103/096/SRR10357996/SRR10357996_1.fastq.gz,http://ftp.sra.ebi.ac.uk/vol1/fastq/SRR103/096/SRR10357996/SRR10357996_2.fastq.gz,,era-fasp@fasp.sra.ebi.ac.uk:vol1/fastq/SRR103/096/SRR10357996/SRR10357996_1.fastq.gz,era-fasp@fasp.sra.ebi.ac.uk:vol1/fastq/SRR103/096/SRR10357996/SRR10357996_2.fastq.gz,0
16,SRR10357997,SRP227304,Pyrus pyrifolia cultivar:Wonhwang Raw sequence reads,SRX7067393,RNA-seq of pear leaves: adult trees,RNA-seq of pear leaves: adult trees,3767,Pyrus pyrifolia,SP_105DAF_III,RNA-Seq,TRANSCRIPTOMIC,RT-PCR,PAIRED,SRS5583829,,SAMN13124166,PRJNA579772,Illumina HiSeq 2500,Illumina HiSeq 2500,ILLUMINA,23561397,2692851757,23561397,7068419100,SL7C_R1.fastq.gz,SL7C_R1.fastq.gz,1783796333,2019-10-29 05:59:14,2a708ff7335ff6dce1d07dec693b07cb,1,fastq,Original,0,s3://sra-pub-src-15/SRR10357997/SL7C_R1.fastq.gz.1,-,Use Cloud Data Delivery,https://sra-pub-run-odp.s3.amazonaws.com/sra/SRR10357997/SRR10357997,https://sra-downloadb.be-md.ncbi.nlm.nih.gov/sos5/sra-pub-zq-16/SRR010/357/SRR10357997.sralite.1,worldwide,anonymous,gs://sra-pub-zq-108/SRR10357997/SRR10357997.zq.1,gs.us-east1,gcp identity,,,,,,,China: Wuhan,,,Plant,,,leaves,,Wonhwang,,,,,,,,,,,,,,105DAF,,,,,,,,,,,,,,,,,,,,,,,,,,,,,,,,,,,,,,,,,,,,,,,,,,,,,,,,,,,,,,,,,,,,,,,,,,,,,,,,,,,,,,,,http://ftp.sra.ebi.ac.uk/vol1/fastq/SRR103/097/SRR10357997/SRR10357997_1.fastq.gz,http://ftp.sra.ebi.ac.uk/vol1/fastq/SRR103/097/SRR10357997/SRR10357997_2.fastq.gz,,era-fasp@fasp.sra.ebi.ac.uk:vol1/fastq/SRR103/097/SRR10357997/SRR10357997_1.fastq.gz,era-fasp@fasp.sra.ebi.ac.uk:vol1/fastq/SRR103/097/SRR10357997/SRR10357997_2.fastq.gz,1
17,SRR10613610,SRP235325,Transcriptome differences of Panonychus citri between sensitive strains and amitraz resistant strains,SRX7292770,RNA-Seq,RNA-Seq,50023,Panonychus citri,Panonychuscitri_Y43-ZX03-T01,RNA-Seq,TRANSCRIPTOMIC,PCR,PAIRED,SRS5786280,,SAMN13519016,PRJNA594464,Illumina HiSeq 2500,Illumina HiSeq 2500,ILLUMINA,22748019,2281387033,22748019,6787424934,Panonychuscitri_Y43-ZX03-T01_good_1.fq.gz,SRR10613610.sralite,1711186165,2020-06-20 11:13:59,8663b3bdf61b1f3e96d4bfdceb8a2ba6,1,SRA Lite,Primary ETL,1,s3://sra-pub-zq-4/SRR10613610/SRR10613610.sralite.1,s3.us-east-1,aws identity,https://sra-downloadb.be-md.ncbi.nlm.nih.gov/sos5/sra-pub-zq-16/SRR010/613/SRR10613610.sralite.1,https://sra-downloadb.be-md.ncbi.nlm.nih.gov/sos5/sra-pub-zq-16/SRR010/613/SRR10613610.sralite.1,worldwide,anonymous,gs://sra-pub-zq-105/SRR10613610/SRR10613610.zq.1,gs.us-east1,gcp identity,,,Missing,Citrus,Missing,2017-12-10,China:ChongQing,,,Invertebrate,,Missing,Body,,,,,,,,,,,,,,,,,,,,,,,,,,,,,,,,,,,,,,,,,,,,,,,,,,,,,,,,,,,,,,,,,,,,,,,,,,,,,,,,,,,,,,,,,,,,,,,,,,,,,,,,http://ftp.sra.ebi.ac.uk/vol1/fastq/SRR106/010/SRR10613610/SRR10613610_1.fastq.gz,http://ftp.sra.ebi.ac.uk/vol1/fastq/SRR106/010/SRR10613610/SRR10613610_2.fastq.gz,,era-fasp@fasp.sra.ebi.ac.uk:vol1/fastq/SRR106/010/SRR10613610/SRR10613610_1.fastq.gz,era-fasp@fasp.sra.ebi.ac.uk:vol1/fastq/SRR106/010/SRR10613610/SRR10613610_2.fastq.gz,1
18,SRR10693484,SRP235576,viral metagenome Metagenome,SRX7370111,"ViromeofwildplantsontheriversideoftheancientcanalinZhenjiangcity,China.""plant80,Myriophyllum verticillatum L.""","ViromeofwildplantsontheriversideoftheancientcanalinZhenjiangcity,China.""plant80,Myriophyllum verticillatum L.""",1297885,plant metagenome,plant80,WGS,METAGENOMIC,RANDOM,PAIRED,SRS5796640,,SAMN13317833,PRJNA590092,Illumina HiSeq 2500,Illumina HiSeq 2500,ILLUMINA,102819,32997680,102819,51615138,plant80_S160_L001_R1_001.fastq.gz,SRR10693484.sralite,13246524,2020-06-22 12:50:38,918763c7ef00fc7e2f3700109628621d,1,SRA Lite,Primary ETL,1,s3://sra-pub-zq-4/SRR10693484/SRR10693484.sralite.1,s3.us-east-1,aws identity,https://sra-downloadb.be-md.ncbi.nlm.nih.gov/sos9/sra-pub-zq-922/SRR010/693/SRR10693484.sralite.1,https://sra-downloadb.be-md.ncbi.nlm.nih.gov/sos9/sra-pub-zq-922/SRR010/693/SRR10693484.sralite.1,worldwide,anonymous,gs://sra-pub-zq-109/SRR10693484/SRR10693484.zq.1,gs.us-east1,gcp identity,,,,plant,"the riverside of the ancient canal in Zhenjiang city, China",2018-06/2018-08,"China:Zhenjiang, Jiangsu",,,Metagenome or environmental,32.13188 N 119.43396 E,,,,,,,,,,,,,,,,,,,,,,,,,,,,,,,,,,,,,,,,,,,,,,,,,,,,,,,,,,,,,,,,,,,,,,,,,,,,,,,,,,,,,,,,,,,,,,,,,,,,,,,,,,http://ftp.sra.ebi.ac.uk/vol1/fastq/SRR106/084/SRR10693484/SRR10693484_1.fastq.gz,http://ftp.sra.ebi.ac.uk/vol1/fastq/SRR106/084/SRR10693484/SRR10693484_2.fastq.gz,,era-fasp@fasp.sra.ebi.ac.uk:vol1/fastq/SRR106/084/SRR10693484/SRR10693484_1.fastq.gz,era-fasp@fasp.sra.ebi.ac.uk:vol1/fastq/SRR106/084/SRR10693484/SRR10693484_2.fastq.gz,0
19,SRR10695228,SRP237676,RNA-seq of 217 tea accessions,SRX7371735,R142,R142,4442,Camellia sinensis,R142,RNA-Seq,TRANSCRIPTOMIC,RANDOM PCR,PAIRED,SRS5829810,,SAMN13567616,PRJNA595795,HiSeq X Ten,HiSeq X Ten,ILLUMINA,34640900,4096824310,34640900,10392270000,3W2-21_R1.fq.gz,3W2-21_R1.fq.gz,2549841085,2019-12-16 06:54:09,da5c668ee876504f1b6d05bf8c155c68,1,fastq,Original,0,s3://sra-pub-src-13/SRR10695228/3W2-21_R1.fq.gz.1,-,Use Cloud Data Delivery,https://sra-pub-run-odp.s3.amazonaws.com/sra/SRR10695228/SRR10695228,https://sra-downloadb.be-md.ncbi.nlm.nih.gov/sos5/sra-pub-zq-16/SRR010/10695/SRR10695228/SRR10695228.lite.1,worldwide,anonymous,gs://sra-pub-zq-104/SRR10695228/SRR10695228.lite.1,gs.us-east1,gcp identity,,,not collected,,,,China:Wuhan,,,Plant,,,leaves,,3W2-21,not collected,,,,,,,,,,mising,,,not collected,,,,,,,,,,,,,,,,,,,,,,,,,,,,,,,,,,,,,,,,,,,,,,,,,,,,,,,,,,,,,,,,,,,,,,,,,,,,,,,,,,,,,,,,http://ftp.sra.ebi.ac.uk/vol1/fastq/SRR106/028/SRR10695228/SRR10695228_1.fastq.gz,http://ftp.sra.ebi.ac.uk/vol1/fastq/SRR106/028/SRR10695228/SRR10695228_2.fastq.gz,,era-fasp@fasp.sra.ebi.ac.uk:vol1/fastq/SRR106/028/SRR10695228/SRR10695228_1.fastq.gz,era-fasp@fasp.sra.ebi.ac.uk:vol1/fastq/SRR106/028/SRR10695228/SRR10695228_2.fastq.gz,0
20,SRR10860874,SRP239233,Variation in Emission Spectra and its Genetic Basis in Bioluminescent Cypridinids (Crustacea: Ostracoda),SRX7530957,RNA-Seq of 'Maristella' SVD: whole body,RNA-Seq of 'Maristella' SVD: whole body,2696922,Maristella sp. SVD,Maristella_SVD_Rep2,RNA-Seq,TRANSCRIPTOMIC,RANDOM,PAIRED,SRS5970265,,SAMN13761889,PRJNA589015,Illumina HiSeq 1500,Illumina HiSeq 1500,ILLUMINA,17534994,2417380378,17534994,3506998800,TOCC004A_1.fq.gz,SRR10860874.lite,1137633384,2022-06-22 09:52:32,87d9ff0ac464686bd199ed7c3363ea69,1,SRA Lite,Primary ETL,1,s3://sra-pub-zq-3/SRR10860874/SRR10860874.lite.1,s3.us-east-1,aws identity,https://sra-downloadb.be-md.ncbi.nlm.nih.gov/sos5/sra-pub-zq-16/SRR010/10860/SRR10860874/SRR10860874.lite.1,https://sra-downloadb.be-md.ncbi.nlm.nih.gov/sos5/sra-pub-zq-16/SRR010/10860/SRR10860874/SRR10860874.lite.1,worldwide,anonymous,gs://sra-pub-zq-108/SRR10860874/SRR10860874.lite.1,gs.us-east1,gcp identity,,,"multiple males, whole bodies",not applicable,Hand net during courtship display,2016-01,Belize: Carrie Bow Caye,,,Invertebrate,16.811598 N 88.082428 W,not applicable,whole body,,,,,"Gretchen A Gerrish, James G Morin, Nicholai M Hensley, Trevor J Rivers, Todd H Oakley, Emily A Ellis",,2,,,,,,,"Gretchen A Gerrish, James G Morin, Nicholai M Hensley, Trevor J Rivers, Todd H Oakley, Emily A Ellis",male,,,,,,,,,,,,,,,,,,,,,,,,,,,,,,,,,,,,,,,,,,,,,,,,,,,,,,,,,,,,,,,,,,,,,,,,,,,,,,,,,,,,,,,,,http://ftp.sra.ebi.ac.uk/vol1/fastq/SRR108/074/SRR10860874/SRR10860874_1.fastq.gz,http://ftp.sra.ebi.ac.uk/vol1/fastq/SRR108/074/SRR10860874/SRR10860874_2.fastq.gz,,era-fasp@fasp.sra.ebi.ac.uk:vol1/fastq/SRR108/074/SRR10860874/SRR10860874_1.fastq.gz,era-fasp@fasp.sra.ebi.ac.uk:vol1/fastq/SRR108/074/SRR10860874/SRR10860874_2.fastq.gz,0
21,SRR10861970,SRP241067,Zanthoxylum nitidum sampls transcriptome,SRX7531990,Zanthoxylum nitidum leaf transcriptome,Zanthoxylum nitidum leaf transcriptome,354528,Zanthoxylum nitidum,3,RNA-Seq,TRANSCRIPTOMIC,cDNA,PAIRED,SRS5971224,,SAMN13812684,PRJNA600333,Illumina HiSeq 4000,Illumina HiSeq 4000,ILLUMINA,44892719,4953368631,44892719,13467815700,T1L_3_1.fq.gz,SRR10861970.sralite,3373722346,2020-06-20 03:55:49,fd10f7eefab0f134f5a92b3f5eb13746,1,SRA Lite,Primary ETL,1,s3://sra-pub-zq-4/SRR10861970/SRR10861970.sralite.1,s3.us-east-1,aws identity,https://sra-downloadb.be-md.ncbi.nlm.nih.gov/sos5/sra-pub-zq-16/SRR010/861/SRR10861970.sralite.1,https://sra-downloadb.be-md.ncbi.nlm.nih.gov/sos5/sra-pub-zq-16/SRR010/861/SRR10861970.sralite.1,worldwide,anonymous,gs://sra-pub-zq-102/SRR10861970/SRR10861970.zq.1,gs.us-east1,gcp identity,,,leaf_repeat3,,,,China:Guangdong,,,Plant,,,not applicable,,not applicable,not applicable,,,,,,,,,,mising,,,,,,,,,,,,,,,,,,,,,,,,,,,,,,,,,,,,,,,,,,,,,,,,,,,,,,,,,,,,,,,,,,,,,,,,,,,,,,,,,,,,,,,,,,,http://ftp.sra.ebi.ac.uk/vol1/fastq/SRR108/070/SRR10861970/SRR10861970_1.fastq.gz,http://ftp.sra.ebi.ac.uk/vol1/fastq/SRR108/070/SRR10861970/SRR10861970_2.fastq.gz,,era-fasp@fasp.sra.ebi.ac.uk:vol1/fastq/SRR108/070/SRR10861970/SRR10861970_1.fastq.gz,era-fasp@fasp.sra.ebi.ac.uk:vol1/fastq/SRR108/070/SRR10861970/SRR10861970_2.fastq.gz,1
22,SRR11393268,SRP253727,Metagenomic RNA sequencing for virus discovery in British Lepidoptera,SRX7972378,Metagenomic sequencing of wild British Lepidoptera for virus discovery,Metagenomic sequencing of wild British Lepidoptera for virus discovery,1234904,insect metagenome,Lep2017_PoolC,RNA-Seq,METATRANSCRIPTOMIC,other,PAIRED,SRS6357281,,SAMN14421394,PRJNA613887,Illumina HiSeq 2500,Illumina HiSeq 2500,ILLUMINA,46138656,4523384760,46138656,11534664000,2759_Pool_C_r1.fq.gz,SRR11393268.sralite,2978549368,2020-06-20 14:23:52,bf91c93b9f7e0e20fb175109a7d03f5b,1,SRA Lite,Primary ETL,1,s3://sra-pub-zq-7/SRR11393268/SRR11393268.sralite.1,s3.us-east-1,aws identity,https://sra-downloadb.be-md.ncbi.nlm.nih.gov/sos9/sra-pub-zq-922/SRR011/393/SRR11393268.sralite.1,https://sra-downloadb.be-md.ncbi.nlm.nih.gov/sos9/sra-pub-zq-922/SRR011/393/SRR11393268.sralite.1,worldwide,anonymous,gs://sra-pub-zq-109/SRR11393268/SRR11393268.zq.1,gs.us-east1,gcp identity,,,,Lepidoptera sp.,45 whole adult Lepidoptera,2017-07-20/2017-09-04,United Kingdom: Penryn and Buckfastleigh,,,Metagenome or environmental,not applicable,,,,,,,,,,Total RNA was extracted from each individual using Trizol-Chloroform extractions,45 individuals,,,,,,,,,,,,,,,,,,,,,,,,,,,,,,,,,,,,,,,,,,,,,,,,,,,,,,,,,,,,,,,,,,,,,,,,,,,,,,,,,,,,,,,,,,,,,,,http://ftp.sra.ebi.ac.uk/vol1/fastq/SRR113/068/SRR11393268/SRR11393268_1.fastq.gz,http://ftp.sra.ebi.ac.uk/vol1/fastq/SRR113/068/SRR11393268/SRR11393268_2.fastq.gz,,era-fasp@fasp.sra.ebi.ac.uk:vol1/fastq/SRR113/068/SRR11393268/SRR11393268_1.fastq.gz,era-fasp@fasp.sra.ebi.ac.uk:vol1/fastq/SRR113/068/SRR11393268/SRR11393268_2.fastq.gz,1
23,SRR11450585,SRP254590,Metagenomics and Metatranscriptomics analysis of microbial communities in paddy soils with different arsenic levels,SRX8028339,Metagenomics and Metatranscriptomics analysis of microbial communities in paddy soils with different arsenic levels,Metagenomics and Metatranscriptomics analysis of microbial communities in paddy soils with different arsenic levels,410658,soil metagenome,YCP_AsLowT,WGA,METATRANSCRIPTOMIC,unspecified,PAIRED,SRS6400822,,SAMN14480285,PRJNA616041,Illumina HiSeq 3000,Illumina HiSeq 3000,ILLUMINA,47248966,6065392379,47248966,14269187732,YCP_AsLowT.1.fastq.gz,SRR11450585.lite,3568312869,2022-06-24 14:24:09,c8267177dc6cbb18ec5b61b25498ae5a,1,SRA Lite,Primary ETL,1,s3://sra-pub-zq-7/SRR11450585/SRR11450585.lite.1,s3.us-east-1,aws identity,https://sra-downloadb.be-md.ncbi.nlm.nih.gov/sos5/sra-pub-zq-16/SRR011/11450/SRR11450585/SRR11450585.lite.1,https://sra-downloadb.be-md.ncbi.nlm.nih.gov/sos5/sra-pub-zq-16/SRR011/11450/SRR11450585/SRR11450585.lite.1,worldwide,anonymous,gs://sra-pub-zq-104/SRR11450585/SRR11450585.lite.1,gs.us-east1,gcp identity,,,,,Paddy Soils,2016-07,"China: Hunan, Yuchangping",,,Metagenome or environmental,not applicable,,,,,,,,,,,,,,,,,,,,,,,,,,,,,,,,,,,,,,,,,,,,,,,,,,,,,,,,,,,,,,,,,,,,,,,,,,,,,,,,,,,,,,,,,,,,,,,,,,,,,,,,,,http://ftp.sra.ebi.ac.uk/vol1/fastq/SRR114/085/SRR11450585/SRR11450585_1.fastq.gz,http://ftp.sra.ebi.ac.uk/vol1/fastq/SRR114/085/SRR11450585/SRR11450585_2.fastq.gz,,era-fasp@fasp.sra.ebi.ac.uk:vol1/fastq/SRR114/085/SRR11450585/SRR11450585_1.fastq.gz,era-fasp@fasp.sra.ebi.ac.uk:vol1/fastq/SRR114/085/SRR11450585/SRR11450585_2.fastq.gz,0
24,SRR11613504,SRP258649,Transcriptome of sugarcane internodes,SRX8179747,RNA-seq of sugarcane: KQ228 mature  internode,RNA-seq of sugarcane: KQ228 mature  internode,128810,Saccharum hybrid cultivar,C2VP050,RNA-Seq,TRANSCRIPTOMIC,unspecified,PAIRED,SRS6539369,,SAMN14734474,PRJNA628577,Illumina NovaSeq 6000,Illumina NovaSeq 6000,ILLUMINA,37167596,2144993477,37167596,7507854392,C2VP050_SEQ194_S245_R1_001.fastq.gz,SRR11613504.lite,1875621992,2022-07-05 22:15:53,09eac0054e355940b374419626453305,1,SRA Lite,Primary ETL,1,s3://sra-pub-zq-7/SRR11613504/SRR11613504.lite.1,s3.us-east-1,aws identity,https://sra-downloadb.be-md.ncbi.nlm.nih.gov/sos5/sra-pub-zq-16/SRR011/11613/SRR11613504/SRR11613504.lite.1,https://sra-downloadb.be-md.ncbi.nlm.nih.gov/sos5/sra-pub-zq-16/SRR011/11613/SRR11613504/SRR11613504.lite.1,worldwide,anonymous,gs://sra-pub-zq-104/SRR11613504/SRR11613504.lite.1,gs.us-east1,gcp identity,,,,,,2018-05,"Australia: Brandon, Queensland",,,Plant,,,mature internode,,KQ228,9 months,Sugar Research Australia,"QAAFI, University of Queensland",2.0,,,,,,,,,,,,,,,,,,,,,,,,,,,,,,,,,,,,,,,,,,,,,,,,,,,,,,,,,,,,,,,,,,,,,,,,,,,,,,,,,,,,,,,,,,,,,,,,,,http://ftp.sra.ebi.ac.uk/vol1/fastq/SRR116/004/SRR11613504/SRR11613504_1.fastq.gz,http://ftp.sra.ebi.ac.uk/vol1/fastq/SRR116/004/SRR11613504/SRR11613504_2.fastq.gz,,era-fasp@fasp.sra.ebi.ac.uk:vol1/fastq/SRR116/004/SRR11613504/SRR11613504_1.fastq.gz,era-fasp@fasp.sra.ebi.ac.uk:vol1/fastq/SRR116/004/SRR11613504/SRR11613504_2.fastq.gz,1
25,SRR11613515,SRP258649,Transcriptome of sugarcane internodes,SRX8179736,RNA-seq of sugarcane: Q138 mature  internode,RNA-seq of sugarcane: Q138 mature  internode,128810,Saccharum hybrid cultivar,C2VP135,RNA-Seq,TRANSCRIPTOMIC,unspecified,PAIRED,SRS6539358,,SAMN14734496,PRJNA628577,Illumina NovaSeq 6000,Illumina NovaSeq 6000,ILLUMINA,31299952,1870788021,31299952,6322590304,C2VP135_SEQ279_S291_R1_001.fastq.gz,SRR11613515.lite,1575677990,2022-07-05 22:15:37,7ba66d50dd592f52cbd1156621164cb5,1,SRA Lite,Primary ETL,1,s3://sra-pub-zq-7/SRR11613515/SRR11613515.lite.1,s3.us-east-1,aws identity,https://sra-downloadb.be-md.ncbi.nlm.nih.gov/sos5/sra-pub-zq-16/SRR011/11613/SRR11613515/SRR11613515.lite.1,https://sra-downloadb.be-md.ncbi.nlm.nih.gov/sos5/sra-pub-zq-16/SRR011/11613/SRR11613515/SRR11613515.lite.1,worldwide,anonymous,gs://sra-pub-zq-104/SRR11613515/SRR11613515.lite.1,gs.us-east1,gcp identity,,,,,,2018-05,"Australia: Brandon, Queensland",,,Plant,,,mature internode,,Q138,9 months,Sugar Research Australia,"QAAFI, University of Queensland",2.0,,,,,,,,,,,,,,,,,,,,,,,,,,,,,,,,,,,,,,,,,,,,,,,,,,,,,,,,,,,,,,,,,,,,,,,,,,,,,,,,,,,,,,,,,,,,,,,,,,http://ftp.sra.ebi.ac.uk/vol1/fastq/SRR116/015/SRR11613515/SRR11613515_1.fastq.gz,http://ftp.sra.ebi.ac.uk/vol1/fastq/SRR116/015/SRR11613515/SRR11613515_2.fastq.gz,,era-fasp@fasp.sra.ebi.ac.uk:vol1/fastq/SRR116/015/SRR11613515/SRR11613515_1.fastq.gz,era-fasp@fasp.sra.ebi.ac.uk:vol1/fastq/SRR116/015/SRR11613515/SRR11613515_2.fastq.gz,1
26,SRR12681654,SRP284199,"Metataranscriptome of bovine rumen microbial communities from tropical cattle in Woodstock, Queensland, Australia - Gonzalo_014 metatranscriptome",SRX9161804,Australian Tropical Cattle Rumen microbiome Gonzalo_014 MT,Australian Tropical Cattle Rumen microbiome Gonzalo_014 MT,506599,bovine gut metagenome,GTZSN,RNA-Seq,METATRANSCRIPTOMIC,RT-PCR,PAIRED,SRS7400704,,SAMN15740166,PRJNA654187,Illumina NovaSeq 6000,Illumina NovaSeq 6000,ILLUMINA,71789995,6572629550,71789995,21680578490,JGI-SRA-174902,SRR12681654.lite,5420976216,2022-07-21 08:56:57,56b177f69181960a2a4bf5188f49d4a0,1,SRA Lite,Primary ETL,1,s3://sra-pub-zq-6/SRR12681654/SRR12681654.lite.1,s3.us-east-1,aws identity,https://sra-downloadb.be-md.ncbi.nlm.nih.gov/sos9/sra-pub-zq-922/SRR012/12681/SRR12681654/SRR12681654.lite.1,https://sra-downloadb.be-md.ncbi.nlm.nih.gov/sos9/sra-pub-zq-922/SRR012/12681/SRR12681654/SRR12681654.lite.1,worldwide,anonymous,gs://sra-pub-zq-106/SRR12681654/SRR12681654.lite.1,gs.us-east1,gcp identity,,,,Bos taurus,rumen from cattle fed with Rhodes grass,2015-09-29,"Australia: Woodstock, Queensland",,,Metagenome or environmental,19.6574 S 146.8351 E,,,Host-associated | Mammals | Digestive system | Stomach | Rumen,,,,,,,,,,,,,,,,,,,,,,,,,,,,,,,,,,,,,,,,,,,,,,,,,,,,,,,,,,,,,,,,,,,,,,,,,,,,,,,,,,,,,,,,,,,,,,,,,,,,,,,http://ftp.sra.ebi.ac.uk/vol1/fastq/SRR126/054/SRR12681654/SRR12681654_1.fastq.gz,http://ftp.sra.ebi.ac.uk/vol1/fastq/SRR126/054/SRR12681654/SRR12681654_2.fastq.gz,,era-fasp@fasp.sra.ebi.ac.uk:vol1/fastq/SRR126/054/SRR12681654/SRR12681654_1.fastq.gz,era-fasp@fasp.sra.ebi.ac.uk:vol1/fastq/SRR126/054/SRR12681654/SRR12681654_2.fastq.gz,1
27,SRR1276187,SRP041643,NC rootsoil Transcriptome or Gene expression,SRX535823,mRNA-Seq for ectomycorrhizal roots and soils - Sample Site1_B1soil,mRNA-Seq for ectomycorrhizal roots and soils - Sample Site1_B1soil,410658,soil metagenome,,RNA-Seq,TRANSCRIPTOMIC,PolyA,PAIRED,SRS604146,,SAMN02767157,PRJNA246122,Illumina HiSeq 2000,Illumina HiSeq 2000,ILLUMINA,16000000,1978935067,16000000,3200000000,Site1_B1soil_001,SRR1276187.sralite,834710089,2020-06-21 08:43:45,b0795298fc486e8553ffc288cf04a1e8,1,SRA Lite,Primary ETL,1,s3://sra-pub-zq-9/SRR1276187/SRR1276187.sralite.1,s3.us-east-1,aws identity,https://sra-downloadb.be-md.ncbi.nlm.nih.gov/sos5/sra-pub-zq-11/SRR001/276/SRR1276187/SRR1276187.sralite.1,https://sra-downloadb.be-md.ncbi.nlm.nih.gov/sos5/sra-pub-zq-11/SRR001/276/SRR1276187/SRR1276187.sralite.1,worldwide,anonymous,gs://sra-pub-zq-101/SRR1276187/SRR1276187.zq.1,gs.us-east1,gcp identity,Site1_B1soil,,,,,,missing,,,Plant,,,Soil,,,missing,Hui-Ling Liao,,,,,,,,,,,,,,,,,,,,,,,,,,,,,,,,,,,,,,,,,,,,,,,,,,,,,,,,,,,,,,,,,,,,,,,,,,,,,,,,,,,,,,,,,,,,,,,,,,,,http://ftp.sra.ebi.ac.uk/vol1/fastq/SRR127/007/SRR1276187/SRR1276187_1.fastq.gz,http://ftp.sra.ebi.ac.uk/vol1/fastq/SRR127/007/SRR1276187/SRR1276187_2.fastq.gz,,era-fasp@fasp.sra.ebi.ac.uk:vol1/fastq/SRR127/007/SRR1276187/SRR1276187_1.fastq.gz,era-fasp@fasp.sra.ebi.ac.uk:vol1/fastq/SRR127/007/SRR1276187/SRR1276187_2.fastq.gz,1
28,SRR12855025,SRP287932,transcriptome of Panonychus citri under fluazinam stress,SRX9321976,CK3 rep3,CK3 rep3,50023,Panonychus citri,CK3,RNA-Seq,TRANSCRIPTOMIC,PCR,PAIRED,SRS7546362,,SAMN16481340,PRJNA669340,Illumina HiSeq 2000,Illumina HiSeq 2000,ILLUMINA,23920900,2376500864,23920900,7176270000,CK3_1.fq.gz,CK3_1.fq.gz,1687496017,2020-10-21 07:32:00,6aed3bbca986ae464cf3004932dbddd6,1,fastq,Original,0,s3://sra-pub-src-18/SRR12855025/CK3_1.fq.gz.1,-,Use Cloud Data Delivery,https://sra-pub-run-odp.s3.amazonaws.com/sra/SRR12855025/SRR12855025,https://sra-downloadb.be-md.ncbi.nlm.nih.gov/sos9/sra-pub-zq-924/SRR012/12855/SRR12855025/SRR12855025.lite.1,worldwide,anonymous,gs://sra-pub-zq-109/SRR12855025/SRR12855025.lite.1,gs.us-east1,gcp identity,,,,fruiter,,2018-10-20T08:45:27Z,China:Zhejiang,,,Invertebrate,,citrus,whole body,,,,,,,,,,,,,,,,,,,,,,,,,,,,,,,,,,,,,,,,,,,,,,,,,,,,,,,,,,,,,,,,,,,,,,,,,,,,,,,,,,,,,,,,,,,,,,,,,,,,,,,,http://ftp.sra.ebi.ac.uk/vol1/fastq/SRR128/025/SRR12855025/SRR12855025_1.fastq.gz,http://ftp.sra.ebi.ac.uk/vol1/fastq/SRR128/025/SRR12855025/SRR12855025_2.fastq.gz,,era-fasp@fasp.sra.ebi.ac.uk:vol1/fastq/SRR128/025/SRR12855025/SRR12855025_1.fastq.gz,era-fasp@fasp.sra.ebi.ac.uk:vol1/fastq/SRR128/025/SRR12855025/SRR12855025_2.fastq.gz,1
29,SRR12904122,SRP288687,Freshwater Metagenome,SRX9369005,Viral metagenomics of water samples from river ports along the Yangtze River in China:1anqing,Viral metagenomics of water samples from river ports along the Yangtze River in China:1anqing,449393,freshwater metagenome,1anqing,WGS,METAGENOMIC,RANDOM,PAIRED,SRS7590884,,SAMN16560604,PRJNA672207,Illumina MiSeq,Illumina MiSeq,ILLUMINA,458279,132859539,458279,214590163,1anqingR1.fastq.gz,SRR12904122.lite,55858977,2022-08-06 16:54:54,56bed8c31054de7ba3539c9d3e12103f,1,SRA Lite,Primary ETL,1,s3://sra-pub-zq-3/SRR12904122/SRR12904122.lite.1,s3.us-east-1,aws identity,https://sra-downloadb.be-md.ncbi.nlm.nih.gov/sos9/sra-pub-zq-924/SRR012/12904/SRR12904122/SRR12904122.lite.1,https://sra-downloadb.be-md.ncbi.nlm.nih.gov/sos9/sra-pub-zq-924/SRR012/12904/SRR12904122/SRR12904122.lite.1,worldwide,anonymous,gs://sra-pub-zq-109/SRR12904122/SRR12904122.lite.1,gs.us-east1,gcp identity,,,,,water samples from river ports along the Yangtze River in China,2017,China: Yangtze River,,,Metagenome or environmental,32.13 N 119.43 E,,,,,,,,,,,,,,,,,,,,,,,,,,,,,,,,,,,,,,,,,,,,,,,,,,,,,,,,,,,,,,,,,,,,,,,,,,,,,,,,,,,,,,,,,,,,,,,,,,,,,,,,,,ftp.sra.ebi.ac.uk/vol1/fastq/SRR129/022/SRR12904122/SRR12904122_1.fastq.gz,http://ftp.sra.ebi.ac.uk/vol1/fastq/SRR129/022/SRR12904122/SRR12904122_2.fastq.gz,,era-fasp@fasp.sra.ebi.ac.uk:vol1/fastq/SRR129/022/SRR12904122/SRR12904122_1.fastq.gz,era-fasp@fasp.sra.ebi.ac.uk:vol1/fastq/SRR129/022/SRR12904122/SRR12904122_2.fastq.gz,1
30,SRR13215577,SRP297036,Parallel evolution of reduced mitochondria in apicomplexan parasites,SRX9648528,Single-cell transcriptome: Gregarines,Single-cell transcriptome: Gregarines,1638946,Lankesteria metandrocarpae,VM_2,RNA-Seq,TRANSCRIPTOMIC SINGLE CELL,Oligo-dT,PAIRED,SRS7847878,,SAMN16991697,PRJNA682485,Illumina MiSeq,Illumina MiSeq,ILLUMINA,7415029,2124072099,7415029,3722344558,Lankesteria_metandrocarpae_R1.fastq.gz,SRR13215577.lite,933744102,2022-07-23 02:25:21,dd0768ac98ada725bef2102731e6291b,1,SRA Lite,Primary ETL,1,s3://sra-pub-zq-6/SRR13215577/SRR13215577.lite.1,s3.us-east-1,aws identity,https://sra-downloadb.be-md.ncbi.nlm.nih.gov/sos9/sra-pub-zq-924/SRR013/13215/SRR13215577/SRR13215577.lite.1,https://sra-downloadb.be-md.ncbi.nlm.nih.gov/sos9/sra-pub-zq-924/SRR013/13215/SRR13215577/SRR13215577.lite.1,worldwide,anonymous,gs://sra-pub-zq-106/SRR13215577/SRR13215577.lite.1,gs.us-east1,gcp identity,,,,Metandrocarpa taylori,Rocky tidepool,2019-01,Canada: Bamfield,single cell,Gut,"Microbe, viral or environmental",,,,,,,,,,,,,,,,,,,,,,,,,,,,,,,,,,,,,,,,,,,,,,,,,,,,,,,,,,,,,,,,,,,,,,,,,,,,,,,,,,,,,,,,,,,,,,,,,,,,,,,,,,,http://ftp.sra.ebi.ac.uk/vol1/fastq/SRR132/077/SRR13215577/SRR13215577_1.fastq.gz,http://ftp.sra.ebi.ac.uk/vol1/fastq/SRR132/077/SRR13215577/SRR13215577_2.fastq.gz,,era-fasp@fasp.sra.ebi.ac.uk:vol1/fastq/SRR132/077/SRR13215577/SRR13215577_1.fastq.gz,era-fasp@fasp.sra.ebi.ac.uk:vol1/fastq/SRR132/077/SRR13215577/SRR13215577_2.fastq.gz,1
31,SRR1777513,SRP037995,Amazon Continuum Metatranscriptomes,SRX857179,May 2011 Amazon River 0.2 - 2.0um Metatranscriptome from Tapajos Surface (RCM1),May 2011 Amazon River 0.2 - 2.0um Metatranscriptome from Tapajos Surface (RCM1),1169740,aquatic metagenome,RCM1,RNA-Seq,METATRANSCRIPTOMIC,RANDOM,PAIRED,SRS829184,,SAMN03252777,PRJNA237345,Illumina HiSeq 2500,Illumina HiSeq 2500,ILLUMINA,16098190,3065903652,16098190,4829457000,ROCA RCM1,SRR1777513.sralite,1242262816,2020-06-20 21:50:00,62561d8210f4b82eff3ecd2ed00e30d4,1,SRA Lite,Primary ETL,1,s3://sra-pub-zq-8/SRR1777513/SRR1777513.sralite.1,s3.us-east-1,aws identity,https://sra-downloadb.be-md.ncbi.nlm.nih.gov/sos5/sra-pub-zq-11/SRR001/777/SRR1777513/SRR1777513.sralite.1,https://sra-downloadb.be-md.ncbi.nlm.nih.gov/sos5/sra-pub-zq-11/SRR001/777/SRR1777513/SRR1777513.sralite.1,worldwide,anonymous,gs://sra-pub-zq-107/SRR1777513/SRR1777513.zq.1,gs.us-east1,gcp identity,,,,,,2011-05-20,Brazil: Amazon River,,,MIGS/MIMS/MIMARKS.water,2.484383 S 55.007500 W,,,,,,,,,,,,,,,,,,,,,,,,,,,,,,,,,,,,,,,,,,,,,,,,,,,,,,,,,,,Amazon River,0.5 m,water,river,,,,,,,,,,,,,,,,,,,,,,,,mRNA,Tapajos Surface (TAPS),3.82 ug/L,15.9 uS/cm,155 umol C/kg,3.58E06 cells/mL,1.59 L,0.2 um,2.0 um,Illumina PE 150x150,HiSeq 2500,10022.0,,,,,Non-selective Metatranscriptome,,,,http://ftp.sra.ebi.ac.uk/vol1/fastq/SRR177/003/SRR1777513/SRR1777513_1.fastq.gz,http://ftp.sra.ebi.ac.uk/vol1/fastq/SRR177/003/SRR1777513/SRR1777513_2.fastq.gz,,era-fasp@fasp.sra.ebi.ac.uk:vol1/fastq/SRR177/003/SRR1777513/SRR1777513_1.fastq.gz,era-fasp@fasp.sra.ebi.ac.uk:vol1/fastq/SRR177/003/SRR1777513/SRR1777513_2.fastq.gz,1
32,SRR1778740,SRP052750,Fraxinus pennsylvanica Transcriptome or Gene expression,SRX858368,Green Ash damaged twigs-1 year old: Sample Green Ash damaged twigs-1 year old,Green Ash damaged twigs-1 year old: Sample Green Ash damaged twigs-1 year old,56036,Fraxinus pennsylvanica,GA M-4_33,RNA-Seq,TRANSCRIPTOMIC,other,PAIRED,SRS830044,,SAMN03289013,PRJNA273266,Illumina MiSeq,Illumina MiSeq,ILLUMINA,456291,89117741,456291,130748682,GA M-4_33_files,SRR1778740.sralite,34524571,2020-06-13 03:22:48,2d44385e58cf79f4bfba942dde72017f,1,SRA Lite,Primary ETL,1,s3://sra-pub-zq-1/SRR1778740/SRR1778740.sralite.1,s3.us-east-1,aws identity,https://sra-downloadb.be-md.ncbi.nlm.nih.gov/sos5/sra-pub-zq-11/SRR001/778/SRR1778740/SRR1778740.sralite.1,https://sra-downloadb.be-md.ncbi.nlm.nih.gov/sos5/sra-pub-zq-11/SRR001/778/SRR1778740/SRR1778740.sralite.1,worldwide,anonymous,gs://sra-pub-zq-105/SRR1778740/SRR1778740.zq.1,gs.us-east1,gcp identity,,,,,,,,,,Plant,,,damaged twigs-1 year old,,Green ash-campus tree at University of Missouri,adult,"Mark Coggeshall, University of Missouri",NOTRE DAME,,,,,,,,,,,,,,,,,,,,,,,,,,,,,,,,,,,,,,,,,,,,,,,,,mechanical wounding,,,,,,,,,,,,,,,,,,,,,,,,,,,,,,,,,,,,,,,,,,,,,,,AMBIENT,not collected,,http://ftp.sra.ebi.ac.uk/vol1/fastq/SRR177/000/SRR1778740/SRR1778740_1.fastq.gz,http://ftp.sra.ebi.ac.uk/vol1/fastq/SRR177/000/SRR1778740/SRR1778740_2.fastq.gz,,era-fasp@fasp.sra.ebi.ac.uk:vol1/fastq/SRR177/000/SRR1778740/SRR1778740_1.fastq.gz,era-fasp@fasp.sra.ebi.ac.uk:vol1/fastq/SRR177/000/SRR1778740/SRR1778740_2.fastq.gz,1
33,SRR1778741,SRP052750,Fraxinus pennsylvanica Transcriptome or Gene expression,SRX858369,Green Ash 3 year old tissue for xilem: Sample Green Ash 3 year old tissue for xilem,Green Ash 3 year old tissue for xilem: Sample Green Ash 3 year old tissue for xilem,56036,Fraxinus pennsylvanica,GA M-5_34,RNA-Seq,TRANSCRIPTOMIC,other,PAIRED,SRS830039,,SAMN03289014,PRJNA273266,Illumina MiSeq,Illumina MiSeq,ILLUMINA,2393054,483142462,2393054,674340974,GA M-5_34_files,SRR1778741.sralite,178199200,2020-06-13 03:23:59,306c83f8888d16b90c2d8cca65754592,1,SRA Lite,Primary ETL,1,s3://sra-pub-zq-1/SRR1778741/SRR1778741.sralite.1,s3.us-east-1,aws identity,https://sra-downloadb.be-md.ncbi.nlm.nih.gov/sos5/sra-pub-zq-11/SRR001/778/SRR1778741/SRR1778741.sralite.1,https://sra-downloadb.be-md.ncbi.nlm.nih.gov/sos5/sra-pub-zq-11/SRR001/778/SRR1778741/SRR1778741.sralite.1,worldwide,anonymous,gs://sra-pub-zq-105/SRR1778741/SRR1778741.zq.1,gs.us-east1,gcp identity,,,,,,,,,,Plant,,,3 year old tissue for xilem,,Green ash-campus tree at University of Missouri,adult,"Mark Coggeshall, University of Missouri",NOTRE DAME,,,,,,,,,,,,,,,,,,,,,,,,,,,,,,,,,,,,,,,,,,,,,,,,,none,,,,,,,,,,,,,,,,,,,,,,,,,,,,,,,,,,,,,,,,,,,,,,,AMBIENT,not collected,,http://ftp.sra.ebi.ac.uk/vol1/fastq/SRR177/001/SRR1778741/SRR1778741_1.fastq.gz,http://ftp.sra.ebi.ac.uk/vol1/fastq/SRR177/001/SRR1778741/SRR1778741_2.fastq.gz,,era-fasp@fasp.sra.ebi.ac.uk:vol1/fastq/SRR177/001/SRR1778741/SRR1778741_1.fastq.gz,era-fasp@fasp.sra.ebi.ac.uk:vol1/fastq/SRR177/001/SRR1778741/SRR1778741_2.fastq.gz,1
34,SRR1778742,SRP052750,Fraxinus pennsylvanica Transcriptome or Gene expression,SRX858370,Green Ash seed wings: Sample Green Ash seed wings,Green Ash seed wings: Sample Green Ash seed wings,56036,Fraxinus pennsylvanica,GA M-6_35,RNA-Seq,TRANSCRIPTOMIC,other,PAIRED,SRS830040,,SAMN03289015,PRJNA273266,Illumina MiSeq,Illumina MiSeq,ILLUMINA,2016332,395304132,2016332,576094593,GA M-6_35_files,SRR1778742.sralite,151925744,2020-06-23 08:53:12,d03464e6bdbaceeb86f4ed85ab185f79,1,SRA Lite,Primary ETL,1,s3://sra-pub-zq-1/SRR1778742/SRR1778742.sralite.1,s3.us-east-1,aws identity,https://sra-downloadb.be-md.ncbi.nlm.nih.gov/sos5/sra-pub-zq-11/SRR001/778/SRR1778742/SRR1778742.sralite.1,https://sra-downloadb.be-md.ncbi.nlm.nih.gov/sos5/sra-pub-zq-11/SRR001/778/SRR1778742/SRR1778742.sralite.1,worldwide,anonymous,gs://sra-pub-zq-105/SRR1778742/SRR1778742.zq.1,gs.us-east1,gcp identity,,,,,,,,,,Plant,,,seed wings,,Green ash-campus tree at University of Missouri,adult,"Mark Coggeshall, University of Missouri",NOTRE DAME,,,,,,,,,,,,,,,,,,,,,,,,,,,,,,,,,,,,,,,,,,,,,,,,,none,,,,,,,,,,,,,,,,,,,,,,,,,,,,,,,,,,,,,,,,,,,,,,,AMBIENT,not collected,,http://ftp.sra.ebi.ac.uk/vol1/fastq/SRR177/002/SRR1778742/SRR1778742_1.fastq.gz,http://ftp.sra.ebi.ac.uk/vol1/fastq/SRR177/002/SRR1778742/SRR1778742_2.fastq.gz,,era-fasp@fasp.sra.ebi.ac.uk:vol1/fastq/SRR177/002/SRR1778742/SRR1778742_1.fastq.gz,era-fasp@fasp.sra.ebi.ac.uk:vol1/fastq/SRR177/002/SRR1778742/SRR1778742_2.fastq.gz,1
35,SRR1778782,SRP052750,Fraxinus pennsylvanica Transcriptome or Gene expression,SRX858411,Green Ash undamaged twigs-1 year old: Sample Green Ash undamaged twigs-1 year old,Green Ash undamaged twigs-1 year old: Sample Green Ash undamaged twigs-1 year old,56036,Fraxinus pennsylvanica,GA M-3_75,RNA-Seq,TRANSCRIPTOMIC,other,PAIRED,SRS830037,,SAMN03289012,PRJNA273266,Illumina HiSeq 2000,Illumina HiSeq 2000,ILLUMINA,5436469,696199398,5436469,1098166738,GA M-3_75_files,GA_M-3_L008_R1_001.fastq.tar.gz,441530515,2020-05-02 03:34:34,f868d82e0dc82f4d156ea6b7334eef79,1,fastq,Original,0,s3://sra-pub-src-13/SRR1778782/GA_M-3_L008_R1_001.fastq.tar.gz,-,Use Cloud Data Delivery,https://sra-downloadb.be-md.ncbi.nlm.nih.gov/sos5/sra-pub-zq-11/SRR001/778/SRR1778782/SRR1778782.sralite.1,https://sra-downloadb.be-md.ncbi.nlm.nih.gov/sos5/sra-pub-zq-11/SRR001/778/SRR1778782/SRR1778782.sralite.1,worldwide,anonymous,gs://sra-pub-zq-105/SRR1778782/SRR1778782.zq.1,gs.us-east1,gcp identity,,,,,,,,,,Plant,,,undamaged twigs-1 year old,,Green ash-campus tree at University of Missouri,adult,"Mark Coggeshall, University of Missouri",NOTRE DAME,,,,,,,,,,,,,,,,,,,,,,,,,,,,,,,,,,,,,,,,,,,,,,,,,none,,,,,,,,,,,,,,,,,,,,,,,,,,,,,,,,,,,,,,,,,,,,,,,AMBIENT,not collected,,http://ftp.sra.ebi.ac.uk/vol1/fastq/SRR177/002/SRR1778782/SRR1778782_1.fastq.gz,http://ftp.sra.ebi.ac.uk/vol1/fastq/SRR177/002/SRR1778782/SRR1778782_2.fastq.gz,,era-fasp@fasp.sra.ebi.ac.uk:vol1/fastq/SRR177/002/SRR1778782/SRR1778782_1.fastq.gz,era-fasp@fasp.sra.ebi.ac.uk:vol1/fastq/SRR177/002/SRR1778782/SRR1778782_2.fastq.gz,1
36,SRR1778783,SRP052750,Fraxinus pennsylvanica Transcriptome or Gene expression,SRX858412,Green Ash damaged twigs-1 year old: Sample Green Ash damaged twigs-1 year old,Green Ash damaged twigs-1 year old: Sample Green Ash damaged twigs-1 year old,56036,Fraxinus pennsylvanica,GA M-4_76,RNA-Seq,TRANSCRIPTOMIC,other,PAIRED,SRS830044,,SAMN03289013,PRJNA273266,Illumina HiSeq 2000,Illumina HiSeq 2000,ILLUMINA,6622483,846489804,6622483,1337741566,GA M-4_76_files,SRR1778783.sralite,350557633,2020-06-20 21:54:18,1985f6bf7504f922a27322a6bc95b489,1,SRA Lite,Primary ETL,1,s3://sra-pub-zq-6/SRR1778783/SRR1778783.sralite.1,s3.us-east-1,aws identity,https://sra-downloadb.be-md.ncbi.nlm.nih.gov/sos5/sra-pub-zq-11/SRR001/778/SRR1778783/SRR1778783.sralite.1,https://sra-downloadb.be-md.ncbi.nlm.nih.gov/sos5/sra-pub-zq-11/SRR001/778/SRR1778783/SRR1778783.sralite.1,worldwide,anonymous,gs://sra-pub-zq-105/SRR1778783/SRR1778783.zq.1,gs.us-east1,gcp identity,,,,,,,,,,Plant,,,damaged twigs-1 year old,,Green ash-campus tree at University of Missouri,adult,"Mark Coggeshall, University of Missouri",NOTRE DAME,,,,,,,,,,,,,,,,,,,,,,,,,,,,,,,,,,,,,,,,,,,,,,,,,mechanical wounding,,,,,,,,,,,,,,,,,,,,,,,,,,,,,,,,,,,,,,,,,,,,,,,AMBIENT,not collected,,http://ftp.sra.ebi.ac.uk/vol1/fastq/SRR177/003/SRR1778783/SRR1778783_1.fastq.gz,http://ftp.sra.ebi.ac.uk/vol1/fastq/SRR177/003/SRR1778783/SRR1778783_2.fastq.gz,,era-fasp@fasp.sra.ebi.ac.uk:vol1/fastq/SRR177/003/SRR1778783/SRR1778783_1.fastq.gz,era-fasp@fasp.sra.ebi.ac.uk:vol1/fastq/SRR177/003/SRR1778783/SRR1778783_2.fastq.gz,1
37,SRR1778784,SRP052750,Fraxinus pennsylvanica Transcriptome or Gene expression,SRX858403,Green Ash 3 year old tissue for xilem: Sample Green Ash 3 year old tissue for xilem,Green Ash 3 year old tissue for xilem: Sample Green Ash 3 year old tissue for xilem,56036,Fraxinus pennsylvanica,GA M-5_77,RNA-Seq,TRANSCRIPTOMIC,other,PAIRED,SRS830039,,SAMN03289014,PRJNA273266,Illumina HiSeq 2000,Illumina HiSeq 2000,ILLUMINA,1702550,220025991,1702550,343915100,GA M-5_77_files,SRR1778784.sralite,90460528,2020-06-20 21:51:45,ea9c644c5683bd33fb38568c6f6f71e4,1,SRA Lite,Primary ETL,1,s3://sra-pub-zq-9/SRR1778784/SRR1778784.sralite.1,s3.us-east-1,aws identity,https://sra-downloadb.be-md.ncbi.nlm.nih.gov/sos5/sra-pub-zq-11/SRR001/778/SRR1778784/SRR1778784.sralite.1,https://sra-downloadb.be-md.ncbi.nlm.nih.gov/sos5/sra-pub-zq-11/SRR001/778/SRR1778784/SRR1778784.sralite.1,worldwide,anonymous,gs://sra-pub-zq-105/SRR1778784/SRR1778784.zq.1,gs.us-east1,gcp identity,,,,,,,,,,Plant,,,3 year old tissue for xilem,,Green ash-campus tree at University of Missouri,adult,"Mark Coggeshall, University of Missouri",NOTRE DAME,,,,,,,,,,,,,,,,,,,,,,,,,,,,,,,,,,,,,,,,,,,,,,,,,none,,,,,,,,,,,,,,,,,,,,,,,,,,,,,,,,,,,,,,,,,,,,,,,AMBIENT,not collected,,http://ftp.sra.ebi.ac.uk/vol1/fastq/SRR177/004/SRR1778784/SRR1778784_1.fastq.gz,http://ftp.sra.ebi.ac.uk/vol1/fastq/SRR177/004/SRR1778784/SRR1778784_2.fastq.gz,,era-fasp@fasp.sra.ebi.ac.uk:vol1/fastq/SRR177/004/SRR1778784/SRR1778784_1.fastq.gz,era-fasp@fasp.sra.ebi.ac.uk:vol1/fastq/SRR177/004/SRR1778784/SRR1778784_2.fastq.gz,1
38,SRR1778785,SRP052750,Fraxinus pennsylvanica Transcriptome or Gene expression,SRX858413,Green Ash seed wings: Sample Green Ash seed wings,Green Ash seed wings: Sample Green Ash seed wings,56036,Fraxinus pennsylvanica,GA M-6_78,RNA-Seq,TRANSCRIPTOMIC,other,PAIRED,SRS830040,,SAMN03289015,PRJNA273266,Illumina HiSeq 2000,Illumina HiSeq 2000,ILLUMINA,16244504,2079254983,16244504,3281389808,GA M-6_78_files,SRR1778785.sralite,858025103,2020-06-21 23:21:17,bed1ae22cd7cefa8ca8385a40e0e5659,1,SRA Lite,Primary ETL,1,s3://sra-pub-zq-2/SRR1778785/SRR1778785.sralite.1,s3.us-east-1,aws identity,https://sra-downloadb.be-md.ncbi.nlm.nih.gov/sos5/sra-pub-zq-11/SRR001/778/SRR1778785/SRR1778785.sralite.1,https://sra-downloadb.be-md.ncbi.nlm.nih.gov/sos5/sra-pub-zq-11/SRR001/778/SRR1778785/SRR1778785.sralite.1,worldwide,anonymous,gs://sra-pub-zq-105/SRR1778785/SRR1778785.zq.1,gs.us-east1,gcp identity,,,,,,,,,,Plant,,,seed wings,,Green ash-campus tree at University of Missouri,adult,"Mark Coggeshall, University of Missouri",NOTRE DAME,,,,,,,,,,,,,,,,,,,,,,,,,,,,,,,,,,,,,,,,,,,,,,,,,none,,,,,,,,,,,,,,,,,,,,,,,,,,,,,,,,,,,,,,,,,,,,,,,AMBIENT,not collected,,http://ftp.sra.ebi.ac.uk/vol1/fastq/SRR177/005/SRR1778785/SRR1778785_1.fastq.gz,http://ftp.sra.ebi.ac.uk/vol1/fastq/SRR177/005/SRR1778785/SRR1778785_2.fastq.gz,,era-fasp@fasp.sra.ebi.ac.uk:vol1/fastq/SRR177/005/SRR1778785/SRR1778785_1.fastq.gz,era-fasp@fasp.sra.ebi.ac.uk:vol1/fastq/SRR177/005/SRR1778785/SRR1778785_2.fastq.gz,1
39,SRR1781945,SRP037995,Amazon Continuum Metatranscriptomes,SRX861017,May 2011 Amazon River 0.2 - 2.0um Metatranscriptome from Obidos (RCM13),May 2011 Amazon River 0.2 - 2.0um Metatranscriptome from Obidos (RCM13),1169740,aquatic metagenome,RCM13,RNA-Seq,METATRANSCRIPTOMIC,RANDOM,PAIRED,SRS832586,,SAMN03252789,PRJNA237345,Illumina HiSeq 2500,Illumina HiSeq 2500,ILLUMINA,21568897,4048527282,21568897,6470669100,ROCA RCM13,SRR1781945.sralite,1652431163,2020-06-23 09:18:23,374a9c03c87006d5c69f84e80a099bf2,1,SRA Lite,Primary ETL,1,s3://sra-pub-zq-1/SRR1781945/SRR1781945.sralite.1,s3.us-east-1,aws identity,https://sra-downloadb.be-md.ncbi.nlm.nih.gov/sos5/sra-pub-zq-11/SRR001/781/SRR1781945/SRR1781945.sralite.1,https://sra-downloadb.be-md.ncbi.nlm.nih.gov/sos5/sra-pub-zq-11/SRR001/781/SRR1781945/SRR1781945.sralite.1,worldwide,anonymous,gs://sra-pub-zq-105/SRR1781945/SRR1781945.zq.1,gs.us-east1,gcp identity,,,,,,2011-05-19,Brazil: Amazon River,,,MIGS/MIMS/MIMARKS.water,1.919017 S 55.525717 W,,,,,,,,,,,,,,,,,,,,,,,,,,,,,,,,,,,,,,,,,,,,,,,,,,,,,,,,,,,Amazon River,33 m,water,river,,,,,,,,,,,,,,,,,,,,,,,,mRNA,Obidos (OB),3.23 ug/L,56.4 uS/cm,551 umol C/kg,3.76E06 cells/mL,1.06 L,0.2 um,2.0 um,Illumina PE 150x150,HiSeq 2500,5713.0,,,,,Non-selective Metatranscriptome,,,,http://ftp.sra.ebi.ac.uk/vol1/fastq/SRR178/005/SRR1781945/SRR1781945_1.fastq.gz,http://ftp.sra.ebi.ac.uk/vol1/fastq/SRR178/005/SRR1781945/SRR1781945_2.fastq.gz,,era-fasp@fasp.sra.ebi.ac.uk:vol1/fastq/SRR178/005/SRR1781945/SRR1781945_1.fastq.gz,era-fasp@fasp.sra.ebi.ac.uk:vol1/fastq/SRR178/005/SRR1781945/SRR1781945_2.fastq.gz,1
40,SRR1782579,SRP037995,Amazon Continuum Metatranscriptomes,SRX861637,May 2011 Amazon River 2.0 - 297um Metatranscriptome from Obidos (RCM14),May 2011 Amazon River 2.0 - 297um Metatranscriptome from Obidos (RCM14),1169740,aquatic metagenome,RCM14,RNA-Seq,METATRANSCRIPTOMIC,RANDOM,PAIRED,SRS832920,,SAMN03252790,PRJNA237345,Illumina HiSeq 2500,Illumina HiSeq 2500,ILLUMINA,14852734,2873560253,14852734,4455820200,ROCA RCM14,SRR1782579.sralite,1146843661,2020-06-13 03:44:50,f6404103f9fb9ce9ca6e33866cba7a04,1,SRA Lite,Primary ETL,1,s3://sra-pub-zq-1/SRR1782579/SRR1782579.sralite.1,s3.us-east-1,aws identity,https://sra-downloadb.be-md.ncbi.nlm.nih.gov/sos5/sra-pub-zq-11/SRR001/782/SRR1782579/SRR1782579.sralite.1,https://sra-downloadb.be-md.ncbi.nlm.nih.gov/sos5/sra-pub-zq-11/SRR001/782/SRR1782579/SRR1782579.sralite.1,worldwide,anonymous,gs://sra-pub-zq-105/SRR1782579/SRR1782579.zq.1,gs.us-east1,gcp identity,,,,,,2011-05-19,Brazil: Amazon River,,,MIGS/MIMS/MIMARKS.water,1.919017 S 55.525717 W,,,,,,,,,,,,,,,,,,,,,,,,,,,,,,,,,,,,,,,,,,,,,,,,,,,,,,,,,,,Amazon River,33 m,water,river,,,,,,,,,,,,,,,,,,,,,,,,mRNA,Obidos (OB),3.23 ug/L,56.4 uS/cm,551 umol C/kg,3.76E06 cells/mL,1.06 L,2 um,297 um,Illumina PE 150x150,HiSeq 2500,4217.0,,,,,Non-selective Metatranscriptome,,,,http://ftp.sra.ebi.ac.uk/vol1/fastq/SRR178/009/SRR1782579/SRR1782579_1.fastq.gz,http://ftp.sra.ebi.ac.uk/vol1/fastq/SRR178/009/SRR1782579/SRR1782579_2.fastq.gz,,era-fasp@fasp.sra.ebi.ac.uk:vol1/fastq/SRR178/009/SRR1782579/SRR1782579_1.fastq.gz,era-fasp@fasp.sra.ebi.ac.uk:vol1/fastq/SRR178/009/SRR1782579/SRR1782579_2.fastq.gz,1
41,SRR1782604,SRP037995,Amazon Continuum Metatranscriptomes,SRX861662,May 2011 Amazon River 2.0 - 297um Metatranscriptome from Obidos (RCM16),May 2011 Amazon River 2.0 - 297um Metatranscriptome from Obidos (RCM16),1169740,aquatic metagenome,RCM16,RNA-Seq,METATRANSCRIPTOMIC,RANDOM,PAIRED,SRS832945,,SAMN03252792,PRJNA237345,Illumina HiSeq 2500,Illumina HiSeq 2500,ILLUMINA,14946673,2605570368,14946673,4484001900,ROCA RCM16,SRR1782604.sralite,1130146619,2020-06-23 09:13:01,e681f3ceee66623aa068b13b8c58260e,1,SRA Lite,Primary ETL,1,s3://sra-pub-zq-1/SRR1782604/SRR1782604.sralite.1,s3.us-east-1,aws identity,https://sra-downloadb.be-md.ncbi.nlm.nih.gov/sos5/sra-pub-zq-11/SRR001/782/SRR1782604/SRR1782604.sralite.1,https://sra-downloadb.be-md.ncbi.nlm.nih.gov/sos5/sra-pub-zq-11/SRR001/782/SRR1782604/SRR1782604.sralite.1,worldwide,anonymous,gs://sra-pub-zq-105/SRR1782604/SRR1782604.zq.1,gs.us-east1,gcp identity,,,,,,2011-05-19,Brazil: Amazon River,,,MIGS/MIMS/MIMARKS.water,1.919017 S 55.525717 W,,,,,,,,,,,,,,,,,,,,,,,,,,,,,,,,,,,,,,,,,,,,,,,,,,,,,,,,,,,Amazon River,33 m,water,river,,,,,,,,,,,,,,,,,,,,,,,,mRNA,Obidos (OB),3.23 ug/L,56.4 uS/cm,551 umol C/kg,3.76E06 cells/mL,0.73 L,2 um,297 um,Illumina PE 150x150,HiSeq 2500,17109.0,,,,,Non-selective Metatranscriptome,,,,http://ftp.sra.ebi.ac.uk/vol1/fastq/SRR178/004/SRR1782604/SRR1782604_1.fastq.gz,http://ftp.sra.ebi.ac.uk/vol1/fastq/SRR178/004/SRR1782604/SRR1782604_2.fastq.gz,,era-fasp@fasp.sra.ebi.ac.uk:vol1/fastq/SRR178/004/SRR1782604/SRR1782604_1.fastq.gz,era-fasp@fasp.sra.ebi.ac.uk:vol1/fastq/SRR178/004/SRR1782604/SRR1782604_2.fastq.gz,1
42,SRR1784304,SRP037995,Amazon Continuum Metatranscriptomes,SRX863245,May 2011 Amazon River 2.0 - 297um Metatranscriptome from Macapa South Channel (RCM18),May 2011 Amazon River 2.0 - 297um Metatranscriptome from Macapa South Channel (RCM18),1169740,aquatic metagenome,RCM18,RNA-Seq,METATRANSCRIPTOMIC,RANDOM,PAIRED,SRS834181,,SAMN03252794,PRJNA237345,Illumina HiSeq 2500,Illumina HiSeq 2500,ILLUMINA,20315699,3324700310,20315699,6094709700,ROCA RCM18,SRR1784304.sralite,1487815465,2020-06-20 22:27:31,c38ee87679d704e2f23dc0c885f5bce4,1,SRA Lite,Primary ETL,1,s3://sra-pub-zq-8/SRR1784304/SRR1784304.sralite.1,s3.us-east-1,aws identity,https://sra-downloadb.be-md.ncbi.nlm.nih.gov/sos5/sra-pub-zq-11/SRR001/784/SRR1784304/SRR1784304.sralite.1,https://sra-downloadb.be-md.ncbi.nlm.nih.gov/sos5/sra-pub-zq-11/SRR001/784/SRR1784304/SRR1784304.sralite.1,worldwide,anonymous,gs://sra-pub-zq-105/SRR1784304/SRR1784304.zq.1,gs.us-east1,gcp identity,,,,,,2011-05-08,Brazil: Amazon River,,,MIGS/MIMS/MIMARKS.water,0.156917 S 50.622550 W,,,,,,,,,,,,,,,,,,,,,,,,,,,,,,,,,,,,,,,,,,,,,,,,,,,,,,,,,,,Amazon River,10 m,water,river,,,,,,,,,,,,,,,,,,,,,,,,mRNA,Macapa South (MCPS),1.99 ug/L,55.3 uS/cm,459 umol C/kg,3.94E06 cells/mL,0.7 L,2 um,297 um,Illumina PE 150x150,HiSeq 2500,43832.0,,,,,Non-selective Metatranscriptome,,,,http://ftp.sra.ebi.ac.uk/vol1/fastq/SRR178/004/SRR1784304/SRR1784304_1.fastq.gz,http://ftp.sra.ebi.ac.uk/vol1/fastq/SRR178/004/SRR1784304/SRR1784304_2.fastq.gz,,era-fasp@fasp.sra.ebi.ac.uk:vol1/fastq/SRR178/004/SRR1784304/SRR1784304_1.fastq.gz,era-fasp@fasp.sra.ebi.ac.uk:vol1/fastq/SRR178/004/SRR1784304/SRR1784304_2.fastq.gz,1
43,SRR1785207,SRP037995,Amazon Continuum Metatranscriptomes,SRX864142,May 2011 Amazon River 2.0 - 297um Metatranscriptome from Macapa South Channel (RCM20),May 2011 Amazon River 2.0 - 297um Metatranscriptome from Macapa South Channel (RCM20),1169740,aquatic metagenome,RCM20,RNA-Seq,METATRANSCRIPTOMIC,RANDOM,PAIRED,SRS835001,,SAMN03252796,PRJNA237345,Illumina HiSeq 2500,Illumina HiSeq 2500,ILLUMINA,16154873,2803170623,16154873,4846461900,ROCA RCM20,SRR1785207.sralite,1236933225,2020-06-20 22:20:45,8b04e95069763f841149ab736e7390bc,1,SRA Lite,Primary ETL,1,s3://sra-pub-zq-7/SRR1785207/SRR1785207.sralite.1,s3.us-east-1,aws identity,https://sra-downloadb.be-md.ncbi.nlm.nih.gov/sos5/sra-pub-zq-11/SRR001/785/SRR1785207/SRR1785207.sralite.1,https://sra-downloadb.be-md.ncbi.nlm.nih.gov/sos5/sra-pub-zq-11/SRR001/785/SRR1785207/SRR1785207.sralite.1,worldwide,anonymous,gs://sra-pub-zq-105/SRR1785207/SRR1785207.zq.1,gs.us-east1,gcp identity,,,,,,2011-05-08,Brazil: Amazon River,,,MIGS/MIMS/MIMARKS.water,0.156917 S 50.622550 W,,,,,,,,,,,,,,,,,,,,,,,,,,,,,,,,,,,,,,,,,,,,,,,,,,,,,,,,,,,Amazon River,10 m,water,river,,,,,,,,,,,,,,,,,,,,,,,,mRNA,Macapa South (MCPS),1.99 ug/L,55.3 uS/cm,459 umol C/kg,3.94E06 cells/mL,0.7 L,2 um,297 um,Illumina PE 150x150,HiSeq 2500,23472.0,,,,,Non-selective Metatranscriptome,,,,http://ftp.sra.ebi.ac.uk/vol1/fastq/SRR178/007/SRR1785207/SRR1785207_1.fastq.gz,http://ftp.sra.ebi.ac.uk/vol1/fastq/SRR178/007/SRR1785207/SRR1785207_2.fastq.gz,,era-fasp@fasp.sra.ebi.ac.uk:vol1/fastq/SRR178/007/SRR1785207/SRR1785207_1.fastq.gz,era-fasp@fasp.sra.ebi.ac.uk:vol1/fastq/SRR178/007/SRR1785207/SRR1785207_2.fastq.gz,1
44,SRR1785209,SRP037995,Amazon Continuum Metatranscriptomes,SRX864143,May 2011 Amazon River 0.2 - 2.0um Metatranscriptome from Macapa North Channel (RCM21),May 2011 Amazon River 0.2 - 2.0um Metatranscriptome from Macapa North Channel (RCM21),1169740,aquatic metagenome,RCM21,RNA-Seq,METATRANSCRIPTOMIC,RANDOM,PAIRED,SRS834999,,SAMN03252797,PRJNA237345,Illumina HiSeq 2500,Illumina HiSeq 2500,ILLUMINA,5541901,1046607537,5541901,1662570300,ROCA RCM21,SRR1785209.sralite,428491896,2021-06-15 08:06:17,6a18cae2b8cc7e6ca3631d646b8f6273,1,SRA Lite,Primary ETL,1,s3://sra-pub-zq-8/SRR1785209/SRR1785209.sralite.1,s3.us-east-1,aws identity,https://sra-downloadb.be-md.ncbi.nlm.nih.gov/sos5/sra-pub-zq-11/SRR001/785/SRR1785209/SRR1785209.sralite.1,https://sra-downloadb.be-md.ncbi.nlm.nih.gov/sos5/sra-pub-zq-11/SRR001/785/SRR1785209/SRR1785209.sralite.1,worldwide,anonymous,gs://sra-pub-zq-105/SRR1785209/SRR1785209.noqual.1,gs.us-east1,gcp identity,,,,,,2011-05-07,Brazil: Amazon River,,,MIGS/MIMS/MIMARKS.water,0.083883 S 51.051417 W,,,,,,,,,,,,,,,,,,,,,,,,,,,,,,,,,,,,,,,,,,,,,,,,,,,,,,,,,,,Amazon River,14 m,water,river,,,,,,,,,,,,,,,,,,,,,,,,mRNA,Macapa North (MCPN),1.67 ug/L,61.5 uS/cm,507 umol C/kg,3.96E06 cells/mL,0.65 L,0.2 um,2.0 um,Illumina PE 150x150,HiSeq 2500,10521.0,,,,,Non-selective Metatranscriptome,,,,http://ftp.sra.ebi.ac.uk/vol1/fastq/SRR178/009/SRR1785209/SRR1785209_1.fastq.gz,http://ftp.sra.ebi.ac.uk/vol1/fastq/SRR178/009/SRR1785209/SRR1785209_2.fastq.gz,,era-fasp@fasp.sra.ebi.ac.uk:vol1/fastq/SRR178/009/SRR1785209/SRR1785209_1.fastq.gz,era-fasp@fasp.sra.ebi.ac.uk:vol1/fastq/SRR178/009/SRR1785209/SRR1785209_2.fastq.gz,1
45,SRR1785350,SRP037995,Amazon Continuum Metatranscriptomes,SRX864213,May 2011 Amazon River 2.0 - 297um Metatranscriptome from Macapa North Channel (RCM22),May 2011 Amazon River 2.0 - 297um Metatranscriptome from Macapa North Channel (RCM22),1169740,aquatic metagenome,RCM22,RNA-Seq,METATRANSCRIPTOMIC,RANDOM,PAIRED,SRS835072,,SAMN03252798,PRJNA237345,Illumina HiSeq 2500,Illumina HiSeq 2500,ILLUMINA,23140458,4200861925,23140458,6942137400,ROCA RCM22,SRR1785350.sralite,1764611984,2020-06-13 03:56:51,f5b726f80da38402ef4885fa736ac1e1,1,SRA Lite,Primary ETL,1,s3://sra-pub-zq-1/SRR1785350/SRR1785350.sralite.1,s3.us-east-1,aws identity,https://sra-downloadb.be-md.ncbi.nlm.nih.gov/sos5/sra-pub-zq-11/SRR001/785/SRR1785350/SRR1785350.sralite.1,https://sra-downloadb.be-md.ncbi.nlm.nih.gov/sos5/sra-pub-zq-11/SRR001/785/SRR1785350/SRR1785350.sralite.1,worldwide,anonymous,gs://sra-pub-zq-105/SRR1785350/SRR1785350.zq.1,gs.us-east1,gcp identity,,,,,,2011-05-07,Brazil: Amazon River,,,MIGS/MIMS/MIMARKS.water,0.083883 S 51.051417 W,,,,,,,,,,,,,,,,,,,,,,,,,,,,,,,,,,,,,,,,,,,,,,,,,,,,,,,,,,,Amazon River,14 m,water,river,,,,,,,,,,,,,,,,,,,,,,,,mRNA,Macapa North (MCPN),1.67 ug/L,61.5 uS/cm,507 umol C/kg,3.96E06 cells/mL,0.65 L,2 um,297 um,Illumina PE 150x150,HiSeq 2500,15029.0,,,,,Non-selective Metatranscriptome,,,,http://ftp.sra.ebi.ac.uk/vol1/fastq/SRR178/000/SRR1785350/SRR1785350_1.fastq.gz,http://ftp.sra.ebi.ac.uk/vol1/fastq/SRR178/000/SRR1785350/SRR1785350_2.fastq.gz,,era-fasp@fasp.sra.ebi.ac.uk:vol1/fastq/SRR178/000/SRR1785350/SRR1785350_1.fastq.gz,era-fasp@fasp.sra.ebi.ac.uk:vol1/fastq/SRR178/000/SRR1785350/SRR1785350_2.fastq.gz,1
46,SRR2006803,SRP057824,Insect associated rhabdoviruses RNA-seq,SRX1014315,Rhabdovirus discovery pool 1,Rhabdovirus discovery pool 1,11270,Rhabdoviridae,Pool1,RNA-Seq,METAGENOMIC,RANDOM,PAIRED,SRS925990,,SAMN03570612,PRJNA282498,Illumina HiSeq 2500,Illumina HiSeq 2500,ILLUMINA,170209268,10475373565,170209268,16046339090,BL1_L1,SRR2006803.sralite,4168760611,2020-06-21 19:44:05,130b2f8143bfbf59f2ce48996ea593b8,1,SRA Lite,Primary ETL,1,s3://sra-pub-zq-3/SRR2006803/SRR2006803.sralite.1,s3.us-east-1,aws identity,https://sra-downloadb.be-md.ncbi.nlm.nih.gov/sos5/sra-pub-zq-11/SRR002/006/SRR2006803/SRR2006803.sralite.1,https://sra-downloadb.be-md.ncbi.nlm.nih.gov/sos5/sra-pub-zq-11/SRR002/006/SRR2006803/SRR2006803.sralite.1,worldwide,anonymous,gs://sra-pub-zq-102/SRR2006803/SRR2006803.zq.1,gs.us-east1,gcp identity,,,Pool1,Diptera,Diptera species,2008/2014,"United Kingdom:USA,Kenya",,,Viral,,,,,,,,,,,,,,,,,,,,,,,,,,,,,,,,,,,,,,,,,,,,,,,,,,,,,,,,,,,,,,,,,,,,,,,,,,,,,,,,,,,,,,,,,,,,,,,,,,,,,,,,,,http://ftp.sra.ebi.ac.uk/vol1/fastq/SRR200/003/SRR2006803/SRR2006803.fastq.gz,,,era-fasp@fasp.sra.ebi.ac.uk:vol1/fastq/SRR200/003/SRR2006803/SRR2006803.fastq.gz,,,1
47,SRR2043650,SRP058819,Genome-wide profiling of nucleosome sensitivity and chromatin accessibility to MNase in D. melanogaster [RNA-seq],SRX1041846,GSM1698086: S2_RNA_Seq_replicate_1_L001; Drosophila melanogaster; RNA-Seq,GSM1698086: S2_RNA_Seq_replicate_1_L001; Drosophila melanogaster; RNA-Seq,7227,Drosophila melanogaster,,RNA-Seq,TRANSCRIPTOMIC,cDNA,PAIRED,SRS948188,,SAMN03742278,PRJNA285244,Illumina HiSeq 2000,Illumina HiSeq 2000,ILLUMINA,10876295,1483216595,10876295,2197011590,GSM1698086_r1,S2_RNA_Seq_replicate_1_L001_R2.fastq.gz,874133801,2020-04-26 18:14:18,ef69dab66921943028b0cd7ae357d2bf,1,fastq,Original,0,s3://sra-pub-src-7/SRR2043650/S2_RNA_Seq_replicate_1_L001_R2.fastq.gz,-,Use Cloud Data Delivery,https://sra-downloadb.be-md.ncbi.nlm.nih.gov/sos5/sra-pub-zq-11/SRR002/043/SRR2043650/SRR2043650.sralite.1,https://sra-downloadb.be-md.ncbi.nlm.nih.gov/sos5/sra-pub-zq-11/SRR002/043/SRR2043650/SRR2043650.sralite.1,worldwide,anonymous,gs://sra-pub-zq-104/SRR2043650/SRR2043650.noqual.1,gs.us-east1,gcp identity,GSM1698086,,,,,,,,,,,,,,,,,,,,,,,,,,,,,,,,,,,,,,,,,,,,,,,,,,,,,,,,,,S2 cells,,,,,,,S2 cells,,,,,,,,,,,,,,,,,,,,,,,,,,,,,,,,,,,,,,,,,,,,,,,,,,,http://ftp.sra.ebi.ac.uk/vol1/fastq/SRR204/000/SRR2043650/SRR2043650_1.fastq.gz,http://ftp.sra.ebi.ac.uk/vol1/fastq/SRR204/000/SRR2043650/SRR2043650_2.fastq.gz,,era-fasp@fasp.sra.ebi.ac.uk:vol1/fastq/SRR204/000/SRR2043650/SRR2043650_1.fastq.gz,era-fasp@fasp.sra.ebi.ac.uk:vol1/fastq/SRR204/000/SRR2043650/SRR2043650_2.fastq.gz,0
48,SRR2043651,SRP058819,Genome-wide profiling of nucleosome sensitivity and chromatin accessibility to MNase in D. melanogaster [RNA-seq],SRX1041847,GSM1698087: S2_RNA_Seq_replicate_1_L002; Drosophila melanogaster; RNA-Seq,GSM1698087: S2_RNA_Seq_replicate_1_L002; Drosophila melanogaster; RNA-Seq,7227,Drosophila melanogaster,,RNA-Seq,TRANSCRIPTOMIC,cDNA,PAIRED,SRS948187,,SAMN03742279,PRJNA285244,Illumina HiSeq 2000,Illumina HiSeq 2000,ILLUMINA,10917240,1497214875,10917240,2205282480,GSM1698087_r1,SRR2043651,1497216626,2015-05-28 15:00:20,4db1fab15db37066f1deaffe32a535f7,1,SRA Normalized,Primary ETL,1,https://sra-pub-run-odp.s3.amazonaws.com/sra/SRR2043651/SRR2043651,worldwide,anonymous,https://sra-pub-run-odp.s3.amazonaws.com/sra/SRR2043651/SRR2043651,https://sra-downloadb.be-md.ncbi.nlm.nih.gov/sos5/sra-pub-zq-11/SRR002/043/SRR2043651/SRR2043651.sralite.1,worldwide,anonymous,gs://sra-pub-zq-102/SRR2043651/SRR2043651.zq.1,gs.us-east1,gcp identity,GSM1698087,,,,,,,,,,,,,,,,,,,,,,,,,,,,,,,,,,,,,,,,,,,,,,,,,,,,,,,,,,S2 cells,,,,,,,S2 cells,,,,,,,,,,,,,,,,,,,,,,,,,,,,,,,,,,,,,,,,,,,,,,,,,,,http://ftp.sra.ebi.ac.uk/vol1/fastq/SRR204/001/SRR2043651/SRR2043651_1.fastq.gz,http://ftp.sra.ebi.ac.uk/vol1/fastq/SRR204/001/SRR2043651/SRR2043651_2.fastq.gz,,era-fasp@fasp.sra.ebi.ac.uk:vol1/fastq/SRR204/001/SRR2043651/SRR2043651_1.fastq.gz,era-fasp@fasp.sra.ebi.ac.uk:vol1/fastq/SRR204/001/SRR2043651/SRR2043651_2.fastq.gz,0
49,SRR2043652,SRP058819,Genome-wide profiling of nucleosome sensitivity and chromatin accessibility to MNase in D. melanogaster [RNA-seq],SRX1041848,GSM1698088: S2_RNA_Seq_replicate_2_L001; Drosophila melanogaster; RNA-Seq,GSM1698088: S2_RNA_Seq_replicate_2_L001; Drosophila melanogaster; RNA-Seq,7227,Drosophila melanogaster,,RNA-Seq,TRANSCRIPTOMIC,cDNA,PAIRED,SRS948186,,SAMN03742280,PRJNA285244,Illumina HiSeq 2000,Illumina HiSeq 2000,ILLUMINA,15466538,2073509108,15466538,3124240676,GSM1698088_r1,SRR2043652.sralite,817214056,2020-06-21 04:31:05,9ec57f51f3bd1a1526bf7c3a640b2ad4,1,SRA Lite,Primary ETL,1,s3://sra-pub-zq-7/SRR2043652/SRR2043652.sralite.1,s3.us-east-1,aws identity,https://sra-downloadb.be-md.ncbi.nlm.nih.gov/sos5/sra-pub-zq-11/SRR002/043/SRR2043652/SRR2043652.sralite.1,https://sra-downloadb.be-md.ncbi.nlm.nih.gov/sos5/sra-pub-zq-11/SRR002/043/SRR2043652/SRR2043652.sralite.1,worldwide,anonymous,gs://sra-pub-zq-103/SRR2043652/SRR2043652.zq.1,gs.us-east1,gcp identity,GSM1698088,,,,,,,,,,,,,,,,,,,,,,,,,,,,,,,,,,,,,,,,,,,,,,,,,,,,,,,,,,S2 cells,,,,,,,S2 cells,,,,,,,,,,,,,,,,,,,,,,,,,,,,,,,,,,,,,,,,,,,,,,,,,,,http://ftp.sra.ebi.ac.uk/vol1/fastq/SRR204/002/SRR2043652/SRR2043652_1.fastq.gz,http://ftp.sra.ebi.ac.uk/vol1/fastq/SRR204/002/SRR2043652/SRR2043652_2.fastq.gz,,era-fasp@fasp.sra.ebi.ac.uk:vol1/fastq/SRR204/002/SRR2043652/SRR2043652_1.fastq.gz,era-fasp@fasp.sra.ebi.ac.uk:vol1/fastq/SRR204/002/SRR2043652/SRR2043652_2.fastq.gz,0
50,SRR2043653,SRP058819,Genome-wide profiling of nucleosome sensitivity and chromatin accessibility to MNase in D. melanogaster [RNA-seq],SRX1041849,GSM1698089: S2_RNA_Seq_replicate_2_L002; Drosophila melanogaster; RNA-Seq,GSM1698089: S2_RNA_Seq_replicate_2_L002; Drosophila melanogaster; RNA-Seq,7227,Drosophila melanogaster,,RNA-Seq,TRANSCRIPTOMIC,cDNA,PAIRED,SRS948185,,SAMN03742281,PRJNA285244,Illumina HiSeq 2000,Illumina HiSeq 2000,ILLUMINA,15522818,2090333352,15522818,3135609236,GSM1698089_r1,SRR2043653.sralite,820177803,2021-06-16 01:41:07,66aab5b925647a451778b9307fafec96,1,SRA Lite,Primary ETL,1,s3://sra-pub-zq-8/SRR2043653/SRR2043653.sralite.1,s3.us-east-1,aws identity,https://sra-downloadb.be-md.ncbi.nlm.nih.gov/sos5/sra-pub-zq-11/SRR002/043/SRR2043653/SRR2043653.sralite.1,https://sra-downloadb.be-md.ncbi.nlm.nih.gov/sos5/sra-pub-zq-11/SRR002/043/SRR2043653/SRR2043653.sralite.1,worldwide,anonymous,gs://sra-pub-zq-102/SRR2043653/SRR2043653.noqual.1,gs.us-east1,gcp identity,GSM1698089,,,,,,,,,,,,,,,,,,,,,,,,,,,,,,,,,,,,,,,,,,,,,,,,,,,,,,,,,,S2 cells,,,,,,,S2 cells,,,,,,,,,,,,,,,,,,,,,,,,,,,,,,,,,,,,,,,,,,,,,,,,,,,http://ftp.sra.ebi.ac.uk/vol1/fastq/SRR204/003/SRR2043653/SRR2043653_1.fastq.gz,http://ftp.sra.ebi.ac.uk/vol1/fastq/SRR204/003/SRR2043653/SRR2043653_2.fastq.gz,,era-fasp@fasp.sra.ebi.ac.uk:vol1/fastq/SRR204/003/SRR2043653/SRR2043653_1.fastq.gz,era-fasp@fasp.sra.ebi.ac.uk:vol1/fastq/SRR204/003/SRR2043653/SRR2043653_2.fastq.gz,0
51,SRR2086712,SRP060304,"Transcriptome Analysis of Tripogon loliiformis throughout dehydration, desiccation and rehydration",SRX1080533,"Transcriptome of Tripogon loliiformis throughout dehydration, desiccation and resurrection","Transcriptome of Tripogon loliiformis throughout dehydration, desiccation and resurrection",883148,Tripogonella loliiformis,Tl-Transcriptome,RNA-Seq,TRANSCRIPTOMIC,cDNA,SINGLE,SRS978062,,SAMN03839048,PRJNA288839,Illumina HiSeq 2500,Illumina HiSeq 2500,ILLUMINA,579301609,40536321265,35553275,3768647150,60%-2,SRR2086712.sralite,1026306927,2020-06-23 18:53:25,a5db82ae42b9370e478686dd52800821,1,SRA Lite,Primary ETL,1,s3://sra-pub-zq-5/SRR2086712/SRR2086712.sralite.1,s3.us-east-1,aws identity,https://sra-downloadb.be-md.ncbi.nlm.nih.gov/sos5/sra-pub-zq-11/SRR002/086/SRR2086712/SRR2086712.sralite.1,https://sra-downloadb.be-md.ncbi.nlm.nih.gov/sos5/sra-pub-zq-11/SRR002/086/SRR2086712/SRR2086712.sralite.1,worldwide,anonymous,gs://sra-pub-zq-107/SRR2086712/SRR2086712.zq.1,gs.us-east1,gcp identity,,,not-collected,,,,Australia: Charleville,,,Plant,,,Shoot,,,Two months old,,Dr Brett Williams,,,,,,,,,,,Vegetative,,,,,,,,,,,,,,,,,,,,,,,,,,,,,,,,Wildtype,,,,,,Rehydration-3,,,,,,,,,,,,,,,,,,,,,,,,,,,,,,,,,,,,,,,,,,,,,,,,,http://ftp.sra.ebi.ac.uk/vol1/fastq/SRR208/002/SRR2086712/SRR2086712.fastq.gz,,,era-fasp@fasp.sra.ebi.ac.uk:vol1/fastq/SRR208/002/SRR2086712/SRR2086712.fastq.gz,,,1
52,SRR2086713,SRP060304,"Transcriptome Analysis of Tripogon loliiformis throughout dehydration, desiccation and rehydration",SRX1080533,"Transcriptome of Tripogon loliiformis throughout dehydration, desiccation and resurrection","Transcriptome of Tripogon loliiformis throughout dehydration, desiccation and resurrection",883148,Tripogonella loliiformis,Tl-Transcriptome,RNA-Seq,TRANSCRIPTOMIC,cDNA,SINGLE,SRS978062,,SAMN03839048,PRJNA288839,Illumina HiSeq 2500,Illumina HiSeq 2500,ILLUMINA,579301609,40536321265,39378502,4174121212,60%-3,SRR2086713.sralite,1136274062,2020-06-23 18:55:10,2af7805b424d722db14141fc1c8a871f,1,SRA Lite,Primary ETL,1,s3://sra-pub-zq-5/SRR2086713/SRR2086713.sralite.1,s3.us-east-1,aws identity,https://sra-downloadb.be-md.ncbi.nlm.nih.gov/sos5/sra-pub-zq-11/SRR002/086/SRR2086713/SRR2086713.sralite.1,https://sra-downloadb.be-md.ncbi.nlm.nih.gov/sos5/sra-pub-zq-11/SRR002/086/SRR2086713/SRR2086713.sralite.1,worldwide,anonymous,gs://sra-pub-zq-106/SRR2086713/SRR2086713.zq.1,gs.us-east1,gcp identity,,,not-collected,,,,Australia: Charleville,,,Plant,,,Shoot,,,Two months old,,Dr Brett Williams,,,,,,,,,,,Vegetative,,,,,,,,,,,,,,,,,,,,,,,,,,,,,,,,Wildtype,,,,,,Rehydration-3,,,,,,,,,,,,,,,,,,,,,,,,,,,,,,,,,,,,,,,,,,,,,,,,,http://ftp.sra.ebi.ac.uk/vol1/fastq/SRR208/003/SRR2086713/SRR2086713.fastq.gz,,,era-fasp@fasp.sra.ebi.ac.uk:vol1/fastq/SRR208/003/SRR2086713/SRR2086713.fastq.gz,,,1
53,SRR2086716,SRP060304,"Transcriptome Analysis of Tripogon loliiformis throughout dehydration, desiccation and rehydration",SRX1080533,"Transcriptome of Tripogon loliiformis throughout dehydration, desiccation and resurrection","Transcriptome of Tripogon loliiformis throughout dehydration, desiccation and resurrection",883148,Tripogonella loliiformis,Tl-Transcriptome,RNA-Seq,TRANSCRIPTOMIC,cDNA,SINGLE,SRS978062,,SAMN03839048,PRJNA288839,Illumina HiSeq 2500,Illumina HiSeq 2500,ILLUMINA,579301609,40536321265,37564329,3981818874,40%-3,SRR2086716.sralite,1084048367,2020-06-23 18:54:35,6c2c36fc526babcb3a8129f454311d4e,1,SRA Lite,Primary ETL,1,s3://sra-pub-zq-1/SRR2086716/SRR2086716.sralite.1,s3.us-east-1,aws identity,https://sra-downloadb.be-md.ncbi.nlm.nih.gov/sos5/sra-pub-zq-11/SRR002/086/SRR2086716/SRR2086716.sralite.1,https://sra-downloadb.be-md.ncbi.nlm.nih.gov/sos5/sra-pub-zq-11/SRR002/086/SRR2086716/SRR2086716.sralite.1,worldwide,anonymous,gs://sra-pub-zq-105/SRR2086716/SRR2086716.zq.1,gs.us-east1,gcp identity,,,not-collected,,,,Australia: Charleville,,,Plant,,,Shoot,,,Two months old,,Dr Brett Williams,,,,,,,,,,,Vegetative,,,,,,,,,,,,,,,,,,,,,,,,,,,,,,,,Wildtype,,,,,,Rehydration-3,,,,,,,,,,,,,,,,,,,,,,,,,,,,,,,,,,,,,,,,,,,,,,,,,http://ftp.sra.ebi.ac.uk/vol1/fastq/SRR208/006/SRR2086716/SRR2086716.fastq.gz,,,era-fasp@fasp.sra.ebi.ac.uk:vol1/fastq/SRR208/006/SRR2086716/SRR2086716.fastq.gz,,,1
54,SRR3193092,SRP070913,Leptree II: tineoid transcriptomes,SRX1603927,Philonome clemensella transcriptome,Philonome clemensella transcriptome,687481,Philonome clemensella,Pmsa3,RNA-Seq,TRANSCRIPTOMIC,cDNA,PAIRED,SRS1313704,,SAMN04517258,PRJNA312833,Illumina HiSeq 1000,Illumina HiSeq 1000,ILLUMINA,16255891,1943661001,16255891,3283689982,Pmsa3_ATCACG_L007_R2_001-005.fastq,SRR3193092.sralite,822275126,2021-06-14 21:20:05,c8b71c2020acf80075c18cc65b2b8669,1,SRA Lite,Primary ETL,1,s3://sra-pub-zq-8/SRR3193092/SRR3193092.sralite.1,s3.us-east-1,aws identity,https://sra-downloadb.be-md.ncbi.nlm.nih.gov/sos5/sra-pub-zq-14/SRR003/193/SRR3193092.sralite.1,https://sra-downloadb.be-md.ncbi.nlm.nih.gov/sos5/sra-pub-zq-14/SRR003/193/SRR3193092.sralite.1,worldwide,anonymous,gs://sra-pub-zq-102/SRR3193092/SRR3193092.noqual.1,gs.us-east1,gcp identity,,,TH-08-6182,,flew to light,2008-07-06,USA: Illinois,,,Invertebrate,,,whole specimen,,,,,,,,,,,,,,,,adult,,,,,,,,,,,,,,,,,,,,,,,,,,,,,,,,,,,,,,,,,,,,,,,,,,,,,,,,,,,,,,,,,,,,,,,,,,,,,,,,TH-08-6182,,,,,,,,http://ftp.sra.ebi.ac.uk/vol1/fastq/SRR319/002/SRR3193092/SRR3193092_1.fastq.gz,http://ftp.sra.ebi.ac.uk/vol1/fastq/SRR319/002/SRR3193092/SRR3193092_2.fastq.gz,,era-fasp@fasp.sra.ebi.ac.uk:vol1/fastq/SRR319/002/SRR3193092/SRR3193092_1.fastq.gz,era-fasp@fasp.sra.ebi.ac.uk:vol1/fastq/SRR319/002/SRR3193092/SRR3193092_2.fastq.gz,1
55,SRR3195290,SRP070966,Girardia sp Transcriptome or Gene expression,SRX1605771,Girardia Transcriptome,Girardia Transcriptome,1812171,Girardia sp. Sanchez-2016,S658,RNA-Seq,TRANSCRIPTOMIC,unspecified,PAIRED,SRS1315406,,SAMN04523258,PRJNA313460,Illumina HiSeq 2000,Illumina HiSeq 2000,ILLUMINA,80432408,11716954053,80432408,16086481600,GirardiaSp_RNA_rights.fq.gz,SRR3195290.sralite,4042379981,2020-06-21 02:55:53,90d568563459389fdfb491ec3b84592f,1,SRA Lite,Primary ETL,1,s3://sra-pub-zq-6/SRR3195290/SRR3195290.sralite.1,s3.us-east-1,aws identity,https://sra-downloadb.be-md.ncbi.nlm.nih.gov/sos5/sra-pub-zq-14/SRR003/195/SRR3195290.sralite.1,https://sra-downloadb.be-md.ncbi.nlm.nih.gov/sos5/sra-pub-zq-14/SRR003/195/SRR3195290.sralite.1,worldwide,anonymous,gs://sra-pub-zq-103/SRR3195290/SRR3195290.zq.1,gs.us-east1,gcp identity,,,mixed worms,,Carolina Biological Supply Company,unknown,unknown,,,Invertebrate,,,whole animal,,,,Carolina Biological Supply Company,,,,,,,,,,,,,,,,,,,,,,,,,,,,,,,,,,,,,,,,,,,,,,,,,,,,,,,,,,,,,,,,,,,,,,,,,,,,,,,,,,,,,,,,,,,,,,,,,,,,http://ftp.sra.ebi.ac.uk/vol1/fastq/SRR319/000/SRR3195290/SRR3195290_1.fastq.gz,http://ftp.sra.ebi.ac.uk/vol1/fastq/SRR319/000/SRR3195290/SRR3195290_2.fastq.gz,,era-fasp@fasp.sra.ebi.ac.uk:vol1/fastq/SRR319/000/SRR3195290/SRR3195290_1.fastq.gz,era-fasp@fasp.sra.ebi.ac.uk:vol1/fastq/SRR319/000/SRR3195290/SRR3195290_2.fastq.gz,0
56,SRR3401303,SRP073469,The transcriptomes of various invertebrate species for virus discovery,SRX1712432,Charybdis crab mix Beihai,Charybdis crab mix Beihai,1711999,invertebrate metagenome,BHXun,RNA-Seq,METATRANSCRIPTOMIC,other,PAIRED,SRS1401846,,SAMN04625920,PRJNA318834,Illumina HiSeq 2000,Illumina HiSeq 2000,ILLUMINA,32196712,4413171568,32196712,6439342400,BHXun,SRR3401303.sralite,1613041028,2020-06-13 13:03:09,ce472dd58275110bd7fe31a7c9b8664e,1,SRA Lite,Primary ETL,1,s3://sra-pub-zq-1/SRR3401303/SRR3401303.sralite.1,s3.us-east-1,aws identity,https://sra-downloadb.be-md.ncbi.nlm.nih.gov/sos5/sra-pub-zq-14/SRR003/401/SRR3401303.sralite.1,https://sra-downloadb.be-md.ncbi.nlm.nih.gov/sos5/sra-pub-zq-14/SRR003/401/SRR3401303.sralite.1,worldwide,anonymous,gs://sra-pub-zq-103/SRR3401303/SRR3401303.zq.1,gs.us-east1,gcp identity,,,,Crustacea: Charybdis sp.,,2014,China: Beihai,,,Metagenome or environmental,not collected,,,,,,,,,,,,,,,,,,,,,,,,,,,,,,,,,,,,,,,,,,,,,,,,,,,,,,,,,,,,,,,,,,,,,,,,,,,,,,,,,,,,,,,,,,,,,,,,,,,,,,,,,,http://ftp.sra.ebi.ac.uk/vol1/fastq/SRR340/003/SRR3401303/SRR3401303_1.fastq.gz,http://ftp.sra.ebi.ac.uk/vol1/fastq/SRR340/003/SRR3401303/SRR3401303_2.fastq.gz,,era-fasp@fasp.sra.ebi.ac.uk:vol1/fastq/SRR340/003/SRR3401303/SRR3401303_1.fastq.gz,era-fasp@fasp.sra.ebi.ac.uk:vol1/fastq/SRR340/003/SRR3401303/SRR3401303_2.fastq.gz,1
57,SRR3624128,SRP076109,rhizosphere metagenome Raw sequence reads,SRX1819052,metatranscriptome of healthy rhizoplane sample 2,metatranscriptome of healthy rhizoplane sample 2,939928,rhizosphere metagenome,P2r,WGS,METATRANSCRIPTOMIC,size fractionation,PAIRED,SRS1482930,,SAMN05194631,PRJNA324090,Illumina HiSeq 4000,Illumina HiSeq 4000,ILLUMINA,36576985,4975207357,36576985,9144246250,2Pr_1.clean.fq.gz,SRR3624128.sralite,2362541738,2020-06-13 14:07:09,1ce3095a94297915804d1b870ca1da55,1,SRA Lite,Primary ETL,1,s3://sra-pub-zq-6/SRR3624128/SRR3624128.sralite.1,s3.us-east-1,aws identity,https://sra-downloadb.be-md.ncbi.nlm.nih.gov/sos5/sra-pub-zq-11/SRR003/624/SRR3624128/SRR3624128.sralite.1,https://sra-downloadb.be-md.ncbi.nlm.nih.gov/sos5/sra-pub-zq-11/SRR003/624/SRR3624128/SRR3624128.sralite.1,worldwide,anonymous,gs://sra-pub-zq-101/SRR3624128/SRR3624128.zq.1,gs.us-east1,gcp identity,,,,citrus,healthy rhizopalne 2 RNA,2015-08-19,USA: Florida,,,Metagenome or environmental,28.11 N 81.79 W,,,,,,,,,,,,,,,,,,,,,,,,,,,,,,,,,,,,,,,,,,,,,,,,,,,,,,,,,,,,,,,,,,,,,,,,,,,,,,,,,,,,,,,,,,,,,,,,,,,,,,,,,,http://ftp.sra.ebi.ac.uk/vol1/fastq/SRR362/008/SRR3624128/SRR3624128_1.fastq.gz,http://ftp.sra.ebi.ac.uk/vol1/fastq/SRR362/008/SRR3624128/SRR3624128_2.fastq.gz,,era-fasp@fasp.sra.ebi.ac.uk:vol1/fastq/SRR362/008/SRR3624128/SRR3624128_1.fastq.gz,era-fasp@fasp.sra.ebi.ac.uk:vol1/fastq/SRR362/008/SRR3624128/SRR3624128_2.fastq.gz,1
58,SRR4242136,SRP089845,Megagenomic analysis fecal virome of NHPs from zoos in Eastern China,SRX2163031,Virome of Non-human primates:feces,Virome of Non-human primates:feces,749906,gut metagenome,NHPs-virome,WGS,METAGENOMIC,RANDOM,SINGLE,SRS1690991,,SAMN05767737,PRJNA342744,Illumina MiSeq,Illumina MiSeq,ILLUMINA,2323948,636756001,2323948,1031091136,Monkey04_S22_L001_R1_001.fastq.gz,SRR4242136.sralite,268142864,2020-06-23 16:12:46,c8dd24fee1719f4d68659ea37454da74,1,SRA Lite,Primary ETL,1,s3://sra-pub-zq-6/SRR4242136/SRR4242136.sralite.1,s3.us-east-1,aws identity,https://sra-downloadb.be-md.ncbi.nlm.nih.gov/sos5/sra-pub-zq-14/SRR004/242/SRR4242136.sralite.1,https://sra-downloadb.be-md.ncbi.nlm.nih.gov/sos5/sra-pub-zq-14/SRR004/242/SRR4242136.sralite.1,worldwide,anonymous,gs://sra-pub-zq-102/SRR4242136/SRR4242136.zq.1,gs.us-east1,gcp identity,,,,,Feces of non-human primates,2010-09-01,China: eastern part,,,Metagenome or environmental,31.11 N 121.38 E,,,,,,,,,,,,,,,,,,,,,,,,,,,,,,,,,,,,,,,,,,,,,,,,,,,,,,,,,,,,,,,,,,,,,,,,,,,,,,,,,,,,,,,,,,,,,,,,,,,,,,,,,,http://ftp.sra.ebi.ac.uk/vol1/fastq/SRR424/006/SRR4242136/SRR4242136_1.fastq.gz,http://ftp.sra.ebi.ac.uk/vol1/fastq/SRR424/006/SRR4242136/SRR4242136_2.fastq.gz,,era-fasp@fasp.sra.ebi.ac.uk:vol1/fastq/SRR424/006/SRR4242136/SRR4242136_1.fastq.gz,era-fasp@fasp.sra.ebi.ac.uk:vol1/fastq/SRR424/006/SRR4242136/SRR4242136_2.fastq.gz,1
59,SRR4435986,SRP091874,"Impacts of the Hytrosavirus on the Transcriptome of the Housefly, Musca domestica",SRX2255213,GSM2355582: Housefly_treatment rep1; Musca domestica; RNA-Seq,GSM2355582: Housefly_treatment rep1; Musca domestica; RNA-Seq,7370,Musca domestica,,RNA-Seq,TRANSCRIPTOMIC,cDNA,PAIRED,SRS1754653,,SAMN05930781,PRJNA349473,NextSeq 500,NextSeq 500,ILLUMINA,52605513,7262735411,52605513,15578030146,GSM2355582_r1,SRR4435986.sralite,4026151814,2020-06-23 21:22:56,3c555754d9b9787ae6f9bb98f2e45693,1,SRA Lite,Primary ETL,1,s3://sra-pub-zq-6/SRR4435986/SRR4435986.sralite.1,s3.us-east-1,aws identity,https://sra-downloadb.be-md.ncbi.nlm.nih.gov/sos5/sra-pub-zq-11/SRR004/435/SRR4435986/SRR4435986.sralite.1,https://sra-downloadb.be-md.ncbi.nlm.nih.gov/sos5/sra-pub-zq-11/SRR004/435/SRR4435986/SRR4435986.sralite.1,worldwide,anonymous,gs://sra-pub-zq-101/SRR4435986/SRR4435986.zq.1,gs.us-east1,gcp identity,GSM2355582,MdSGHV,,,,,,,,,,,whole body,,,Adult female,,,,,,,,,,,,,,,,,,,,,,,,,,,,,,,,,,,,,,,,,,,,,,,,,,whole body,virus-injected,,,,,,,,,,,,,,,,,,,,,,,,,,,,,,,,,,,,,,,,,,,,,,,,,,http://ftp.sra.ebi.ac.uk/vol1/fastq/SRR443/006/SRR4435986/SRR4435986_1.fastq.gz,http://ftp.sra.ebi.ac.uk/vol1/fastq/SRR443/006/SRR4435986/SRR4435986_2.fastq.gz,,era-fasp@fasp.sra.ebi.ac.uk:vol1/fastq/SRR443/006/SRR4435986/SRR4435986_1.fastq.gz,era-fasp@fasp.sra.ebi.ac.uk:vol1/fastq/SRR443/006/SRR4435986/SRR4435986_2.fastq.gz,1
60,SRR4435987,SRP091874,"Impacts of the Hytrosavirus on the Transcriptome of the Housefly, Musca domestica",SRX2255214,GSM2355583: Housefly_treatment rep2; Musca domestica; RNA-Seq,GSM2355583: Housefly_treatment rep2; Musca domestica; RNA-Seq,7370,Musca domestica,,RNA-Seq,TRANSCRIPTOMIC,cDNA,PAIRED,SRS1754654,,SAMN05930786,PRJNA349473,NextSeq 500,NextSeq 500,ILLUMINA,50056541,6927423320,50056541,14890306933,GSM2355583_r1,SRR4435987.sralite,3840754179,2020-06-23 21:04:08,d663c442f890defa32bb7baf40b30780,1,SRA Lite,Primary ETL,1,s3://sra-pub-zq-6/SRR4435987/SRR4435987.sralite.1,s3.us-east-1,aws identity,https://sra-downloadb.be-md.ncbi.nlm.nih.gov/sos5/sra-pub-zq-11/SRR004/435/SRR4435987/SRR4435987.sralite.1,https://sra-downloadb.be-md.ncbi.nlm.nih.gov/sos5/sra-pub-zq-11/SRR004/435/SRR4435987/SRR4435987.sralite.1,worldwide,anonymous,gs://sra-pub-zq-101/SRR4435987/SRR4435987.zq.1,gs.us-east1,gcp identity,GSM2355583,MdSGHV,,,,,,,,,,,whole body,,,Adult female,,,,,,,,,,,,,,,,,,,,,,,,,,,,,,,,,,,,,,,,,,,,,,,,,,whole body,virus-injected,,,,,,,,,,,,,,,,,,,,,,,,,,,,,,,,,,,,,,,,,,,,,,,,,,http://ftp.sra.ebi.ac.uk/vol1/fastq/SRR443/007/SRR4435987/SRR4435987_1.fastq.gz,http://ftp.sra.ebi.ac.uk/vol1/fastq/SRR443/007/SRR4435987/SRR4435987_2.fastq.gz,,era-fasp@fasp.sra.ebi.ac.uk:vol1/fastq/SRR443/007/SRR4435987/SRR4435987_1.fastq.gz,era-fasp@fasp.sra.ebi.ac.uk:vol1/fastq/SRR443/007/SRR4435987/SRR4435987_2.fastq.gz,1
61,SRR4435988,SRP091874,"Impacts of the Hytrosavirus on the Transcriptome of the Housefly, Musca domestica",SRX2255215,GSM2355584: Housefly_treatment rep3; Musca domestica; RNA-Seq,GSM2355584: Housefly_treatment rep3; Musca domestica; RNA-Seq,7370,Musca domestica,,RNA-Seq,TRANSCRIPTOMIC,cDNA,PAIRED,SRS1754655,,SAMN05930782,PRJNA349473,NextSeq 500,NextSeq 500,ILLUMINA,50457295,6968355249,50457295,15009833727,GSM2355584_r1,SRR4435988.sralite,3871848289,2020-06-23 21:08:57,e113219baabaeba55916b129788512f3,1,SRA Lite,Primary ETL,1,s3://sra-pub-zq-6/SRR4435988/SRR4435988.sralite.1,s3.us-east-1,aws identity,https://sra-downloadb.be-md.ncbi.nlm.nih.gov/sos5/sra-pub-zq-11/SRR004/435/SRR4435988/SRR4435988.sralite.1,https://sra-downloadb.be-md.ncbi.nlm.nih.gov/sos5/sra-pub-zq-11/SRR004/435/SRR4435988/SRR4435988.sralite.1,worldwide,anonymous,gs://sra-pub-zq-101/SRR4435988/SRR4435988.zq.1,gs.us-east1,gcp identity,GSM2355584,MdSGHV,,,,,,,,,,,whole body,,,Adult female,,,,,,,,,,,,,,,,,,,,,,,,,,,,,,,,,,,,,,,,,,,,,,,,,,whole body,virus-injected,,,,,,,,,,,,,,,,,,,,,,,,,,,,,,,,,,,,,,,,,,,,,,,,,,http://ftp.sra.ebi.ac.uk/vol1/fastq/SRR443/008/SRR4435988/SRR4435988_1.fastq.gz,http://ftp.sra.ebi.ac.uk/vol1/fastq/SRR443/008/SRR4435988/SRR4435988_2.fastq.gz,,era-fasp@fasp.sra.ebi.ac.uk:vol1/fastq/SRR443/008/SRR4435988/SRR4435988_1.fastq.gz,era-fasp@fasp.sra.ebi.ac.uk:vol1/fastq/SRR443/008/SRR4435988/SRR4435988_2.fastq.gz,1
62,SRR4435989,SRP091874,"Impacts of the Hytrosavirus on the Transcriptome of the Housefly, Musca domestica",SRX2255216,GSM2355585: Housefly_control rep1; Musca domestica; RNA-Seq,GSM2355585: Housefly_control rep1; Musca domestica; RNA-Seq,7370,Musca domestica,,RNA-Seq,TRANSCRIPTOMIC,cDNA,PAIRED,SRS1754656,,SAMN05930785,PRJNA349473,NextSeq 500,NextSeq 500,ILLUMINA,49136167,6831838311,49136167,14608072672,GSM2355585_r1,SRR4435989.sralite,3775692503,2020-06-22 10:22:49,cc30787287e080e021bf54f26e97dc29,1,SRA Lite,Primary ETL,1,s3://sra-pub-zq-5/SRR4435989/SRR4435989.sralite.1,s3.us-east-1,aws identity,https://sra-downloadb.be-md.ncbi.nlm.nih.gov/sos5/sra-pub-zq-14/SRR004/435/SRR4435989.sralite.1,https://sra-downloadb.be-md.ncbi.nlm.nih.gov/sos5/sra-pub-zq-14/SRR004/435/SRR4435989.sralite.1,worldwide,anonymous,gs://sra-pub-zq-107/SRR4435989/SRR4435989.zq.1,gs.us-east1,gcp identity,GSM2355585,MdSGHV,,,,,,,,,,,whole body,,,Adult female,,,,,,,,,,,,,,,,,,,,,,,,,,,,,,,,,,,,,,,,,,,,,,,,,,whole body,PBS-treated,,,,,,,,,,,,,,,,,,,,,,,,,,,,,,,,,,,,,,,,,,,,,,,,,,http://ftp.sra.ebi.ac.uk/vol1/fastq/SRR443/009/SRR4435989/SRR4435989_1.fastq.gz,http://ftp.sra.ebi.ac.uk/vol1/fastq/SRR443/009/SRR4435989/SRR4435989_2.fastq.gz,,era-fasp@fasp.sra.ebi.ac.uk:vol1/fastq/SRR443/009/SRR4435989/SRR4435989_1.fastq.gz,era-fasp@fasp.sra.ebi.ac.uk:vol1/fastq/SRR443/009/SRR4435989/SRR4435989_2.fastq.gz,1
63,SRR4435991,SRP091874,"Impacts of the Hytrosavirus on the Transcriptome of the Housefly, Musca domestica",SRX2255218,GSM2355587: Housefly_control rep3; Musca domestica; RNA-Seq,GSM2355587: Housefly_control rep3; Musca domestica; RNA-Seq,7370,Musca domestica,,RNA-Seq,TRANSCRIPTOMIC,cDNA,PAIRED,SRS1754658,,SAMN05930783,PRJNA349473,NextSeq 500,NextSeq 500,ILLUMINA,38634127,5324830927,38634127,11488199657,GSM2355587_r1,SRR4435991.sralite,2962189822,2021-06-15 13:24:45,7757df3fb78e28cf5029723f9c982757,1,SRA Lite,Primary ETL,1,s3://sra-pub-zq-9/SRR4435991/SRR4435991.sralite.1,s3.us-east-1,aws identity,https://sra-downloadb.be-md.ncbi.nlm.nih.gov/sos5/sra-pub-zq-14/SRR004/435/SRR4435991.sralite.1,https://sra-downloadb.be-md.ncbi.nlm.nih.gov/sos5/sra-pub-zq-14/SRR004/435/SRR4435991.sralite.1,worldwide,anonymous,gs://sra-pub-zq-103/SRR4435991/SRR4435991.noqual.1,gs.us-east1,gcp identity,GSM2355587,MdSGHV,,,,,,,,,,,whole body,,,Adult female,,,,,,,,,,,,,,,,,,,,,,,,,,,,,,,,,,,,,,,,,,,,,,,,,,whole body,PBS-treated,,,,,,,,,,,,,,,,,,,,,,,,,,,,,,,,,,,,,,,,,,,,,,,,,,http://ftp.sra.ebi.ac.uk/vol1/fastq/SRR443/001/SRR4435991/SRR4435991_1.fastq.gz,http://ftp.sra.ebi.ac.uk/vol1/fastq/SRR443/001/SRR4435991/SRR4435991_2.fastq.gz,,era-fasp@fasp.sra.ebi.ac.uk:vol1/fastq/SRR443/001/SRR4435991/SRR4435991_1.fastq.gz,era-fasp@fasp.sra.ebi.ac.uk:vol1/fastq/SRR443/001/SRR4435991/SRR4435991_2.fastq.gz,1
64,SRR4830146,SRP037995,Amazon Continuum Metatranscriptomes,SRX2319854,Amazon Continuum Metatranscriptomes,Amazon Continuum Metatranscriptomes,1169740,aquatic metagenome,RCJ2,RNA-Seq,METATRANSCRIPTOMIC,cDNA,SINGLE,SRS1776076,,SAMN05944744,PRJNA237345,Illumina HiSeq 2500,Illumina HiSeq 2500,ILLUMINA,33590906,3653689292,33590906,8397726500,RCJ2_filter.fastq,SRR4830146.sralite,1968027350,2020-06-23 22:23:02,8b683447effc5138be7f1bda0dfb6e8b,1,SRA Lite,Primary ETL,1,s3://sra-pub-zq-1/SRR4830146/SRR4830146.sralite.1,s3.us-east-1,aws identity,https://sra-downloadb.be-md.ncbi.nlm.nih.gov/sos5/sra-pub-zq-14/SRR004/830/SRR4830146.sralite.1,https://sra-downloadb.be-md.ncbi.nlm.nih.gov/sos5/sra-pub-zq-14/SRR004/830/SRR4830146.sralite.1,worldwide,anonymous,gs://sra-pub-zq-103/SRR4830146/SRR4830146.zq.1,gs.us-east1,gcp identity,,,,,water,2012-07-23,Brazil:Amazon River,,,Metagenome or environmental,0.05033 S 51.03085 W,,,,,,,,,,,,,,,,,,,,,,,,,,,,,,,,,,,,,,,,,,,,,,,,,,,,,,,,,,,Amazon River,0.5 m,,river,,,,,,,,,,,,,,,,,,,,,,,,mRNA,Macapa North (MCPN),0.87 ug/L,56.2 uS/cm,502 umol C/kg,3.63E06 cells/mL,0.76 L,2.0 Âµm,156 Âµm,Illumina Rapid Run,HiSeq 2500,18338.5,,,,,,,,,http://ftp.sra.ebi.ac.uk/vol1/fastq/SRR483/006/SRR4830146/SRR4830146.fastq.gz,,,era-fasp@fasp.sra.ebi.ac.uk:vol1/fastq/SRR483/006/SRR4830146/SRR4830146.fastq.gz,,0
65,SRR4934311,SRP075325,Improved calibration of RNA-seq expression data using whole cell spike-ins,SRX2327702,RNA-seq of human P493-6 cell line,RNA-seq of human P493-6 cell line,9606,Homo sapiens,P493-6 dox group B replicate 3,RNA-Seq,TRANSCRIPTOMIC,cDNA,SINGLE,SRS1783086,,SAMN05981919,PRJNA311567,Illumina HiSeq 2000,Illumina HiSeq 2000,ILLUMINA,23229139,1449588927,23229139,2346143039,Sample_r738s106_hs_rna_sr_Kube_DC_1.fq,SRR4934311.sralite,638043471,2021-06-15 00:11:08,1142bb8ae85695e44a1350df0d6ca9af,1,SRA Lite,Primary ETL,1,s3://sra-pub-zq-9/SRR4934311/SRR4934311.sralite.1,s3.us-east-1,aws identity,https://sra-downloadb.be-md.ncbi.nlm.nih.gov/sos5/sra-pub-zq-14/SRR004/934/SRR4934311.sralite.1,https://sra-downloadb.be-md.ncbi.nlm.nih.gov/sos5/sra-pub-zq-14/SRR004/934/SRR4934311.sralite.1,worldwide,anonymous,gs://sra-pub-zq-107/SRR4934311/SRR4934311.noqual.1,gs.us-east1,gcp identity,,,not applicable,,,,,,,Human,,,cell line,,,not applicable,"Prof. Dr. med Georg Bornkamm, HelmholtzZentrum Munich",,,Biological replicate 3,,,,,,,,not determined,,,,,,,,,,,,,,,,,,,,,,,,,,,,,,,,,,,,,,,1 ng/ml doxycycline,,,,,,,,,,,,,,,,,,,,,P493-6,B-cell,,,,,,,1000000.0,,,,,,,,,,,,,,,,,,,,http://ftp.sra.ebi.ac.uk/vol1/fastq/SRR493/001/SRR4934311/SRR4934311.fastq.gz,,,era-fasp@fasp.sra.ebi.ac.uk:vol1/fastq/SRR493/001/SRR4934311/SRR4934311.fastq.gz,,,0
66,SRR4934495,SRP075325,Improved calibration of RNA-seq expression data using whole cell spike-ins,SRX2327703,RNA-seq of human P493-6 cell line,RNA-seq of human P493-6 cell line,9606,Homo sapiens,P493-6 dox group C replicate 3,RNA-Seq,TRANSCRIPTOMIC,cDNA,SINGLE,SRS1783087,,SAMN05981922,PRJNA311567,Illumina HiSeq 2000,Illumina HiSeq 2000,ILLUMINA,26464903,1650548427,26464903,2672955203,Sample_r738s109_hs_rna_sr_Kube_DF_1.fq,SRR4934495.sralite,725967176,2020-06-23 22:39:30,457c0b952fd1d7b46c5d3afa69e430fe,1,SRA Lite,Primary ETL,1,s3://sra-pub-zq-1/SRR4934495/SRR4934495.sralite.1,s3.us-east-1,aws identity,https://sra-downloadb.be-md.ncbi.nlm.nih.gov/sos5/sra-pub-zq-14/SRR004/934/SRR4934495.sralite.1,https://sra-downloadb.be-md.ncbi.nlm.nih.gov/sos5/sra-pub-zq-14/SRR004/934/SRR4934495.sralite.1,worldwide,anonymous,gs://sra-pub-zq-103/SRR4934495/SRR4934495.zq.1,gs.us-east1,gcp identity,,,not applicable,,,,,,,Human,,,cell line,,,not applicable,"Prof. Dr. med Georg Bornkamm, HelmholtzZentrum Munich",,,Biological replicate 3,,,,,,,,not determined,,,,,,,,,,,,,,,,,,,,,,,,,,,,,,,,,,,,,,,1 ng/ml doxycycline,,,,,,,,,,,,,,,,,,,,,P493-6,B-cell,,,,,,,2000000.0,,,,,,,,,,,,,,,,,,,,http://ftp.sra.ebi.ac.uk/vol1/fastq/SRR493/005/SRR4934495/SRR4934495.fastq.gz,,,era-fasp@fasp.sra.ebi.ac.uk:vol1/fastq/SRR493/005/SRR4934495/SRR4934495.fastq.gz,,,0
67,SRR4934687,SRP075325,Improved calibration of RNA-seq expression data using whole cell spike-ins,SRX2327704,RNA-seq of human P493-6 cell line,RNA-seq of human P493-6 cell line,9606,Homo sapiens,P493-6 dox group C replicate 1,RNA-Seq,TRANSCRIPTOMIC,cDNA,SINGLE,SRS1783088,,SAMN05981920,PRJNA311567,Illumina HiSeq 2000,Illumina HiSeq 2000,ILLUMINA,21191865,1327684199,21191865,2140378365,Sample_r738s107_hs_rna_sr_Kube_DD_1.fq,SRR4934687.sralite,582490797,2021-06-15 18:20:49,47ec5f6dce6b59beaf50c1fedc05d6d0,1,SRA Lite,Primary ETL,1,s3://sra-pub-zq-9/SRR4934687/SRR4934687.sralite.1,s3.us-east-1,aws identity,https://sra-downloadb.be-md.ncbi.nlm.nih.gov/sos5/sra-pub-zq-14/SRR004/934/SRR4934687.sralite.1,https://sra-downloadb.be-md.ncbi.nlm.nih.gov/sos5/sra-pub-zq-14/SRR004/934/SRR4934687.sralite.1,worldwide,anonymous,gs://sra-pub-zq-107/SRR4934687/SRR4934687.noqual.1,gs.us-east1,gcp identity,,,not applicable,,,,,,,Human,,,cell line,,,not applicable,"Prof. Dr. med Georg Bornkamm, HelmholtzZentrum Munich",,,Biological replicate 1,,,,,,,,not determined,,,,,,,,,,,,,,,,,,,,,,,,,,,,,,,,,,,,,,,1 ng/ml doxycycline,,,,,,,,,,,,,,,,,,,,,P493-6,B-cell,,,,,,,2000000.0,,,,,,,,,,,,,,,,,,,,http://ftp.sra.ebi.ac.uk/vol1/fastq/SRR493/007/SRR4934687/SRR4934687.fastq.gz,,,era-fasp@fasp.sra.ebi.ac.uk:vol1/fastq/SRR493/007/SRR4934687/SRR4934687.fastq.gz,,,0
68,SRR4934799,SRP075325,Improved calibration of RNA-seq expression data using whole cell spike-ins,SRX2327705,RNA-seq of human P493-6 cell line,RNA-seq of human P493-6 cell line,9606,Homo sapiens,P493-6 dox group B replicate 2,RNA-Seq,TRANSCRIPTOMIC,cDNA,SINGLE,SRS1783089,,SAMN05981918,PRJNA311567,Illumina HiSeq 2000,Illumina HiSeq 2000,ILLUMINA,20416688,1272354727,20416688,2062085488,Sample_r738s105_hs_rna_sr_Kube_DB_1.fq,SRR4934799.sralite,561344759,2020-06-21 10:31:03,a1b3959469ee77b76e333c0b6e192597,1,SRA Lite,Primary ETL,1,s3://sra-pub-zq-7/SRR4934799/SRR4934799.sralite.1,s3.us-east-1,aws identity,https://sra-downloadb.be-md.ncbi.nlm.nih.gov/sos5/sra-pub-zq-11/SRR004/934/SRR4934799/SRR4934799.sralite.1,https://sra-downloadb.be-md.ncbi.nlm.nih.gov/sos5/sra-pub-zq-11/SRR004/934/SRR4934799/SRR4934799.sralite.1,worldwide,anonymous,gs://sra-pub-zq-101/SRR4934799/SRR4934799.zq.1,gs.us-east1,gcp identity,,,not applicable,,,,,,,Human,,,cell line,,,not applicable,"Prof. Dr. med Georg Bornkamm, HelmholtzZentrum Munich",,,Biological replicate 2,,,,,,,,not determined,,,,,,,,,,,,,,,,,,,,,,,,,,,,,,,,,,,,,,,1 ng/ml doxycycline,,,,,,,,,,,,,,,,,,,,,P493-6,B-cell,,,,,,,1000000.0,,,,,,,,,,,,,,,,,,,,http://ftp.sra.ebi.ac.uk/vol1/fastq/SRR493/009/SRR4934799/SRR4934799.fastq.gz,,,era-fasp@fasp.sra.ebi.ac.uk:vol1/fastq/SRR493/009/SRR4934799/SRR4934799.fastq.gz,,,1
69,SRR4934910,SRP075325,Improved calibration of RNA-seq expression data using whole cell spike-ins,SRX2327706,RNA-seq of human P493-6 cell line,RNA-seq of human P493-6 cell line,9606,Homo sapiens,P493-6 dox group A replicate 1,RNA-Seq,TRANSCRIPTOMIC,cDNA,SINGLE,SRS1783090,,SAMN05981914,PRJNA311567,Illumina HiSeq 2000,Illumina HiSeq 2000,ILLUMINA,19333486,1206374805,19333486,1952682086,Sample_r738s101_hs_rna_sr_Kube_CX_1.fq,SRR4934910.sralite,531791597,2020-06-22 11:01:55,a45a9c2857792636e90a89f6eceb135a,1,SRA Lite,Primary ETL,1,s3://sra-pub-zq-1/SRR4934910/SRR4934910.sralite.1,s3.us-east-1,aws identity,https://sra-downloadb.be-md.ncbi.nlm.nih.gov/sos5/sra-pub-zq-11/SRR004/934/SRR4934910/SRR4934910.sralite.1,https://sra-downloadb.be-md.ncbi.nlm.nih.gov/sos5/sra-pub-zq-11/SRR004/934/SRR4934910/SRR4934910.sralite.1,worldwide,anonymous,gs://sra-pub-zq-105/SRR4934910/SRR4934910.zq.1,gs.us-east1,gcp identity,,,not applicable,,,,,,,Human,,,cell line,,,not applicable,"Prof. Dr. med Georg Bornkamm, HelmholtzZentrum Munich",,,Biological replicate 1,,,,,,,,not determined,,,,,,,,,,,,,,,,,,,,,,,,,,,,,,,,,,,,,,,1 ng/ml doxycycline,,,,,,,,,,,,,,,,,,,,,P493-6,B-cell,,,,,,,500000.0,,,,,,,,,,,,,,,,,,,,http://ftp.sra.ebi.ac.uk/vol1/fastq/SRR493/000/SRR4934910/SRR4934910.fastq.gz,,,era-fasp@fasp.sra.ebi.ac.uk:vol1/fastq/SRR493/000/SRR4934910/SRR4934910.fastq.gz,,,0
70,SRR4934934,SRP075325,Improved calibration of RNA-seq expression data using whole cell spike-ins,SRX2327707,RNA-seq of human P493-6 cell line,RNA-seq of human P493-6 cell line,9606,Homo sapiens,P493-6 dox group A replicate 3,RNA-Seq,TRANSCRIPTOMIC,cDNA,SINGLE,SRS1783091,,SAMN05981916,PRJNA311567,Illumina HiSeq 2000,Illumina HiSeq 2000,ILLUMINA,20972522,1305406463,20972522,2118224722,Sample_r738s103_hs_rna_sr_Kube_CZ_1.fq,SRR4934934.sralite,576505428,2021-06-15 10:43:31,9f4dbd58a5b56d241c846219e0948bee,1,SRA Lite,Primary ETL,1,s3://sra-pub-zq-9/SRR4934934/SRR4934934.sralite.1,s3.us-east-1,aws identity,https://sra-downloadb.be-md.ncbi.nlm.nih.gov/sos5/sra-pub-zq-14/SRR004/934/SRR4934934.sralite.1,https://sra-downloadb.be-md.ncbi.nlm.nih.gov/sos5/sra-pub-zq-14/SRR004/934/SRR4934934.sralite.1,worldwide,anonymous,gs://sra-pub-zq-102/SRR4934934/SRR4934934.noqual.1,gs.us-east1,gcp identity,,,not applicable,,,,,,,Human,,,cell line,,,not applicable,"Prof. Dr. med Georg Bornkamm, HelmholtzZentrum Munich",,,Biological replicate 3,,,,,,,,not determined,,,,,,,,,,,,,,,,,,,,,,,,,,,,,,,,,,,,,,,1 ng/ml doxycycline,,,,,,,,,,,,,,,,,,,,,P493-6,B-cell,,,,,,,500000.0,,,,,,,,,,,,,,,,,,,,http://ftp.sra.ebi.ac.uk/vol1/fastq/SRR493/004/SRR4934934/SRR4934934.fastq.gz,,,era-fasp@fasp.sra.ebi.ac.uk:vol1/fastq/SRR493/004/SRR4934934/SRR4934934.fastq.gz,,,0
71,SRR4934935,SRP075325,Improved calibration of RNA-seq expression data using whole cell spike-ins,SRX2327708,RNA-seq of human P493-6 cell line,RNA-seq of human P493-6 cell line,9606,Homo sapiens,P493-6 dox group A replicate 2,RNA-Seq,TRANSCRIPTOMIC,cDNA,SINGLE,SRS1783092,,SAMN05981915,PRJNA311567,Illumina HiSeq 2000,Illumina HiSeq 2000,ILLUMINA,20579126,1291470652,20579126,2078491726,Sample_r738s102_hs_rna_sr_Kube_CY_1.fq,SRR4934935.sralite,565795176,2020-06-23 22:36:07,affc1b295cac3b0f673723409f0f7f58,1,SRA Lite,Primary ETL,1,s3://sra-pub-zq-6/SRR4934935/SRR4934935.sralite.1,s3.us-east-1,aws identity,https://sra-downloadb.be-md.ncbi.nlm.nih.gov/sos5/sra-pub-zq-14/SRR004/934/SRR4934935.sralite.1,https://sra-downloadb.be-md.ncbi.nlm.nih.gov/sos5/sra-pub-zq-14/SRR004/934/SRR4934935.sralite.1,worldwide,anonymous,gs://sra-pub-zq-102/SRR4934935/SRR4934935.zq.1,gs.us-east1,gcp identity,,,not applicable,,,,,,,Human,,,cell line,,,not applicable,"Prof. Dr. med Georg Bornkamm, HelmholtzZentrum Munich",,,Biological replicate 2,,,,,,,,not determined,,,,,,,,,,,,,,,,,,,,,,,,,,,,,,,,,,,,,,,1 ng/ml doxycycline,,,,,,,,,,,,,,,,,,,,,P493-6,B-cell,,,,,,,500000.0,,,,,,,,,,,,,,,,,,,,http://ftp.sra.ebi.ac.uk/vol1/fastq/SRR493/005/SRR4934935/SRR4934935.fastq.gz,,,era-fasp@fasp.sra.ebi.ac.uk:vol1/fastq/SRR493/005/SRR4934935/SRR4934935.fastq.gz,,,0
72,SRR4934936,SRP075325,Improved calibration of RNA-seq expression data using whole cell spike-ins,SRX2327709,RNA-seq of human P493-6 cell line,RNA-seq of human P493-6 cell line,9606,Homo sapiens,P493-6 dox group B replicate 1,RNA-Seq,TRANSCRIPTOMIC,cDNA,SINGLE,SRS1783093,,SAMN05981917,PRJNA311567,Illumina HiSeq 2000,Illumina HiSeq 2000,ILLUMINA,21016231,1309551788,21016231,2122639331,Sample_r738s104_hs_rna_sr_Kube_DA_1.fq,SRR4934936.sralite,577699517,2021-06-15 10:43:31,a599ce9d51b2aa52c9d19f54a9404f77,1,SRA Lite,Primary ETL,1,s3://sra-pub-zq-9/SRR4934936/SRR4934936.sralite.1,s3.us-east-1,aws identity,https://sra-downloadb.be-md.ncbi.nlm.nih.gov/sos5/sra-pub-zq-14/SRR004/934/SRR4934936.sralite.1,https://sra-downloadb.be-md.ncbi.nlm.nih.gov/sos5/sra-pub-zq-14/SRR004/934/SRR4934936.sralite.1,worldwide,anonymous,gs://sra-pub-zq-107/SRR4934936/SRR4934936.noqual.1,gs.us-east1,gcp identity,,,not applicable,,,,,,,Human,,,cell line,,,not applicable,"Prof. Dr. med Georg Bornkamm, HelmholtzZentrum Munich",,,Biological replicate 1,,,,,,,,not determined,,,,,,,,,,,,,,,,,,,,,,,,,,,,,,,,,,,,,,,1 ng/ml doxycycline,,,,,,,,,,,,,,,,,,,,,P493-6,B-cell,,,,,,,1000000.0,,,,,,,,,,,,,,,,,,,,http://ftp.sra.ebi.ac.uk/vol1/fastq/SRR493/006/SRR4934936/SRR4934936.fastq.gz,,,era-fasp@fasp.sra.ebi.ac.uk:vol1/fastq/SRR493/006/SRR4934936/SRR4934936.fastq.gz,,,0
73,SRR4934937,SRP075325,Improved calibration of RNA-seq expression data using whole cell spike-ins,SRX2327710,RNA-seq of human P493-6 cell line,RNA-seq of human P493-6 cell line,9606,Homo sapiens,P493-6 dox group C replicate 2,RNA-Seq,TRANSCRIPTOMIC,cDNA,SINGLE,SRS1783094,,SAMN05981921,PRJNA311567,Illumina HiSeq 2000,Illumina HiSeq 2000,ILLUMINA,17256607,1076688173,17256607,1742917307,Sample_r738s108_hs_rna_sr_Kube_DE_1.fq,SRR4934937.sralite,475037997,2020-06-21 10:29:54,21bf115e77249b81af80fa244fc7d243,1,SRA Lite,Primary ETL,1,s3://sra-pub-zq-9/SRR4934937/SRR4934937.sralite.1,s3.us-east-1,aws identity,https://sra-downloadb.be-md.ncbi.nlm.nih.gov/sos5/sra-pub-zq-14/SRR004/934/SRR4934937.sralite.1,https://sra-downloadb.be-md.ncbi.nlm.nih.gov/sos5/sra-pub-zq-14/SRR004/934/SRR4934937.sralite.1,worldwide,anonymous,gs://sra-pub-zq-103/SRR4934937/SRR4934937.zq.1,gs.us-east1,gcp identity,,,not applicable,,,,,,,Human,,,cell line,,,not applicable,"Prof. Dr. med Georg Bornkamm, HelmholtzZentrum Munich",,,Biological replicate 2,,,,,,,,not determined,,,,,,,,,,,,,,,,,,,,,,,,,,,,,,,,,,,,,,,1 ng/ml doxycycline,,,,,,,,,,,,,,,,,,,,,P493-6,B-cell,,,,,,,2000000.0,,,,,,,,,,,,,,,,,,,,http://ftp.sra.ebi.ac.uk/vol1/fastq/SRR493/007/SRR4934937/SRR4934937.fastq.gz,,,era-fasp@fasp.sra.ebi.ac.uk:vol1/fastq/SRR493/007/SRR4934937/SRR4934937.fastq.gz,,,1
74,SRR5058322,SRP093997,Transcriptome analysis and identification of genes associated with lemon floral transition and flower development during floral inductive water deficits,SRX2378998,GSM2407404: Sample_stage 1-repeat 1; Citrus limon; RNA-Seq,GSM2407404: Sample_stage 1-repeat 1; Citrus limon; RNA-Seq,2708,Citrus x limon,,RNA-Seq,TRANSCRIPTOMIC,cDNA,PAIRED,SRS1821592,,SAMN06064216,PRJNA355134,Illumina HiSeq 2500,Illumina HiSeq 2500,ILLUMINA,14971055,2244367932,14971055,4491316500,GSM2407404_r1,SRR5058322.sralite,1157069846,2020-06-21 12:58:23,52a96fa8747242c2362dc08988ff58e5,1,SRA Lite,Primary ETL,1,s3://sra-pub-zq-9/SRR5058322/SRR5058322.sralite.1,s3.us-east-1,aws identity,https://sra-downloadb.be-md.ncbi.nlm.nih.gov/sos5/sra-pub-zq-14/SRR005/058/SRR5058322.sralite.1,https://sra-downloadb.be-md.ncbi.nlm.nih.gov/sos5/sra-pub-zq-14/SRR005/058/SRR5058322.sralite.1,worldwide,anonymous,gs://sra-pub-zq-104/SRR5058322/SRR5058322.zq.1,gs.us-east1,gcp identity,GSM2407404,,,,,,,,,,,,The terminal bud and the five following buds (the major node position for flower formation) from spring flushes,,Femminello,,,,,,,,,,,,,,,,,,,,,,,,,,,,,,,,,,,,,,,,,,,,,,,,,,,stage 1: one week before water deficit,,,,,,,,,,,,,,,,,,,,,,,,,,,,,,,,,,,,,,,,,,,,,,,,,,,http://ftp.sra.ebi.ac.uk/vol1/fastq/SRR505/002/SRR5058322/SRR5058322_1.fastq.gz,http://ftp.sra.ebi.ac.uk/vol1/fastq/SRR505/002/SRR5058322/SRR5058322_2.fastq.gz,,era-fasp@fasp.sra.ebi.ac.uk:vol1/fastq/SRR505/002/SRR5058322/SRR5058322_1.fastq.gz,era-fasp@fasp.sra.ebi.ac.uk:vol1/fastq/SRR505/002/SRR5058322/SRR5058322_2.fastq.gz,1
75,SRR5058323,SRP093997,Transcriptome analysis and identification of genes associated with lemon floral transition and flower development during floral inductive water deficits,SRX2378999,GSM2407405: Sample_stage 1-repeat 2; Citrus limon; RNA-Seq,GSM2407405: Sample_stage 1-repeat 2; Citrus limon; RNA-Seq,2708,Citrus x limon,,RNA-Seq,TRANSCRIPTOMIC,cDNA,PAIRED,SRS1821593,,SAMN06064224,PRJNA355134,Illumina HiSeq 2500,Illumina HiSeq 2500,ILLUMINA,14954545,2181544386,14954545,4486363500,GSM2407405_r1,SRR5058323.sralite,1122804006,2020-06-24 01:08:02,97843ea4ce517a890555db2ae3e712aa,1,SRA Lite,Primary ETL,1,s3://sra-pub-zq-6/SRR5058323/SRR5058323.sralite.1,s3.us-east-1,aws identity,https://sra-downloadb.be-md.ncbi.nlm.nih.gov/sos5/sra-pub-zq-14/SRR005/058/SRR5058323.sralite.1,https://sra-downloadb.be-md.ncbi.nlm.nih.gov/sos5/sra-pub-zq-14/SRR005/058/SRR5058323.sralite.1,worldwide,anonymous,gs://sra-pub-zq-102/SRR5058323/SRR5058323.zq.1,gs.us-east1,gcp identity,GSM2407405,,,,,,,,,,,,The terminal bud and the five following buds (the major node position for flower formation) from spring flushes,,Femminello,,,,,,,,,,,,,,,,,,,,,,,,,,,,,,,,,,,,,,,,,,,,,,,,,,,stage 1: one week before water deficit,,,,,,,,,,,,,,,,,,,,,,,,,,,,,,,,,,,,,,,,,,,,,,,,,,,http://ftp.sra.ebi.ac.uk/vol1/fastq/SRR505/003/SRR5058323/SRR5058323_1.fastq.gz,http://ftp.sra.ebi.ac.uk/vol1/fastq/SRR505/003/SRR5058323/SRR5058323_2.fastq.gz,,era-fasp@fasp.sra.ebi.ac.uk:vol1/fastq/SRR505/003/SRR5058323/SRR5058323_1.fastq.gz,era-fasp@fasp.sra.ebi.ac.uk:vol1/fastq/SRR505/003/SRR5058323/SRR5058323_2.fastq.gz,0
76,SRR5087330,SRP094753,IL10 and CpG stimulations of P493-6 cells,SRX2404583,"P493-6 cell line untreated (MYC-high condition), replicate 2","P493-6 cell line untreated (MYC-high condition), replicate 2",9606,Homo sapiens,P493-6 MYC-high replicate 2,RNA-Seq,TRANSCRIPTOMIC,cDNA,SINGLE,SRS1843807,,SAMN06121173,PRJNA356698,Illumina HiSeq 2000,Illumina HiSeq 2000,ILLUMINA,49434720,3329352997,49434720,4992906720,Sample_r1073sMychigh-ctrlBatch2_hs_fq_sr_Kube_E_2.fastq.gz,SRR5087330.sralite,1347126825,2020-06-22 13:28:33,2d1d5f0e91545be592b3a5d835560c0f,1,SRA Lite,Primary ETL,1,s3://sra-pub-zq-6/SRR5087330/SRR5087330.sralite.1,s3.us-east-1,aws identity,https://sra-downloadb.be-md.ncbi.nlm.nih.gov/sos5/sra-pub-zq-14/SRR005/087/SRR5087330.sralite.1,https://sra-downloadb.be-md.ncbi.nlm.nih.gov/sos5/sra-pub-zq-14/SRR005/087/SRR5087330.sralite.1,worldwide,anonymous,gs://sra-pub-zq-102/SRR5087330/SRR5087330.zq.1,gs.us-east1,gcp identity,,,not applicable,,,,,cells,,Human,,,cell line,,,not applicable,"Prof. Dr. med Georg Bornkamm, HelmholtzZentrum Munich",,2.0,Biological replicate 2,,,,,,,,not determined,,,,,,,,,,,,,,,,,,,,,,,,,,,,,,,,,,,,,,,none,,,,,,,,,,,,,,,,,,,,,P493-6,B-cell,,,,,,,,,,,,,,,,,,,,,,,,,,,http://ftp.sra.ebi.ac.uk/vol1/fastq/SRR508/000/SRR5087330/SRR5087330.fastq.gz,,,era-fasp@fasp.sra.ebi.ac.uk:vol1/fastq/SRR508/000/SRR5087330/SRR5087330.fastq.gz,,,0
77,SRR5087331,SRP094753,IL10 and CpG stimulations of P493-6 cells,SRX2404584,"P493-6 cell line dox-treated (MYC-low condition), replicate 1","P493-6 cell line dox-treated (MYC-low condition), replicate 1",9606,Homo sapiens,P493-6 MYC-low replicate 1,RNA-Seq,TRANSCRIPTOMIC,cDNA,SINGLE,SRS1843808,,SAMN06121175,PRJNA356698,Illumina HiSeq 2000,Illumina HiSeq 2000,ILLUMINA,41684722,2905394021,41684722,4210156922,Sample_r1073sMyclow-ctrlBatch1_hs_fq_sr_Kube_A_1.fastq.gz,SRR5087331.sralite,1138322003,2020-06-22 13:26:41,c88fd20ab66a619e40cd3e9cc257c145,1,SRA Lite,Primary ETL,1,s3://sra-pub-zq-6/SRR5087331/SRR5087331.sralite.1,s3.us-east-1,aws identity,https://sra-downloadb.be-md.ncbi.nlm.nih.gov/sos5/sra-pub-zq-14/SRR005/087/SRR5087331.sralite.1,https://sra-downloadb.be-md.ncbi.nlm.nih.gov/sos5/sra-pub-zq-14/SRR005/087/SRR5087331.sralite.1,worldwide,anonymous,gs://sra-pub-zq-102/SRR5087331/SRR5087331.zq.1,gs.us-east1,gcp identity,,,not applicable,,,,,cells,,Human,,,cell line,,,not applicable,"Prof. Dr. med Georg Bornkamm, HelmholtzZentrum Munich",,1.0,Biological replicate 1,,,,,,,,not determined,,,,,,,,,,,,,,,,,,,,,,,,,,,,,,,,,,,,,,,1 ng/ml doxycycline,,,,,,,,,,,,,,,,,,,,,P493-6,B-cell,,,,,,,,,,,,,,,,,,,,,,,,,,,http://ftp.sra.ebi.ac.uk/vol1/fastq/SRR508/001/SRR5087331/SRR5087331.fastq.gz,,,era-fasp@fasp.sra.ebi.ac.uk:vol1/fastq/SRR508/001/SRR5087331/SRR5087331.fastq.gz,,,0
78,SRR5087332,SRP094753,IL10 and CpG stimulations of P493-6 cells,SRX2404585,"P493-6 cell line dox-, CpG- and IL10-treated (MYC-low condition), replicate 1","P493-6 cell line dox-, CpG- and IL10-treated (MYC-low condition), replicate 1",9606,Homo sapiens,P493-6 MYC-low CpG and IL10 replicate 1,RNA-Seq,TRANSCRIPTOMIC,cDNA,SINGLE,SRS1843809,,SAMN06121184,PRJNA356698,Illumina HiSeq 2000,Illumina HiSeq 2000,ILLUMINA,66374470,4531308811,66374470,6703821470,Sample_r1073sMyclowIL10CpGBatch1_hs_fq_sr_Kube_D_1.fastq.gz,SRR5087332.sralite,1803742937,2020-06-24 02:49:36,18e99a4ac9250f4c605df9303851116c,1,SRA Lite,Primary ETL,1,s3://sra-pub-zq-1/SRR5087332/SRR5087332.sralite.1,s3.us-east-1,aws identity,https://sra-downloadb.be-md.ncbi.nlm.nih.gov/sos5/sra-pub-zq-14/SRR005/087/SRR5087332.sralite.1,https://sra-downloadb.be-md.ncbi.nlm.nih.gov/sos5/sra-pub-zq-14/SRR005/087/SRR5087332.sralite.1,worldwide,anonymous,gs://sra-pub-zq-104/SRR5087332/SRR5087332.zq.1,gs.us-east1,gcp identity,,,not applicable,,,,,cells,,Human,,,cell line,,,not applicable,"Prof. Dr. med Georg Bornkamm, HelmholtzZentrum Munich",,1.0,,,,,,,,,not determined,,,,,,,,,,,,,,,,,,,,,,,,,,,,,,,,,,,,,,,"1 ng/ml doxycycline for 16h; IL10 (25ng/ml, Peprotech) + CpG (0.5 muM, ODN2006, Invivogen) , for 24h.",,,,,,,,,,,,,,,,,,,,,P493-5,B-cell,,,,,,,,,,,,,,,,,,,,,,,,,,,http://ftp.sra.ebi.ac.uk/vol1/fastq/SRR508/002/SRR5087332/SRR5087332.fastq.gz,,,era-fasp@fasp.sra.ebi.ac.uk:vol1/fastq/SRR508/002/SRR5087332/SRR5087332.fastq.gz,,,1
79,SRR5087333,SRP094753,IL10 and CpG stimulations of P493-6 cells,SRX2404586,"P493-6 cell line untreated (MYC-high condition), replicate 1","P493-6 cell line untreated (MYC-high condition), replicate 1",9606,Homo sapiens,P493-6 MYC-high replicate 1,RNA-Seq,TRANSCRIPTOMIC,cDNA,SINGLE,SRS1843810,,SAMN06121172,PRJNA356698,Illumina HiSeq 2000,Illumina HiSeq 2000,ILLUMINA,46204623,3208703562,46204623,4666666923,Sample_r1073sMychigh-ctrlBatch1_hs_fq_sr_Kube_E_1.fastq.gz,SRR5087333.sralite,1260353468,2020-06-22 13:31:40,bb7d21501c38f51e6589f710b44efb81,1,SRA Lite,Primary ETL,1,s3://sra-pub-zq-1/SRR5087333/SRR5087333.sralite.1,s3.us-east-1,aws identity,https://sra-downloadb.be-md.ncbi.nlm.nih.gov/sos5/sra-pub-zq-14/SRR005/087/SRR5087333.sralite.1,https://sra-downloadb.be-md.ncbi.nlm.nih.gov/sos5/sra-pub-zq-14/SRR005/087/SRR5087333.sralite.1,worldwide,anonymous,gs://sra-pub-zq-104/SRR5087333/SRR5087333.zq.1,gs.us-east1,gcp identity,,,not applicable,,,,,cells,,Human,,,cell line,,,not applicable,"Prof. Dr. med Georg Bornkamm, HelmholtzZentrum Munich",,1.0,Biological replicate 1,,,,,,,,not determined,,,,,,,,,,,,,,,,,,,,,,,,,,,,,,,,,,,,,,,none,,,,,,,,,,,,,,,,,,,,,P493-6,B-cell,,,,,,,,,,,,,,,,,,,,,,,,,,,http://ftp.sra.ebi.ac.uk/vol1/fastq/SRR508/003/SRR5087333/SRR5087333.fastq.gz,,,era-fasp@fasp.sra.ebi.ac.uk:vol1/fastq/SRR508/003/SRR5087333/SRR5087333.fastq.gz,,,0
80,SRR5087334,SRP094753,IL10 and CpG stimulations of P493-6 cells,SRX2404587,"P493-6 cell line dox-, CpG- and IL10-treated (MYC-low condition), replicate 3","P493-6 cell line dox-, CpG- and IL10-treated (MYC-low condition), replicate 3",9606,Homo sapiens,P493-6 MYC-low CpG and IL10 replicate 3,RNA-Seq,TRANSCRIPTOMIC,cDNA,SINGLE,SRS1843811,,SAMN06121186,PRJNA356698,Illumina HiSeq 2000,Illumina HiSeq 2000,ILLUMINA,122268171,8525456027,122268171,12349085271,Sample_r1073sMyclowIL10CpGBatch3_hs_fq_sr_Kube_D_3.fastq.gz,SRR5087334.sralite,3324730844,2021-06-16 11:46:40,c446dc28858520671938930ba349f4cc,1,SRA Lite,Primary ETL,1,s3://sra-pub-zq-9/SRR5087334/SRR5087334.sralite.1,s3.us-east-1,aws identity,https://sra-downloadb.be-md.ncbi.nlm.nih.gov/sos5/sra-pub-zq-14/SRR005/087/SRR5087334.sralite.1,https://sra-downloadb.be-md.ncbi.nlm.nih.gov/sos5/sra-pub-zq-14/SRR005/087/SRR5087334.sralite.1,worldwide,anonymous,gs://sra-pub-zq-103/SRR5087334/SRR5087334.noqual.1,gs.us-east1,gcp identity,,,not applicable,,,,,cells,,Human,,,cell line,,,not applicable,"Prof. Dr. med Georg Bornkamm, HelmholtzZentrum Munich",,3.0,,,,,,,,,not determined,,,,,,,,,,,,,,,,,,,,,,,,,,,,,,,,,,,,,,,"1 ng/ml doxycycline for 16h; IL10 (25ng/ml, Peprotech) + CpG (0.5 muM, ODN2006, Invivogen) , for 24h.",,,,,,,,,,,,,,,,,,,,,P493-6,B-cell,,,,,,,,,,,,,,,,,,,,,,,,,,,http://ftp.sra.ebi.ac.uk/vol1/fastq/SRR508/004/SRR5087334/SRR5087334.fastq.gz,,,era-fasp@fasp.sra.ebi.ac.uk:vol1/fastq/SRR508/004/SRR5087334/SRR5087334.fastq.gz,,,0
81,SRR5087335,SRP094753,IL10 and CpG stimulations of P493-6 cells,SRX2404588,"P493-6 cell line dox-treated (MYC-low condition), replicate 2","P493-6 cell line dox-treated (MYC-low condition), replicate 2",9606,Homo sapiens,P493-6 MYC-low replicate 2,RNA-Seq,TRANSCRIPTOMIC,cDNA,SINGLE,SRS1843812,,SAMN06121176,PRJNA356698,Illumina HiSeq 2000,Illumina HiSeq 2000,ILLUMINA,49711500,3364020044,49711500,5020861500,Sample_r1073sMyclow-ctrlBatch2_hs_fq_sr_Kube_A_2.fastq.gz,SRR5087335.sralite,1354582968,2020-06-22 13:23:02,31bd55c1969a7b88e6f8cee7a11a5cb8,1,SRA Lite,Primary ETL,1,s3://sra-pub-zq-1/SRR5087335/SRR5087335.sralite.1,s3.us-east-1,aws identity,https://sra-downloadb.be-md.ncbi.nlm.nih.gov/sos5/sra-pub-zq-14/SRR005/087/SRR5087335.sralite.1,https://sra-downloadb.be-md.ncbi.nlm.nih.gov/sos5/sra-pub-zq-14/SRR005/087/SRR5087335.sralite.1,worldwide,anonymous,gs://sra-pub-zq-103/SRR5087335/SRR5087335.zq.1,gs.us-east1,gcp identity,,,not applicable,,,,,cells,,Human,,,cell line,,,not applicable,"Prof. Dr. med Georg Bornkamm, HelmholtzZentrum Munich",,2.0,Biological replicate 2,,,,,,,,not determined,,,,,,,,,,,,,,,,,,,,,,,,,,,,,,,,,,,,,,,1 ng/ml doxycycline,,,,,,,,,,,,,,,,,,,,,P493-6,B-cell,,,,,,,,,,,,,,,,,,,,,,,,,,,http://ftp.sra.ebi.ac.uk/vol1/fastq/SRR508/005/SRR5087335/SRR5087335.fastq.gz,,,era-fasp@fasp.sra.ebi.ac.uk:vol1/fastq/SRR508/005/SRR5087335/SRR5087335.fastq.gz,,,1
82,SRR5087336,SRP094753,IL10 and CpG stimulations of P493-6 cells,SRX2404589,"P493-6 cell line dox-, CpG- and IL10-treated (MYC-low condition), replicate 2","P493-6 cell line dox-, CpG- and IL10-treated (MYC-low condition), replicate 2",9606,Homo sapiens,P493-6 MYC-low CpG and IL10 replicate 2,RNA-Seq,TRANSCRIPTOMIC,cDNA,SINGLE,SRS1843813,,SAMN06121185,PRJNA356698,Illumina HiSeq 2000,Illumina HiSeq 2000,ILLUMINA,38406204,2608235614,38406204,3879026604,Sample_r1073sMyclowIL10CpGBatch2_hs_fq_sr_Kube_D_2.fastq.gz,SRR5087336.sralite,1049413549,2020-06-22 13:22:29,191754b780d2bccba90240cd5fc5fd54,1,SRA Lite,Primary ETL,1,s3://sra-pub-zq-6/SRR5087336/SRR5087336.sralite.1,s3.us-east-1,aws identity,https://sra-downloadb.be-md.ncbi.nlm.nih.gov/sos5/sra-pub-zq-14/SRR005/087/SRR5087336.sralite.1,https://sra-downloadb.be-md.ncbi.nlm.nih.gov/sos5/sra-pub-zq-14/SRR005/087/SRR5087336.sralite.1,worldwide,anonymous,gs://sra-pub-zq-102/SRR5087336/SRR5087336.zq.1,gs.us-east1,gcp identity,,,not applicable,,,,,cells,,Human,,,cell line,,,not applicable,"Prof. Dr. med Georg Bornkamm, HelmholtzZentrum Munich",,2.0,,,,,,,,,not determined,,,,,,,,,,,,,,,,,,,,,,,,,,,,,,,,,,,,,,,"1 ng/ml doxycycline for 16h; IL10 (25ng/ml, Peprotech) + CpG (0.5 muM, ODN2006, Invivogen) , for 24h.",,,,,,,,,,,,,,,,,,,,,P493-5,B-cell,,,,,,,,,,,,,,,,,,,,,,,,,,,http://ftp.sra.ebi.ac.uk/vol1/fastq/SRR508/006/SRR5087336/SRR5087336.fastq.gz,,,era-fasp@fasp.sra.ebi.ac.uk:vol1/fastq/SRR508/006/SRR5087336/SRR5087336.fastq.gz,,,1
83,SRR5087337,SRP094753,IL10 and CpG stimulations of P493-6 cells,SRX2404590,"P493-6 cell line dox- and IL10-treated (MYC-low condition), replicate 3","P493-6 cell line dox- and IL10-treated (MYC-low condition), replicate 3",9606,Homo sapiens,P493-6 MYC-low IL10 replicate 3,RNA-Seq,TRANSCRIPTOMIC,cDNA,SINGLE,SRS1843814,,SAMN06121183,PRJNA356698,Illumina HiSeq 2000,Illumina HiSeq 2000,ILLUMINA,95756914,6696467420,95756914,9671448314,Sample_r1073sMyclowIL10Batch3_hs_fq_sr_Kube_B_3.fastq.gz,SRR5087337.sralite,2610467491,2020-06-24 03:02:50,006366c8c5b977f8b91f39dcaa7f33ac,1,SRA Lite,Primary ETL,1,s3://sra-pub-zq-6/SRR5087337/SRR5087337.sralite.1,s3.us-east-1,aws identity,https://sra-downloadb.be-md.ncbi.nlm.nih.gov/sos5/sra-pub-zq-14/SRR005/087/SRR5087337.sralite.1,https://sra-downloadb.be-md.ncbi.nlm.nih.gov/sos5/sra-pub-zq-14/SRR005/087/SRR5087337.sralite.1,worldwide,anonymous,gs://sra-pub-zq-102/SRR5087337/SRR5087337.zq.1,gs.us-east1,gcp identity,,,not applicable,,,,,cells,,Human,,,cell line,,,not applicable,"Prof. Dr. med Georg Bornkamm, HelmholtzZentrum Munich",,3.0,Biological replicate 3,,,,,,,,not determined,,,,,,,,,,,,,,,,,,,,,,,,,,,,,,,,,,,,,,,"1 ng/ml doxycycline for 16h; IL10 (25ng/ml, Peprotech) for 24h.",,,,,,,,,,,,,,,,,,,,,P493-6,B-cell,,,,,,,,,,,,,,,,,,,,,,,,,,,http://ftp.sra.ebi.ac.uk/vol1/fastq/SRR508/007/SRR5087337/SRR5087337.fastq.gz,,,era-fasp@fasp.sra.ebi.ac.uk:vol1/fastq/SRR508/007/SRR5087337/SRR5087337.fastq.gz,,,1
84,SRR5087338,SRP094753,IL10 and CpG stimulations of P493-6 cells,SRX2404591,"P493-6 cell line dox- and CpG-treated (MYC-low condition), replicate 2","P493-6 cell line dox- and CpG-treated (MYC-low condition), replicate 2",9606,Homo sapiens,P493-6 MYC-low CpG replicate 2,RNA-Seq,TRANSCRIPTOMIC,cDNA,SINGLE,SRS1843815,,SAMN06121179,PRJNA356698,Illumina HiSeq 2000,Illumina HiSeq 2000,ILLUMINA,49872343,3348260328,49872343,5037106643,Sample_r1073sMyclowCpGBatch2_hs_fq_sr_Kube_C_2.fastq.gz,SRR5087338.sralite,1358917901,2020-06-24 02:42:16,28c778d73185074c7a2fda3287b60015,1,SRA Lite,Primary ETL,1,s3://sra-pub-zq-1/SRR5087338/SRR5087338.sralite.1,s3.us-east-1,aws identity,https://sra-downloadb.be-md.ncbi.nlm.nih.gov/sos5/sra-pub-zq-14/SRR005/087/SRR5087338.sralite.1,https://sra-downloadb.be-md.ncbi.nlm.nih.gov/sos5/sra-pub-zq-14/SRR005/087/SRR5087338.sralite.1,worldwide,anonymous,gs://sra-pub-zq-103/SRR5087338/SRR5087338.zq.1,gs.us-east1,gcp identity,,,not applicable,,,,,cells,,Human,,,cell line,,,not applicable,"Prof. Dr. med Georg Bornkamm, HelmholtzZentrum Munich",,2.0,Biological replicate 2,,,,,,,,not determined,,,,,,,,,,,,,,,,,,,,,,,,,,,,,,,,,,,,,,,"1 ng/ml doxycycline for 16h; CpG (0.5 muM, ODN2006, Invivogen) for 24h.",,,,,,,,,,,,,,,,,,,,,P493-6,B-cell,,,,,,,,,,,,,,,,,,,,,,,,,,,http://ftp.sra.ebi.ac.uk/vol1/fastq/SRR508/008/SRR5087338/SRR5087338.fastq.gz,,,era-fasp@fasp.sra.ebi.ac.uk:vol1/fastq/SRR508/008/SRR5087338/SRR5087338.fastq.gz,,,1
85,SRR5087339,SRP094753,IL10 and CpG stimulations of P493-6 cells,SRX2404592,"P493-6 cell line dox- and CpG-treated (MYC-low condition), replicate 1","P493-6 cell line dox- and CpG-treated (MYC-low condition), replicate 1",9606,Homo sapiens,P493-6 MYC-low CpG replicate 1,RNA-Seq,TRANSCRIPTOMIC,cDNA,SINGLE,SRS1843816,,SAMN06121178,PRJNA356698,Illumina HiSeq 2000,Illumina HiSeq 2000,ILLUMINA,40437740,2796976979,40437740,4084211740,Sample_r1073sMyclowCpGBatch1_hs_fq_sr_Kube_C_1.fastq.gz,SRR5087339.sralite,1104612588,2020-06-22 13:26:07,3bcfd1563c5bc31ab46525c2c302df68,1,SRA Lite,Primary ETL,1,s3://sra-pub-zq-1/SRR5087339/SRR5087339.sralite.1,s3.us-east-1,aws identity,https://sra-downloadb.be-md.ncbi.nlm.nih.gov/sos5/sra-pub-zq-14/SRR005/087/SRR5087339.sralite.1,https://sra-downloadb.be-md.ncbi.nlm.nih.gov/sos5/sra-pub-zq-14/SRR005/087/SRR5087339.sralite.1,worldwide,anonymous,gs://sra-pub-zq-104/SRR5087339/SRR5087339.zq.1,gs.us-east1,gcp identity,,,not applicable,,,,,cells,,Human,,,cell line,,,not applicable,"Prof. Dr. med Georg Bornkamm, HelmholtzZentrum Munich",,1.0,Biological replicate 1,,,,,,,,not determined,,,,,,,,,,,,,,,,,,,,,,,,,,,,,,,,,,,,,,,"1 ng/ml doxycycline for 16h; CpG (0.5 muM, ODN2006, Invivogen) for 24h.",,,,,,,,,,,,,,,,,,,,,P493-6,B-cell,,,,,,,,,,,,,,,,,,,,,,,,,,,http://ftp.sra.ebi.ac.uk/vol1/fastq/SRR508/009/SRR5087339/SRR5087339.fastq.gz,,,era-fasp@fasp.sra.ebi.ac.uk:vol1/fastq/SRR508/009/SRR5087339/SRR5087339.fastq.gz,,,1
86,SRR5087340,SRP094753,IL10 and CpG stimulations of P493-6 cells,SRX2404593,"P493-6 cell line untreated (MYC-high condition), replicate 3","P493-6 cell line untreated (MYC-high condition), replicate 3",9606,Homo sapiens,P493-6 MYC-high replicate 3,RNA-Seq,TRANSCRIPTOMIC,cDNA,SINGLE,SRS1843817,,SAMN06121174,PRJNA356698,Illumina HiSeq 2000,Illumina HiSeq 2000,ILLUMINA,111797526,7897855529,111797526,11291550126,Sample_r1073sMychigh-ctrlBatch3_hs_fq_sr_Kube_E_3.fastq.gz,SRR5087340.sralite,3042830531,2020-06-24 03:08:23,35aa46153416f2cd165654ebccc89cc9,1,SRA Lite,Primary ETL,1,s3://sra-pub-zq-1/SRR5087340/SRR5087340.sralite.1,s3.us-east-1,aws identity,https://sra-downloadb.be-md.ncbi.nlm.nih.gov/sos5/sra-pub-zq-14/SRR005/087/SRR5087340.sralite.1,https://sra-downloadb.be-md.ncbi.nlm.nih.gov/sos5/sra-pub-zq-14/SRR005/087/SRR5087340.sralite.1,worldwide,anonymous,gs://sra-pub-zq-104/SRR5087340/SRR5087340.zq.1,gs.us-east1,gcp identity,,,not applicable,,,,,cells,,Human,,,cell line,,,not applicable,"Prof. Dr. med Georg Bornkamm, HelmholtzZentrum Munich",,3.0,Biological replicate 3,,,,,,,,not determined,,,,,,,,,,,,,,,,,,,,,,,,,,,,,,,,,,,,,,,none,,,,,,,,,,,,,,,,,,,,,P493-6,B-cell,,,,,,,,,,,,,,,,,,,,,,,,,,,http://ftp.sra.ebi.ac.uk/vol1/fastq/SRR508/000/SRR5087340/SRR5087340.fastq.gz,,,era-fasp@fasp.sra.ebi.ac.uk:vol1/fastq/SRR508/000/SRR5087340/SRR5087340.fastq.gz,,,0
87,SRR5087341,SRP094753,IL10 and CpG stimulations of P493-6 cells,SRX2404594,"P493-6 cell line dox- and CpG-treated (MYC-low condition), replicate 3","P493-6 cell line dox- and CpG-treated (MYC-low condition), replicate 3",9606,Homo sapiens,P493-6 MYC-low CpG replicate 3,RNA-Seq,TRANSCRIPTOMIC,cDNA,SINGLE,SRS1843818,,SAMN06121180,PRJNA356698,Illumina HiSeq 2000,Illumina HiSeq 2000,ILLUMINA,80973813,5711344091,80973813,8178355113,Sample_r1073sMyclowCpGBatch3_hs_fq_sr_Kube_C_3.fastq.gz,SRR5087341.sralite,2211442313,2020-06-24 02:54:37,85a3f25f7e9c5e22799f78b3c9298145,1,SRA Lite,Primary ETL,1,s3://sra-pub-zq-1/SRR5087341/SRR5087341.sralite.1,s3.us-east-1,aws identity,https://sra-downloadb.be-md.ncbi.nlm.nih.gov/sos5/sra-pub-zq-14/SRR005/087/SRR5087341.sralite.1,https://sra-downloadb.be-md.ncbi.nlm.nih.gov/sos5/sra-pub-zq-14/SRR005/087/SRR5087341.sralite.1,worldwide,anonymous,gs://sra-pub-zq-104/SRR5087341/SRR5087341.zq.1,gs.us-east1,gcp identity,,,not applicable,,,,,cells,,Human,,,cell line,,,not applicable,"Prof. Dr. med Georg Bornkamm, HelmholtzZentrum Munich",,3.0,Biological replicate 3,,,,,,,,not determined,,,,,,,,,,,,,,,,,,,,,,,,,,,,,,,,,,,,,,,"1 ng/ml doxycycline for 16h; CpG (0.5 muM, ODN2006, Invivogen) for 24h.",,,,,,,,,,,,,,,,,,,,,P493-6,B-cell,,,,,,,,,,,,,,,,,,,,,,,,,,,http://ftp.sra.ebi.ac.uk/vol1/fastq/SRR508/001/SRR5087341/SRR5087341.fastq.gz,,,era-fasp@fasp.sra.ebi.ac.uk:vol1/fastq/SRR508/001/SRR5087341/SRR5087341.fastq.gz,,,1
88,SRR5087342,SRP094753,IL10 and CpG stimulations of P493-6 cells,SRX2404595,"P493-6 cell line dox-treated (MYC-low condition), replicate 3","P493-6 cell line dox-treated (MYC-low condition), replicate 3",9606,Homo sapiens,P493-6 MYC-low replicate 3,RNA-Seq,TRANSCRIPTOMIC,cDNA,SINGLE,SRS1843819,,SAMN06121177,PRJNA356698,Illumina HiSeq 2000,Illumina HiSeq 2000,ILLUMINA,82033256,5812412185,82033256,8285358856,Sample_r1073sMyclow-ctrlBatch3_hs_fq_sr_Kube_A_3.fastq.gz,SRR5087342.sralite,2240009853,2020-06-24 02:55:48,2df32157a62a3dd5b0aff227f35794a5,1,SRA Lite,Primary ETL,1,s3://sra-pub-zq-1/SRR5087342/SRR5087342.sralite.1,s3.us-east-1,aws identity,https://sra-downloadb.be-md.ncbi.nlm.nih.gov/sos5/sra-pub-zq-14/SRR005/087/SRR5087342.sralite.1,https://sra-downloadb.be-md.ncbi.nlm.nih.gov/sos5/sra-pub-zq-14/SRR005/087/SRR5087342.sralite.1,worldwide,anonymous,gs://sra-pub-zq-103/SRR5087342/SRR5087342.zq.1,gs.us-east1,gcp identity,,,not applicable,,,,,cells,,Human,,,cell line,,,not applicable,"Prof. Dr. med Georg Bornkamm, HelmholtzZentrum Munich",,3.0,Biological replicate 3,,,,,,,,not determined,,,,,,,,,,,,,,,,,,,,,,,,,,,,,,,,,,,,,,,1 ng/ml doxycycline,,,,,,,,,,,,,,,,,,,,,P493-6,B-cell,,,,,,,,,,,,,,,,,,,,,,,,,,,http://ftp.sra.ebi.ac.uk/vol1/fastq/SRR508/002/SRR5087342/SRR5087342.fastq.gz,,,era-fasp@fasp.sra.ebi.ac.uk:vol1/fastq/SRR508/002/SRR5087342/SRR5087342.fastq.gz,,,1
89,SRR5087343,SRP094753,IL10 and CpG stimulations of P493-6 cells,SRX2404596,"P493-6 cell line dox- and IL10-treated (MYC-low condition), replicate 1","P493-6 cell line dox- and IL10-treated (MYC-low condition), replicate 1",9606,Homo sapiens,P493-6 MYC-low IL10 replicate 1,RNA-Seq,TRANSCRIPTOMIC,cDNA,SINGLE,SRS1843820,,SAMN06121181,PRJNA356698,Illumina HiSeq 2000,Illumina HiSeq 2000,ILLUMINA,41835563,2875441811,41835563,4225391863,Sample_r1073sMyclowIL10Batch1_hs_fq_sr_Kube_B_1.fastq.gz,SRR5087343.sralite,1142379395,2020-06-22 13:24:01,6e98bdd57da74eab9e87c7c1b1b5e82b,1,SRA Lite,Primary ETL,1,s3://sra-pub-zq-1/SRR5087343/SRR5087343.sralite.1,s3.us-east-1,aws identity,https://sra-downloadb.be-md.ncbi.nlm.nih.gov/sos5/sra-pub-zq-14/SRR005/087/SRR5087343.sralite.1,https://sra-downloadb.be-md.ncbi.nlm.nih.gov/sos5/sra-pub-zq-14/SRR005/087/SRR5087343.sralite.1,worldwide,anonymous,gs://sra-pub-zq-103/SRR5087343/SRR5087343.zq.1,gs.us-east1,gcp identity,,,not applicable,,,,,cells,,Human,,,cell line,,,not applicable,"Prof. Dr. med Georg Bornkamm, HelmholtzZentrum Munich",,1.0,Biological replicate 1,,,,,,,,not determined,,,,,,,,,,,,,,,,,,,,,,,,,,,,,,,,,,,,,,,"1 ng/ml doxycycline for 16h; IL10 (25ng/ml, Peprotech) for 24h.",,,,,,,,,,,,,,,,,,,,,P493-5,B-cell,,,,,,,,,,,,,,,,,,,,,,,,,,,http://ftp.sra.ebi.ac.uk/vol1/fastq/SRR508/003/SRR5087343/SRR5087343.fastq.gz,,,era-fasp@fasp.sra.ebi.ac.uk:vol1/fastq/SRR508/003/SRR5087343/SRR5087343.fastq.gz,,,1
90,SRR5087344,SRP094753,IL10 and CpG stimulations of P493-6 cells,SRX2404597,"P493-6 cell line dox- and IL10-treated (MYC-low condition), replicate 2","P493-6 cell line dox- and IL10-treated (MYC-low condition), replicate 2",9606,Homo sapiens,P493-6 MYC-low IL10 replicate 2,RNA-Seq,TRANSCRIPTOMIC,cDNA,SINGLE,SRS1843821,,SAMN06121182,PRJNA356698,Illumina HiSeq 2000,Illumina HiSeq 2000,ILLUMINA,35186142,2397974759,35186142,3553800342,Sample_r1073sMyclowIL10Batch2_hs_fq_sr_Kube_B_2.fastq.gz,SRR5087344.sralite,962333069,2020-06-22 13:21:02,6600c1c15c4ae05d82d473145d64cc7c,1,SRA Lite,Primary ETL,1,s3://sra-pub-zq-1/SRR5087344/SRR5087344.sralite.1,s3.us-east-1,aws identity,https://sra-downloadb.be-md.ncbi.nlm.nih.gov/sos5/sra-pub-zq-14/SRR005/087/SRR5087344.sralite.1,https://sra-downloadb.be-md.ncbi.nlm.nih.gov/sos5/sra-pub-zq-14/SRR005/087/SRR5087344.sralite.1,worldwide,anonymous,gs://sra-pub-zq-104/SRR5087344/SRR5087344.zq.1,gs.us-east1,gcp identity,,,not applicable,,,,,cells,,Human,,,cell line,,,not applicable,"Prof. Dr. med Georg Bornkamm, HelmholtzZentrum Munich",,2.0,Biological replicate 2,,,,,,,,not determined,,,,,,,,,,,,,,,,,,,,,,,,,,,,,,,,,,,,,,,"1 ng/ml doxycycline for 16h; IL10 (25ng/ml, Peprotech) for 24h.",,,,,,,,,,,,,,,,,,,,,P493-5,B-cell,,,,,,,,,,,,,,,,,,,,,,,,,,,http://ftp.sra.ebi.ac.uk/vol1/fastq/SRR508/004/SRR5087344/SRR5087344.fastq.gz,,,era-fasp@fasp.sra.ebi.ac.uk:vol1/fastq/SRR508/004/SRR5087344/SRR5087344.fastq.gz,,,0
91,SRR5087358,SRP094756,Gene expression changes after microenvironmental stimuli of a B-cell model,SRX2404609,"P493-6 cell line, dox-treated, IL10 treated","P493-6 cell line, dox-treated, IL10 treated",9606,Homo sapiens,P493-6 dox IL10 replicate 2,RNA-Seq,TRANSCRIPTOMIC,cDNA,SINGLE,SRS1843831,,SAMN06121397,PRJNA312050,Illumina HiSeq 2000,Illumina HiSeq 2000,ILLUMINA,24486771,1632825507,24486771,2473163871,Sample_r738s82_hs_fq_sr_Kube_CE_1.fq.gz,SRR5087358.sralite,676565189,2020-06-21 13:54:33,8bd79af0d5abf27d0d3b153ae5e62550,1,SRA Lite,Primary ETL,1,s3://sra-pub-zq-8/SRR5087358/SRR5087358.sralite.1,s3.us-east-1,aws identity,https://sra-downloadb.be-md.ncbi.nlm.nih.gov/sos5/sra-pub-zq-14/SRR005/087/SRR5087358.sralite.1,https://sra-downloadb.be-md.ncbi.nlm.nih.gov/sos5/sra-pub-zq-14/SRR005/087/SRR5087358.sralite.1,worldwide,anonymous,gs://sra-pub-zq-102/SRR5087358/SRR5087358.zq.1,gs.us-east1,gcp identity,,,not applicable,,,,,cells,,Human,,,cell line,,,not applicable,"Prof. Dr. med Georg Bornkamm, HelmholtzZentrum Munich",,,Biological replicate 2,,,,,,,,not determined,,,,,,,,,,,,,,,,,,,,,,,,,,,,,,,,,,,,,,,"1 ng/ml doxycycline for 16h; IL10 (25ng/ml, Peprotech) , for 24h.",,,,,,,,,,,,,,,,,,,,,P493-5,B-cell,,,,,,,,,,,,,,,,,,,,,,,,,,,http://ftp.sra.ebi.ac.uk/vol1/fastq/SRR508/008/SRR5087358/SRR5087358.fastq.gz,,,era-fasp@fasp.sra.ebi.ac.uk:vol1/fastq/SRR508/008/SRR5087358/SRR5087358.fastq.gz,,,1
92,SRR5087359,SRP094756,Gene expression changes after microenvironmental stimuli of a B-cell model,SRX2404610,"P493-6 cell line, dox-treated","P493-6 cell line, dox-treated",9606,Homo sapiens,P493-6 dox replicate 10,RNA-Seq,TRANSCRIPTOMIC,cDNA,SINGLE,SRS1843832,,SAMN06121387,PRJNA312050,Illumina HiSeq 2000,Illumina HiSeq 2000,ILLUMINA,15854261,1027773361,15854261,1601280361,Sample_r738s93_hs_rna_sr_Kube_CP_1.fq.gz,SRR5087359.sralite,436730242,2020-06-21 13:46:30,cb4c121edfdee0f6b4be67ccb9732250,1,SRA Lite,Primary ETL,1,s3://sra-pub-zq-5/SRR5087359/SRR5087359.sralite.1,s3.us-east-1,aws identity,https://sra-downloadb.be-md.ncbi.nlm.nih.gov/sos5/sra-pub-zq-14/SRR005/087/SRR5087359.sralite.1,https://sra-downloadb.be-md.ncbi.nlm.nih.gov/sos5/sra-pub-zq-14/SRR005/087/SRR5087359.sralite.1,worldwide,anonymous,gs://sra-pub-zq-104/SRR5087359/SRR5087359.zq.1,gs.us-east1,gcp identity,,,not applicable,,,,,cells,,Human,,,cell line,,,not applicable,"Prof. Dr. med Georg Bornkamm, HelmholtzZentrum Munich",,,Biological replicate 10,,,,,,,,not determined,,,,,,,,,,,,,,,,,,,,,,,,,,,,,,,,,,,,,,,1 ng/ml doxycycline,,,,,,,,,,,,,,,,,,,,,P493-6,B-cell,,,,,,,,,,,,,,,,,,,,,,,,,,,http://ftp.sra.ebi.ac.uk/vol1/fastq/SRR508/009/SRR5087359/SRR5087359.fastq.gz,,,era-fasp@fasp.sra.ebi.ac.uk:vol1/fastq/SRR508/009/SRR5087359/SRR5087359.fastq.gz,,,0
93,SRR5087360,SRP094756,Gene expression changes after microenvironmental stimuli of a B-cell model,SRX2404611,"P493-6 cell line, dox-treated, rhIGF treated","P493-6 cell line, dox-treated, rhIGF treated",9606,Homo sapiens,P493-6 dox rhIGF replicate 2,RNA-Seq,TRANSCRIPTOMIC,cDNA,SINGLE,SRS1843833,,SAMN06121395,PRJNA312050,Illumina HiSeq 2000,Illumina HiSeq 2000,ILLUMINA,28659373,1793843350,28659373,2894596673,Sample_r738s62_hs_rna_sr_Kube_BK_1.fq.gz,SRR5087360.sralite,785577650,2020-06-21 13:55:14,faaa78940bb0c3d3b1f2d8455c4ad629,1,SRA Lite,Primary ETL,1,s3://sra-pub-zq-6/SRR5087360/SRR5087360.sralite.1,s3.us-east-1,aws identity,https://sra-downloadb.be-md.ncbi.nlm.nih.gov/sos5/sra-pub-zq-14/SRR005/087/SRR5087360.sralite.1,https://sra-downloadb.be-md.ncbi.nlm.nih.gov/sos5/sra-pub-zq-14/SRR005/087/SRR5087360.sralite.1,worldwide,anonymous,gs://sra-pub-zq-102/SRR5087360/SRR5087360.zq.1,gs.us-east1,gcp identity,,,not applicable,,,,,cells,,Human,,,cell line,,,not applicable,"Prof. Dr. med Georg Bornkamm, HelmholtzZentrum Munich",,,Biological replicate 2,,,,,,,,not determined,,,,,,,,,,,,,,,,,,,,,,,,,,,,,,,,,,,,,,,"1 ng/ml doxycycline for 16h; rhIGF-1 (100ng/ml, Peprotech) , for 24h.",,,,,,,,,,,,,,,,,,,,,P493-5,B-cell,,,,,,,,,,,,,,,,,,,,,,,,,,,http://ftp.sra.ebi.ac.uk/vol1/fastq/SRR508/000/SRR5087360/SRR5087360.fastq.gz,,,era-fasp@fasp.sra.ebi.ac.uk:vol1/fastq/SRR508/000/SRR5087360/SRR5087360.fastq.gz,,,1
94,SRR5087361,SRP094756,Gene expression changes after microenvironmental stimuli of a B-cell model,SRX2404612,"P493-6 cell line, dox-treated, environmental stimuli","P493-6 cell line, dox-treated, environmental stimuli",9606,Homo sapiens,P493-6 combination 10,RNA-Seq,TRANSCRIPTOMIC,cDNA,SINGLE,SRS1843834,,SAMN06121407,PRJNA312050,Illumina HiSeq 2000,Illumina HiSeq 2000,ILLUMINA,23912539,1517809678,23912539,2415166439,Sample_r738s38_hs_fq_sr_Kube_AL_1.fq.gz,SRR5087361.sralite,660824488,2020-06-21 13:51:37,fafcef8e3f8a85875a5208815fed39b5,1,SRA Lite,Primary ETL,1,s3://sra-pub-zq-6/SRR5087361/SRR5087361.sralite.1,s3.us-east-1,aws identity,https://sra-downloadb.be-md.ncbi.nlm.nih.gov/sos5/sra-pub-zq-14/SRR005/087/SRR5087361.sralite.1,https://sra-downloadb.be-md.ncbi.nlm.nih.gov/sos5/sra-pub-zq-14/SRR005/087/SRR5087361.sralite.1,worldwide,anonymous,gs://sra-pub-zq-102/SRR5087361/SRR5087361.zq.1,gs.us-east1,gcp identity,,,not applicable,,,,,cells,,Human,,,cell line,,,not applicable,"Prof. Dr. med Georg Bornkamm, HelmholtzZentrum Munich",,,Biological replicate 1,,,,,,,,not determined,,,,,,,,,,,,,,,,,,,,,,,,,,,,,,,,,,,,,,,"1 ng/ml doxycycline for 16h; sCD40L (100ng/ml, AutogenBioclear) , a-IgM F(ab)2 fragments (130ng/ml, Jackson ImmunoResearch) , rhIGF-1 (20ng/ml, Peprotech) , CpG (0.1muM, ODN2006, Invivogen) , for 24h.",,,,,,,,,,,,,,,,,,,,,P493-5,B-cell,,,,,,,,,,,,,,,,,,,,,,,,,,,http://ftp.sra.ebi.ac.uk/vol1/fastq/SRR508/001/SRR5087361/SRR5087361.fastq.gz,,,era-fasp@fasp.sra.ebi.ac.uk:vol1/fastq/SRR508/001/SRR5087361/SRR5087361.fastq.gz,,,0
95,SRR5087362,SRP094756,Gene expression changes after microenvironmental stimuli of a B-cell model,SRX2404613,"P493-6 cell line, untreated","P493-6 cell line, untreated",9606,Homo sapiens,P493-6 untreated replicate 1,RNA-Seq,TRANSCRIPTOMIC,cDNA,SINGLE,SRS1843835,,SAMN06121368,PRJNA312050,Illumina HiSeq 2000,Illumina HiSeq 2000,ILLUMINA,31308940,1941000296,31308940,3162202940,Sample_r738s4_hs_rna_sr_Kube_D_1.fq.gz,SRR5087362.sralite,857401187,2020-06-21 13:54:18,02afe65ca4229afef09c634f61c67716,1,SRA Lite,Primary ETL,1,s3://sra-pub-zq-7/SRR5087362/SRR5087362.sralite.1,s3.us-east-1,aws identity,https://sra-downloadb.be-md.ncbi.nlm.nih.gov/sos5/sra-pub-zq-14/SRR005/087/SRR5087362.sralite.1,https://sra-downloadb.be-md.ncbi.nlm.nih.gov/sos5/sra-pub-zq-14/SRR005/087/SRR5087362.sralite.1,worldwide,anonymous,gs://sra-pub-zq-104/SRR5087362/SRR5087362.zq.1,gs.us-east1,gcp identity,,,not applicable,,,,,cells,,Human,,,cell line,,,not applicable,"Prof. Dr. med Georg Bornkamm, HelmholtzZentrum Munich",,,Biological replicate 1,,,,,,,,not determined,,,,,,,,,,,,,,,,,,,,,,,,,,,,,,,,,,,,,,,none,,,,,,,,,,,,,,,,,,,,,P493-6,B-cell,,,,,,,,,,,,,,,,,,,,,,,,,,,http://ftp.sra.ebi.ac.uk/vol1/fastq/SRR508/002/SRR5087362/SRR5087362.fastq.gz,,,era-fasp@fasp.sra.ebi.ac.uk:vol1/fastq/SRR508/002/SRR5087362/SRR5087362.fastq.gz,,,1
96,SRR5087363,SRP094756,Gene expression changes after microenvironmental stimuli of a B-cell model,SRX2404614,"P493-6 cell line, dox-treated, environmental stimuli","P493-6 cell line, dox-treated, environmental stimuli",9606,Homo sapiens,P493-6 combination 5,RNA-Seq,TRANSCRIPTOMIC,cDNA,SINGLE,SRS1843836,,SAMN06121402,PRJNA312050,Illumina HiSeq 2000,Illumina HiSeq 2000,ILLUMINA,26798620,1660822677,26798620,2706660620,Sample_r738s19_hs_fq_sr_Kube_S_1.fq.gz,SRR5087363.sralite,740172010,2020-06-21 13:53:57,04af001d97715dc527ef312594af4203,1,SRA Lite,Primary ETL,1,s3://sra-pub-zq-7/SRR5087363/SRR5087363.sralite.1,s3.us-east-1,aws identity,https://sra-downloadb.be-md.ncbi.nlm.nih.gov/sos5/sra-pub-zq-14/SRR005/087/SRR5087363.sralite.1,https://sra-downloadb.be-md.ncbi.nlm.nih.gov/sos5/sra-pub-zq-14/SRR005/087/SRR5087363.sralite.1,worldwide,anonymous,gs://sra-pub-zq-102/SRR5087363/SRR5087363.zq.1,gs.us-east1,gcp identity,,,not applicable,,,,,cells,,Human,,,cell line,,,not applicable,"Prof. Dr. med Georg Bornkamm, HelmholtzZentrum Munich",,,Biological replicate 1,,,,,,,,not determined,,,,,,,,,,,,,,,,,,,,,,,,,,,,,,,,,,,,,,,"1 ng/ml doxycycline for 16h; sCD40L (100ng/ml, AutogenBioclear) , a-IgM F(ab)2 fragments (26ng/ml, Jackson ImmunoResearch) , IL10 (25ng/ml, Peprotech) , for 24h.",,,,,,,,,,,,,,,,,,,,,P493-5,B-cell,,,,,,,,,,,,,,,,,,,,,,,,,,,http://ftp.sra.ebi.ac.uk/vol1/fastq/SRR508/003/SRR5087363/SRR5087363.fastq.gz,,,era-fasp@fasp.sra.ebi.ac.uk:vol1/fastq/SRR508/003/SRR5087363/SRR5087363.fastq.gz,,,0
97,SRR5087364,SRP094756,Gene expression changes after microenvironmental stimuli of a B-cell model,SRX2404615,"P493-6 cell line, dox-treated, environmental stimuli","P493-6 cell line, dox-treated, environmental stimuli",9606,Homo sapiens,P493-6 combination 21,RNA-Seq,TRANSCRIPTOMIC,cDNA,SINGLE,SRS1843837,,SAMN06121418,PRJNA312050,Illumina HiSeq 2000,Illumina HiSeq 2000,ILLUMINA,23663184,1549584467,23663184,2389981584,Sample_r738s70_hs_fq_sr_Kube_BS_1.fq.gz,SRR5087364.sralite,653990930,2020-06-21 13:50:48,d8f7fe84de9cca22d4a7a7667d2fd721,1,SRA Lite,Primary ETL,1,s3://sra-pub-zq-8/SRR5087364/SRR5087364.sralite.1,s3.us-east-1,aws identity,https://sra-downloadb.be-md.ncbi.nlm.nih.gov/sos5/sra-pub-zq-14/SRR005/087/SRR5087364.sralite.1,https://sra-downloadb.be-md.ncbi.nlm.nih.gov/sos5/sra-pub-zq-14/SRR005/087/SRR5087364.sralite.1,worldwide,anonymous,gs://sra-pub-zq-103/SRR5087364/SRR5087364.zq.1,gs.us-east1,gcp identity,,,not applicable,,,,,cells,,Human,,,cell line,,,not applicable,"Prof. Dr. med Georg Bornkamm, HelmholtzZentrum Munich",,,Biological replicate 1,,,,,,,,not determined,,,,,,,,,,,,,,,,,,,,,,,,,,,,,,,,,,,,,,,"1 ng/ml doxycycline for 16h; sCD40L (100ng/ml, AutogenBioclear) , a-IgM F(ab)2 fragments (130ng/ml, Jackson ImmunoResearch) , CpG (0.5muM, ODN2006, Invivogen) , for 24h.",,,,,,,,,,,,,,,,,,,,,P493-5,B-cell,,,,,,,,,,,,,,,,,,,,,,,,,,,http://ftp.sra.ebi.ac.uk/vol1/fastq/SRR508/004/SRR5087364/SRR5087364.fastq.gz,,,era-fasp@fasp.sra.ebi.ac.uk:vol1/fastq/SRR508/004/SRR5087364/SRR5087364.fastq.gz,,,1
98,SRR5087365,SRP094756,Gene expression changes after microenvironmental stimuli of a B-cell model,SRX2404616,"P493-6 cell line, dox-treated, environmental stimuli","P493-6 cell line, dox-treated, environmental stimuli",9606,Homo sapiens,P493-6 combination 18,RNA-Seq,TRANSCRIPTOMIC,cDNA,SINGLE,SRS1843838,,SAMN06121415,PRJNA312050,Illumina HiSeq 2000,Illumina HiSeq 2000,ILLUMINA,23051229,1497269617,23051229,2328174129,Sample_r738s60_hs_fq_sr_Kube_BH_1.fq.gz,SRR5087365.sralite,637133418,2020-06-21 13:48:57,8d0905c7a17c9d7527aabd78d3eac2d4,1,SRA Lite,Primary ETL,1,s3://sra-pub-zq-9/SRR5087365/SRR5087365.sralite.1,s3.us-east-1,aws identity,https://sra-downloadb.be-md.ncbi.nlm.nih.gov/sos5/sra-pub-zq-14/SRR005/087/SRR5087365.sralite.1,https://sra-downloadb.be-md.ncbi.nlm.nih.gov/sos5/sra-pub-zq-14/SRR005/087/SRR5087365.sralite.1,worldwide,anonymous,gs://sra-pub-zq-104/SRR5087365/SRR5087365.zq.1,gs.us-east1,gcp identity,,,not applicable,,,,,cells,,Human,,,cell line,,,not applicable,"Prof. Dr. med Georg Bornkamm, HelmholtzZentrum Munich",,,Biological replicate 1,,,,,,,,not determined,,,,,,,,,,,,,,,,,,,,,,,,,,,,,,,,,,,,,,,"1 ng/ml doxycycline for 16h; sCD40L (20ng/ml, AutogenBioclear) , rhIGF-1 (100ng/ml, Peprotech) , CpG (0.1muM, ODN2006, Invivogen) , IL10 (25ng/ml, Peprotech) , for 24h.",,,,,,,,,,,,,,,,,,,,,P493-5,B-cell,,,,,,,,,,,,,,,,,,,,,,,,,,,http://ftp.sra.ebi.ac.uk/vol1/fastq/SRR508/005/SRR5087365/SRR5087365.fastq.gz,,,era-fasp@fasp.sra.ebi.ac.uk:vol1/fastq/SRR508/005/SRR5087365/SRR5087365.fastq.gz,,,0
99,SRR5087366,SRP094756,Gene expression changes after microenvironmental stimuli of a B-cell model,SRX2404617,"P493-6 cell line, dox-treated, environmental stimuli","P493-6 cell line, dox-treated, environmental stimuli",9606,Homo sapiens,P493-6 combination 9,RNA-Seq,TRANSCRIPTOMIC,cDNA,SINGLE,SRS1843839,,SAMN06121406,PRJNA312050,Illumina HiSeq 2000,Illumina HiSeq 2000,ILLUMINA,47618614,2952994864,47618614,4809480014,Sample_r738s30_hs_rna_sr_Kube_AD_1.fq.gz,SRR5087366.sralite,1298213527,2020-06-24 02:40:17,bd0fcdd9ed25ec5a4cd8b58539fba77c,1,SRA Lite,Primary ETL,1,s3://sra-pub-zq-1/SRR5087366/SRR5087366.sralite.1,s3.us-east-1,aws identity,https://sra-downloadb.be-md.ncbi.nlm.nih.gov/sos5/sra-pub-zq-14/SRR005/087/SRR5087366.sralite.1,https://sra-downloadb.be-md.ncbi.nlm.nih.gov/sos5/sra-pub-zq-14/SRR005/087/SRR5087366.sralite.1,worldwide,anonymous,gs://sra-pub-zq-103/SRR5087366/SRR5087366.zq.1,gs.us-east1,gcp identity,,,not applicable,,,,,cells,,Human,,,cell line,,,not applicable,"Prof. Dr. med Georg Bornkamm, HelmholtzZentrum Munich",,,Biological replicate 1,,,,,,,,not determined,,,,,,,,,,,,,,,,,,,,,,,,,,,,,,,,,,,,,,,"1 ng/ml doxycycline for 16h; sCD40L (20ng/ml, AutogenBioclear) , a-IgM F(ab)2 fragments (130ng/ml, Jackson ImmunoResearch) , rhIGF-1 (20ng/ml, Peprotech) , CpG (0.1muM, ODN2006, Invivogen) , IL10 (5ng/ml, Peprotech) , for 24h.",,,,,,,,,,,,,,,,,,,,,P493-5,B-cell,,,,,,,,,,,,,,,,,,,,,,,,,,,http://ftp.sra.ebi.ac.uk/vol1/fastq/SRR508/006/SRR5087366/SRR5087366.fastq.gz,,,era-fasp@fasp.sra.ebi.ac.uk:vol1/fastq/SRR508/006/SRR5087366/SRR5087366.fastq.gz,,,0
100,SRR5087367,SRP094756,Gene expression changes after microenvironmental stimuli of a B-cell model,SRX2404618,"P493-6 cell line, dox-treated","P493-6 cell line, dox-treated",9606,Homo sapiens,P493-6 dox replicate 2,RNA-Seq,TRANSCRIPTOMIC,cDNA,SINGLE,SRS1843840,,SAMN06121379,PRJNA312050,Illumina HiSeq 2000,Illumina HiSeq 2000,ILLUMINA,30601612,1930579734,30601612,3090762812,Sample_r738s13_hs_rna_sr_Kube_M_1.fq.gz,SRR5087367.sralite,838190225,2020-06-21 13:54:22,009db8740efe1cf7f5ac5735388dd11d,1,SRA Lite,Primary ETL,1,s3://sra-pub-zq-5/SRR5087367/SRR5087367.sralite.1,s3.us-east-1,aws identity,https://sra-downloadb.be-md.ncbi.nlm.nih.gov/sos5/sra-pub-zq-14/SRR005/087/SRR5087367.sralite.1,https://sra-downloadb.be-md.ncbi.nlm.nih.gov/sos5/sra-pub-zq-14/SRR005/087/SRR5087367.sralite.1,worldwide,anonymous,gs://sra-pub-zq-103/SRR5087367/SRR5087367.zq.1,gs.us-east1,gcp identity,,,not applicable,,,,,cells,,Human,,,cell line,,,not applicable,"Prof. Dr. med Georg Bornkamm, HelmholtzZentrum Munich",,,Biological replicate 2,,,,,,,,not determined,,,,,,,,,,,,,,,,,,,,,,,,,,,,,,,,,,,,,,,1 ng/ml doxycycline,,,,,,,,,,,,,,,,,,,,,P493-6,B-cell,,,,,,,,,,,,,,,,,,,,,,,,,,,http://ftp.sra.ebi.ac.uk/vol1/fastq/SRR508/007/SRR5087367/SRR5087367.fastq.gz,,,era-fasp@fasp.sra.ebi.ac.uk:vol1/fastq/SRR508/007/SRR5087367/SRR5087367.fastq.gz,,,0
101,SRR5087368,SRP094756,Gene expression changes after microenvironmental stimuli of a B-cell model,SRX2404619,"P493-6 cell line, dox-treated, environmental stimuli","P493-6 cell line, dox-treated, environmental stimuli",9606,Homo sapiens,P493-6 combination 24,RNA-Seq,TRANSCRIPTOMIC,cDNA,SINGLE,SRS1843841,,SAMN06121421,PRJNA312050,Illumina HiSeq 2000,Illumina HiSeq 2000,ILLUMINA,38527698,2545274312,38527698,3891297498,Sample_r738s80_hs_fq_sr_Kube_CC_1.fq.gz,SRR5087368.sralite,1062622376,2020-06-22 13:23:08,75686b6281ad8d97b19deaaaee72a59f,1,SRA Lite,Primary ETL,1,s3://sra-pub-zq-1/SRR5087368/SRR5087368.sralite.1,s3.us-east-1,aws identity,https://sra-downloadb.be-md.ncbi.nlm.nih.gov/sos5/sra-pub-zq-14/SRR005/087/SRR5087368.sralite.1,https://sra-downloadb.be-md.ncbi.nlm.nih.gov/sos5/sra-pub-zq-14/SRR005/087/SRR5087368.sralite.1,worldwide,anonymous,gs://sra-pub-zq-103/SRR5087368/SRR5087368.zq.1,gs.us-east1,gcp identity,,,not applicable,,,,,cells,,Human,,,cell line,,,not applicable,"Prof. Dr. med Georg Bornkamm, HelmholtzZentrum Munich",,,Biological replicate 1,,,,,,,,not determined,,,,,,,,,,,,,,,,,,,,,,,,,,,,,,,,,,,,,,,"1 ng/ml doxycycline for 16h; sCD40L (20ng/ml, AutogenBioclear) , a-IgM F(ab)2 fragments (26ng/ml, Jackson ImmunoResearch) , rhIGF-1 (20ng/ml, Peprotech) , CpG (0.5muM, ODN2006, Invivogen) , IL10 (25ng/ml, Peprotech) , for 24h.",,,,,,,,,,,,,,,,,,,,,P493-4,B-cell,,,,,,,,,,,,,,,,,,,,,,,,,,,http://ftp.sra.ebi.ac.uk/vol1/fastq/SRR508/008/SRR5087368/SRR5087368.fastq.gz,,,era-fasp@fasp.sra.ebi.ac.uk:vol1/fastq/SRR508/008/SRR5087368/SRR5087368.fastq.gz,,,0
102,SRR5087369,SRP094756,Gene expression changes after microenvironmental stimuli of a B-cell model,SRX2404620,"P493-6 cell line, untreated","P493-6 cell line, untreated",9606,Homo sapiens,P493-6 untreated replicate 4,RNA-Seq,TRANSCRIPTOMIC,cDNA,SINGLE,SRS1843842,,SAMN06121371,PRJNA312050,Illumina HiSeq 2000,Illumina HiSeq 2000,ILLUMINA,26574961,1688523182,26574961,2684071061,Sample_r738s34_hs_fq_sr_Kube_AH_1.fq.gz,SRR5087369.sralite,734092997,2020-06-21 14:01:09,131a3bbd7c06d7faffa04e59d552c919,1,SRA Lite,Primary ETL,1,s3://sra-pub-zq-9/SRR5087369/SRR5087369.sralite.1,s3.us-east-1,aws identity,https://sra-downloadb.be-md.ncbi.nlm.nih.gov/sos5/sra-pub-zq-14/SRR005/087/SRR5087369.sralite.1,https://sra-downloadb.be-md.ncbi.nlm.nih.gov/sos5/sra-pub-zq-14/SRR005/087/SRR5087369.sralite.1,worldwide,anonymous,gs://sra-pub-zq-103/SRR5087369/SRR5087369.zq.1,gs.us-east1,gcp identity,,,not applicable,,,,,cells,,Human,,,cell line,,,not applicable,"Prof. Dr. med Georg Bornkamm, HelmholtzZentrum Munich",,,Biological replicate 4,,,,,,,,not determined,,,,,,,,,,,,,,,,,,,,,,,,,,,,,,,,,,,,,,,none,,,,,,,,,,,,,,,,,,,,,P493-6,B-cell,,,,,,,,,,,,,,,,,,,,,,,,,,,http://ftp.sra.ebi.ac.uk/vol1/fastq/SRR508/009/SRR5087369/SRR5087369.fastq.gz,,,era-fasp@fasp.sra.ebi.ac.uk:vol1/fastq/SRR508/009/SRR5087369/SRR5087369.fastq.gz,,,0
103,SRR5087370,SRP094756,Gene expression changes after microenvironmental stimuli of a B-cell model,SRX2404621,"P493-6 cell line, untreated","P493-6 cell line, untreated",9606,Homo sapiens,P493-6 untreated replicate 10,RNA-Seq,TRANSCRIPTOMIC,cDNA,SINGLE,SRS1843843,,SAMN06121377,PRJNA312050,Illumina HiSeq 2000,Illumina HiSeq 2000,ILLUMINA,40903473,2714667815,40903473,4131250773,Sample_r738s94_hs_fq_sr_Kube_CQ_1.fq.gz,Sample_r738s94_hs_fq_sr_Kube_CQ_1.fq.gz,3364073864,2020-04-03 00:48:33,2a9a9cd075f6e12d6eceaa6edf9e273c,1,fastq,Original,0,s3://sra-pub-src-7/SRR5087370/Sample_r738s94_hs_fq_sr_Kube_CQ_1.fq.gz,-,Use Cloud Data Delivery,https://sra-downloadb.be-md.ncbi.nlm.nih.gov/sos5/sra-pub-zq-14/SRR005/087/SRR5087370.sralite.1,https://sra-downloadb.be-md.ncbi.nlm.nih.gov/sos5/sra-pub-zq-14/SRR005/087/SRR5087370.sralite.1,worldwide,anonymous,gs://sra-pub-zq-103/SRR5087370/SRR5087370.zq.1,gs.us-east1,gcp identity,,,not applicable,,,,,cells,,Human,,,cell line,,,not applicable,"Prof. Dr. med Georg Bornkamm, HelmholtzZentrum Munich",,,Biological replicate 10,,,,,,,,not determined,,,,,,,,,,,,,,,,,,,,,,,,,,,,,,,,,,,,,,,none,,,,,,,,,,,,,,,,,,,,,P493-6,B-cell,,,,,,,,,,,,,,,,,,,,,,,,,,,http://ftp.sra.ebi.ac.uk/vol1/fastq/SRR508/000/SRR5087370/SRR5087370.fastq.gz,,,era-fasp@fasp.sra.ebi.ac.uk:vol1/fastq/SRR508/000/SRR5087370/SRR5087370.fastq.gz,,,0
104,SRR5087371,SRP094756,Gene expression changes after microenvironmental stimuli of a B-cell model,SRX2404622,"P493-6 cell line, untreated","P493-6 cell line, untreated",9606,Homo sapiens,P493-6 untreated replicate 3,RNA-Seq,TRANSCRIPTOMIC,cDNA,SINGLE,SRS1843844,,SAMN06121370,PRJNA312050,Illumina HiSeq 2000,Illumina HiSeq 2000,ILLUMINA,21150373,1337958096,21150373,2136187673,Sample_r738s24_hs_fq_sr_Kube_X_1.fq.gz,SRR5087371.sralite,584788972,2020-06-21 13:53:23,a57724ec1e7ef2b827eb315f2753e34a,1,SRA Lite,Primary ETL,1,s3://sra-pub-zq-9/SRR5087371/SRR5087371.sralite.1,s3.us-east-1,aws identity,https://sra-downloadb.be-md.ncbi.nlm.nih.gov/sos5/sra-pub-zq-14/SRR005/087/SRR5087371.sralite.1,https://sra-downloadb.be-md.ncbi.nlm.nih.gov/sos5/sra-pub-zq-14/SRR005/087/SRR5087371.sralite.1,worldwide,anonymous,gs://sra-pub-zq-104/SRR5087371/SRR5087371.zq.1,gs.us-east1,gcp identity,,,not applicable,,,,,cells,,Human,,,cell line,,,not applicable,"Prof. Dr. med Georg Bornkamm, HelmholtzZentrum Munich",,,Biological replicate 3,,,,,,,,not determined,,,,,,,,,,,,,,,,,,,,,,,,,,,,,,,,,,,,,,,none,,,,,,,,,,,,,,,,,,,,,P493-6,B-cell,,,,,,,,,,,,,,,,,,,,,,,,,,,http://ftp.sra.ebi.ac.uk/vol1/fastq/SRR508/001/SRR5087371/SRR5087371.fastq.gz,,,era-fasp@fasp.sra.ebi.ac.uk:vol1/fastq/SRR508/001/SRR5087371/SRR5087371.fastq.gz,,,0
105,SRR5087372,SRP094756,Gene expression changes after microenvironmental stimuli of a B-cell model,SRX2404623,"P493-6 cell line, untreated","P493-6 cell line, untreated",9606,Homo sapiens,P493-6 untreated replicate 9,RNA-Seq,TRANSCRIPTOMIC,cDNA,SINGLE,SRS1843845,,SAMN06121376,PRJNA312050,Illumina HiSeq 2000,Illumina HiSeq 2000,ILLUMINA,32882779,2177009363,32882779,3321160679,Sample_r738s84_hs_fq_sr_Kube_CG_1.fq.gz,SRR5087372.sralite,907499472,2020-06-22 13:21:11,70a8999315743168ce3257caf68646b5,1,SRA Lite,Primary ETL,1,s3://sra-pub-zq-6/SRR5087372/SRR5087372.sralite.1,s3.us-east-1,aws identity,https://sra-downloadb.be-md.ncbi.nlm.nih.gov/sos5/sra-pub-zq-14/SRR005/087/SRR5087372.sralite.1,https://sra-downloadb.be-md.ncbi.nlm.nih.gov/sos5/sra-pub-zq-14/SRR005/087/SRR5087372.sralite.1,worldwide,anonymous,gs://sra-pub-zq-102/SRR5087372/SRR5087372.zq.1,gs.us-east1,gcp identity,,,not applicable,,,,,cells,,Human,,,cell line,,,not applicable,"Prof. Dr. med Georg Bornkamm, HelmholtzZentrum Munich",,,Biological replicate 9,,,,,,,,not determined,,,,,,,,,,,,,,,,,,,,,,,,,,,,,,,,,,,,,,,none,,,,,,,,,,,,,,,,,,,,,P493-6,B-cell,,,,,,,,,,,,,,,,,,,,,,,,,,,http://ftp.sra.ebi.ac.uk/vol1/fastq/SRR508/002/SRR5087372/SRR5087372.fastq.gz,,,era-fasp@fasp.sra.ebi.ac.uk:vol1/fastq/SRR508/002/SRR5087372/SRR5087372.fastq.gz,,,0
106,SRR5087373,SRP094756,Gene expression changes after microenvironmental stimuli of a B-cell model,SRX2404624,"P493-6 cell line, dox-treated, environmental stimuli","P493-6 cell line, dox-treated, environmental stimuli",9606,Homo sapiens,P493-6 combination 11,RNA-Seq,TRANSCRIPTOMIC,cDNA,SINGLE,SRS1843846,,SAMN06121408,PRJNA312050,Illumina HiSeq 2000,Illumina HiSeq 2000,ILLUMINA,29757243,1885948169,29757243,3005481543,Sample_r738s39_hs_fq_sr_Kube_AM_1.fq.gz,SRR5087373.sralite,821607316,2020-06-22 13:20:46,528188c76aca528f05912ae8e45232a7,1,SRA Lite,Primary ETL,1,s3://sra-pub-zq-1/SRR5087373/SRR5087373.sralite.1,s3.us-east-1,aws identity,https://sra-downloadb.be-md.ncbi.nlm.nih.gov/sos5/sra-pub-zq-14/SRR005/087/SRR5087373.sralite.1,https://sra-downloadb.be-md.ncbi.nlm.nih.gov/sos5/sra-pub-zq-14/SRR005/087/SRR5087373.sralite.1,worldwide,anonymous,gs://sra-pub-zq-104/SRR5087373/SRR5087373.zq.1,gs.us-east1,gcp identity,,,not applicable,,,,,cells,,Human,,,cell line,,,not applicable,"Prof. Dr. med Georg Bornkamm, HelmholtzZentrum Munich",,,Biological replicate 1,,,,,,,,not determined,,,,,,,,,,,,,,,,,,,,,,,,,,,,,,,,,,,,,,,"1 ng/ml doxycycline for 16h; sCD40L (20ng/ml, AutogenBioclear) , a-IgM F(ab)2 fragments (130ng/ml, Jackson ImmunoResearch) , rhIGF-1 (100ng/ml, Peprotech) , CpG (0.1muM, ODN2006, Invivogen) , for 24h.",,,,,,,,,,,,,,,,,,,,,P493-5,B-cell,,,,,,,,,,,,,,,,,,,,,,,,,,,http://ftp.sra.ebi.ac.uk/vol1/fastq/SRR508/003/SRR5087373/SRR5087373.fastq.gz,,,era-fasp@fasp.sra.ebi.ac.uk:vol1/fastq/SRR508/003/SRR5087373/SRR5087373.fastq.gz,,,0
107,SRR5087374,SRP094756,Gene expression changes after microenvironmental stimuli of a B-cell model,SRX2404625,"P493-6 cell line, dox-treated, CpG treated","P493-6 cell line, dox-treated, CpG treated",9606,Homo sapiens,P493-6 dox CpG replicate 2,RNA-Seq,TRANSCRIPTOMIC,cDNA,SINGLE,SRS1843847,,SAMN06121393,PRJNA312050,Illumina HiSeq 2000,Illumina HiSeq 2000,ILLUMINA,18188984,1194739972,18188984,1837087384,Sample_r738s72_hs_fq_sr_Kube_BU_1.fq.gz,SRR5087374.sralite,503196581,2020-06-21 13:48:08,5b0903b94adc46d09b140349351615a4,1,SRA Lite,Primary ETL,1,s3://sra-pub-zq-7/SRR5087374/SRR5087374.sralite.1,s3.us-east-1,aws identity,https://sra-downloadb.be-md.ncbi.nlm.nih.gov/sos5/sra-pub-zq-14/SRR005/087/SRR5087374.sralite.1,https://sra-downloadb.be-md.ncbi.nlm.nih.gov/sos5/sra-pub-zq-14/SRR005/087/SRR5087374.sralite.1,worldwide,anonymous,gs://sra-pub-zq-103/SRR5087374/SRR5087374.zq.1,gs.us-east1,gcp identity,,,not applicable,,,,,cells,,Human,,,cell line,,,not applicable,"Prof. Dr. med Georg Bornkamm, HelmholtzZentrum Munich",,,Biological replicate 2,,,,,,,,not determined,,,,,,,,,,,,,,,,,,,,,,,,,,,,,,,,,,,,,,,"1 ng/ml doxycycline + CpG (0.5 muM, ODN2006, Invivogen)",,,,,,,,,,,,,,,,,,,,,P493-6,B-cell,,,,,,,,,,,,,,,,,,,,,,,,,,,http://ftp.sra.ebi.ac.uk/vol1/fastq/SRR508/004/SRR5087374/SRR5087374.fastq.gz,,,era-fasp@fasp.sra.ebi.ac.uk:vol1/fastq/SRR508/004/SRR5087374/SRR5087374.fastq.gz,,,1
108,SRR5087375,SRP094756,Gene expression changes after microenvironmental stimuli of a B-cell model,SRX2404626,"P493-6 cell line, dox-treated, environmental stimuli","P493-6 cell line, dox-treated, environmental stimuli",9606,Homo sapiens,P493-6 combination 23,RNA-Seq,TRANSCRIPTOMIC,cDNA,SINGLE,SRS1843848,,SAMN06121420,PRJNA312050,Illumina HiSeq 2000,Illumina HiSeq 2000,ILLUMINA,40365584,2642176624,40365584,4076923984,Sample_r738s79_hs_fq_sr_Kube_CB_1.fq.gz,SRR5087375.sralite,1113040655,2020-06-24 02:39:29,39bf6137a5be69e45f32edc9830be601,1,SRA Lite,Primary ETL,1,s3://sra-pub-zq-1/SRR5087375/SRR5087375.sralite.1,s3.us-east-1,aws identity,https://sra-downloadb.be-md.ncbi.nlm.nih.gov/sos5/sra-pub-zq-14/SRR005/087/SRR5087375.sralite.1,https://sra-downloadb.be-md.ncbi.nlm.nih.gov/sos5/sra-pub-zq-14/SRR005/087/SRR5087375.sralite.1,worldwide,anonymous,gs://sra-pub-zq-104/SRR5087375/SRR5087375.zq.1,gs.us-east1,gcp identity,,,not applicable,,,,,cells,,Human,,,cell line,,,not applicable,"Prof. Dr. med Georg Bornkamm, HelmholtzZentrum Munich",,,Biological replicate 1,,,,,,,,not determined,,,,,,,,,,,,,,,,,,,,,,,,,,,,,,,,,,,,,,,"1 ng/ml doxycycline for 16h; sCD40L (20ng/ml, AutogenBioclear) , a-IgM F(ab)2 fragments (26ng/ml, Jackson ImmunoResearch) , CpG (0.5muM, ODN2006, Invivogen) , IL10 (25ng/ml, Peprotech) , for 24h.",,,,,,,,,,,,,,,,,,,,,P493-4,B-cell,,,,,,,,,,,,,,,,,,,,,,,,,,,http://ftp.sra.ebi.ac.uk/vol1/fastq/SRR508/005/SRR5087375/SRR5087375.fastq.gz,,,era-fasp@fasp.sra.ebi.ac.uk:vol1/fastq/SRR508/005/SRR5087375/SRR5087375.fastq.gz,,,0
109,SRR5087376,SRP094756,Gene expression changes after microenvironmental stimuli of a B-cell model,SRX2404627,"P493-6 cell line, dox-treated, environmental stimuli","P493-6 cell line, dox-treated, environmental stimuli",9606,Homo sapiens,P493-6 combination 1,RNA-Seq,TRANSCRIPTOMIC,cDNA,SINGLE,SRS1843849,,SAMN06121398,PRJNA312050,Illumina HiSeq 2000,Illumina HiSeq 2000,ILLUMINA,30695361,1845261701,30695361,3100231461,Sample_r738s8_hs_rna_sr_Kube_H_1.fq.gz,SRR5087376.sralite,840666048,2020-06-22 13:19:57,966b3d29b129ffc89accc91c52f66e2b,1,SRA Lite,Primary ETL,1,s3://sra-pub-zq-6/SRR5087376/SRR5087376.sralite.1,s3.us-east-1,aws identity,https://sra-downloadb.be-md.ncbi.nlm.nih.gov/sos5/sra-pub-zq-14/SRR005/087/SRR5087376.sralite.1,https://sra-downloadb.be-md.ncbi.nlm.nih.gov/sos5/sra-pub-zq-14/SRR005/087/SRR5087376.sralite.1,worldwide,anonymous,gs://sra-pub-zq-102/SRR5087376/SRR5087376.zq.1,gs.us-east1,gcp identity,,,not applicable,,,,,cells,,Human,,,cell line,,,not applicable,"Prof. Dr. med Georg Bornkamm, HelmholtzZentrum Munich",,,Biological replicate 1,,,,,,,,not determined,,,,,,,,,,,,,,,,,,,,,,,,,,,,,,,,,,,,,,,"1 ng/ml doxycycline for 16h; sCD40L (100ng/ml, AutogenBioclear) , CpG (0.5muM, ODN2006, Invivogen) , IL10 (25ng/ml, Peprotech) , for 24h.",,,,,,,,,,,,,,,,,,,,,P493-5,B-cell,,,,,,,,,,,,,,,,,,,,,,,,,,,http://ftp.sra.ebi.ac.uk/vol1/fastq/SRR508/006/SRR5087376/SRR5087376.fastq.gz,,,era-fasp@fasp.sra.ebi.ac.uk:vol1/fastq/SRR508/006/SRR5087376/SRR5087376.fastq.gz,,,0
110,SRR5087377,SRP094756,Gene expression changes after microenvironmental stimuli of a B-cell model,SRX2404628,"P493-6 cell line, dox-treated, environmental stimuli","P493-6 cell line, dox-treated, environmental stimuli",9606,Homo sapiens,P493-6 combination 27,RNA-Seq,TRANSCRIPTOMIC,cDNA,SINGLE,SRS1843850,,SAMN06121424,PRJNA312050,Illumina HiSeq 2000,Illumina HiSeq 2000,ILLUMINA,38482675,2546037217,38482675,3886750175,Sample_r738s90_hs_fq_sr_Kube_CM_1.fq.gz,SRR5087377.sralite,1061255897,2020-06-24 02:34:52,33e9a1d69770010f5842bc0d36734bb3,1,SRA Lite,Primary ETL,1,s3://sra-pub-zq-1/SRR5087377/SRR5087377.sralite.1,s3.us-east-1,aws identity,https://sra-downloadb.be-md.ncbi.nlm.nih.gov/sos5/sra-pub-zq-14/SRR005/087/SRR5087377.sralite.1,https://sra-downloadb.be-md.ncbi.nlm.nih.gov/sos5/sra-pub-zq-14/SRR005/087/SRR5087377.sralite.1,worldwide,anonymous,gs://sra-pub-zq-104/SRR5087377/SRR5087377.zq.1,gs.us-east1,gcp identity,,,not applicable,,,,,cells,,Human,,,cell line,,,not applicable,"Prof. Dr. med Georg Bornkamm, HelmholtzZentrum Munich",,,Biological replicate 1,,,,,,,,not determined,,,,,,,,,,,,,,,,,,,,,,,,,,,,,,,,,,,,,,,"1 ng/ml doxycycline for 16h; sCD40L (100ng/ml, AutogenBioclear) , rhIGF-1 (100ng/ml, Peprotech) , CpG (0.1muM, ODN2006, Invivogen) , for 24h.",,,,,,,,,,,,,,,,,,,,,P493-4,B-cell,,,,,,,,,,,,,,,,,,,,,,,,,,,http://ftp.sra.ebi.ac.uk/vol1/fastq/SRR508/007/SRR5087377/SRR5087377.fastq.gz,,,era-fasp@fasp.sra.ebi.ac.uk:vol1/fastq/SRR508/007/SRR5087377/SRR5087377.fastq.gz,,,0
111,SRR5087378,SRP094756,Gene expression changes after microenvironmental stimuli of a B-cell model,SRX2404629,"P493-6 cell line, dox-treated, environmental stimuli","P493-6 cell line, dox-treated, environmental stimuli",9606,Homo sapiens,P493-6 combination 25,RNA-Seq,TRANSCRIPTOMIC,cDNA,SINGLE,SRS1843851,,SAMN06121422,PRJNA312050,Illumina HiSeq 2000,Illumina HiSeq 2000,ILLUMINA,35115053,2318655952,35115053,3546620353,Sample_r738s88_hs_fq_sr_Kube_CK_1.fq.gz,SRR5087378.sralite,968794308,2020-06-24 02:34:32,9b6f05d05194ecf37321779132f6e2d0,1,SRA Lite,Primary ETL,1,s3://sra-pub-zq-6/SRR5087378/SRR5087378.sralite.1,s3.us-east-1,aws identity,https://sra-downloadb.be-md.ncbi.nlm.nih.gov/sos5/sra-pub-zq-14/SRR005/087/SRR5087378.sralite.1,https://sra-downloadb.be-md.ncbi.nlm.nih.gov/sos5/sra-pub-zq-14/SRR005/087/SRR5087378.sralite.1,worldwide,anonymous,gs://sra-pub-zq-102/SRR5087378/SRR5087378.zq.1,gs.us-east1,gcp identity,,,not applicable,,,,,cells,,Human,,,cell line,,,not applicable,"Prof. Dr. med Georg Bornkamm, HelmholtzZentrum Munich",,,Biological replicate 1,,,,,,,,not determined,,,,,,,,,,,,,,,,,,,,,,,,,,,,,,,,,,,,,,,"1 ng/ml doxycycline for 16h; a-IgM F(ab)2 fragments (130ng/ml, Jackson ImmunoResearch) , rhIGF-1 (20ng/ml, Peprotech) , CpG (0.1muM, ODN2006, Invivogen) , for 24h.",,,,,,,,,,,,,,,,,,,,,P493-4,B-cell,,,,,,,,,,,,,,,,,,,,,,,,,,,http://ftp.sra.ebi.ac.uk/vol1/fastq/SRR508/008/SRR5087378/SRR5087378.fastq.gz,,,era-fasp@fasp.sra.ebi.ac.uk:vol1/fastq/SRR508/008/SRR5087378/SRR5087378.fastq.gz,,,0
112,SRR5087379,SRP094756,Gene expression changes after microenvironmental stimuli of a B-cell model,SRX2404630,"P493-6 cell line, dox-treated","P493-6 cell line, dox-treated",9606,Homo sapiens,P493-6 dox replicate 1,RNA-Seq,TRANSCRIPTOMIC,cDNA,SINGLE,SRS1843852,,SAMN06121378,PRJNA312050,Illumina HiSeq 2000,Illumina HiSeq 2000,ILLUMINA,33541416,2077475623,33541416,3387683016,Sample_r738s3_hs_fq_sr_Kube_C_1.fq.gz,SRR5087379.sralite,925489007,2020-06-24 02:35:16,85600b034244a3ca21b5d794b7c4fc6c,1,SRA Lite,Primary ETL,1,s3://sra-pub-zq-1/SRR5087379/SRR5087379.sralite.1,s3.us-east-1,aws identity,https://sra-downloadb.be-md.ncbi.nlm.nih.gov/sos5/sra-pub-zq-14/SRR005/087/SRR5087379.sralite.1,https://sra-downloadb.be-md.ncbi.nlm.nih.gov/sos5/sra-pub-zq-14/SRR005/087/SRR5087379.sralite.1,worldwide,anonymous,gs://sra-pub-zq-104/SRR5087379/SRR5087379.zq.1,gs.us-east1,gcp identity,,,not applicable,,,,,cells,,Human,,,cell line,,,not applicable,"Prof. Dr. med Georg Bornkamm, HelmholtzZentrum Munich",,,Biological replicate 1,,,,,,,,not determined,,,,,,,,,,,,,,,,,,,,,,,,,,,,,,,,,,,,,,,1 ng/ml doxycycline,,,,,,,,,,,,,,,,,,,,,P493-6,B-cell,,,,,,,,,,,,,,,,,,,,,,,,,,,http://ftp.sra.ebi.ac.uk/vol1/fastq/SRR508/009/SRR5087379/SRR5087379.fastq.gz,,,era-fasp@fasp.sra.ebi.ac.uk:vol1/fastq/SRR508/009/SRR5087379/SRR5087379.fastq.gz,,,0
113,SRR5087380,SRP094756,Gene expression changes after microenvironmental stimuli of a B-cell model,SRX2404631,"P493-6 cell line, untreated","P493-6 cell line, untreated",9606,Homo sapiens,P493-6 untreated replicate 7,RNA-Seq,TRANSCRIPTOMIC,cDNA,SINGLE,SRS1843853,,SAMN06121374,PRJNA312050,Illumina HiSeq 2000,Illumina HiSeq 2000,ILLUMINA,22871047,1498081948,22871047,2309975747,Sample_r738s64_hs_fq_sr_Kube_BM_1.fq.gz,SRR5087380.sralite,631240562,2020-06-21 13:51:22,48b9dbbe54ee127e2196dffe7a00d7b5,1,SRA Lite,Primary ETL,1,s3://sra-pub-zq-7/SRR5087380/SRR5087380.sralite.1,s3.us-east-1,aws identity,https://sra-downloadb.be-md.ncbi.nlm.nih.gov/sos5/sra-pub-zq-14/SRR005/087/SRR5087380.sralite.1,https://sra-downloadb.be-md.ncbi.nlm.nih.gov/sos5/sra-pub-zq-14/SRR005/087/SRR5087380.sralite.1,worldwide,anonymous,gs://sra-pub-zq-104/SRR5087380/SRR5087380.zq.1,gs.us-east1,gcp identity,,,not applicable,,,,,cells,,Human,,,cell line,,,not applicable,"Prof. Dr. med Georg Bornkamm, HelmholtzZentrum Munich",,,Biological replicate 7,,,,,,,,not determined,,,,,,,,,,,,,,,,,,,,,,,,,,,,,,,,,,,,,,,none,,,,,,,,,,,,,,,,,,,,,P493-6,B-cell,,,,,,,,,,,,,,,,,,,,,,,,,,,http://ftp.sra.ebi.ac.uk/vol1/fastq/SRR508/000/SRR5087380/SRR5087380.fastq.gz,,,era-fasp@fasp.sra.ebi.ac.uk:vol1/fastq/SRR508/000/SRR5087380/SRR5087380.fastq.gz,,,1
114,SRR5087381,SRP094756,Gene expression changes after microenvironmental stimuli of a B-cell model,SRX2404632,"P493-6 cell line, dox-treated, environmental stimuli","P493-6 cell line, dox-treated, environmental stimuli",9606,Homo sapiens,P493-6 combination 22,RNA-Seq,TRANSCRIPTOMIC,cDNA,SINGLE,SRS1843854,,SAMN06121419,PRJNA312050,Illumina HiSeq 2000,Illumina HiSeq 2000,ILLUMINA,37956557,2488847084,37956557,3833612257,Sample_r738s78_hs_fq_sr_Kube_CA_1.fq.gz,SRR5087381.sralite,1046924717,2020-06-22 13:19:33,f89b7269f6288cb7ea2dbdb506586689,1,SRA Lite,Primary ETL,1,s3://sra-pub-zq-6/SRR5087381/SRR5087381.sralite.1,s3.us-east-1,aws identity,https://sra-downloadb.be-md.ncbi.nlm.nih.gov/sos5/sra-pub-zq-14/SRR005/087/SRR5087381.sralite.1,https://sra-downloadb.be-md.ncbi.nlm.nih.gov/sos5/sra-pub-zq-14/SRR005/087/SRR5087381.sralite.1,worldwide,anonymous,gs://sra-pub-zq-102/SRR5087381/SRR5087381.zq.1,gs.us-east1,gcp identity,,,not applicable,,,,,cells,,Human,,,cell line,,,not applicable,"Prof. Dr. med Georg Bornkamm, HelmholtzZentrum Munich",,,Biological replicate 1,,,,,,,,not determined,,,,,,,,,,,,,,,,,,,,,,,,,,,,,,,,,,,,,,,"1 ng/ml doxycycline for 16h; a-IgM F(ab)2 fragments (130ng/ml, Jackson ImmunoResearch) , rhIGF-1 (100ng/ml, Peprotech) , CpG (0.5muM, ODN2006, Invivogen) , IL10 (25ng/ml, Peprotech) , for 24h.",,,,,,,,,,,,,,,,,,,,,P493-5,B-cell,,,,,,,,,,,,,,,,,,,,,,,,,,,http://ftp.sra.ebi.ac.uk/vol1/fastq/SRR508/001/SRR5087381/SRR5087381.fastq.gz,,,era-fasp@fasp.sra.ebi.ac.uk:vol1/fastq/SRR508/001/SRR5087381/SRR5087381.fastq.gz,,,0
115,SRR5087382,SRP094756,Gene expression changes after microenvironmental stimuli of a B-cell model,SRX2404633,"P493-6 cell line, dox-treated, a-IgM treated","P493-6 cell line, dox-treated, a-IgM treated",9606,Homo sapiens,P493-6 dox a-IgM replicate 2,RNA-Seq,TRANSCRIPTOMIC,cDNA,SINGLE,SRS1843855,,SAMN06121389,PRJNA312050,Illumina HiSeq 2000,Illumina HiSeq 2000,ILLUMINA,31803914,2053135309,31803914,3212195314,Sample_r738s52_hs_fq_sr_Kube_AZ_1.fq.gz,SRR5087382.sralite,877886931,2020-06-22 13:22:19,5f10c658159d134834f95d4dd77bf888,1,SRA Lite,Primary ETL,1,s3://sra-pub-zq-1/SRR5087382/SRR5087382.sralite.1,s3.us-east-1,aws identity,https://sra-downloadb.be-md.ncbi.nlm.nih.gov/sos5/sra-pub-zq-14/SRR005/087/SRR5087382.sralite.1,https://sra-downloadb.be-md.ncbi.nlm.nih.gov/sos5/sra-pub-zq-14/SRR005/087/SRR5087382.sralite.1,worldwide,anonymous,gs://sra-pub-zq-103/SRR5087382/SRR5087382.zq.1,gs.us-east1,gcp identity,,,not applicable,,,,,cells,,Human,,,cell line,,,not applicable,"Prof. Dr. med Georg Bornkamm, HelmholtzZentrum Munich",,,Biological replicate 2,,,,,,,,not determined,,,,,,,,,,,,,,,,,,,,,,,,,,,,,,,,,,,,,,,"1 ng/ml doxycycline + a-IgM F(ab)2 fragments (130ng/ml, Jackson Immunity)",,,,,,,,,,,,,,,,,,,,,P493-6,B-cell,,,,,,,,,,,,,,,,,,,,,,,,,,,http://ftp.sra.ebi.ac.uk/vol1/fastq/SRR508/002/SRR5087382/SRR5087382.fastq.gz,,,era-fasp@fasp.sra.ebi.ac.uk:vol1/fastq/SRR508/002/SRR5087382/SRR5087382.fastq.gz,,,1
116,SRR5087383,SRP094756,Gene expression changes after microenvironmental stimuli of a B-cell model,SRX2404634,"P493-6 cell line, dox-treated, environmental stimuli","P493-6 cell line, dox-treated, environmental stimuli",9606,Homo sapiens,P493-6 combination 17,RNA-Seq,TRANSCRIPTOMIC,cDNA,SINGLE,SRS1843856,,SAMN06121414,PRJNA312050,Illumina HiSeq 2000,Illumina HiSeq 2000,ILLUMINA,40018836,2574152111,40018836,4041902436,Sample_r738s59_hs_fq_sr_Kube_BG_1.fq.gz,SRR5087383.sralite,1103449108,2021-06-15 01:16:33,cbd34da9fd7d9794ce39ea26fe02b273,1,SRA Lite,Primary ETL,1,s3://sra-pub-zq-9/SRR5087383/SRR5087383.sralite.1,s3.us-east-1,aws identity,https://sra-downloadb.be-md.ncbi.nlm.nih.gov/sos5/sra-pub-zq-14/SRR005/087/SRR5087383.sralite.1,https://sra-downloadb.be-md.ncbi.nlm.nih.gov/sos5/sra-pub-zq-14/SRR005/087/SRR5087383.sralite.1,worldwide,anonymous,gs://sra-pub-zq-102/SRR5087383/SRR5087383.noqual.1,gs.us-east1,gcp identity,,,not applicable,,,,,cells,,Human,,,cell line,,,not applicable,"Prof. Dr. med Georg Bornkamm, HelmholtzZentrum Munich",,,Biological replicate 1,,,,,,,,not determined,,,,,,,,,,,,,,,,,,,,,,,,,,,,,,,,,,,,,,,"1 ng/ml doxycycline for 16h; sCD40L (100ng/ml, AutogenBioclear) , a-IgM F(ab)2 fragments (130ng/ml, Jackson ImmunoResearch) , rhIGF-1 (100ng/ml, Peprotech) , CpG (0.5muM, ODN2006, Invivogen) , IL10 (25ng/ml, Peprotech) , for 24h.",,,,,,,,,,,,,,,,,,,,,P493-5,B-cell,,,,,,,,,,,,,,,,,,,,,,,,,,,http://ftp.sra.ebi.ac.uk/vol1/fastq/SRR508/003/SRR5087383/SRR5087383.fastq.gz,,,era-fasp@fasp.sra.ebi.ac.uk:vol1/fastq/SRR508/003/SRR5087383/SRR5087383.fastq.gz,,,0
117,SRR5087384,SRP094756,Gene expression changes after microenvironmental stimuli of a B-cell model,SRX2404635,"P493-6 cell line, dox-treated, environmental stimuli","P493-6 cell line, dox-treated, environmental stimuli",9606,Homo sapiens,P493-6 combination 26,RNA-Seq,TRANSCRIPTOMIC,cDNA,SINGLE,SRS1843857,,SAMN06121423,PRJNA312050,Illumina HiSeq 2000,Illumina HiSeq 2000,ILLUMINA,34725641,2300534247,34725641,3507289741,Sample_r738s89_hs_fq_sr_Kube_CL_1.fq.gz,SRR5087384.sralite,958096448,2020-06-24 02:34:47,aef6ee0c2299bf3eabf1a71476871d25,1,SRA Lite,Primary ETL,1,s3://sra-pub-zq-6/SRR5087384/SRR5087384.sralite.1,s3.us-east-1,aws identity,https://sra-downloadb.be-md.ncbi.nlm.nih.gov/sos5/sra-pub-zq-14/SRR005/087/SRR5087384.sralite.1,https://sra-downloadb.be-md.ncbi.nlm.nih.gov/sos5/sra-pub-zq-14/SRR005/087/SRR5087384.sralite.1,worldwide,anonymous,gs://sra-pub-zq-102/SRR5087384/SRR5087384.zq.1,gs.us-east1,gcp identity,,,not applicable,,,,,cells,,Human,,,cell line,,,not applicable,"Prof. Dr. med Georg Bornkamm, HelmholtzZentrum Munich",,,Biological replicate 1,,,,,,,,not determined,,,,,,,,,,,,,,,,,,,,,,,,,,,,,,,,,,,,,,,"1 ng/ml doxycycline for 16h; 0.2 sCD40L (100ng/ml, AutogenBioclear) , a-IgM F(ab)2 fragments (26ng/ml, Jackson ImmunoResearch) , rhIGF-1 (100ng/ml, Peprotech) , IL10 (5ng/ml, Peprotech) , for 24h.",,,,,,,,,,,,,,,,,,,,,P493-4,B-cell,,,,,,,,,,,,,,,,,,,,,,,,,,,http://ftp.sra.ebi.ac.uk/vol1/fastq/SRR508/004/SRR5087384/SRR5087384.fastq.gz,,,era-fasp@fasp.sra.ebi.ac.uk:vol1/fastq/SRR508/004/SRR5087384/SRR5087384.fastq.gz,,,0
118,SRR5087385,SRP094756,Gene expression changes after microenvironmental stimuli of a B-cell model,SRX2404636,"P493-6 cell line, untreated","P493-6 cell line, untreated",9606,Homo sapiens,P493-6 untreated replicate 8,RNA-Seq,TRANSCRIPTOMIC,cDNA,SINGLE,SRS1843858,,SAMN06121375,PRJNA312050,Illumina HiSeq 2000,Illumina HiSeq 2000,ILLUMINA,44242453,2906769210,44242453,4468487753,Sample_r738s74_hs_fq_sr_Kube_BW_1.fq.gz,SRR5087385.sralite,1219302666,2021-06-15 16:43:01,2110ff7d45c3e67df545a9560fcf6cf2,1,SRA Lite,Primary ETL,1,s3://sra-pub-zq-9/SRR5087385/SRR5087385.sralite.1,s3.us-east-1,aws identity,https://sra-downloadb.be-md.ncbi.nlm.nih.gov/sos5/sra-pub-zq-14/SRR005/087/SRR5087385.sralite.1,https://sra-downloadb.be-md.ncbi.nlm.nih.gov/sos5/sra-pub-zq-14/SRR005/087/SRR5087385.sralite.1,worldwide,anonymous,gs://sra-pub-zq-103/SRR5087385/SRR5087385.noqual.1,gs.us-east1,gcp identity,,,not applicable,,,,,cells,,Human,,,cell line,,,not applicable,"Prof. Dr. med Georg Bornkamm, HelmholtzZentrum Munich",,,Biological replicate 8,,,,,,,,not determined,,,,,,,,,,,,,,,,,,,,,,,,,,,,,,,,,,,,,,,none,,,,,,,,,,,,,,,,,,,,,P493-6,B-cell,,,,,,,,,,,,,,,,,,,,,,,,,,,http://ftp.sra.ebi.ac.uk/vol1/fastq/SRR508/005/SRR5087385/SRR5087385.fastq.gz,,,era-fasp@fasp.sra.ebi.ac.uk:vol1/fastq/SRR508/005/SRR5087385/SRR5087385.fastq.gz,,,1
119,SRR5087386,SRP094756,Gene expression changes after microenvironmental stimuli of a B-cell model,SRX2404637,"P493-6 cell line, dox-treated, environmental stimuli","P493-6 cell line, dox-treated, environmental stimuli",9606,Homo sapiens,P493-6 combination 30,RNA-Seq,TRANSCRIPTOMIC,cDNA,SINGLE,SRS1843859,,SAMN06121427,PRJNA312050,Illumina HiSeq 2000,Illumina HiSeq 2000,ILLUMINA,35038485,2338962273,35038485,3538886985,Sample_r738s100_hs_fq_sr_Kube_CW_1.fq.gz,SRR5087386.sralite,966702288,2020-06-24 02:33:31,17fc34d71122faaf17853965083e6ce9,1,SRA Lite,Primary ETL,1,s3://sra-pub-zq-6/SRR5087386/SRR5087386.sralite.1,s3.us-east-1,aws identity,https://sra-downloadb.be-md.ncbi.nlm.nih.gov/sos5/sra-pub-zq-14/SRR005/087/SRR5087386.sralite.1,https://sra-downloadb.be-md.ncbi.nlm.nih.gov/sos5/sra-pub-zq-14/SRR005/087/SRR5087386.sralite.1,worldwide,anonymous,gs://sra-pub-zq-102/SRR5087386/SRR5087386.zq.1,gs.us-east1,gcp identity,,,not applicable,,,,,cells,,Human,,,cell line,,,not applicable,"Prof. Dr. med Georg Bornkamm, HelmholtzZentrum Munich",,,Biological replicate 1,,,,,,,,not determined,,,,,,,,,,,,,,,,,,,,,,,,,,,,,,,,,,,,,,,"1 ng/ml doxycycline for 16h; sCD40L (100ng/ml, AutogenBioclear) , a-IgM F(ab)2 fragments (26ng/ml, Jackson ImmunoResearch) , rhIGF-1 (20ng/ml, Peprotech) , for 24h.",,,,,,,,,,,,,,,,,,,,,P493-4,B-cell,,,,,,,,,,,,,,,,,,,,,,,,,,,http://ftp.sra.ebi.ac.uk/vol1/fastq/SRR508/006/SRR5087386/SRR5087386.fastq.gz,,,era-fasp@fasp.sra.ebi.ac.uk:vol1/fastq/SRR508/006/SRR5087386/SRR5087386.fastq.gz,,,0
120,SRR5087387,SRP094756,Gene expression changes after microenvironmental stimuli of a B-cell model,SRX2404638,"P493-6 cell line, dox-treated, IL10 treated","P493-6 cell line, dox-treated, IL10 treated",9606,Homo sapiens,P493-6 dox IL10 replicate 1,RNA-Seq,TRANSCRIPTOMIC,cDNA,SINGLE,SRS1843861,,SAMN06121396,PRJNA312050,Illumina HiSeq 2000,Illumina HiSeq 2000,ILLUMINA,32120841,2039696169,32120841,3244204941,Sample_r738s32_hs_fq_sr_Kube_AF_1.fq.gz,SRR5087387.sralite,886570643,2020-06-22 13:17:55,8fcc81dea81e6dbc3c31f97df6b64c3d,1,SRA Lite,Primary ETL,1,s3://sra-pub-zq-1/SRR5087387/SRR5087387.sralite.1,s3.us-east-1,aws identity,https://sra-downloadb.be-md.ncbi.nlm.nih.gov/sos5/sra-pub-zq-14/SRR005/087/SRR5087387.sralite.1,https://sra-downloadb.be-md.ncbi.nlm.nih.gov/sos5/sra-pub-zq-14/SRR005/087/SRR5087387.sralite.1,worldwide,anonymous,gs://sra-pub-zq-103/SRR5087387/SRR5087387.zq.1,gs.us-east1,gcp identity,,,not applicable,,,,,cells,,Human,,,cell line,,,not applicable,"Prof. Dr. med Georg Bornkamm, HelmholtzZentrum Munich",,,Biological replicate 1,,,,,,,,not determined,,,,,,,,,,,,,,,,,,,,,,,,,,,,,,,,,,,,,,,"1 ng/ml doxycycline for 16h; IL10 (25ng/ml, Peprotech) , for 24h.",,,,,,,,,,,,,,,,,,,,,P493-5,B-cell,,,,,,,,,,,,,,,,,,,,,,,,,,,http://ftp.sra.ebi.ac.uk/vol1/fastq/SRR508/007/SRR5087387/SRR5087387.fastq.gz,,,era-fasp@fasp.sra.ebi.ac.uk:vol1/fastq/SRR508/007/SRR5087387/SRR5087387.fastq.gz,,,0
121,SRR5087388,SRP094756,Gene expression changes after microenvironmental stimuli of a B-cell model,SRX2404639,"P493-6 cell line, dox-treated, CpG treated","P493-6 cell line, dox-treated, CpG treated",9606,Homo sapiens,P493-6 dox CpG replicate 1,RNA-Seq,TRANSCRIPTOMIC,cDNA,SINGLE,SRS1843860,,SAMN06121392,PRJNA312050,Illumina HiSeq 2000,Illumina HiSeq 2000,ILLUMINA,22421942,1428793803,22421942,2264616142,Sample_r738s22_hs_fq_sr_Kube_V_1.fq.gz,SRR5087388.sralite,619808604,2020-06-22 13:17:31,6177aba9274b98c682531e18e40792e9,1,SRA Lite,Primary ETL,1,s3://sra-pub-zq-1/SRR5087388/SRR5087388.sralite.1,s3.us-east-1,aws identity,https://sra-downloadb.be-md.ncbi.nlm.nih.gov/sos5/sra-pub-zq-14/SRR005/087/SRR5087388.sralite.1,https://sra-downloadb.be-md.ncbi.nlm.nih.gov/sos5/sra-pub-zq-14/SRR005/087/SRR5087388.sralite.1,worldwide,anonymous,gs://sra-pub-zq-104/SRR5087388/SRR5087388.zq.1,gs.us-east1,gcp identity,,,not applicable,,,,,cells,,Human,,,cell line,,,not applicable,"Prof. Dr. med Georg Bornkamm, HelmholtzZentrum Munich",,,Biological replicate 1,,,,,,,,not determined,,,,,,,,,,,,,,,,,,,,,,,,,,,,,,,,,,,,,,,"1 ng/ml doxycycline + CpG (0.5 muM, ODN2006, Invivogen)",,,,,,,,,,,,,,,,,,,,,P493-6,B-cell,,,,,,,,,,,,,,,,,,,,,,,,,,,http://ftp.sra.ebi.ac.uk/vol1/fastq/SRR508/008/SRR5087388/SRR5087388.fastq.gz,,,era-fasp@fasp.sra.ebi.ac.uk:vol1/fastq/SRR508/008/SRR5087388/SRR5087388.fastq.gz,,,1
122,SRR5087389,SRP094756,Gene expression changes after microenvironmental stimuli of a B-cell model,SRX2404640,"P493-6 cell line, dox-treated","P493-6 cell line, dox-treated",9606,Homo sapiens,P493-6 dox replicate 4,RNA-Seq,TRANSCRIPTOMIC,cDNA,SINGLE,SRS1843862,,SAMN06121381,PRJNA312050,Illumina HiSeq 2000,Illumina HiSeq 2000,ILLUMINA,25497811,1614993090,25497811,2575278911,Sample_r738s33_hs_fq_sr_Kube_AG_1.fq.gz,SRR5087389.sralite,704472602,2020-06-22 13:21:53,a855ba916b7b8a85a2f371c11b640a89,1,SRA Lite,Primary ETL,1,s3://sra-pub-zq-6/SRR5087389/SRR5087389.sralite.1,s3.us-east-1,aws identity,https://sra-downloadb.be-md.ncbi.nlm.nih.gov/sos5/sra-pub-zq-14/SRR005/087/SRR5087389.sralite.1,https://sra-downloadb.be-md.ncbi.nlm.nih.gov/sos5/sra-pub-zq-14/SRR005/087/SRR5087389.sralite.1,worldwide,anonymous,gs://sra-pub-zq-102/SRR5087389/SRR5087389.zq.1,gs.us-east1,gcp identity,,,not applicable,,,,,cells,,Human,,,cell line,,,not applicable,"Prof. Dr. med Georg Bornkamm, HelmholtzZentrum Munich",,,Biological replicate 4,,,,,,,,not determined,,,,,,,,,,,,,,,,,,,,,,,,,,,,,,,,,,,,,,,1 ng/ml doxycycline,,,,,,,,,,,,,,,,,,,,,P493-6,B-cell,,,,,,,,,,,,,,,,,,,,,,,,,,,http://ftp.sra.ebi.ac.uk/vol1/fastq/SRR508/009/SRR5087389/SRR5087389.fastq.gz,,,era-fasp@fasp.sra.ebi.ac.uk:vol1/fastq/SRR508/009/SRR5087389/SRR5087389.fastq.gz,,,0
123,SRR5087390,SRP094756,Gene expression changes after microenvironmental stimuli of a B-cell model,SRX2404641,"P493-6 cell line, dox-treated, environmental stimuli","P493-6 cell line, dox-treated, environmental stimuli",9606,Homo sapiens,P493-6 combination 15,RNA-Seq,TRANSCRIPTOMIC,cDNA,SINGLE,SRS1843864,,SAMN06121412,PRJNA312050,Illumina HiSeq 2000,Illumina HiSeq 2000,ILLUMINA,23725385,1528985495,23725385,2396263885,Sample_r738s50_hs_fq_sr_Kube_AX_1.fq.gz,SRR5087390.sralite,655699713,2020-06-22 13:16:27,df29f048d0e05541546399f637d7f517,1,SRA Lite,Primary ETL,1,s3://sra-pub-zq-1/SRR5087390/SRR5087390.sralite.1,s3.us-east-1,aws identity,https://sra-downloadb.be-md.ncbi.nlm.nih.gov/sos5/sra-pub-zq-14/SRR005/087/SRR5087390.sralite.1,https://sra-downloadb.be-md.ncbi.nlm.nih.gov/sos5/sra-pub-zq-14/SRR005/087/SRR5087390.sralite.1,worldwide,anonymous,gs://sra-pub-zq-104/SRR5087390/SRR5087390.zq.1,gs.us-east1,gcp identity,,,not applicable,,,,,cells,,Human,,,cell line,,,not applicable,"Prof. Dr. med Georg Bornkamm, HelmholtzZentrum Munich",,,Biological replicate 1,,,,,,,,not determined,,,,,,,,,,,,,,,,,,,,,,,,,,,,,,,,,,,,,,,"1 ng/ml doxycycline for 16h; sCD40L (20ng/ml, AutogenBioclear) , rhIGF-1 (20ng/ml, Peprotech) , CpG (0.5muM, ODN2006, Invivogen) , for 24h.",,,,,,,,,,,,,,,,,,,,,P493-5,B-cell,,,,,,,,,,,,,,,,,,,,,,,,,,,http://ftp.sra.ebi.ac.uk/vol1/fastq/SRR508/000/SRR5087390/SRR5087390.fastq.gz,,,era-fasp@fasp.sra.ebi.ac.uk:vol1/fastq/SRR508/000/SRR5087390/SRR5087390.fastq.gz,,,0
124,SRR5087391,SRP094756,Gene expression changes after microenvironmental stimuli of a B-cell model,SRX2404642,"P493-6 cell line, dox-treated","P493-6 cell line, dox-treated",9606,Homo sapiens,P493-6 dox replicate 7,RNA-Seq,TRANSCRIPTOMIC,cDNA,SINGLE,SRS1843863,,SAMN06121384,PRJNA312050,Illumina HiSeq 2000,Illumina HiSeq 2000,ILLUMINA,28124419,1776103208,28124419,2840566319,Sample_r738s63_hs_rna_sr_Kube_BL_1.fq.gz,SRR5087391.sralite,771006799,2020-06-22 13:45:08,580f3a45c9ade8bcf4a867645a1b1078,1,SRA Lite,Primary ETL,1,s3://sra-pub-zq-6/SRR5087391/SRR5087391.sralite.1,s3.us-east-1,aws identity,https://sra-downloadb.be-md.ncbi.nlm.nih.gov/sos5/sra-pub-zq-14/SRR005/087/SRR5087391.sralite.1,https://sra-downloadb.be-md.ncbi.nlm.nih.gov/sos5/sra-pub-zq-14/SRR005/087/SRR5087391.sralite.1,worldwide,anonymous,gs://sra-pub-zq-102/SRR5087391/SRR5087391.zq.1,gs.us-east1,gcp identity,,,not applicable,,,,,cells,,Human,,,cell line,,,not applicable,"Prof. Dr. med Georg Bornkamm, HelmholtzZentrum Munich",,,Biological replicate 7,,,,,,,,not determined,,,,,,,,,,,,,,,,,,,,,,,,,,,,,,,,,,,,,,,1 ng/ml doxycycline,,,,,,,,,,,,,,,,,,,,,P493-6,B-cell,,,,,,,,,,,,,,,,,,,,,,,,,,,http://ftp.sra.ebi.ac.uk/vol1/fastq/SRR508/001/SRR5087391/SRR5087391.fastq.gz,,,era-fasp@fasp.sra.ebi.ac.uk:vol1/fastq/SRR508/001/SRR5087391/SRR5087391.fastq.gz,,,0
125,SRR5087392,SRP094756,Gene expression changes after microenvironmental stimuli of a B-cell model,SRX2404643,"P493-6 cell line, dox-treated, sCD40L treated","P493-6 cell line, dox-treated, sCD40L treated",9606,Homo sapiens,P493-6 dox sCD40L replicate 2,RNA-Seq,TRANSCRIPTOMIC,cDNA,SINGLE,SRS1843865,,SAMN06121391,PRJNA312050,Illumina HiSeq 2000,Illumina HiSeq 2000,ILLUMINA,25196041,1522386969,25196041,2544800141,Sample_r738s92_hs_rna_sr_Kube_CO_1.fq.gz,SRR5087392.sralite,691415927,2020-06-22 13:18:28,8f71d741eefc6a7e232109de55484091,1,SRA Lite,Primary ETL,1,s3://sra-pub-zq-1/SRR5087392/SRR5087392.sralite.1,s3.us-east-1,aws identity,https://sra-downloadb.be-md.ncbi.nlm.nih.gov/sos5/sra-pub-zq-14/SRR005/087/SRR5087392.sralite.1,https://sra-downloadb.be-md.ncbi.nlm.nih.gov/sos5/sra-pub-zq-14/SRR005/087/SRR5087392.sralite.1,worldwide,anonymous,gs://sra-pub-zq-103/SRR5087392/SRR5087392.zq.1,gs.us-east1,gcp identity,,,not applicable,,,,,cells,,Human,,,cell line,,,not applicable,"Prof. Dr. med Georg Bornkamm, HelmholtzZentrum Munich",,,Biological replicate 2,,,,,,,,not determined,,,,,,,,,,,,,,,,,,,,,,,,,,,,,,,,,,,,,,,"1 ng/ml doxycycline + sCD40L (100ng/ml, AutogenBioclear)",,,,,,,,,,,,,,,,,,,,,P493-6,B-cell,,,,,,,,,,,,,,,,,,,,,,,,,,,http://ftp.sra.ebi.ac.uk/vol1/fastq/SRR508/002/SRR5087392/SRR5087392.fastq.gz,,,era-fasp@fasp.sra.ebi.ac.uk:vol1/fastq/SRR508/002/SRR5087392/SRR5087392.fastq.gz,,,0
126,SRR5087393,SRP094756,Gene expression changes after microenvironmental stimuli of a B-cell model,SRX2404644,"P493-6 cell line, dox-treated, environmental stimuli","P493-6 cell line, dox-treated, environmental stimuli",9606,Homo sapiens,P493-6 combination 29,RNA-Seq,TRANSCRIPTOMIC,cDNA,SINGLE,SRS1843867,,SAMN06121426,PRJNA312050,Illumina HiSeq 2000,Illumina HiSeq 2000,ILLUMINA,39007973,2579534838,39007973,3939805273,Sample_r738s99_hs_fq_sr_Kube_CV_1.fq.gz,SRR5087393.sralite,1075669979,2020-06-24 02:36:05,77bebb2ed0282e0d2101e257e3e39581,1,SRA Lite,Primary ETL,1,s3://sra-pub-zq-1/SRR5087393/SRR5087393.sralite.1,s3.us-east-1,aws identity,https://sra-downloadb.be-md.ncbi.nlm.nih.gov/sos5/sra-pub-zq-14/SRR005/087/SRR5087393.sralite.1,https://sra-downloadb.be-md.ncbi.nlm.nih.gov/sos5/sra-pub-zq-14/SRR005/087/SRR5087393.sralite.1,worldwide,anonymous,gs://sra-pub-zq-103/SRR5087393/SRR5087393.zq.1,gs.us-east1,gcp identity,,,not applicable,,,,,cells,,Human,,,cell line,,,not applicable,"Prof. Dr. med Georg Bornkamm, HelmholtzZentrum Munich",,,Biological replicate 1,,,,,,,,not determined,,,,,,,,,,,,,,,,,,,,,,,,,,,,,,,,,,,,,,,"1 ng/ml doxycycline for 16h; sCD40L (20ng/ml, AutogenBioclear) , rhIGF-1 (100ng/ml, Peprotech) , CpG (0.1muM, ODN2006, Invivogen) , for 24h.",,,,,,,,,,,,,,,,,,,,,P493-4,B-cell,,,,,,,,,,,,,,,,,,,,,,,,,,,http://ftp.sra.ebi.ac.uk/vol1/fastq/SRR508/003/SRR5087393/SRR5087393.fastq.gz,,,era-fasp@fasp.sra.ebi.ac.uk:vol1/fastq/SRR508/003/SRR5087393/SRR5087393.fastq.gz,,,0
127,SRR5087394,SRP094756,Gene expression changes after microenvironmental stimuli of a B-cell model,SRX2404645,"P493-6 cell line, dox-treated, environmental stimuli","P493-6 cell line, dox-treated, environmental stimuli",9606,Homo sapiens,P493-6 combination 2,RNA-Seq,TRANSCRIPTOMIC,cDNA,SINGLE,SRS1843868,,SAMN06121399,PRJNA312050,Illumina HiSeq 2000,Illumina HiSeq 2000,ILLUMINA,30198710,1874210652,30198710,3050069710,Sample_r738s9_hs_fq_sr_Kube_I_1.fq.gz,SRR5087394.sralite,833675466,2020-06-22 13:22:23,0ecfe1957cd6825e3cace4e393243829,1,SRA Lite,Primary ETL,1,s3://sra-pub-zq-1/SRR5087394/SRR5087394.sralite.1,s3.us-east-1,aws identity,https://sra-downloadb.be-md.ncbi.nlm.nih.gov/sos5/sra-pub-zq-14/SRR005/087/SRR5087394.sralite.1,https://sra-downloadb.be-md.ncbi.nlm.nih.gov/sos5/sra-pub-zq-14/SRR005/087/SRR5087394.sralite.1,worldwide,anonymous,gs://sra-pub-zq-104/SRR5087394/SRR5087394.zq.1,gs.us-east1,gcp identity,,,not applicable,,,,,cells,,Human,,,cell line,,,not applicable,"Prof. Dr. med Georg Bornkamm, HelmholtzZentrum Munich",,,Biological replicate 1,,,,,,,,not determined,,,,,,,,,,,,,,,,,,,,,,,,,,,,,,,,,,,,,,,"1 ng/ml doxycycline for 16h; sCD40L (20ng/ml, AutogenBioclear) , a-IgM F(ab)2 fragments (130ng/ml, Jackson ImmunoResearch) , rhIGF-1 (100ng/ml, Peprotech) , IL10 (25ng/ml, Peprotech) , for 24h.",,,,,,,,,,,,,,,,,,,,,P493-5,B-cell,,,,,,,,,,,,,,,,,,,,,,,,,,,http://ftp.sra.ebi.ac.uk/vol1/fastq/SRR508/004/SRR5087394/SRR5087394.fastq.gz,,,era-fasp@fasp.sra.ebi.ac.uk:vol1/fastq/SRR508/004/SRR5087394/SRR5087394.fastq.gz,,,0
128,SRR5087395,SRP094756,Gene expression changes after microenvironmental stimuli of a B-cell model,SRX2404646,"P493-6 cell line, dox-treated, environmental stimuli","P493-6 cell line, dox-treated, environmental stimuli",9606,Homo sapiens,P493-6 combination 8,RNA-Seq,TRANSCRIPTOMIC,cDNA,SINGLE,SRS1843866,,SAMN06121405,PRJNA312050,Illumina HiSeq 2000,Illumina HiSeq 2000,ILLUMINA,28232705,1790352978,28232705,2851503205,Sample_r738s29_hs_fq_sr_Kube_AC_1.fq.gz,SRR5087395.sralite,779698009,2020-06-22 13:20:17,f625c69b09d051b1774ae0aa25bc70ed,1,SRA Lite,Primary ETL,1,s3://sra-pub-zq-1/SRR5087395/SRR5087395.sralite.1,s3.us-east-1,aws identity,https://sra-downloadb.be-md.ncbi.nlm.nih.gov/sos5/sra-pub-zq-14/SRR005/087/SRR5087395.sralite.1,https://sra-downloadb.be-md.ncbi.nlm.nih.gov/sos5/sra-pub-zq-14/SRR005/087/SRR5087395.sralite.1,worldwide,anonymous,gs://sra-pub-zq-103/SRR5087395/SRR5087395.zq.1,gs.us-east1,gcp identity,,,not applicable,,,,,cells,,Human,,,cell line,,,not applicable,"Prof. Dr. med Georg Bornkamm, HelmholtzZentrum Munich",,,Biological replicate 1,,,,,,,,not determined,,,,,,,,,,,,,,,,,,,,,,,,,,,,,,,,,,,,,,,"1 ng/ml doxycycline for 16h; CpG (0.1muM, ODN2006, Invivogen) , IL10 (25ng/ml, Peprotech) , for 24h.",,,,,,,,,,,,,,,,,,,,,P493-5,B-cell,,,,,,,,,,,,,,,,,,,,,,,,,,,http://ftp.sra.ebi.ac.uk/vol1/fastq/SRR508/005/SRR5087395/SRR5087395.fastq.gz,,,era-fasp@fasp.sra.ebi.ac.uk:vol1/fastq/SRR508/005/SRR5087395/SRR5087395.fastq.gz,,,0
129,SRR5087396,SRP094756,Gene expression changes after microenvironmental stimuli of a B-cell model,SRX2404647,"P493-6 cell line, dox-treated","P493-6 cell line, dox-treated",9606,Homo sapiens,P493-6 dox replicate 5,RNA-Seq,TRANSCRIPTOMIC,cDNA,SINGLE,SRS1843871,,SAMN06121382,PRJNA312050,Illumina HiSeq 2000,Illumina HiSeq 2000,ILLUMINA,28208911,1817953036,28208911,2849100011,Sample_r738s43_hs_fq_sr_Kube_AQ_1.fq.gz,SRR5087396.sralite,779047269,2020-06-22 13:22:15,0ba40115d5e53f6624c8ace248491499,1,SRA Lite,Primary ETL,1,s3://sra-pub-zq-1/SRR5087396/SRR5087396.sralite.1,s3.us-east-1,aws identity,https://sra-downloadb.be-md.ncbi.nlm.nih.gov/sos5/sra-pub-zq-14/SRR005/087/SRR5087396.sralite.1,https://sra-downloadb.be-md.ncbi.nlm.nih.gov/sos5/sra-pub-zq-14/SRR005/087/SRR5087396.sralite.1,worldwide,anonymous,gs://sra-pub-zq-104/SRR5087396/SRR5087396.zq.1,gs.us-east1,gcp identity,,,not applicable,,,,,cells,,Human,,,cell line,,,not applicable,"Prof. Dr. med Georg Bornkamm, HelmholtzZentrum Munich",,,Biological replicate 5,,,,,,,,not determined,,,,,,,,,,,,,,,,,,,,,,,,,,,,,,,,,,,,,,,1 ng/ml doxycycline,,,,,,,,,,,,,,,,,,,,,P493-6,B-cell,,,,,,,,,,,,,,,,,,,,,,,,,,,http://ftp.sra.ebi.ac.uk/vol1/fastq/SRR508/006/SRR5087396/SRR5087396.fastq.gz,,,era-fasp@fasp.sra.ebi.ac.uk:vol1/fastq/SRR508/006/SRR5087396/SRR5087396.fastq.gz,,,1
130,SRR5087397,SRP094756,Gene expression changes after microenvironmental stimuli of a B-cell model,SRX2404648,"P493-6 cell line, dox-treated, environmental stimuli","P493-6 cell line, dox-treated, environmental stimuli",9606,Homo sapiens,P493-6 combination 14,RNA-Seq,TRANSCRIPTOMIC,cDNA,SINGLE,SRS1843869,,SAMN06121411,PRJNA312050,Illumina HiSeq 2000,Illumina HiSeq 2000,ILLUMINA,26507584,1710678884,26507584,2677265984,Sample_r738s49_hs_fq_sr_Kube_AW_1.fq.gz,SRR5087397.sralite,732258124,2020-06-22 13:19:04,1c38a01f8988c4d271485537840b849f,1,SRA Lite,Primary ETL,1,s3://sra-pub-zq-6/SRR5087397/SRR5087397.sralite.1,s3.us-east-1,aws identity,https://sra-downloadb.be-md.ncbi.nlm.nih.gov/sos5/sra-pub-zq-14/SRR005/087/SRR5087397.sralite.1,https://sra-downloadb.be-md.ncbi.nlm.nih.gov/sos5/sra-pub-zq-14/SRR005/087/SRR5087397.sralite.1,worldwide,anonymous,gs://sra-pub-zq-102/SRR5087397/SRR5087397.zq.1,gs.us-east1,gcp identity,,,not applicable,,,,,cells,,Human,,,cell line,,,not applicable,"Prof. Dr. med Georg Bornkamm, HelmholtzZentrum Munich",,,Biological replicate 1,,,,,,,,not determined,,,,,,,,,,,,,,,,,,,,,,,,,,,,,,,,,,,,,,,"1 ng/ml doxycycline for 16h; sCD40L (20ng/ml, AutogenBioclear) , a-IgM F(ab)2 fragments (130ng/ml, Jackson ImmunoResearch) , IL10 (25ng/ml, Peprotech) , for 24h.",,,,,,,,,,,,,,,,,,,,,P493-5,B-cell,,,,,,,,,,,,,,,,,,,,,,,,,,,http://ftp.sra.ebi.ac.uk/vol1/fastq/SRR508/007/SRR5087397/SRR5087397.fastq.gz,,,era-fasp@fasp.sra.ebi.ac.uk:vol1/fastq/SRR508/007/SRR5087397/SRR5087397.fastq.gz,,,0
131,SRR5087398,SRP094756,Gene expression changes after microenvironmental stimuli of a B-cell model,SRX2404649,"P493-6 cell line, dox-treated, environmental stimuli","P493-6 cell line, dox-treated, environmental stimuli",9606,Homo sapiens,P493-6 combination 7,RNA-Seq,TRANSCRIPTOMIC,cDNA,SINGLE,SRS1843870,,SAMN06121404,PRJNA312050,Illumina HiSeq 2000,Illumina HiSeq 2000,ILLUMINA,38152043,2401126858,38152043,3853356343,Sample_r738s28_hs_rna_sr_Kube_AB_1.fq.gz,SRR5087398.sralite,1042561123,2020-06-24 02:35:52,b75d0f0588c1ea225554623944fbdffd,1,SRA Lite,Primary ETL,1,s3://sra-pub-zq-1/SRR5087398/SRR5087398.sralite.1,s3.us-east-1,aws identity,https://sra-downloadb.be-md.ncbi.nlm.nih.gov/sos5/sra-pub-zq-14/SRR005/087/SRR5087398.sralite.1,https://sra-downloadb.be-md.ncbi.nlm.nih.gov/sos5/sra-pub-zq-14/SRR005/087/SRR5087398.sralite.1,worldwide,anonymous,gs://sra-pub-zq-104/SRR5087398/SRR5087398.zq.1,gs.us-east1,gcp identity,,,not applicable,,,,,cells,,Human,,,cell line,,,not applicable,"Prof. Dr. med Georg Bornkamm, HelmholtzZentrum Munich",,,Biological replicate 1,,,,,,,,not determined,,,,,,,,,,,,,,,,,,,,,,,,,,,,,,,,,,,,,,,"1 ng/ml doxycycline for 16h; sCD40L (20ng/ml, AutogenBioclear) , a-IgM F(ab)2 fragments (130ng/ml, Jackson ImmunoResearch) , rhIGF-1 (20ng/ml, Peprotech) , CpG (0.5muM, ODN2006, Invivogen) , for 24h.",,,,,,,,,,,,,,,,,,,,,P493-5,B-cell,,,,,,,,,,,,,,,,,,,,,,,,,,,http://ftp.sra.ebi.ac.uk/vol1/fastq/SRR508/008/SRR5087398/SRR5087398.fastq.gz,,,era-fasp@fasp.sra.ebi.ac.uk:vol1/fastq/SRR508/008/SRR5087398/SRR5087398.fastq.gz,,,0
132,SRR5087399,SRP094756,Gene expression changes after microenvironmental stimuli of a B-cell model,SRX2404650,"P493-6 cell line, dox-treated, environmental stimuli","P493-6 cell line, dox-treated, environmental stimuli",9606,Homo sapiens,P493-6 combination 12,RNA-Seq,TRANSCRIPTOMIC,cDNA,SINGLE,SRS1843872,,SAMN06121409,PRJNA312050,Illumina HiSeq 2000,Illumina HiSeq 2000,ILLUMINA,33667593,2150554319,33667593,3400426893,Sample_r738s40_hs_fq_sr_Kube_AN_1.fq.gz,SRR5087399.sralite,929143393,2020-06-24 02:32:48,2d49125302c71c0368fde8a4c8b390ef,1,SRA Lite,Primary ETL,1,s3://sra-pub-zq-1/SRR5087399/SRR5087399.sralite.1,s3.us-east-1,aws identity,https://sra-downloadb.be-md.ncbi.nlm.nih.gov/sos5/sra-pub-zq-14/SRR005/087/SRR5087399.sralite.1,https://sra-downloadb.be-md.ncbi.nlm.nih.gov/sos5/sra-pub-zq-14/SRR005/087/SRR5087399.sralite.1,worldwide,anonymous,gs://sra-pub-zq-103/SRR5087399/SRR5087399.zq.1,gs.us-east1,gcp identity,,,not applicable,,,,,cells,,Human,,,cell line,,,not applicable,"Prof. Dr. med Georg Bornkamm, HelmholtzZentrum Munich",,,Biological replicate 1,,,,,,,,not determined,,,,,,,,,,,,,,,,,,,,,,,,,,,,,,,,,,,,,,,"1 ng/ml doxycycline for 16h; sCD40L (100ng/ml, AutogenBioclear) , rhIGF-1 (100ng/ml, Peprotech) , CpG (0.5muM, ODN2006, Invivogen) , IL10 (5ng/ml, Peprotech) , for 24h.",,,,,,,,,,,,,,,,,,,,,P493-5,B-cell,,,,,,,,,,,,,,,,,,,,,,,,,,,http://ftp.sra.ebi.ac.uk/vol1/fastq/SRR508/009/SRR5087399/SRR5087399.fastq.gz,,,era-fasp@fasp.sra.ebi.ac.uk:vol1/fastq/SRR508/009/SRR5087399/SRR5087399.fastq.gz,,,0
133,SRR5087400,SRP094756,Gene expression changes after microenvironmental stimuli of a B-cell model,SRX2404651,"P493-6 cell line, untreated","P493-6 cell line, untreated",9606,Homo sapiens,P493-6 untreated replicate 5,RNA-Seq,TRANSCRIPTOMIC,cDNA,SINGLE,SRS1843873,,SAMN06121372,PRJNA312050,Illumina HiSeq 2000,Illumina HiSeq 2000,ILLUMINA,30162575,1861561397,30162575,3046420075,Sample_r738s44_hs_rna_sr_Kube_AR_1.fq.gz,SRR5087400.sralite,826245226,2020-06-24 02:33:08,5ea5bff1ad4cbeaf8fddbf1a5bf06892,1,SRA Lite,Primary ETL,1,s3://sra-pub-zq-6/SRR5087400/SRR5087400.sralite.1,s3.us-east-1,aws identity,https://sra-downloadb.be-md.ncbi.nlm.nih.gov/sos5/sra-pub-zq-14/SRR005/087/SRR5087400.sralite.1,https://sra-downloadb.be-md.ncbi.nlm.nih.gov/sos5/sra-pub-zq-14/SRR005/087/SRR5087400.sralite.1,worldwide,anonymous,gs://sra-pub-zq-102/SRR5087400/SRR5087400.zq.1,gs.us-east1,gcp identity,,,not applicable,,,,,cells,,Human,,,cell line,,,not applicable,"Prof. Dr. med Georg Bornkamm, HelmholtzZentrum Munich",,,Biological replicate 5,,,,,,,,not determined,,,,,,,,,,,,,,,,,,,,,,,,,,,,,,,,,,,,,,,none,,,,,,,,,,,,,,,,,,,,,P493-6,B-cell,,,,,,,,,,,,,,,,,,,,,,,,,,,http://ftp.sra.ebi.ac.uk/vol1/fastq/SRR508/000/SRR5087400/SRR5087400.fastq.gz,,,era-fasp@fasp.sra.ebi.ac.uk:vol1/fastq/SRR508/000/SRR5087400/SRR5087400.fastq.gz,,,1
134,SRR5087401,SRP094756,Gene expression changes after microenvironmental stimuli of a B-cell model,SRX2404652,"P493-6 cell line, dox-treated, environmental stimuli","P493-6 cell line, dox-treated, environmental stimuli",9606,Homo sapiens,P493-6 combination 20,RNA-Seq,TRANSCRIPTOMIC,cDNA,SINGLE,SRS1843874,,SAMN06121417,PRJNA312050,Illumina HiSeq 2000,Illumina HiSeq 2000,ILLUMINA,31051456,2032663086,31051456,3136197056,Sample_r738s69_hs_fq_sr_Kube_BR_1.fq.gz,SRR5087401.sralite,855632878,2021-06-14 18:26:46,c23f9d0ccff775f776898453f68dd230,1,SRA Lite,Primary ETL,1,s3://sra-pub-zq-9/SRR5087401/SRR5087401.sralite.1,s3.us-east-1,aws identity,https://sra-downloadb.be-md.ncbi.nlm.nih.gov/sos5/sra-pub-zq-14/SRR005/087/SRR5087401.sralite.1,https://sra-downloadb.be-md.ncbi.nlm.nih.gov/sos5/sra-pub-zq-14/SRR005/087/SRR5087401.sralite.1,worldwide,anonymous,gs://sra-pub-zq-104/SRR5087401/SRR5087401.noqual.1,gs.us-east1,gcp identity,,,not applicable,,,,,cells,,Human,,,cell line,,,not applicable,"Prof. Dr. med Georg Bornkamm, HelmholtzZentrum Munich",,,Biological replicate 1,,,,,,,,not determined,,,,,,,,,,,,,,,,,,,,,,,,,,,,,,,,,,,,,,,"1 ng/ml doxycycline for 16h; sCD40L (100ng/ml, AutogenBioclear) , a-IgM F(ab)2 fragments (130ng/ml, Jackson ImmunoResearch) , rhIGF-1 (100ng/ml, Peprotech) , CpG (0.5muM, ODN2006, Invivogen) , IL10 (5ng/ml, Peprotech) , for 24h.",,,,,,,,,,,,,,,,,,,,,P493-5,B-cell,,,,,,,,,,,,,,,,,,,,,,,,,,,http://ftp.sra.ebi.ac.uk/vol1/fastq/SRR508/001/SRR5087401/SRR5087401.fastq.gz,,,era-fasp@fasp.sra.ebi.ac.uk:vol1/fastq/SRR508/001/SRR5087401/SRR5087401.fastq.gz,,,0
135,SRR5087402,SRP094756,Gene expression changes after microenvironmental stimuli of a B-cell model,SRX2404653,"P493-6 cell line, dox-treated, a-IgM treated","P493-6 cell line, dox-treated, a-IgM treated",9606,Homo sapiens,P493-6 dox a-IgM replicate 1,RNA-Seq,TRANSCRIPTOMIC,cDNA,SINGLE,SRS1843875,,SAMN06121388,PRJNA312050,Illumina HiSeq 2000,Illumina HiSeq 2000,ILLUMINA,38670766,2453391751,38670766,3905747366,Sample_r738s2_hs_rna_sr_Kube_B_1.fq.gz,SRR5087402.sralite,1056593073,2021-06-15 09:00:59,d0dcac9cd96d967d1496a39e1950d65c,1,SRA Lite,Primary ETL,1,s3://sra-pub-zq-9/SRR5087402/SRR5087402.sralite.1,s3.us-east-1,aws identity,https://sra-downloadb.be-md.ncbi.nlm.nih.gov/sos5/sra-pub-zq-14/SRR005/087/SRR5087402.sralite.1,https://sra-downloadb.be-md.ncbi.nlm.nih.gov/sos5/sra-pub-zq-14/SRR005/087/SRR5087402.sralite.1,worldwide,anonymous,gs://sra-pub-zq-104/SRR5087402/SRR5087402.noqual.1,gs.us-east1,gcp identity,,,not applicable,,,,,cells,,Human,,,cell line,,,not applicable,"Prof. Dr. med Georg Bornkamm, HelmholtzZentrum Munich",,,Biological replicate 1,,,,,,,,not determined,,,,,,,,,,,,,,,,,,,,,,,,,,,,,,,,,,,,,,,"1 ng/ml doxycycline + a-IgM F(ab)2 fragments (130ng/ml, Jackson Immunity)",,,,,,,,,,,,,,,,,,,,,P493-6,B-cell,,,,,,,,,,,,,,,,,,,,,,,,,,,http://ftp.sra.ebi.ac.uk/vol1/fastq/SRR508/002/SRR5087402/SRR5087402.fastq.gz,,,era-fasp@fasp.sra.ebi.ac.uk:vol1/fastq/SRR508/002/SRR5087402/SRR5087402.fastq.gz,,,0
136,SRR5087403,SRP094756,Gene expression changes after microenvironmental stimuli of a B-cell model,SRX2404654,"P493-6 cell line, dox-treated","P493-6 cell line, dox-treated",9606,Homo sapiens,P493-6 dox replicate 6,RNA-Seq,TRANSCRIPTOMIC,cDNA,SINGLE,SRS1843876,,SAMN06121383,PRJNA312050,Illumina HiSeq 2000,Illumina HiSeq 2000,ILLUMINA,26376989,1696933987,26376989,2664075889,Sample_r738s53_hs_fq_sr_Kube_BA_1.fq.gz,SRR5087403.sralite,728676850,2020-06-22 13:19:56,07f03e39c9b4ac8b6526d42861b5aea6,1,SRA Lite,Primary ETL,1,s3://sra-pub-zq-1/SRR5087403/SRR5087403.sralite.1,s3.us-east-1,aws identity,https://sra-downloadb.be-md.ncbi.nlm.nih.gov/sos5/sra-pub-zq-14/SRR005/087/SRR5087403.sralite.1,https://sra-downloadb.be-md.ncbi.nlm.nih.gov/sos5/sra-pub-zq-14/SRR005/087/SRR5087403.sralite.1,worldwide,anonymous,gs://sra-pub-zq-103/SRR5087403/SRR5087403.zq.1,gs.us-east1,gcp identity,,,not applicable,,,,,cells,,Human,,,cell line,,,not applicable,"Prof. Dr. med Georg Bornkamm, HelmholtzZentrum Munich",,,Biological replicate 6,,,,,,,,not determined,,,,,,,,,,,,,,,,,,,,,,,,,,,,,,,,,,,,,,,1 ng/ml doxycycline,,,,,,,,,,,,,,,,,,,,,P493-6,B-cell,,,,,,,,,,,,,,,,,,,,,,,,,,,http://ftp.sra.ebi.ac.uk/vol1/fastq/SRR508/003/SRR5087403/SRR5087403.fastq.gz,,,era-fasp@fasp.sra.ebi.ac.uk:vol1/fastq/SRR508/003/SRR5087403/SRR5087403.fastq.gz,,,0
137,SRR5087404,SRP094756,Gene expression changes after microenvironmental stimuli of a B-cell model,SRX2404655,"P493-6 cell line, dox-treated","P493-6 cell line, dox-treated",9606,Homo sapiens,P493-6 dox replicate 9,RNA-Seq,TRANSCRIPTOMIC,cDNA,SINGLE,SRS1843877,,SAMN06121386,PRJNA312050,Illumina HiSeq 2000,Illumina HiSeq 2000,ILLUMINA,29187586,1933011086,29187586,2947946186,Sample_r738s83_hs_fq_sr_Kube_CF_1.fq.gz,SRR5087404.sralite,805906882,2020-06-24 02:32:48,0fa370ae0604b5b1d49e7b8b5428acbd,1,SRA Lite,Primary ETL,1,s3://sra-pub-zq-1/SRR5087404/SRR5087404.sralite.1,s3.us-east-1,aws identity,https://sra-downloadb.be-md.ncbi.nlm.nih.gov/sos5/sra-pub-zq-14/SRR005/087/SRR5087404.sralite.1,https://sra-downloadb.be-md.ncbi.nlm.nih.gov/sos5/sra-pub-zq-14/SRR005/087/SRR5087404.sralite.1,worldwide,anonymous,gs://sra-pub-zq-104/SRR5087404/SRR5087404.zq.1,gs.us-east1,gcp identity,,,not applicable,,,,,cells,,Human,,,cell line,,,not applicable,"Prof. Dr. med Georg Bornkamm, HelmholtzZentrum Munich",,,Biological replicate 9,,,,,,,,not determined,,,,,,,,,,,,,,,,,,,,,,,,,,,,,,,,,,,,,,,1 ng/ml doxycycline,,,,,,,,,,,,,,,,,,,,,P493-6,B-cell,,,,,,,,,,,,,,,,,,,,,,,,,,,http://ftp.sra.ebi.ac.uk/vol1/fastq/SRR508/004/SRR5087404/SRR5087404.fastq.gz,,,era-fasp@fasp.sra.ebi.ac.uk:vol1/fastq/SRR508/004/SRR5087404/SRR5087404.fastq.gz,,,0
138,SRR5087405,SRP094756,Gene expression changes after microenvironmental stimuli of a B-cell model,SRX2404656,"P493-6 cell line, dox-treated, environmental stimuli","P493-6 cell line, dox-treated, environmental stimuli",9606,Homo sapiens,P493-6 combination 3,RNA-Seq,TRANSCRIPTOMIC,cDNA,SINGLE,SRS1843878,,SAMN06121400,PRJNA312050,Illumina HiSeq 2000,Illumina HiSeq 2000,ILLUMINA,30692130,1899858301,30692130,3099905130,Sample_r738s10_hs_fq_sr_Kube_J_1.fq.gz,SRR5087405.sralite,847316444,2020-06-24 02:35:36,72da29334e4a02d25ae857191a941bd7,1,SRA Lite,Primary ETL,1,s3://sra-pub-zq-1/SRR5087405/SRR5087405.sralite.1,s3.us-east-1,aws identity,https://sra-downloadb.be-md.ncbi.nlm.nih.gov/sos5/sra-pub-zq-14/SRR005/087/SRR5087405.sralite.1,https://sra-downloadb.be-md.ncbi.nlm.nih.gov/sos5/sra-pub-zq-14/SRR005/087/SRR5087405.sralite.1,worldwide,anonymous,gs://sra-pub-zq-103/SRR5087405/SRR5087405.zq.1,gs.us-east1,gcp identity,,,not applicable,,,,,cells,,Human,,,cell line,,,not applicable,"Prof. Dr. med Georg Bornkamm, HelmholtzZentrum Munich",,,Biological replicate 1,,,,,,,,not determined,,,,,,,,,,,,,,,,,,,,,,,,,,,,,,,,,,,,,,,"1 ng/ml doxycycline for 16h; CpG (0.5muM, ODN2006, Invivogen) , IL10 (25ng/ml, Peprotech) , for 24h.",,,,,,,,,,,,,,,,,,,,,P493-5,B-cell,,,,,,,,,,,,,,,,,,,,,,,,,,,http://ftp.sra.ebi.ac.uk/vol1/fastq/SRR508/005/SRR5087405/SRR5087405.fastq.gz,,,era-fasp@fasp.sra.ebi.ac.uk:vol1/fastq/SRR508/005/SRR5087405/SRR5087405.fastq.gz,,,0
139,SRR5087406,SRP094756,Gene expression changes after microenvironmental stimuli of a B-cell model,SRX2404657,"P493-6 cell line, untreated","P493-6 cell line, untreated",9606,Homo sapiens,P493-6 untreated replicate 6,RNA-Seq,TRANSCRIPTOMIC,cDNA,SINGLE,SRS1843879,,SAMN06121373,PRJNA312050,Illumina HiSeq 2000,Illumina HiSeq 2000,ILLUMINA,27453760,1774136873,27453760,2772829760,Sample_r738s54_hs_fq_sr_Kube_BB_1.fq.gz,SRR5087406.sralite,758271622,2020-06-24 02:31:56,b3094961dd1d37a3205eb3de34b63790,1,SRA Lite,Primary ETL,1,s3://sra-pub-zq-1/SRR5087406/SRR5087406.sralite.1,s3.us-east-1,aws identity,https://sra-downloadb.be-md.ncbi.nlm.nih.gov/sos5/sra-pub-zq-14/SRR005/087/SRR5087406.sralite.1,https://sra-downloadb.be-md.ncbi.nlm.nih.gov/sos5/sra-pub-zq-14/SRR005/087/SRR5087406.sralite.1,worldwide,anonymous,gs://sra-pub-zq-104/SRR5087406/SRR5087406.zq.1,gs.us-east1,gcp identity,,,not applicable,,,,,cells,,Human,,,cell line,,,not applicable,"Prof. Dr. med Georg Bornkamm, HelmholtzZentrum Munich",,,Biological replicate 6,,,,,,,,not determined,,,,,,,,,,,,,,,,,,,,,,,,,,,,,,,,,,,,,,,none,,,,,,,,,,,,,,,,,,,,,P493-6,B-cell,,,,,,,,,,,,,,,,,,,,,,,,,,,http://ftp.sra.ebi.ac.uk/vol1/fastq/SRR508/006/SRR5087406/SRR5087406.fastq.gz,,,era-fasp@fasp.sra.ebi.ac.uk:vol1/fastq/SRR508/006/SRR5087406/SRR5087406.fastq.gz,,,0
140,SRR5087407,SRP094756,Gene expression changes after microenvironmental stimuli of a B-cell model,SRX2404658,"P493-6 cell line, dox-treated, rhIGF treated","P493-6 cell line, dox-treated, rhIGF treated",9606,Homo sapiens,P493-6 dox rhIGF replicate 1,RNA-Seq,TRANSCRIPTOMIC,cDNA,SINGLE,SRS1843880,,SAMN06121394,PRJNA312050,Illumina HiSeq 2000,Illumina HiSeq 2000,ILLUMINA,42548527,2750331795,42548527,4297401227,Sample_r738s12_hs_rna_sr_Kube_L_1.fq.gz,SRR5087407.sralite,1161522705,2021-06-16 04:23:55,6c429f92216e0dd6d224c26c12204aa1,1,SRA Lite,Primary ETL,1,s3://sra-pub-zq-9/SRR5087407/SRR5087407.sralite.1,s3.us-east-1,aws identity,https://sra-downloadb.be-md.ncbi.nlm.nih.gov/sos5/sra-pub-zq-14/SRR005/087/SRR5087407.sralite.1,https://sra-downloadb.be-md.ncbi.nlm.nih.gov/sos5/sra-pub-zq-14/SRR005/087/SRR5087407.sralite.1,worldwide,anonymous,gs://sra-pub-zq-103/SRR5087407/SRR5087407.noqual.1,gs.us-east1,gcp identity,,,not applicable,,,,,cells,,Human,,,cell line,,,not applicable,"Prof. Dr. med Georg Bornkamm, HelmholtzZentrum Munich",,,Biological replicate 1,,,,,,,,not determined,,,,,,,,,,,,,,,,,,,,,,,,,,,,,,,,,,,,,,,"1 ng/ml doxycycline for 16h; rhIGF-1 (100ng/ml, Peprotech) , for 24h.",,,,,,,,,,,,,,,,,,,,,P493-5,B-cell,,,,,,,,,,,,,,,,,,,,,,,,,,,http://ftp.sra.ebi.ac.uk/vol1/fastq/SRR508/007/SRR5087407/SRR5087407.fastq.gz,,,era-fasp@fasp.sra.ebi.ac.uk:vol1/fastq/SRR508/007/SRR5087407/SRR5087407.fastq.gz,,,0
141,SRR5087408,SRP094756,Gene expression changes after microenvironmental stimuli of a B-cell model,SRX2404659,"P493-6 cell line, dox-treated, environmental stimuli","P493-6 cell line, dox-treated, environmental stimuli",9606,Homo sapiens,P493-6 combination 16,RNA-Seq,TRANSCRIPTOMIC,cDNA,SINGLE,SRS1843881,,SAMN06121413,PRJNA312050,Illumina HiSeq 2000,Illumina HiSeq 2000,ILLUMINA,33992426,2189014602,33992426,3433235026,Sample_r738s58_hs_fq_sr_Kube_BF_1.fq.gz,SRR5087408.sralite,938046389,2020-06-24 02:33:46,08725ae3ef979b74cc9bffc2a46149b7,1,SRA Lite,Primary ETL,1,s3://sra-pub-zq-6/SRR5087408/SRR5087408.sralite.1,s3.us-east-1,aws identity,https://sra-downloadb.be-md.ncbi.nlm.nih.gov/sos5/sra-pub-zq-14/SRR005/087/SRR5087408.sralite.1,https://sra-downloadb.be-md.ncbi.nlm.nih.gov/sos5/sra-pub-zq-14/SRR005/087/SRR5087408.sralite.1,worldwide,anonymous,gs://sra-pub-zq-102/SRR5087408/SRR5087408.zq.1,gs.us-east1,gcp identity,,,not applicable,,,,,cells,,Human,,,cell line,,,not applicable,"Prof. Dr. med Georg Bornkamm, HelmholtzZentrum Munich",,,Biological replicate 1,,,,,,,,not determined,,,,,,,,,,,,,,,,,,,,,,,,,,,,,,,,,,,,,,,"1 ng/ml doxycycline for 16h; sCD40L (100ng/ml, AutogenBioclear) , a-IgM F(ab)2 fragments (130ng/ml, Jackson ImmunoResearch) , CpG (0.5muM, ODN2006, Invivogen) , IL10 (25ng/ml, Peprotech) , for 24h.",,,,,,,,,,,,,,,,,,,,,P493-5,B-cell,,,,,,,,,,,,,,,,,,,,,,,,,,,http://ftp.sra.ebi.ac.uk/vol1/fastq/SRR508/008/SRR5087408/SRR5087408.fastq.gz,,,era-fasp@fasp.sra.ebi.ac.uk:vol1/fastq/SRR508/008/SRR5087408/SRR5087408.fastq.gz,,,0
142,SRR5087409,SRP094756,Gene expression changes after microenvironmental stimuli of a B-cell model,SRX2404660,"P493-6 cell line, dox-treated, environmental stimuli","P493-6 cell line, dox-treated, environmental stimuli",9606,Homo sapiens,P493-6 combination 6,RNA-Seq,TRANSCRIPTOMIC,cDNA,SINGLE,SRS1843882,,SAMN06121403,PRJNA312050,Illumina HiSeq 2000,Illumina HiSeq 2000,ILLUMINA,35169944,2293596868,35169944,3552164344,Sample_r738s20_hs_rna_sr_Kube_T_1.fq.gz,SRR5087409.sralite,962046134,2021-06-15 01:17:15,9b1faeaa49d51ca2e214d7572f5fbd51,1,SRA Lite,Primary ETL,1,s3://sra-pub-zq-9/SRR5087409/SRR5087409.sralite.1,s3.us-east-1,aws identity,https://sra-downloadb.be-md.ncbi.nlm.nih.gov/sos5/sra-pub-zq-14/SRR005/087/SRR5087409.sralite.1,https://sra-downloadb.be-md.ncbi.nlm.nih.gov/sos5/sra-pub-zq-14/SRR005/087/SRR5087409.sralite.1,worldwide,anonymous,gs://sra-pub-zq-102/SRR5087409/SRR5087409.noqual.1,gs.us-east1,gcp identity,,,not applicable,,,,,cells,,Human,,,cell line,,,not applicable,"Prof. Dr. med Georg Bornkamm, HelmholtzZentrum Munich",,,Biological replicate 1,,,,,,,,not determined,,,,,,,,,,,,,,,,,,,,,,,,,,,,,,,,,,,,,,,"1 ng/ml doxycycline for 16h; sCD40L (20ng/ml, AutogenBioclear) , a-IgM F(ab)2 fragments (130ng/ml, Jackson ImmunoResearch) , rhIGF-1 (20ng/ml, Peprotech) , IL10 (5ng/ml, Peprotech) , for 24",,,,,,,,,,,,,,,,,,,,,P493-5,B-cell,,,,,,,,,,,,,,,,,,,,,,,,,,,http://ftp.sra.ebi.ac.uk/vol1/fastq/SRR508/009/SRR5087409/SRR5087409.fastq.gz,,,era-fasp@fasp.sra.ebi.ac.uk:vol1/fastq/SRR508/009/SRR5087409/SRR5087409.fastq.gz,,,0
143,SRR5087410,SRP094756,Gene expression changes after microenvironmental stimuli of a B-cell model,SRX2404661,"P493-6 cell line, dox-treated, environmental stimuli","P493-6 cell line, dox-treated, environmental stimuli",9606,Homo sapiens,P493-6 combination 28,RNA-Seq,TRANSCRIPTOMIC,cDNA,SINGLE,SRS1843883,,SAMN06121425,PRJNA312050,Illumina HiSeq 2000,Illumina HiSeq 2000,ILLUMINA,35993779,2383787804,35993779,3635371679,Sample_r738s98_hs_fq_sr_Kube_CU_1.fq.gz,SRR5087410.sralite,992919925,2021-06-15 05:21:19,e0966701fc7fa7774768f91ef3242822,1,SRA Lite,Primary ETL,1,s3://sra-pub-zq-9/SRR5087410/SRR5087410.sralite.1,s3.us-east-1,aws identity,https://sra-downloadb.be-md.ncbi.nlm.nih.gov/sos5/sra-pub-zq-14/SRR005/087/SRR5087410.sralite.1,https://sra-downloadb.be-md.ncbi.nlm.nih.gov/sos5/sra-pub-zq-14/SRR005/087/SRR5087410.sralite.1,worldwide,anonymous,gs://sra-pub-zq-103/SRR5087410/SRR5087410.noqual.1,gs.us-east1,gcp identity,,,not applicable,,,,,cells,,Human,,,cell line,,,not applicable,"Prof. Dr. med Georg Bornkamm, HelmholtzZentrum Munich",,,Biological replicate 1,,,,,,,,not determined,,,,,,,,,,,,,,,,,,,,,,,,,,,,,,,,,,,,,,,"1 ng/ml doxycycline for 16h; sCD40L (20ng/ml, AutogenBioclear) , a-IgM F(ab)2 fragments (130ng/ml, Jackson ImmunoResearch) , rhIGF-1 (100ng/ml, Peprotech) , for 24h.",,,,,,,,,,,,,,,,,,,,,P493-4,B-cell,,,,,,,,,,,,,,,,,,,,,,,,,,,http://ftp.sra.ebi.ac.uk/vol1/fastq/SRR508/000/SRR5087410/SRR5087410.fastq.gz,,,era-fasp@fasp.sra.ebi.ac.uk:vol1/fastq/SRR508/000/SRR5087410/SRR5087410.fastq.gz,,,0
144,SRR5087411,SRP094756,Gene expression changes after microenvironmental stimuli of a B-cell model,SRX2404662,"P493-6 cell line, dox-treated, sCD40L treated","P493-6 cell line, dox-treated, sCD40L treated",9606,Homo sapiens,P493-6 dox sCD40L replicate 1,RNA-Seq,TRANSCRIPTOMIC,cDNA,SINGLE,SRS1843884,,SAMN06121390,PRJNA312050,Illumina HiSeq 2000,Illumina HiSeq 2000,ILLUMINA,27555933,1788754665,27555933,2783149233,Sample_r738s42_hs_fq_sr_Kube_AP_1.fq.gz,SRR5087411.sralite,761111024,2020-06-24 02:30:30,a21530dbe8c893623b4f36ae55e10615,1,SRA Lite,Primary ETL,1,s3://sra-pub-zq-1/SRR5087411/SRR5087411.sralite.1,s3.us-east-1,aws identity,https://sra-downloadb.be-md.ncbi.nlm.nih.gov/sos5/sra-pub-zq-14/SRR005/087/SRR5087411.sralite.1,https://sra-downloadb.be-md.ncbi.nlm.nih.gov/sos5/sra-pub-zq-14/SRR005/087/SRR5087411.sralite.1,worldwide,anonymous,gs://sra-pub-zq-103/SRR5087411/SRR5087411.zq.1,gs.us-east1,gcp identity,,,not applicable,,,,,cells,,Human,,,cell line,,,not applicable,"Prof. Dr. med Georg Bornkamm, HelmholtzZentrum Munich",,,Biological replicate 1,,,,,,,,not determined,,,,,,,,,,,,,,,,,,,,,,,,,,,,,,,,,,,,,,,"1 ng/ml doxycycline + sCD40L (100ng/ml, AutogenBioclear)",,,,,,,,,,,,,,,,,,,,,P493-6,B-cell,,,,,,,,,,,,,,,,,,,,,,,,,,,http://ftp.sra.ebi.ac.uk/vol1/fastq/SRR508/001/SRR5087411/SRR5087411.fastq.gz,,,era-fasp@fasp.sra.ebi.ac.uk:vol1/fastq/SRR508/001/SRR5087411/SRR5087411.fastq.gz,,,0
145,SRR5087412,SRP094756,Gene expression changes after microenvironmental stimuli of a B-cell model,SRX2404663,"P493-6 cell line, dox-treated","P493-6 cell line, dox-treated",9606,Homo sapiens,P493-6 dox replicate 8,RNA-Seq,TRANSCRIPTOMIC,cDNA,SINGLE,SRS1843885,,SAMN06121385,PRJNA312050,Illumina HiSeq 2000,Illumina HiSeq 2000,ILLUMINA,21581028,1342225094,21581028,2179683828,Sample_r738s73_hs_rna_sr_Kube_BV_1.fq.gz,SRR5087412.sralite,593110163,2020-06-22 13:16:09,2e28972779b4a7d01b6057588ff0afe4,1,SRA Lite,Primary ETL,1,s3://sra-pub-zq-6/SRR5087412/SRR5087412.sralite.1,s3.us-east-1,aws identity,https://sra-downloadb.be-md.ncbi.nlm.nih.gov/sos5/sra-pub-zq-14/SRR005/087/SRR5087412.sralite.1,https://sra-downloadb.be-md.ncbi.nlm.nih.gov/sos5/sra-pub-zq-14/SRR005/087/SRR5087412.sralite.1,worldwide,anonymous,gs://sra-pub-zq-102/SRR5087412/SRR5087412.zq.1,gs.us-east1,gcp identity,,,not applicable,,,,,cells,,Human,,,cell line,,,not applicable,"Prof. Dr. med Georg Bornkamm, HelmholtzZentrum Munich",,,Biological replicate 8,,,,,,,,not determined,,,,,,,,,,,,,,,,,,,,,,,,,,,,,,,,,,,,,,,1 ng/ml doxycycline,,,,,,,,,,,,,,,,,,,,,P493-6,B-cell,,,,,,,,,,,,,,,,,,,,,,,,,,,http://ftp.sra.ebi.ac.uk/vol1/fastq/SRR508/002/SRR5087412/SRR5087412.fastq.gz,,,era-fasp@fasp.sra.ebi.ac.uk:vol1/fastq/SRR508/002/SRR5087412/SRR5087412.fastq.gz,,,0
146,SRR5087413,SRP094756,Gene expression changes after microenvironmental stimuli of a B-cell model,SRX2404664,"P493-6 cell line, dox-treated","P493-6 cell line, dox-treated",9606,Homo sapiens,P493-6 dox replicate 3,RNA-Seq,TRANSCRIPTOMIC,cDNA,SINGLE,SRS1843886,,SAMN06121380,PRJNA312050,Illumina HiSeq 2000,Illumina HiSeq 2000,ILLUMINA,29325695,1765910892,29325695,2961895195,Sample_r738s23_hs_rna_sr_Kube_W_1.fq.gz,SRR5087413.sralite,803539001,2021-06-15 20:22:45,2ea62ed7a611df33b1ac4f30ded9b913,1,SRA Lite,Primary ETL,1,s3://sra-pub-zq-9/SRR5087413/SRR5087413.sralite.1,s3.us-east-1,aws identity,https://sra-downloadb.be-md.ncbi.nlm.nih.gov/sos5/sra-pub-zq-14/SRR005/087/SRR5087413.sralite.1,https://sra-downloadb.be-md.ncbi.nlm.nih.gov/sos5/sra-pub-zq-14/SRR005/087/SRR5087413.sralite.1,worldwide,anonymous,gs://sra-pub-zq-104/SRR5087413/SRR5087413.noqual.1,gs.us-east1,gcp identity,,,not applicable,,,,,cells,,Human,,,cell line,,,not applicable,"Prof. Dr. med Georg Bornkamm, HelmholtzZentrum Munich",,,Biological replicate 3,,,,,,,,not determined,,,,,,,,,,,,,,,,,,,,,,,,,,,,,,,,,,,,,,,1 ng/ml doxycycline,,,,,,,,,,,,,,,,,,,,,P493-6,B-cell,,,,,,,,,,,,,,,,,,,,,,,,,,,http://ftp.sra.ebi.ac.uk/vol1/fastq/SRR508/003/SRR5087413/SRR5087413.fastq.gz,,,era-fasp@fasp.sra.ebi.ac.uk:vol1/fastq/SRR508/003/SRR5087413/SRR5087413.fastq.gz,,,1
147,SRR5087414,SRP094756,Gene expression changes after microenvironmental stimuli of a B-cell model,SRX2404665,"P493-6 cell line, untreated","P493-6 cell line, untreated",9606,Homo sapiens,P493-6 untreated replicate 2,RNA-Seq,TRANSCRIPTOMIC,cDNA,SINGLE,SRS1843887,,SAMN06121369,PRJNA312050,Illumina HiSeq 2000,Illumina HiSeq 2000,ILLUMINA,40054688,2477649961,40054688,4045523488,Sample_r738s14_hs_rna_sr_Kube_N_1.fq.gz,SRR5087414.sralite,1093923757,2021-06-15 12:48:43,5ca5cb21c276724db1b2211097510599,1,SRA Lite,Primary ETL,1,s3://sra-pub-zq-9/SRR5087414/SRR5087414.sralite.1,s3.us-east-1,aws identity,https://sra-downloadb.be-md.ncbi.nlm.nih.gov/sos5/sra-pub-zq-14/SRR005/087/SRR5087414.sralite.1,https://sra-downloadb.be-md.ncbi.nlm.nih.gov/sos5/sra-pub-zq-14/SRR005/087/SRR5087414.sralite.1,worldwide,anonymous,gs://sra-pub-zq-102/SRR5087414/SRR5087414.noqual.1,gs.us-east1,gcp identity,,,not applicable,,,,,cells,,Human,,,cell line,,,not applicable,"Prof. Dr. med Georg Bornkamm, HelmholtzZentrum Munich",,,Biological replicate 2,,,,,,,,not determined,,,,,,,,,,,,,,,,,,,,,,,,,,,,,,,,,,,,,,,none,,,,,,,,,,,,,,,,,,,,,P493-6,B-cell,,,,,,,,,,,,,,,,,,,,,,,,,,,http://ftp.sra.ebi.ac.uk/vol1/fastq/SRR508/004/SRR5087414/SRR5087414.fastq.gz,,,era-fasp@fasp.sra.ebi.ac.uk:vol1/fastq/SRR508/004/SRR5087414/SRR5087414.fastq.gz,,,1
148,SRR5087415,SRP094756,Gene expression changes after microenvironmental stimuli of a B-cell model,SRX2404666,"P493-6 cell line, dox-treated, environmental stimuli","P493-6 cell line, dox-treated, environmental stimuli",9606,Homo sapiens,P493-6 combination 4,RNA-Seq,TRANSCRIPTOMIC,cDNA,SINGLE,SRS1843888,,SAMN06121401,PRJNA312050,Illumina HiSeq 2000,Illumina HiSeq 2000,ILLUMINA,21922233,1360092363,21922233,2214145533,Sample_r738s18_hs_fq_sr_Kube_R_1.fq.gz,SRR5087415.sralite,605977982,2020-06-24 02:28:25,72afe0b72a77a869e4578f741273ab2a,1,SRA Lite,Primary ETL,1,s3://sra-pub-zq-1/SRR5087415/SRR5087415.sralite.1,s3.us-east-1,aws identity,https://sra-downloadb.be-md.ncbi.nlm.nih.gov/sos5/sra-pub-zq-14/SRR005/087/SRR5087415.sralite.1,https://sra-downloadb.be-md.ncbi.nlm.nih.gov/sos5/sra-pub-zq-14/SRR005/087/SRR5087415.sralite.1,worldwide,anonymous,gs://sra-pub-zq-103/SRR5087415/SRR5087415.zq.1,gs.us-east1,gcp identity,,,not applicable,,,,,cells,,Human,,,cell line,,,not applicable,"Prof. Dr. med Georg Bornkamm, HelmholtzZentrum Munich",,,Biological replicate 1,,,,,,,,not determined,,,,,,,,,,,,,,,,,,,,,,,,,,,,,,,,,,,,,,,"1 ng/ml doxycycline for 16h; sCD40L (20ng/ml, AutogenBioclear) , a-IgM F(ab)2 fragments (26 ng/ml, Jackson ImmunoResearch) , rhIGF-1 (20ng/ml, Peprotech) , CpG (0.1muM, ODN2006, Invivogen) , IL10 (5ng/ml, Peprotech) , for 24h.",,,,,,,,,,,,,,,,,,,,,P493-5,B-cell,,,,,,,,,,,,,,,,,,,,,,,,,,,http://ftp.sra.ebi.ac.uk/vol1/fastq/SRR508/005/SRR5087415/SRR5087415.fastq.gz,,,era-fasp@fasp.sra.ebi.ac.uk:vol1/fastq/SRR508/005/SRR5087415/SRR5087415.fastq.gz,,,0
149,SRR5087416,SRP094756,Gene expression changes after microenvironmental stimuli of a B-cell model,SRX2404667,"P493-6 cell line, dox-treated, environmental stimuli","P493-6 cell line, dox-treated, environmental stimuli",9606,Homo sapiens,P493-6 combination 13,RNA-Seq,TRANSCRIPTOMIC,cDNA,SINGLE,SRS1843889,,SAMN06121410,PRJNA312050,Illumina HiSeq 2000,Illumina HiSeq 2000,ILLUMINA,30742210,1896588006,30742210,3104963210,Sample_r738s48_hs_rna_sr_Kube_AV_1.fq.gz,SRR5087416.sralite,841948198,2021-06-16 07:24:19,8923c6640d439d489d60936f9791bd9d,1,SRA Lite,Primary ETL,1,s3://sra-pub-zq-9/SRR5087416/SRR5087416.sralite.1,s3.us-east-1,aws identity,https://sra-downloadb.be-md.ncbi.nlm.nih.gov/sos5/sra-pub-zq-14/SRR005/087/SRR5087416.sralite.1,https://sra-downloadb.be-md.ncbi.nlm.nih.gov/sos5/sra-pub-zq-14/SRR005/087/SRR5087416.sralite.1,worldwide,anonymous,gs://sra-pub-zq-104/SRR5087416/SRR5087416.noqual.1,gs.us-east1,gcp identity,,,not applicable,,,,,cells,,Human,,,cell line,,,not applicable,"Prof. Dr. med Georg Bornkamm, HelmholtzZentrum Munich",,,Biological replicate 1,,,,,,,,not determined,,,,,,,,,,,,,,,,,,,,,,,,,,,,,,,,,,,,,,,"1 ng/ml doxycycline for 16h; sCD40L (20ng/ml, AutogenBioclear) , a-IgM F(ab)2 fragments (26ng/ml, Jackson ImmunoResearch) , rhIGF-1 (20ng/ml, Peprotech) , for 24h.",,,,,,,,,,,,,,,,,,,,,P493-5,B-cell,,,,,,,,,,,,,,,,,,,,,,,,,,,http://ftp.sra.ebi.ac.uk/vol1/fastq/SRR508/006/SRR5087416/SRR5087416.fastq.gz,,,era-fasp@fasp.sra.ebi.ac.uk:vol1/fastq/SRR508/006/SRR5087416/SRR5087416.fastq.gz,,,0
150,SRR5087417,SRP094756,Gene expression changes after microenvironmental stimuli of a B-cell model,SRX2404668,"P493-6 cell line, dox-treated, environmental stimuli","P493-6 cell line, dox-treated, environmental stimuli",9606,Homo sapiens,P493-6 combination 19,RNA-Seq,TRANSCRIPTOMIC,cDNA,SINGLE,SRS1843890,,SAMN06121416,PRJNA312050,Illumina HiSeq 2000,Illumina HiSeq 2000,ILLUMINA,26888876,1755721330,26888876,2715776476,Sample_r738s68_hs_fq_sr_Kube_BQ_1.fq.gz,SRR5087417.sralite,741514095,2021-06-16 00:18:48,de6de5c7fc49c28f94abaa45f444ea0e,1,SRA Lite,Primary ETL,1,s3://sra-pub-zq-9/SRR5087417/SRR5087417.sralite.1,s3.us-east-1,aws identity,https://sra-downloadb.be-md.ncbi.nlm.nih.gov/sos5/sra-pub-zq-14/SRR005/087/SRR5087417.sralite.1,https://sra-downloadb.be-md.ncbi.nlm.nih.gov/sos5/sra-pub-zq-14/SRR005/087/SRR5087417.sralite.1,worldwide,anonymous,gs://sra-pub-zq-102/SRR5087417/SRR5087417.noqual.1,gs.us-east1,gcp identity,,,not applicable,,,,,cells,,Human,,,cell line,,,not applicable,"Prof. Dr. med Georg Bornkamm, HelmholtzZentrum Munich",,,Biological replicate 1,,,,,,,,not determined,,,,,,,,,,,,,,,,,,,,,,,,,,,,,,,,,,,,,,,"1 ng/ml doxycycline for 16h; a-IgM F(ab)2 fragments (26ng/ml, Jackson ImmunoResearch) , CpG (0.1muM, ODN2006, Invivogen) , IL10 (25ng/ml, Peprotech) , for 24h.",,,,,,,,,,,,,,,,,,,,,P493-5,B-cell,,,,,,,,,,,,,,,,,,,,,,,,,,,http://ftp.sra.ebi.ac.uk/vol1/fastq/SRR508/007/SRR5087417/SRR5087417.fastq.gz,,,era-fasp@fasp.sra.ebi.ac.uk:vol1/fastq/SRR508/007/SRR5087417/SRR5087417.fastq.gz,,,1
151,SRR5150722,SRP096180,Sequencing of plant species from the Lamiales,SRX2468812,RNA-seq from leaves of Tectona grandis,RNA-seq from leaves of Tectona grandis,41396,Tectona grandis,MINT_BG,RNA-Seq,TRANSCRIPTOMIC,RANDOM,PAIRED,SRS1901115,,SAMN06200329,PRJNA359989,Illumina HiSeq 2500,Illumina HiSeq 2500,ILLUMINA,29269514,3989566784,29269514,8780854200,MINT_BG_CCGTCC_L008_R2_001.fastq.gz,SRR5150722.sralite,2260511452,2020-06-23 04:51:04,58bd4c98e0906358e80467346ed9f12f,1,SRA Lite,Primary ETL,1,s3://sra-pub-zq-1/SRR5150722/SRR5150722.sralite.1,s3.us-east-1,aws identity,https://sra-downloadb.be-md.ncbi.nlm.nih.gov/sos5/sra-pub-zq-14/SRR005/150/SRR5150722.sralite.1,https://sra-downloadb.be-md.ncbi.nlm.nih.gov/sos5/sra-pub-zq-14/SRR005/150/SRR5150722.sralite.1,worldwide,anonymous,gs://sra-pub-zq-104/SRR5150722/SRR5150722.zq.1,gs.us-east1,gcp identity,,,,,,,USA,,,Plant,,,leaf,,Not applicable,,,,,,,,,,,,,,Unknown,,,,,,,,,,,,,,,,,,,,,,,,,,,,,,,,,,,,,,,,,,,,,,,,,,,,,,,,,,,,,,,,,,,,,,,,,,,,,,,,,,,,,,,,http://ftp.sra.ebi.ac.uk/vol1/fastq/SRR515/002/SRR5150722/SRR5150722_1.fastq.gz,http://ftp.sra.ebi.ac.uk/vol1/fastq/SRR515/002/SRR5150722/SRR5150722_2.fastq.gz,,era-fasp@fasp.sra.ebi.ac.uk:vol1/fastq/SRR515/002/SRR5150722/SRR5150722_1.fastq.gz,era-fasp@fasp.sra.ebi.ac.uk:vol1/fastq/SRR515/002/SRR5150722/SRR5150722_2.fastq.gz,1
152,SRR5186269,SRP097007,Midgut transcriptome of striped stem borer feeding on different host plants,SRX2502220,RNA-seq analysis of RCS1 midgut,RNA-seq analysis of RCS1 midgut,168631,Chilo suppressalis,,RNA-Seq,TRANSCRIPTOMIC,PolyA,PAIRED,SRS1928123,,SAMN06240298,PRJNA362493,Illumina HiSeq 2000,Illumina HiSeq 2000,ILLUMINA,42683252,4928426896,42683252,12804975600,RCS1--Midgut transcriptome,SRR5186269.sralite,3189110043,2020-06-20 20:10:14,33fd4a5c797713af32402d45df8f2cb2,1,SRA Lite,Primary ETL,1,s3://sra-pub-zq-9/SRR5186269/SRR5186269.sralite.1,s3.us-east-1,aws identity,https://sra-downloadb.be-md.ncbi.nlm.nih.gov/sos5/sra-pub-zq-14/SRR005/186/SRR5186269.sralite.1,https://sra-downloadb.be-md.ncbi.nlm.nih.gov/sos5/sra-pub-zq-14/SRR005/186/SRR5186269.sralite.1,worldwide,anonymous,gs://sra-pub-zq-102/SRR5186269/SRR5186269.zq.1,gs.us-east1,gcp identity,,,Striped stem borer,rice,,2015,China: Yuyao,,,Invertebrate,,,Midgut,,,,,,,,,,,,,,,,,,,,,,,,,,,,,,,,,,,,,,,,,,,,,,,,,,,,,,,,,,,,,,,,,,,,,,,,,,,,,,,,,,,,,,,,,,,,,,,,,,,,,,,,http://ftp.sra.ebi.ac.uk/vol1/fastq/SRR518/009/SRR5186269/SRR5186269_1.fastq.gz,http://ftp.sra.ebi.ac.uk/vol1/fastq/SRR518/009/SRR5186269/SRR5186269_2.fastq.gz,,era-fasp@fasp.sra.ebi.ac.uk:vol1/fastq/SRR518/009/SRR5186269/SRR5186269_1.fastq.gz,era-fasp@fasp.sra.ebi.ac.uk:vol1/fastq/SRR518/009/SRR5186269/SRR5186269_2.fastq.gz,1
153,SRR5186270,SRP097007,Midgut transcriptome of striped stem borer feeding on different host plants,SRX2502221,RNA-seq analysis of RCS2 midgut,RNA-seq analysis of RCS2 midgut,168631,Chilo suppressalis,,RNA-Seq,TRANSCRIPTOMIC,PolyA,PAIRED,SRS1928124,,SAMN06240300,PRJNA362493,Illumina HiSeq 2000,Illumina HiSeq 2000,ILLUMINA,36629273,4219598218,36629273,10988781900,RCS2--Midgut transcriptome,SRR5186270.sralite,2735204488,2020-06-23 07:15:57,8dc0b40428cc00b836363d63c010cc07,1,SRA Lite,Primary ETL,1,s3://sra-pub-zq-1/SRR5186270/SRR5186270.sralite.1,s3.us-east-1,aws identity,https://sra-downloadb.be-md.ncbi.nlm.nih.gov/sos5/sra-pub-zq-14/SRR005/186/SRR5186270.sralite.1,https://sra-downloadb.be-md.ncbi.nlm.nih.gov/sos5/sra-pub-zq-14/SRR005/186/SRR5186270.sralite.1,worldwide,anonymous,gs://sra-pub-zq-103/SRR5186270/SRR5186270.zq.1,gs.us-east1,gcp identity,,,Striped stem borer,rice,,2015,China: Yuyao,,,Invertebrate,,,Midgut,,,,,,,,,,,,,,,,,,,,,,,,,,,,,,,,,,,,,,,,,,,,,,,,,,,,,,,,,,,,,,,,,,,,,,,,,,,,,,,,,,,,,,,,,,,,,,,,,,,,,,,,http://ftp.sra.ebi.ac.uk/vol1/fastq/SRR518/000/SRR5186270/SRR5186270_1.fastq.gz,http://ftp.sra.ebi.ac.uk/vol1/fastq/SRR518/000/SRR5186270/SRR5186270_2.fastq.gz,,era-fasp@fasp.sra.ebi.ac.uk:vol1/fastq/SRR518/000/SRR5186270/SRR5186270_1.fastq.gz,era-fasp@fasp.sra.ebi.ac.uk:vol1/fastq/SRR518/000/SRR5186270/SRR5186270_2.fastq.gz,0
154,SRR5186291,SRP097007,Midgut transcriptome of striped stem borer feeding on different host plants,SRX2502222,RNA-seq analysis of RCS3 midgut,RNA-seq analysis of RCS3 midgut,168631,Chilo suppressalis,,RNA-Seq,TRANSCRIPTOMIC,PolyA,PAIRED,SRS1928125,,SAMN06240303,PRJNA362493,Illumina HiSeq 2000,Illumina HiSeq 2000,ILLUMINA,34678797,4003309996,34678797,10403639100,RCS3--Midgut transcriptome,SRR5186291.sralite,2592078478,2021-06-15 23:20:22,ba647fa47c88b110c75b1e7aaf70a04b,1,SRA Lite,Primary ETL,1,s3://sra-pub-zq-9/SRR5186291/SRR5186291.sralite.1,s3.us-east-1,aws identity,https://sra-downloadb.be-md.ncbi.nlm.nih.gov/sos5/sra-pub-zq-14/SRR005/186/SRR5186291.sralite.1,https://sra-downloadb.be-md.ncbi.nlm.nih.gov/sos5/sra-pub-zq-14/SRR005/186/SRR5186291.sralite.1,worldwide,anonymous,gs://sra-pub-zq-102/SRR5186291/SRR5186291.noqual.1,gs.us-east1,gcp identity,,,Striped stem borer,rice,,2015,China: Yuyao,,,Invertebrate,,,Midgut,,,,,,,,,,,,,,,,,,,,,,,,,,,,,,,,,,,,,,,,,,,,,,,,,,,,,,,,,,,,,,,,,,,,,,,,,,,,,,,,,,,,,,,,,,,,,,,,,,,,,,,,http://ftp.sra.ebi.ac.uk/vol1/fastq/SRR518/001/SRR5186291/SRR5186291_1.fastq.gz,http://ftp.sra.ebi.ac.uk/vol1/fastq/SRR518/001/SRR5186291/SRR5186291_2.fastq.gz,,era-fasp@fasp.sra.ebi.ac.uk:vol1/fastq/SRR518/001/SRR5186291/SRR5186291_1.fastq.gz,era-fasp@fasp.sra.ebi.ac.uk:vol1/fastq/SRR518/001/SRR5186291/SRR5186291_2.fastq.gz,0
155,SRR5892087,SRP114745,Panonychus citri Transcriptome,SRX3057836,RNA-seq of Panonychus citri: fenpropathrin-susceptible strain,RNA-seq of Panonychus citri: fenpropathrin-susceptible strain,50023,Panonychus citri,Pc_SS,RNA-Seq,TRANSCRIPTOMIC,cDNA,PAIRED,SRS2403771,,SAMN07430745,PRJNA396995,Illumina HiSeq 2500,Illumina HiSeq 2500,ILLUMINA,28592450,3566334273,28592450,7148112500,Pc_SS_1.fq.gz,SRR5892087.sralite,1853811995,2020-06-20 23:44:46,ebbfcaffb7b6fdb36e5a8e345e408f66,1,SRA Lite,Primary ETL,1,s3://sra-pub-zq-5/SRR5892087/SRR5892087.sralite.1,s3.us-east-1,aws identity,https://sra-downloadb.be-md.ncbi.nlm.nih.gov/sos5/sra-pub-zq-14/SRR005/892/SRR5892087.sralite.1,https://sra-downloadb.be-md.ncbi.nlm.nih.gov/sos5/sra-pub-zq-14/SRR005/892/SRR5892087.sralite.1,worldwide,anonymous,gs://sra-pub-zq-106/SRR5892087/SRR5892087.zq.1,gs.us-east1,gcp identity,,fenpropathrin-susceptible,,,,,,,,Model organism or animal,,,whole body,,,adult,,,,,,,,,,,,female,adult,,,,,,,,,,,,,,,,,,,,,,,,,,,,,,,,,,,,,,,,,,,,,,,,,,,,,,,,,,,,,,,,,,,,,,,,,,,,,,,,,,,,,,,,http://ftp.sra.ebi.ac.uk/vol1/fastq/SRR589/007/SRR5892087/SRR5892087_1.fastq.gz,http://ftp.sra.ebi.ac.uk/vol1/fastq/SRR589/007/SRR5892087/SRR5892087_2.fastq.gz,,era-fasp@fasp.sra.ebi.ac.uk:vol1/fastq/SRR589/007/SRR5892087/SRR5892087_1.fastq.gz,era-fasp@fasp.sra.ebi.ac.uk:vol1/fastq/SRR589/007/SRR5892087/SRR5892087_2.fastq.gz,1
156,SRR5892088,SRP114745,Panonychus citri Transcriptome,SRX3057835,RNA-seq of Panonychus citri: fenpropathrin-resistant strain,RNA-seq of Panonychus citri: fenpropathrin-resistant strain,50023,Panonychus citri,Pc_PR,RNA-Seq,TRANSCRIPTOMIC,cDNA,PAIRED,SRS2403770,,SAMN07430744,PRJNA396995,Illumina HiSeq 2500,Illumina HiSeq 2500,ILLUMINA,27267867,3398217721,27267867,6816966750,Pc_PR_1.fq.gz,SRR5892088.sralite,1769964340,2020-06-20 23:44:46,1baa5d3c898f0e15b87a11a8ad4b1050,1,SRA Lite,Primary ETL,1,s3://sra-pub-zq-9/SRR5892088/SRR5892088.sralite.1,s3.us-east-1,aws identity,https://sra-downloadb.be-md.ncbi.nlm.nih.gov/sos5/sra-pub-zq-14/SRR005/892/SRR5892088.sralite.1,https://sra-downloadb.be-md.ncbi.nlm.nih.gov/sos5/sra-pub-zq-14/SRR005/892/SRR5892088.sralite.1,worldwide,anonymous,gs://sra-pub-zq-106/SRR5892088/SRR5892088.zq.1,gs.us-east1,gcp identity,,fenpropathrin-resistant,,,,,,,,Model organism or animal,,,whole body,,,adult,,,,,,,,,,,,female,adult,,,,,,,,,,,,,,,,,,,,,,,,,,,,,,,,,,,,,,,,,,,,,,,,,,,,,,,,,,,,,,,,,,,,,,,,,,,,,,,,,,,,,,,,http://ftp.sra.ebi.ac.uk/vol1/fastq/SRR589/008/SRR5892088/SRR5892088_1.fastq.gz,http://ftp.sra.ebi.ac.uk/vol1/fastq/SRR589/008/SRR5892088/SRR5892088_2.fastq.gz,,era-fasp@fasp.sra.ebi.ac.uk:vol1/fastq/SRR589/008/SRR5892088/SRR5892088_1.fastq.gz,era-fasp@fasp.sra.ebi.ac.uk:vol1/fastq/SRR589/008/SRR5892088/SRR5892088_2.fastq.gz,1
157,SRR6036271,SRP117633,seedling etiolation of Citrus grandis (L.) Osbeck. cv. 'Hongmianmiyou' grafted to Poncirus trifoliate,SRX3185080,Cm_Pt_yellow_rp3,Cm_Pt_yellow_rp3,37334,Citrus maxima,Hm_Pt_rp3,RNA-Seq,TRANSCRIPTOMIC,RANDOM,PAIRED,SRS2513518,,SAMN07640964,PRJNA407231,Illumina HiSeq 2500,Illumina HiSeq 2500,ILLUMINA,21422146,2629622975,21422146,6426643800,Hm_Pt_3_1.fq.gz,SRR6036271.sralite,1609690985,2020-06-13 23:48:22,f4d73b2de8a504e32a1881b1bd711aad,1,SRA Lite,Primary ETL,1,s3://sra-pub-zq-5/SRR6036271/SRR6036271.sralite.1,s3.us-east-1,aws identity,https://sra-downloadb.be-md.ncbi.nlm.nih.gov/sos5/sra-pub-zq-14/SRR006/036/SRR6036271.sralite.1,https://sra-downloadb.be-md.ncbi.nlm.nih.gov/sos5/sra-pub-zq-14/SRR006/036/SRR6036271.sralite.1,worldwide,anonymous,gs://sra-pub-zq-107/SRR6036271/SRR6036271.zq.1,gs.us-east1,gcp identity,,,yellow_Hm_3,,,,China:Sichuan,,,Plant,,,leaf petiole,,Hongmianmiyou,,,,,,,,,,,not collected,,,leaf_yellow_rp3,,,,,,,,,,,,,,,,,,,,,,,,,,,,,,,,,,,,,,,,,,,,,,,,,,,,,,,,,,,,,,,,,,,,,,,,,,,,,,,,,,,,,,,,http://ftp.sra.ebi.ac.uk/vol1/fastq/SRR603/001/SRR6036271/SRR6036271_1.fastq.gz,http://ftp.sra.ebi.ac.uk/vol1/fastq/SRR603/001/SRR6036271/SRR6036271_2.fastq.gz,,era-fasp@fasp.sra.ebi.ac.uk:vol1/fastq/SRR603/001/SRR6036271/SRR6036271_1.fastq.gz,era-fasp@fasp.sra.ebi.ac.uk:vol1/fastq/SRR603/001/SRR6036271/SRR6036271_2.fastq.gz,1
158,SRR6038364,SRP096283,Human gut metagenome and metatranscriptome raw sequence reads.,SRX3186702,WGS of metagenomic and metatranscriptomic sequencing of the human gut microbiome: Subject 50176181,WGS of metagenomic and metatranscriptomic sequencing of the human gut microbiome: Subject 50176181,408170,human gut metagenome,50176181_SF05_rna,WGS,METAGENOMIC,RANDOM,PAIRED,SRS1912909,,SAMN06165633,PRJNA354235,Illumina HiSeq 2000,Illumina HiSeq 2000,ILLUMINA,12438893,1122810394,12438893,2313634098,50176181_SF05_rna_R2.fastq.gz,SRR6038364.sralite,609220578,2020-06-23 16:57:28,8496dad57ecf14018dc6f816ec5230cd,1,SRA Lite,Primary ETL,1,s3://sra-pub-zq-5/SRR6038364/SRR6038364.sralite.1,s3.us-east-1,aws identity,https://sra-downloadb.be-md.ncbi.nlm.nih.gov/sos5/sra-pub-zq-14/SRR006/038/SRR6038364.sralite.1,https://sra-downloadb.be-md.ncbi.nlm.nih.gov/sos5/sra-pub-zq-14/SRR006/038/SRR6038364.sralite.1,worldwide,anonymous,gs://sra-pub-zq-105/SRR6038364/SRR6038364.zq.1,gs.us-east1,gcp identity,,,,Homo sapiens,,2012,USA,,,MIGS/MIMS/MIMARKS.human-gut,Missing,,,,,,,,,,,,,,,,,,,,,,,,,,,,,,,,,,,,,,,,,,,,,,,,,,,,,,,,,,,ENVO:2100002,,ENVO:00002003,ENVO:00009003,,,,,,,,,,,,,,,,,rna,SF05,50176181.0,,,,,,,,,,,,,,,,,,,,,,,,,http://ftp.sra.ebi.ac.uk/vol1/fastq/SRR603/004/SRR6038364/SRR6038364_1.fastq.gz,http://ftp.sra.ebi.ac.uk/vol1/fastq/SRR603/004/SRR6038364/SRR6038364_2.fastq.gz,,era-fasp@fasp.sra.ebi.ac.uk:vol1/fastq/SRR603/004/SRR6038364/SRR6038364_1.fastq.gz,era-fasp@fasp.sra.ebi.ac.uk:vol1/fastq/SRR603/004/SRR6038364/SRR6038364_2.fastq.gz,1
159,SRR6233752,SRP094756,Gene expression changes after microenvironmental stimuli of a B-cell model,SRX3342220,"P493-6 cell line, environmental stimuli","P493-6 cell line, environmental stimuli",9606,Homo sapiens,P493-6 combination 20,RNA-Seq,TRANSCRIPTOMIC,cDNA,SINGLE,SRS2643623,,SAMN07829538,PRJNA312050,Illumina HiSeq 2000,Illumina HiSeq 2000,ILLUMINA,37947713,2451637427,37947713,3832719013,Sample_r738s17_hs_rna_sr_Kube_Q_1.fq,SRR6233752.sralite,1037201093,2020-06-20 10:23:28,e1e04b0bab40b93bb531eb5e18b3b33f,1,SRA Lite,Primary ETL,1,s3://sra-pub-zq-4/SRR6233752/SRR6233752.sralite.1,s3.us-east-1,aws identity,https://sra-downloadb.be-md.ncbi.nlm.nih.gov/sos5/sra-pub-zq-14/SRR006/233/SRR6233752.sralite.1,https://sra-downloadb.be-md.ncbi.nlm.nih.gov/sos5/sra-pub-zq-14/SRR006/233/SRR6233752.sralite.1,worldwide,anonymous,gs://sra-pub-zq-102/SRR6233752/SRR6233752.zq.1,gs.us-east1,gcp identity,,,not applicable,,,,,cells,,Human,,,cell line,,,not applicable,"Prof. Dr. med Georg Bornkamm, HelmholtzZentrum Munich",,,Biological replicate 1,,,,,,,,not determined,,,,,,,,,,,,,,,,,,,,,,,,,,,,,,,,,,,,,,,"sCD40L (100ng/ml, AutogenBioclear), a-IgM F(ab)2 fragments (130ng/ml, Jackson ImmunoResearch), rhIGF-1 (100ng/ml, Peprotech), CpG (0.5muM, ODN2006, Invivogen), IL10 (5ng/ml, Peprotech), for 24h.",,,,,,,,,,,,,,,,,,,,,P493-5,B-cell,,,,,,,,,,,,,,,,,,,,,,,,,,,http://ftp.sra.ebi.ac.uk/vol1/fastq/SRR623/002/SRR6233752/SRR6233752.fastq.gz,,,era-fasp@fasp.sra.ebi.ac.uk:vol1/fastq/SRR623/002/SRR6233752/SRR6233752.fastq.gz,,,0
160,SRR6233753,SRP094756,Gene expression changes after microenvironmental stimuli of a B-cell model,SRX3342219,"P493-6 cell line, environmental stimuli","P493-6 cell line, environmental stimuli",9606,Homo sapiens,P493-6 combination 19,RNA-Seq,TRANSCRIPTOMIC,cDNA,SINGLE,SRS2643622,,SAMN07829537,PRJNA312050,Illumina HiSeq 2000,Illumina HiSeq 2000,ILLUMINA,42647683,2795011340,42647683,4307415983,Sample_r738s75_hs_fq_sr_Kube_BX_1.fq,SRR6233753.sralite,1175601951,2020-06-14 00:43:33,836219ed1ebbd0b82bc4b13058666f2c,1,SRA Lite,Primary ETL,1,s3://sra-pub-zq-1/SRR6233753/SRR6233753.sralite.1,s3.us-east-1,aws identity,https://sra-downloadb.be-md.ncbi.nlm.nih.gov/sos5/sra-pub-zq-14/SRR006/233/SRR6233753.sralite.1,https://sra-downloadb.be-md.ncbi.nlm.nih.gov/sos5/sra-pub-zq-14/SRR006/233/SRR6233753.sralite.1,worldwide,anonymous,gs://sra-pub-zq-102/SRR6233753/SRR6233753.zq.1,gs.us-east1,gcp identity,,,not applicable,,,,,cells,,Human,,,cell line,,,not applicable,"Prof. Dr. med Georg Bornkamm, HelmholtzZentrum Munich",,,Biological replicate 1,,,,,,,,not determined,,,,,,,,,,,,,,,,,,,,,,,,,,,,,,,,,,,,,,,"a-IgM F(ab)2 fragments (26ng/ml, Jackson ImmunoResearch), CpG (0.1muM, ODN2006, Invivogen), IL10 (25ng/ml, Peprotech), for 24h.",,,,,,,,,,,,,,,,,,,,,P493-5,B-cell,,,,,,,,,,,,,,,,,,,,,,,,,,,http://ftp.sra.ebi.ac.uk/vol1/fastq/SRR623/003/SRR6233753/SRR6233753.fastq.gz,,,era-fasp@fasp.sra.ebi.ac.uk:vol1/fastq/SRR623/003/SRR6233753/SRR6233753.fastq.gz,,,0
161,SRR6233754,SRP094756,Gene expression changes after microenvironmental stimuli of a B-cell model,SRX3342218,"P493-6 cell line, environmental stimuli","P493-6 cell line, environmental stimuli",9606,Homo sapiens,P493-6 combination 27,RNA-Seq,TRANSCRIPTOMIC,cDNA,SINGLE,SRS2643625,,SAMN07829545,PRJNA312050,Illumina HiSeq 2000,Illumina HiSeq 2000,ILLUMINA,45494358,3013940719,45494358,4594930158,Sample_r738s95_hs_fq_sr_Kube_CR_1.fq,SRR6233754.sralite,1253487263,2020-06-14 00:45:54,9c86a2f9f6a507febbb7ecaa520869d3,1,SRA Lite,Primary ETL,1,s3://sra-pub-zq-1/SRR6233754/SRR6233754.sralite.1,s3.us-east-1,aws identity,https://sra-downloadb.be-md.ncbi.nlm.nih.gov/sos5/sra-pub-zq-14/SRR006/233/SRR6233754.sralite.1,https://sra-downloadb.be-md.ncbi.nlm.nih.gov/sos5/sra-pub-zq-14/SRR006/233/SRR6233754.sralite.1,worldwide,anonymous,gs://sra-pub-zq-102/SRR6233754/SRR6233754.zq.1,gs.us-east1,gcp identity,,,not applicable,,,,,cells,,Human,,,cell line,,,not applicable,"Prof. Dr. med Georg Bornkamm, HelmholtzZentrum Munich",,,Biological replicate 1,,,,,,,,not determined,,,,,,,,,,,,,,,,,,,,,,,,,,,,,,,,,,,,,,,"sCD40L (100ng/ml, AutogenBioclear), rhIGF-1 (100ng/ml, Peprotech), CpG (0.1muM, ODN2006, Invivogen), for 24h.",,,,,,,,,,,,,,,,,,,,,P493-4,B-cell,,,,,,,,,,,,,,,,,,,,,,,,,,,http://ftp.sra.ebi.ac.uk/vol1/fastq/SRR623/004/SRR6233754/SRR6233754.fastq.gz,,,era-fasp@fasp.sra.ebi.ac.uk:vol1/fastq/SRR623/004/SRR6233754/SRR6233754.fastq.gz,,,0
162,SRR6233755,SRP094756,Gene expression changes after microenvironmental stimuli of a B-cell model,SRX3342217,"P493-6 cell line, environmental stimuli","P493-6 cell line, environmental stimuli",9606,Homo sapiens,P493-6 combination 12,RNA-Seq,TRANSCRIPTOMIC,cDNA,SINGLE,SRS2643621,,SAMN07829530,PRJNA312050,Illumina HiSeq 2000,Illumina HiSeq 2000,ILLUMINA,23056193,1462644379,23056193,2328675493,Sample_r738s87_hs_rna_sr_Kube_CJ_1.fq,Sample_r738s87_hs_rna_sr_Kube_CJ_1.fq,6052013043,2020-03-16 20:38:17,6f501f41d8d7f213efc72cba4a1c3dd6,1,fastq,Original,0,s3://sra-pub-src-5/SRR6233755/Sample_r738s87_hs_rna_sr_Kube_CJ_1.fq,-,Use Cloud Data Delivery,https://sra-downloadb.be-md.ncbi.nlm.nih.gov/sos5/sra-pub-zq-14/SRR006/233/SRR6233755.sralite.1,https://sra-downloadb.be-md.ncbi.nlm.nih.gov/sos5/sra-pub-zq-14/SRR006/233/SRR6233755.sralite.1,worldwide,anonymous,gs://sra-pub-zq-103/SRR6233755/SRR6233755.zq.1,gs.us-east1,gcp identity,,,not applicable,,,,,cells,,Human,,,cell line,,,not applicable,"Prof. Dr. med Georg Bornkamm, HelmholtzZentrum Munich",,,Biological replicate 1,,,,,,,,not determined,,,,,,,,,,,,,,,,,,,,,,,,,,,,,,,,,,,,,,,"sCD40L (100ng/ml, AutogenBioclear), rhIGF-1 (100ng/ml, Peprotech), CpG (0.5muM, ODN2006, Invivogen), IL10 (5ng/ml, Peprotech), for 24h.",,,,,,,,,,,,,,,,,,,,,P493-5,B-cell,,,,,,,,,,,,,,,,,,,,,,,,,,,http://ftp.sra.ebi.ac.uk/vol1/fastq/SRR623/005/SRR6233755/SRR6233755.fastq.gz,,,era-fasp@fasp.sra.ebi.ac.uk:vol1/fastq/SRR623/005/SRR6233755/SRR6233755.fastq.gz,,,1
163,SRR6233756,SRP094756,Gene expression changes after microenvironmental stimuli of a B-cell model,SRX3342216,"P493-6 cell line, environmental stimuli","P493-6 cell line, environmental stimuli",9606,Homo sapiens,P493-6 combination 11,RNA-Seq,TRANSCRIPTOMIC,cDNA,SINGLE,SRS2643620,,SAMN07829529,PRJNA312050,Illumina HiSeq 2000,Illumina HiSeq 2000,ILLUMINA,36649932,2425010773,36649932,3701643132,Sample_r738s85_hs_fq_sr_Kube_CH_1.fq,SRR6233756.sralite,1010941794,2020-06-14 00:40:39,6b4a3e2179e161e1bb49ef92c8fc2662,1,SRA Lite,Primary ETL,1,s3://sra-pub-zq-1/SRR6233756/SRR6233756.sralite.1,s3.us-east-1,aws identity,https://sra-downloadb.be-md.ncbi.nlm.nih.gov/sos5/sra-pub-zq-14/SRR006/233/SRR6233756.sralite.1,https://sra-downloadb.be-md.ncbi.nlm.nih.gov/sos5/sra-pub-zq-14/SRR006/233/SRR6233756.sralite.1,worldwide,anonymous,gs://sra-pub-zq-104/SRR6233756/SRR6233756.zq.1,gs.us-east1,gcp identity,,,not applicable,,,,,cells,,Human,,,cell line,,,not applicable,"Prof. Dr. med Georg Bornkamm, HelmholtzZentrum Munich",,,Biological replicate 1,,,,,,,,not determined,,,,,,,,,,,,,,,,,,,,,,,,,,,,,,,,,,,,,,,"sCD40L (20ng/ml, AutogenBioclear), a-IgM F(ab)2 fragments (130ng/ml, Jackson ImmunoResearch), rhIGF-1 (100ng/ml, Peprotech), CpG (0.1muM, ODN2006, Invivogen), for 24h.",,,,,,,,,,,,,,,,,,,,,P493-5,B-cell,,,,,,,,,,,,,,,,,,,,,,,,,,,http://ftp.sra.ebi.ac.uk/vol1/fastq/SRR623/006/SRR6233756/SRR6233756.fastq.gz,,,era-fasp@fasp.sra.ebi.ac.uk:vol1/fastq/SRR623/006/SRR6233756/SRR6233756.fastq.gz,,,0
164,SRR6233757,SRP094756,Gene expression changes after microenvironmental stimuli of a B-cell model,SRX3342215,"P493-6 cell line, environmental stimuli","P493-6 cell line, environmental stimuli",9606,Homo sapiens,P493-6 combination 14,RNA-Seq,TRANSCRIPTOMIC,cDNA,SINGLE,SRS2643619,,SAMN07829532,PRJNA312050,Illumina HiSeq 2000,Illumina HiSeq 2000,ILLUMINA,24298312,1549506386,24298312,2454129512,Sample_r738s26_hs_fq_sr_Kube_Z_1.fq,SRR6233757.sralite,671475222,2020-06-22 11:56:28,1a2a1bfe8297da60ae0c4b908b3e641b,1,SRA Lite,Primary ETL,1,s3://sra-pub-zq-5/SRR6233757/SRR6233757.sralite.1,s3.us-east-1,aws identity,https://sra-downloadb.be-md.ncbi.nlm.nih.gov/sos5/sra-pub-zq-14/SRR006/233/SRR6233757.sralite.1,https://sra-downloadb.be-md.ncbi.nlm.nih.gov/sos5/sra-pub-zq-14/SRR006/233/SRR6233757.sralite.1,worldwide,anonymous,gs://sra-pub-zq-102/SRR6233757/SRR6233757.zq.1,gs.us-east1,gcp identity,,,not applicable,,,,,cells,,Human,,,cell line,,,not applicable,"Prof. Dr. med Georg Bornkamm, HelmholtzZentrum Munich",,,Biological replicate 1,,,,,,,,not determined,,,,,,,,,,,,,,,,,,,,,,,,,,,,,,,,,,,,,,,"sCD40L (20ng/ml, AutogenBioclear), a-IgM F(ab)2 fragments (130ng/ml, Jackson ImmunoResearch), IL10 (25ng/ml, Peprotech), for 24h.",,,,,,,,,,,,,,,,,,,,,P493-5,B-cell,,,,,,,,,,,,,,,,,,,,,,,,,,,http://ftp.sra.ebi.ac.uk/vol1/fastq/SRR623/007/SRR6233757/SRR6233757.fastq.gz,,,era-fasp@fasp.sra.ebi.ac.uk:vol1/fastq/SRR623/007/SRR6233757/SRR6233757.fastq.gz,,,1
165,SRR6233758,SRP094756,Gene expression changes after microenvironmental stimuli of a B-cell model,SRX3342214,"P493-6 cell line, environmental stimuli","P493-6 cell line, environmental stimuli",9606,Homo sapiens,P493-6 combination 13,RNA-Seq,TRANSCRIPTOMIC,cDNA,SINGLE,SRS2643618,,SAMN07829531,PRJNA312050,Illumina HiSeq 2000,Illumina HiSeq 2000,ILLUMINA,21770806,1380859855,21770806,2198851406,Sample_r738s25_hs_fq_sr_Kube_Y_1.fq,SRR6233758.sralite,601838444,2020-06-22 11:55:07,e7c63390f7c983da8d2b896f41ae97fc,1,SRA Lite,Primary ETL,1,s3://sra-pub-zq-2/SRR6233758/SRR6233758.sralite.1,s3.us-east-1,aws identity,https://sra-downloadb.be-md.ncbi.nlm.nih.gov/sos5/sra-pub-zq-14/SRR006/233/SRR6233758.sralite.1,https://sra-downloadb.be-md.ncbi.nlm.nih.gov/sos5/sra-pub-zq-14/SRR006/233/SRR6233758.sralite.1,worldwide,anonymous,gs://sra-pub-zq-103/SRR6233758/SRR6233758.zq.1,gs.us-east1,gcp identity,,,not applicable,,,,,cells,,Human,,,cell line,,,not applicable,"Prof. Dr. med Georg Bornkamm, HelmholtzZentrum Munich",,,Biological replicate 1,,,,,,,,not determined,,,,,,,,,,,,,,,,,,,,,,,,,,,,,,,,,,,,,,,"sCD40L (20ng/ml, AutogenBioclear), a-IgM F(ab)2 fragments (26ng/ml, Jackson ImmunoResearch), rhIGF-1 (20ng/ml, Peprotech), for 24h.",,,,,,,,,,,,,,,,,,,,,P493-5,B-cell,,,,,,,,,,,,,,,,,,,,,,,,,,,http://ftp.sra.ebi.ac.uk/vol1/fastq/SRR623/008/SRR6233758/SRR6233758.fastq.gz,,,era-fasp@fasp.sra.ebi.ac.uk:vol1/fastq/SRR623/008/SRR6233758/SRR6233758.fastq.gz,,,0
166,SRR6233759,SRP094756,Gene expression changes after microenvironmental stimuli of a B-cell model,SRX3342213,"P493-6 cell line, environmental stimuli","P493-6 cell line, environmental stimuli",9606,Homo sapiens,P493-6 combination 16,RNA-Seq,TRANSCRIPTOMIC,cDNA,SINGLE,SRS2643617,,SAMN07829534,PRJNA312050,Illumina HiSeq 2000,Illumina HiSeq 2000,ILLUMINA,31604486,1912255867,31604486,3192053086,Sample_r738s67_hs_rna_sr_Kube_BP_1.fq,SRR6233759.sralite,865323059,2020-06-24 00:30:43,3f62675bb0487d4e0fec7a83049c71c9,1,SRA Lite,Primary ETL,1,s3://sra-pub-zq-1/SRR6233759/SRR6233759.sralite.1,s3.us-east-1,aws identity,https://sra-downloadb.be-md.ncbi.nlm.nih.gov/sos5/sra-pub-zq-14/SRR006/233/SRR6233759.sralite.1,https://sra-downloadb.be-md.ncbi.nlm.nih.gov/sos5/sra-pub-zq-14/SRR006/233/SRR6233759.sralite.1,worldwide,anonymous,gs://sra-pub-zq-103/SRR6233759/SRR6233759.zq.1,gs.us-east1,gcp identity,,,not applicable,,,,,cells,,Human,,,cell line,,,not applicable,"Prof. Dr. med Georg Bornkamm, HelmholtzZentrum Munich",,,Biological replicate 1,,,,,,,,not determined,,,,,,,,,,,,,,,,,,,,,,,,,,,,,,,,,,,,,,,"sCD40L (100ng/ml, AutogenBioclear), a-IgM F(ab)2 fragments (130ng/ml, Jackson ImmunoResearch), CpG (0.5muM, ODN2006, Invivogen), IL10 (25ng/ml, Peprotech), for 24h.",,,,,,,,,,,,,,,,,,,,,P493-5,B-cell,,,,,,,,,,,,,,,,,,,,,,,,,,,http://ftp.sra.ebi.ac.uk/vol1/fastq/SRR623/009/SRR6233759/SRR6233759.fastq.gz,,,era-fasp@fasp.sra.ebi.ac.uk:vol1/fastq/SRR623/009/SRR6233759/SRR6233759.fastq.gz,,,0
167,SRR6233760,SRP094756,Gene expression changes after microenvironmental stimuli of a B-cell model,SRX3342212,"P493-6 cell line, environmental stimuli","P493-6 cell line, environmental stimuli",9606,Homo sapiens,P493-6 combination 15,RNA-Seq,TRANSCRIPTOMIC,cDNA,SINGLE,SRS2643616,,SAMN07829533,PRJNA312050,Illumina HiSeq 2000,Illumina HiSeq 2000,ILLUMINA,25593919,1656290019,25593919,2584985819,Sample_r738s47_hs_fq_sr_Kube_AU_1.fq,SRR6233760.sralite,707104087,2020-06-20 10:20:54,643487931ba80df13e1d9090e8d5f6bb,1,SRA Lite,Primary ETL,1,s3://sra-pub-zq-4/SRR6233760/SRR6233760.sralite.1,s3.us-east-1,aws identity,https://sra-downloadb.be-md.ncbi.nlm.nih.gov/sos5/sra-pub-zq-14/SRR006/233/SRR6233760.sralite.1,https://sra-downloadb.be-md.ncbi.nlm.nih.gov/sos5/sra-pub-zq-14/SRR006/233/SRR6233760.sralite.1,worldwide,anonymous,gs://sra-pub-zq-104/SRR6233760/SRR6233760.zq.1,gs.us-east1,gcp identity,,,not applicable,,,,,cells,,Human,,,cell line,,,not applicable,"Prof. Dr. med Georg Bornkamm, HelmholtzZentrum Munich",,,Biological replicate 1,,,,,,,,not determined,,,,,,,,,,,,,,,,,,,,,,,,,,,,,,,,,,,,,,,"sCD40L (20ng/ml, AutogenBioclear), rhIGF-1 (20ng/ml, Peprotech), CpG (0.5muM, ODN2006, Invivogen), for 24h.",,,,,,,,,,,,,,,,,,,,,P493-5,B-cell,,,,,,,,,,,,,,,,,,,,,,,,,,,http://ftp.sra.ebi.ac.uk/vol1/fastq/SRR623/000/SRR6233760/SRR6233760.fastq.gz,,,era-fasp@fasp.sra.ebi.ac.uk:vol1/fastq/SRR623/000/SRR6233760/SRR6233760.fastq.gz,,,0
168,SRR6233761,SRP094756,Gene expression changes after microenvironmental stimuli of a B-cell model,SRX3342211,"P493-6 cell line, environmental stimuli","P493-6 cell line, environmental stimuli",9606,Homo sapiens,P493-6 combination 18,RNA-Seq,TRANSCRIPTOMIC,cDNA,SINGLE,SRS2643615,,SAMN07829536,PRJNA312050,Illumina HiSeq 2000,Illumina HiSeq 2000,ILLUMINA,39576607,2616341295,39576607,3997237307,Sample_r738s97_hs_fq_sr_Kube_CT_1.fq,SRR6233761.sralite,1091255557,2020-06-14 00:41:23,4d04e09ba3a19cb8d9168bfa507caa7d,1,SRA Lite,Primary ETL,1,s3://sra-pub-zq-1/SRR6233761/SRR6233761.sralite.1,s3.us-east-1,aws identity,https://sra-downloadb.be-md.ncbi.nlm.nih.gov/sos5/sra-pub-zq-14/SRR006/233/SRR6233761.sralite.1,https://sra-downloadb.be-md.ncbi.nlm.nih.gov/sos5/sra-pub-zq-14/SRR006/233/SRR6233761.sralite.1,worldwide,anonymous,gs://sra-pub-zq-103/SRR6233761/SRR6233761.zq.1,gs.us-east1,gcp identity,,,not applicable,,,,,cells,,Human,,,cell line,,,not applicable,"Prof. Dr. med Georg Bornkamm, HelmholtzZentrum Munich",,,Biological replicate 1,,,,,,,,not determined,,,,,,,,,,,,,,,,,,,,,,,,,,,,,,,,,,,,,,,"sCD40L (20ng/ml, AutogenBioclear), rhIGF-1 (100ng/ml, Peprotech), CpG (0.1muM, ODN2006, Invivogen), IL10 (25ng/ml, Peprotech), for 24h.",,,,,,,,,,,,,,,,,,,,,P493-5,B-cell,,,,,,,,,,,,,,,,,,,,,,,,,,,http://ftp.sra.ebi.ac.uk/vol1/fastq/SRR623/001/SRR6233761/SRR6233761.fastq.gz,,,era-fasp@fasp.sra.ebi.ac.uk:vol1/fastq/SRR623/001/SRR6233761/SRR6233761.fastq.gz,,,0
169,SRR6233762,SRP094756,Gene expression changes after microenvironmental stimuli of a B-cell model,SRX3342210,"P493-6 cell line, environmental stimuli","P493-6 cell line, environmental stimuli",9606,Homo sapiens,P493-6 combination 17,RNA-Seq,TRANSCRIPTOMIC,cDNA,SINGLE,SRS2643614,,SAMN07829535,PRJNA312050,Illumina HiSeq 2000,Illumina HiSeq 2000,ILLUMINA,30807329,1917036885,30807329,3111540229,Sample_r738s6_hs_fq_sr_Kube_F_1.fq,SRR6233762.sralite,850493253,2020-06-20 10:44:27,280cd97590241f2f33b98254a21c75e0,1,SRA Lite,Primary ETL,1,s3://sra-pub-zq-4/SRR6233762/SRR6233762.sralite.1,s3.us-east-1,aws identity,https://sra-downloadb.be-md.ncbi.nlm.nih.gov/sos5/sra-pub-zq-14/SRR006/233/SRR6233762.sralite.1,https://sra-downloadb.be-md.ncbi.nlm.nih.gov/sos5/sra-pub-zq-14/SRR006/233/SRR6233762.sralite.1,worldwide,anonymous,gs://sra-pub-zq-104/SRR6233762/SRR6233762.zq.1,gs.us-east1,gcp identity,,,not applicable,,,,,cells,,Human,,,cell line,,,not applicable,"Prof. Dr. med Georg Bornkamm, HelmholtzZentrum Munich",,,Biological replicate 1,,,,,,,,not determined,,,,,,,,,,,,,,,,,,,,,,,,,,,,,,,,,,,,,,,"sCD40L (100ng/ml, AutogenBioclear), a-IgM F(ab)2 fragments (130ng/ml, Jackson ImmunoResearch), rhIGF-1 (100ng/ml, Peprotech), CpG (0.5muM, ODN2006, Invivogen), IL10 (25ng/ml, Peprotech), for 24h.",,,,,,,,,,,,,,,,,,,,,P493-5,B-cell,,,,,,,,,,,,,,,,,,,,,,,,,,,http://ftp.sra.ebi.ac.uk/vol1/fastq/SRR623/002/SRR6233762/SRR6233762.fastq.gz,,,era-fasp@fasp.sra.ebi.ac.uk:vol1/fastq/SRR623/002/SRR6233762/SRR6233762.fastq.gz,,,0
170,SRR6233763,SRP094756,Gene expression changes after microenvironmental stimuli of a B-cell model,SRX3342209,"P493-6 cell line, IL10 treated","P493-6 cell line, IL10 treated",9606,Homo sapiens,P493-6 IL10 replicate 1,RNA-Seq,TRANSCRIPTOMIC,cDNA,SINGLE,SRS2643613,,SAMN07829517,PRJNA312050,Illumina HiSeq 2000,Illumina HiSeq 2000,ILLUMINA,35581135,2245873429,35581135,3593694635,Sample_r738s41_hs_rna_sr_Kube_AO_1.fq,SRR6233763.sralite,973031949,2020-06-14 00:42:27,fa861339384450ed6979d6d70c134062,1,SRA Lite,Primary ETL,1,s3://sra-pub-zq-1/SRR6233763/SRR6233763.sralite.1,s3.us-east-1,aws identity,https://sra-downloadb.be-md.ncbi.nlm.nih.gov/sos5/sra-pub-zq-14/SRR006/233/SRR6233763.sralite.1,https://sra-downloadb.be-md.ncbi.nlm.nih.gov/sos5/sra-pub-zq-14/SRR006/233/SRR6233763.sralite.1,worldwide,anonymous,gs://sra-pub-zq-103/SRR6233763/SRR6233763.zq.1,gs.us-east1,gcp identity,,,not applicable,,,,,cells,,Human,,,cell line,,,not applicable,"Prof. Dr. med Georg Bornkamm, HelmholtzZentrum Munich",,,Biological replicate 1,,,,,,,,not determined,,,,,,,,,,,,,,,,,,,,,,,,,,,,,,,,,,,,,,,"IL10 (25ng/ml, Peprotech), for 24h.",,,,,,,,,,,,,,,,,,,,,P493-5,B-cell,,,,,,,,,,,,,,,,,,,,,,,,,,,http://ftp.sra.ebi.ac.uk/vol1/fastq/SRR623/003/SRR6233763/SRR6233763.fastq.gz,,,era-fasp@fasp.sra.ebi.ac.uk:vol1/fastq/SRR623/003/SRR6233763/SRR6233763.fastq.gz,,,0
171,SRR6233764,SRP094756,Gene expression changes after microenvironmental stimuli of a B-cell model,SRX3342208,"P493-6 cell line, IL10 treated","P493-6 cell line, IL10 treated",9606,Homo sapiens,P493-6 IL10 replicate 2,RNA-Seq,TRANSCRIPTOMIC,cDNA,SINGLE,SRS2643624,,SAMN07829518,PRJNA312050,Illumina HiSeq 2000,Illumina HiSeq 2000,ILLUMINA,22492854,1359358786,22492854,2271778254,Sample_r738s91_hs_rna_sr_Kube_CN_1.fq,SRR6233764.sralite,617868488,2020-06-24 00:25:55,bcc8d0204063f3fac9f503c446293ace,1,SRA Lite,Primary ETL,1,s3://sra-pub-zq-1/SRR6233764/SRR6233764.sralite.1,s3.us-east-1,aws identity,https://sra-downloadb.be-md.ncbi.nlm.nih.gov/sos5/sra-pub-zq-14/SRR006/233/SRR6233764.sralite.1,https://sra-downloadb.be-md.ncbi.nlm.nih.gov/sos5/sra-pub-zq-14/SRR006/233/SRR6233764.sralite.1,worldwide,anonymous,gs://sra-pub-zq-103/SRR6233764/SRR6233764.zq.1,gs.us-east1,gcp identity,,,not applicable,,,,,cells,,Human,,,cell line,,,not applicable,"Prof. Dr. med Georg Bornkamm, HelmholtzZentrum Munich",,,Biological replicate 2,,,,,,,,not determined,,,,,,,,,,,,,,,,,,,,,,,,,,,,,,,,,,,,,,,"IL10 (25ng/ml, Peprotech), for 24h.",,,,,,,,,,,,,,,,,,,,,P493-5,B-cell,,,,,,,,,,,,,,,,,,,,,,,,,,,http://ftp.sra.ebi.ac.uk/vol1/fastq/SRR623/004/SRR6233764/SRR6233764.fastq.gz,,,era-fasp@fasp.sra.ebi.ac.uk:vol1/fastq/SRR623/004/SRR6233764/SRR6233764.fastq.gz,,,0
172,SRR6233765,SRP094756,Gene expression changes after microenvironmental stimuli of a B-cell model,SRX3342207,"P493-6 cell line, a-IgM treated","P493-6 cell line, a-IgM treated",9606,Homo sapiens,P493-6 a-IgM replicate 1,RNA-Seq,TRANSCRIPTOMIC,cDNA,SINGLE,SRS2643612,,SAMN07829509,PRJNA312050,Illumina HiSeq 2000,Illumina HiSeq 2000,ILLUMINA,21499747,1335298988,21499747,2171474447,Sample_r738s11_hs_fq_sr_Kube_K_1.fq,SRR6233765.sralite,594326673,2020-06-24 00:28:00,5361bc96d2d78d23b40acefb5d148ee0,1,SRA Lite,Primary ETL,1,s3://sra-pub-zq-1/SRR6233765/SRR6233765.sralite.1,s3.us-east-1,aws identity,https://sra-downloadb.be-md.ncbi.nlm.nih.gov/sos5/sra-pub-zq-14/SRR006/233/SRR6233765.sralite.1,https://sra-downloadb.be-md.ncbi.nlm.nih.gov/sos5/sra-pub-zq-14/SRR006/233/SRR6233765.sralite.1,worldwide,anonymous,gs://sra-pub-zq-102/SRR6233765/SRR6233765.zq.1,gs.us-east1,gcp identity,,,not applicable,,,,,cells,,Human,,,cell line,,,not applicable,"Prof. Dr. med Georg Bornkamm, HelmholtzZentrum Munich",,,Biological replicate 1,,,,,,,,not determined,,,,,,,,,,,,,,,,,,,,,,,,,,,,,,,,,,,,,,,"a-IgM F(ab)2 fragments (130ng/ml, Jackson Immunity), for 24h.",,,,,,,,,,,,,,,,,,,,,P493-6,B-cell,,,,,,,,,,,,,,,,,,,,,,,,,,,http://ftp.sra.ebi.ac.uk/vol1/fastq/SRR623/005/SRR6233765/SRR6233765.fastq.gz,,,era-fasp@fasp.sra.ebi.ac.uk:vol1/fastq/SRR623/005/SRR6233765/SRR6233765.fastq.gz,,,0
173,SRR6233766,SRP094756,Gene expression changes after microenvironmental stimuli of a B-cell model,SRX3342206,"P493-6 cell line, a-IgM treated","P493-6 cell line, a-IgM treated",9606,Homo sapiens,P493-6 a-IgM replicate 2,RNA-Seq,TRANSCRIPTOMIC,cDNA,SINGLE,SRS2643611,,SAMN07829510,PRJNA312050,Illumina HiSeq 2000,Illumina HiSeq 2000,ILLUMINA,29048473,1807695044,29048473,2933895773,Sample_r738s61_hs_rna_sr_Kube_BJ_1.fq,SRR6233766.sralite,796111474,2020-06-20 10:19:15,1bcfaa4d04eeb67ab492df15c303ef05,1,SRA Lite,Primary ETL,1,s3://sra-pub-zq-7/SRR6233766/SRR6233766.sralite.1,s3.us-east-1,aws identity,https://sra-downloadb.be-md.ncbi.nlm.nih.gov/sos5/sra-pub-zq-14/SRR006/233/SRR6233766.sralite.1,https://sra-downloadb.be-md.ncbi.nlm.nih.gov/sos5/sra-pub-zq-14/SRR006/233/SRR6233766.sralite.1,worldwide,anonymous,gs://sra-pub-zq-103/SRR6233766/SRR6233766.zq.1,gs.us-east1,gcp identity,,,not applicable,,,,,cells,,Human,,,cell line,,,not applicable,"Prof. Dr. med Georg Bornkamm, HelmholtzZentrum Munich",,,Biological replicate 2,,,,,,,,not determined,,,,,,,,,,,,,,,,,,,,,,,,,,,,,,,,,,,,,,,"a-IgM F(ab)2 fragments (130ng/ml, Jackson Immunity), for 24h.",,,,,,,,,,,,,,,,,,,,,P493-6,B-cell,,,,,,,,,,,,,,,,,,,,,,,,,,,http://ftp.sra.ebi.ac.uk/vol1/fastq/SRR623/006/SRR6233766/SRR6233766.fastq.gz,,,era-fasp@fasp.sra.ebi.ac.uk:vol1/fastq/SRR623/006/SRR6233766/SRR6233766.fastq.gz,,,0
174,SRR6233767,SRP094756,Gene expression changes after microenvironmental stimuli of a B-cell model,SRX3342205,"P493-6 cell line, sCD40L treated","P493-6 cell line, sCD40L treated",9606,Homo sapiens,P493-6 sCD40L replicate 1,RNA-Seq,TRANSCRIPTOMIC,cDNA,SINGLE,SRS2643610,,SAMN07829511,PRJNA312050,Illumina HiSeq 2000,Illumina HiSeq 2000,ILLUMINA,32776516,2025482345,32776516,3310428116,Sample_r738s1_hs_rna_sr_Kube_A_1.fq,SRR6233767.sralite,897063918,2020-06-20 10:22:58,89b6f89af9df8577f3eda8b15809606b,1,SRA Lite,Primary ETL,1,s3://sra-pub-zq-4/SRR6233767/SRR6233767.sralite.1,s3.us-east-1,aws identity,https://sra-downloadb.be-md.ncbi.nlm.nih.gov/sos5/sra-pub-zq-14/SRR006/233/SRR6233767.sralite.1,https://sra-downloadb.be-md.ncbi.nlm.nih.gov/sos5/sra-pub-zq-14/SRR006/233/SRR6233767.sralite.1,worldwide,anonymous,gs://sra-pub-zq-103/SRR6233767/SRR6233767.zq.1,gs.us-east1,gcp identity,,,not applicable,,,,,cells,,Human,,,cell line,,,not applicable,"Prof. Dr. med Georg Bornkamm, HelmholtzZentrum Munich",,,Biological replicate 1,,,,,,,,not determined,,,,,,,,,,,,,,,,,,,,,,,,,,,,,,,,,,,,,,,"sCD40L (100ng/ml, AutogenBioclear), for 24h.",,,,,,,,,,,,,,,,,,,,,P493-6,B-cell,,,,,,,,,,,,,,,,,,,,,,,,,,,http://ftp.sra.ebi.ac.uk/vol1/fastq/SRR623/007/SRR6233767/SRR6233767.fastq.gz,,,era-fasp@fasp.sra.ebi.ac.uk:vol1/fastq/SRR623/007/SRR6233767/SRR6233767.fastq.gz,,,0
175,SRR6233768,SRP094756,Gene expression changes after microenvironmental stimuli of a B-cell model,SRX3342204,"P493-6 cell line, sCD40L treated","P493-6 cell line, sCD40L treated",9606,Homo sapiens,P493-6 sCD40L replicate 2,RNA-Seq,TRANSCRIPTOMIC,cDNA,SINGLE,SRS2643609,,SAMN07829512,PRJNA312050,Illumina HiSeq 2000,Illumina HiSeq 2000,ILLUMINA,39724040,2559871530,39724040,4012128040,Sample_r738s51_hs_fq_sr_Kube_AY_1.fq,SRR6233768.sralite,1095366527,2020-06-14 00:41:14,9e8692167eba4f710b1bcf5672f75871,1,SRA Lite,Primary ETL,1,s3://sra-pub-zq-1/SRR6233768/SRR6233768.sralite.1,s3.us-east-1,aws identity,https://sra-downloadb.be-md.ncbi.nlm.nih.gov/sos5/sra-pub-zq-14/SRR006/233/SRR6233768.sralite.1,https://sra-downloadb.be-md.ncbi.nlm.nih.gov/sos5/sra-pub-zq-14/SRR006/233/SRR6233768.sralite.1,worldwide,anonymous,gs://sra-pub-zq-102/SRR6233768/SRR6233768.zq.1,gs.us-east1,gcp identity,,,not applicable,,,,,cells,,Human,,,cell line,,,not applicable,"Prof. Dr. med Georg Bornkamm, HelmholtzZentrum Munich",,,Biological replicate 2,,,,,,,,not determined,,,,,,,,,,,,,,,,,,,,,,,,,,,,,,,,,,,,,,,"sCD40L (100ng/ml, AutogenBioclear), for 24h.",,,,,,,,,,,,,,,,,,,,,P493-6,B-cell,,,,,,,,,,,,,,,,,,,,,,,,,,,http://ftp.sra.ebi.ac.uk/vol1/fastq/SRR623/008/SRR6233768/SRR6233768.fastq.gz,,,era-fasp@fasp.sra.ebi.ac.uk:vol1/fastq/SRR623/008/SRR6233768/SRR6233768.fastq.gz,,,0
176,SRR6233769,SRP094756,Gene expression changes after microenvironmental stimuli of a B-cell model,SRX3342203,"P493-6 cell line, CpG treated","P493-6 cell line, CpG treated",9606,Homo sapiens,P493-6 CpG replicate 1,RNA-Seq,TRANSCRIPTOMIC,cDNA,SINGLE,SRS2643608,,SAMN07829513,PRJNA312050,Illumina HiSeq 2000,Illumina HiSeq 2000,ILLUMINA,33668823,2136421374,33668823,3400551123,Sample_r738s31_hs_fq_sr_Kube_AE_1.fq,SRR6233769.sralite,929103130,2020-06-14 00:38:23,4415bad04688349c5a0463ddbdea13f7,1,SRA Lite,Primary ETL,1,s3://sra-pub-zq-1/SRR6233769/SRR6233769.sralite.1,s3.us-east-1,aws identity,https://sra-downloadb.be-md.ncbi.nlm.nih.gov/sos5/sra-pub-zq-14/SRR006/233/SRR6233769.sralite.1,https://sra-downloadb.be-md.ncbi.nlm.nih.gov/sos5/sra-pub-zq-14/SRR006/233/SRR6233769.sralite.1,worldwide,anonymous,gs://sra-pub-zq-102/SRR6233769/SRR6233769.zq.1,gs.us-east1,gcp identity,,,not applicable,,,,,cells,,Human,,,cell line,,,not applicable,"Prof. Dr. med Georg Bornkamm, HelmholtzZentrum Munich",,,Biological replicate 1,,,,,,,,not determined,,,,,,,,,,,,,,,,,,,,,,,,,,,,,,,,,,,,,,,"CpG (0.5 muM, ODN2006, Invivogen), for 24h.",,,,,,,,,,,,,,,,,,,,,P493-6,B-cell,,,,,,,,,,,,,,,,,,,,,,,,,,,http://ftp.sra.ebi.ac.uk/vol1/fastq/SRR623/009/SRR6233769/SRR6233769.fastq.gz,,,era-fasp@fasp.sra.ebi.ac.uk:vol1/fastq/SRR623/009/SRR6233769/SRR6233769.fastq.gz,,,0
177,SRR6233770,SRP094756,Gene expression changes after microenvironmental stimuli of a B-cell model,SRX3342202,"P493-6 cell line, CpG treated","P493-6 cell line, CpG treated",9606,Homo sapiens,P493-6 CpG replicate 2,RNA-Seq,TRANSCRIPTOMIC,cDNA,SINGLE,SRS2643606,,SAMN07829514,PRJNA312050,Illumina HiSeq 2000,Illumina HiSeq 2000,ILLUMINA,28210534,1825838794,28210534,2849263934,Sample_r738s81_hs_rna_sr_Kube_CD_1.fq,SRR6233770.sralite,773489084,2020-06-24 00:32:34,53db23cd1736089a66fe3cd31d7b11ab,1,SRA Lite,Primary ETL,1,s3://sra-pub-zq-1/SRR6233770/SRR6233770.sralite.1,s3.us-east-1,aws identity,https://sra-downloadb.be-md.ncbi.nlm.nih.gov/sos5/sra-pub-zq-14/SRR006/233/SRR6233770.sralite.1,https://sra-downloadb.be-md.ncbi.nlm.nih.gov/sos5/sra-pub-zq-14/SRR006/233/SRR6233770.sralite.1,worldwide,anonymous,gs://sra-pub-zq-104/SRR6233770/SRR6233770.zq.1,gs.us-east1,gcp identity,,,not applicable,,,,,cells,,Human,,,cell line,,,not applicable,"Prof. Dr. med Georg Bornkamm, HelmholtzZentrum Munich",,,Biological replicate 2,,,,,,,,not determined,,,,,,,,,,,,,,,,,,,,,,,,,,,,,,,,,,,,,,,"CpG (0.5 muM, ODN2006, Invivogen), for 24h.",,,,,,,,,,,,,,,,,,,,,P493-6,B-cell,,,,,,,,,,,,,,,,,,,,,,,,,,,http://ftp.sra.ebi.ac.uk/vol1/fastq/SRR623/000/SRR6233770/SRR6233770.fastq.gz,,,era-fasp@fasp.sra.ebi.ac.uk:vol1/fastq/SRR623/000/SRR6233770/SRR6233770.fastq.gz,,,1
178,SRR6233771,SRP094756,Gene expression changes after microenvironmental stimuli of a B-cell model,SRX3342201,"P493-6 cell line, rhIGF treated","P493-6 cell line, rhIGF treated",9606,Homo sapiens,P493-6 rhIGF replicate 1,RNA-Seq,TRANSCRIPTOMIC,cDNA,SINGLE,SRS2643607,,SAMN07829515,PRJNA312050,Illumina HiSeq 2000,Illumina HiSeq 2000,ILLUMINA,21089119,1337254960,21089119,2130001019,Sample_r738s21_hs_fq_sr_Kube_U_1.fq,SRR6233771.sralite,583096048,2020-06-22 11:56:24,9456a394f57df0ee5235348e6661370e,1,SRA Lite,Primary ETL,1,s3://sra-pub-zq-1/SRR6233771/SRR6233771.sralite.1,s3.us-east-1,aws identity,https://sra-downloadb.be-md.ncbi.nlm.nih.gov/sos5/sra-pub-zq-14/SRR006/233/SRR6233771.sralite.1,https://sra-downloadb.be-md.ncbi.nlm.nih.gov/sos5/sra-pub-zq-14/SRR006/233/SRR6233771.sralite.1,worldwide,anonymous,gs://sra-pub-zq-104/SRR6233771/SRR6233771.zq.1,gs.us-east1,gcp identity,,,not applicable,,,,,cells,,Human,,,cell line,,,not applicable,"Prof. Dr. med Georg Bornkamm, HelmholtzZentrum Munich",,,Biological replicate 1,,,,,,,,not determined,,,,,,,,,,,,,,,,,,,,,,,,,,,,,,,,,,,,,,,"rhIGF-1 (100ng/ml, Peprotech), for 24h.",,,,,,,,,,,,,,,,,,,,,P493-5,B-cell,,,,,,,,,,,,,,,,,,,,,,,,,,,http://ftp.sra.ebi.ac.uk/vol1/fastq/SRR623/001/SRR6233771/SRR6233771.fastq.gz,,,era-fasp@fasp.sra.ebi.ac.uk:vol1/fastq/SRR623/001/SRR6233771/SRR6233771.fastq.gz,,,0
179,SRR6233772,SRP094756,Gene expression changes after microenvironmental stimuli of a B-cell model,SRX3342200,"P493-6 cell line, rhIGF treated","P493-6 cell line, rhIGF treated",9606,Homo sapiens,P493-6 rhIGF replicate 2,RNA-Seq,TRANSCRIPTOMIC,cDNA,SINGLE,SRS2643604,,SAMN07829516,PRJNA312050,Illumina HiSeq 2000,Illumina HiSeq 2000,ILLUMINA,33059115,2043206163,33059115,3338970615,Sample_r738s71_hs_rna_sr_Kube_BT_1.fq,SRR6233772.sralite,904723021,2020-06-14 00:38:02,017709098cf8a13df4c7a5017fd823c0,1,SRA Lite,Primary ETL,1,s3://sra-pub-zq-1/SRR6233772/SRR6233772.sralite.1,s3.us-east-1,aws identity,https://sra-downloadb.be-md.ncbi.nlm.nih.gov/sos5/sra-pub-zq-14/SRR006/233/SRR6233772.sralite.1,https://sra-downloadb.be-md.ncbi.nlm.nih.gov/sos5/sra-pub-zq-14/SRR006/233/SRR6233772.sralite.1,worldwide,anonymous,gs://sra-pub-zq-103/SRR6233772/SRR6233772.zq.1,gs.us-east1,gcp identity,,,not applicable,,,,,cells,,Human,,,cell line,,,not applicable,"Prof. Dr. med Georg Bornkamm, HelmholtzZentrum Munich",,,Biological replicate 2,,,,,,,,not determined,,,,,,,,,,,,,,,,,,,,,,,,,,,,,,,,,,,,,,,"rhIGF-1 (100ng/ml, Peprotech), for 24h.",,,,,,,,,,,,,,,,,,,,,P493-5,B-cell,,,,,,,,,,,,,,,,,,,,,,,,,,,http://ftp.sra.ebi.ac.uk/vol1/fastq/SRR623/002/SRR6233772/SRR6233772.fastq.gz,,,era-fasp@fasp.sra.ebi.ac.uk:vol1/fastq/SRR623/002/SRR6233772/SRR6233772.fastq.gz,,,0
180,SRR6233773,SRP094756,Gene expression changes after microenvironmental stimuli of a B-cell model,SRX3342199,"P493-6 cell line, environmental stimuli","P493-6 cell line, environmental stimuli",9606,Homo sapiens,P493-6 combination 23,RNA-Seq,TRANSCRIPTOMIC,cDNA,SINGLE,SRS2643605,,SAMN07829541,PRJNA312050,Illumina HiSeq 2000,Illumina HiSeq 2000,ILLUMINA,25051911,1618358575,25051911,2530243011,Sample_r738s46_hs_fq_sr_Kube_AT_1.fq,SRR6233773.sralite,692205811,2020-06-20 10:30:38,1820604c623fa0b6f9de3f3cac28d8b7,1,SRA Lite,Primary ETL,1,s3://sra-pub-zq-4/SRR6233773/SRR6233773.sralite.1,s3.us-east-1,aws identity,https://sra-downloadb.be-md.ncbi.nlm.nih.gov/sos5/sra-pub-zq-14/SRR006/233/SRR6233773.sralite.1,https://sra-downloadb.be-md.ncbi.nlm.nih.gov/sos5/sra-pub-zq-14/SRR006/233/SRR6233773.sralite.1,worldwide,anonymous,gs://sra-pub-zq-103/SRR6233773/SRR6233773.zq.1,gs.us-east1,gcp identity,,,not applicable,,,,,cells,,Human,,,cell line,,,not applicable,"Prof. Dr. med Georg Bornkamm, HelmholtzZentrum Munich",,,Biological replicate 1,,,,,,,,not determined,,,,,,,,,,,,,,,,,,,,,,,,,,,,,,,,,,,,,,,"sCD40L (20ng/ml, AutogenBioclear), a-IgM F(ab)2 fragments (26ng/ml, Jackson ImmunoResearch), CpG (0.5muM, ODN2006, Invivogen), IL10 (25ng/ml, Peprotech), for 24h.",,,,,,,,,,,,,,,,,,,,,P493-4,B-cell,,,,,,,,,,,,,,,,,,,,,,,,,,,http://ftp.sra.ebi.ac.uk/vol1/fastq/SRR623/003/SRR6233773/SRR6233773.fastq.gz,,,era-fasp@fasp.sra.ebi.ac.uk:vol1/fastq/SRR623/003/SRR6233773/SRR6233773.fastq.gz,,,0
181,SRR6233774,SRP094756,Gene expression changes after microenvironmental stimuli of a B-cell model,SRX3342198,"P493-6 cell line, environmental stimuli","P493-6 cell line, environmental stimuli",9606,Homo sapiens,P493-6 combination 24,RNA-Seq,TRANSCRIPTOMIC,cDNA,SINGLE,SRS2643603,,SAMN07829542,PRJNA312050,Illumina HiSeq 2000,Illumina HiSeq 2000,ILLUMINA,28795189,1851236086,28795189,2908314089,Sample_r738s56_hs_fq_sr_Kube_BD_1.fq,SRR6233774.sralite,795194160,2020-06-20 10:22:45,15b63464b53a390ff305846ef14e3e63,1,SRA Lite,Primary ETL,1,s3://sra-pub-zq-4/SRR6233774/SRR6233774.sralite.1,s3.us-east-1,aws identity,https://sra-downloadb.be-md.ncbi.nlm.nih.gov/sos5/sra-pub-zq-14/SRR006/233/SRR6233774.sralite.1,https://sra-downloadb.be-md.ncbi.nlm.nih.gov/sos5/sra-pub-zq-14/SRR006/233/SRR6233774.sralite.1,worldwide,anonymous,gs://sra-pub-zq-104/SRR6233774/SRR6233774.zq.1,gs.us-east1,gcp identity,,,not applicable,,,,,cells,,Human,,,cell line,,,not applicable,"Prof. Dr. med Georg Bornkamm, HelmholtzZentrum Munich",,,Biological replicate 1,,,,,,,,not determined,,,,,,,,,,,,,,,,,,,,,,,,,,,,,,,,,,,,,,,"sCD40L (20ng/ml, AutogenBioclear), a-IgM F(ab)2 fragments (26ng/ml, Jackson ImmunoResearch), rhIGF-1 (20ng/ml, Peprotech), CpG (0.5muM, ODN2006, Invivogen), IL10 (25ng/ml, Peprotech), for 24h.",,,,,,,,,,,,,,,,,,,,,P493-4,B-cell,,,,,,,,,,,,,,,,,,,,,,,,,,,http://ftp.sra.ebi.ac.uk/vol1/fastq/SRR623/004/SRR6233774/SRR6233774.fastq.gz,,,era-fasp@fasp.sra.ebi.ac.uk:vol1/fastq/SRR623/004/SRR6233774/SRR6233774.fastq.gz,,,0
182,SRR6233775,SRP094756,Gene expression changes after microenvironmental stimuli of a B-cell model,SRX3342197,"P493-6 cell line, environmental stimuli","P493-6 cell line, environmental stimuli",9606,Homo sapiens,P493-6 combination 21,RNA-Seq,TRANSCRIPTOMIC,cDNA,SINGLE,SRS2643602,,SAMN07829539,PRJNA312050,Illumina HiSeq 2000,Illumina HiSeq 2000,ILLUMINA,22210158,1383567955,22210158,2243225958,Sample_r738s7_hs_fq_sr_Kube_G_1.fq,SRR6233775.sralite,613889732,2020-06-24 00:28:03,5eea69b7f8cfc5c046cd58def6ff6472,1,SRA Lite,Primary ETL,1,s3://sra-pub-zq-1/SRR6233775/SRR6233775.sralite.1,s3.us-east-1,aws identity,https://sra-downloadb.be-md.ncbi.nlm.nih.gov/sos5/sra-pub-zq-14/SRR006/233/SRR6233775.sralite.1,https://sra-downloadb.be-md.ncbi.nlm.nih.gov/sos5/sra-pub-zq-14/SRR006/233/SRR6233775.sralite.1,worldwide,anonymous,gs://sra-pub-zq-104/SRR6233775/SRR6233775.zq.1,gs.us-east1,gcp identity,,,not applicable,,,,,cells,,Human,,,cell line,,,not applicable,"Prof. Dr. med Georg Bornkamm, HelmholtzZentrum Munich",,,Biological replicate 1,,,,,,,,not determined,,,,,,,,,,,,,,,,,,,,,,,,,,,,,,,,,,,,,,,"sCD40L (100ng/ml, AutogenBioclear), a-IgM F(ab)2 fragments (130ng/ml, Jackson ImmunoResearch), CpG (0.5muM, ODN2006, Invivogen), for 24h.",,,,,,,,,,,,,,,,,,,,,P493-5,B-cell,,,,,,,,,,,,,,,,,,,,,,,,,,,http://ftp.sra.ebi.ac.uk/vol1/fastq/SRR623/005/SRR6233775/SRR6233775.fastq.gz,,,era-fasp@fasp.sra.ebi.ac.uk:vol1/fastq/SRR623/005/SRR6233775/SRR6233775.fastq.gz,,,0
183,SRR6233776,SRP094756,Gene expression changes after microenvironmental stimuli of a B-cell model,SRX3342196,"P493-6 cell line, environmental stimuli","P493-6 cell line, environmental stimuli",9606,Homo sapiens,P493-6 combination 29,RNA-Seq,TRANSCRIPTOMIC,cDNA,SINGLE,SRS2643601,,SAMN07829547,PRJNA312050,Illumina HiSeq 2000,Illumina HiSeq 2000,ILLUMINA,37056476,2354049973,37056476,3742704076,Sample_r738s37_hs_fq_sr_Kube_AK_1.fq,SRR6233776.sralite,1022109575,2020-06-20 10:23:59,5f67328506f7622dffe1660baa85974d,1,SRA Lite,Primary ETL,1,s3://sra-pub-zq-4/SRR6233776/SRR6233776.sralite.1,s3.us-east-1,aws identity,https://sra-downloadb.be-md.ncbi.nlm.nih.gov/sos5/sra-pub-zq-14/SRR006/233/SRR6233776.sralite.1,https://sra-downloadb.be-md.ncbi.nlm.nih.gov/sos5/sra-pub-zq-14/SRR006/233/SRR6233776.sralite.1,worldwide,anonymous,gs://sra-pub-zq-104/SRR6233776/SRR6233776.zq.1,gs.us-east1,gcp identity,,,not applicable,,,,,cells,,Human,,,cell line,,,not applicable,"Prof. Dr. med Georg Bornkamm, HelmholtzZentrum Munich",,,Biological replicate 1,,,,,,,,not determined,,,,,,,,,,,,,,,,,,,,,,,,,,,,,,,,,,,,,,,"sCD40L (20ng/ml, AutogenBioclear), rhIGF-1 (100ng/ml, Peprotech), CpG (0.1muM, ODN2006, Invivogen), for 24h.",,,,,,,,,,,,,,,,,,,,,P493-4,B-cell,,,,,,,,,,,,,,,,,,,,,,,,,,,http://ftp.sra.ebi.ac.uk/vol1/fastq/SRR623/006/SRR6233776/SRR6233776.fastq.gz,,,era-fasp@fasp.sra.ebi.ac.uk:vol1/fastq/SRR623/006/SRR6233776/SRR6233776.fastq.gz,,,0
184,SRR6233777,SRP094756,Gene expression changes after microenvironmental stimuli of a B-cell model,SRX3342195,"P493-6 cell line, environmental stimuli","P493-6 cell line, environmental stimuli",9606,Homo sapiens,P493-6 combination 30,RNA-Seq,TRANSCRIPTOMIC,cDNA,SINGLE,SRS2643600,,SAMN07829548,PRJNA312050,Illumina HiSeq 2000,Illumina HiSeq 2000,ILLUMINA,43431259,2802473002,43431259,4386557159,Sample_r738s16_hs_rna_sr_Kube_P_1.fq,SRR6233777.sralite,1185346949,2020-06-14 00:47:03,4bc8141b84fb45f5a1babe5dbbd0c34a,1,SRA Lite,Primary ETL,1,s3://sra-pub-zq-1/SRR6233777/SRR6233777.sralite.1,s3.us-east-1,aws identity,https://sra-downloadb.be-md.ncbi.nlm.nih.gov/sos5/sra-pub-zq-14/SRR006/233/SRR6233777.sralite.1,https://sra-downloadb.be-md.ncbi.nlm.nih.gov/sos5/sra-pub-zq-14/SRR006/233/SRR6233777.sralite.1,worldwide,anonymous,gs://sra-pub-zq-104/SRR6233777/SRR6233777.zq.1,gs.us-east1,gcp identity,,,not applicable,,,,,cells,,Human,,,cell line,,,not applicable,"Prof. Dr. med Georg Bornkamm, HelmholtzZentrum Munich",,,Biological replicate 1,,,,,,,,not determined,,,,,,,,,,,,,,,,,,,,,,,,,,,,,,,,,,,,,,,"sCD40L (100ng/ml, AutogenBioclear), a-IgM F(ab)2 fragments (26ng/ml, Jackson ImmunoResearch), rhIGF-1 (20ng/ml, Peprotech), for 24h.",,,,,,,,,,,,,,,,,,,,,P493-4,B-cell,,,,,,,,,,,,,,,,,,,,,,,,,,,http://ftp.sra.ebi.ac.uk/vol1/fastq/SRR623/007/SRR6233777/SRR6233777.fastq.gz,,,era-fasp@fasp.sra.ebi.ac.uk:vol1/fastq/SRR623/007/SRR6233777/SRR6233777.fastq.gz,,,0
185,SRR6233778,SRP094756,Gene expression changes after microenvironmental stimuli of a B-cell model,SRX3342194,"P493-6 cell line, environmental stimuli","P493-6 cell line, environmental stimuli",9606,Homo sapiens,P493-6 combination 9,RNA-Seq,TRANSCRIPTOMIC,cDNA,SINGLE,SRS2643599,,SAMN07829527,PRJNA312050,Illumina HiSeq 2000,Illumina HiSeq 2000,ILLUMINA,23025863,1462186111,23025863,2325612163,Sample_r738s35_hs_fq_sr_Kube_AI_1.fq,Sample_r738s35_hs_fq_sr_Kube_AI_1.fq,6044043849,2020-03-16 14:39:27,8cdcb93e23ac8312178e6206b7d01b64,1,fastq,Original,0,s3://sra-pub-src-7/SRR6233778/Sample_r738s35_hs_fq_sr_Kube_AI_1.fq,-,Use Cloud Data Delivery,https://sra-downloadb.be-md.ncbi.nlm.nih.gov/sos5/sra-pub-zq-14/SRR006/233/SRR6233778.sralite.1,https://sra-downloadb.be-md.ncbi.nlm.nih.gov/sos5/sra-pub-zq-14/SRR006/233/SRR6233778.sralite.1,worldwide,anonymous,gs://sra-pub-zq-103/SRR6233778/SRR6233778.zq.1,gs.us-east1,gcp identity,,,not applicable,,,,,cells,,Human,,,cell line,,,not applicable,"Prof. Dr. med Georg Bornkamm, HelmholtzZentrum Munich",,,Biological replicate 1,,,,,,,,not determined,,,,,,,,,,,,,,,,,,,,,,,,,,,,,,,,,,,,,,,"sCD40L (20ng/ml, AutogenBioclear), a-IgM F(ab)2 fragments (130ng/ml, Jackson ImmunoResearch), rhIGF-1 (20ng/ml, Peprotech), CpG (0.1muM, ODN2006, Invivogen), IL10 (5ng/ml, Peprotech), for 24h.",,,,,,,,,,,,,,,,,,,,,P493-5,B-cell,,,,,,,,,,,,,,,,,,,,,,,,,,,http://ftp.sra.ebi.ac.uk/vol1/fastq/SRR623/008/SRR6233778/SRR6233778.fastq.gz,,,era-fasp@fasp.sra.ebi.ac.uk:vol1/fastq/SRR623/008/SRR6233778/SRR6233778.fastq.gz,,,0
186,SRR6233779,SRP094756,Gene expression changes after microenvironmental stimuli of a B-cell model,SRX3342193,"P493-6 cell line, environmental stimuli","P493-6 cell line, environmental stimuli",9606,Homo sapiens,P493-6 combination 10,RNA-Seq,TRANSCRIPTOMIC,cDNA,SINGLE,SRS2643598,,SAMN07829528,PRJNA312050,Illumina HiSeq 2000,Illumina HiSeq 2000,ILLUMINA,28683263,1817776501,28683263,2897009563,Sample_r738s36_hs_fq_sr_Kube_AJ_1.fq,SRR6233779.sralite,792087045,2020-06-20 10:23:22,799ae442617315e86cca4292d766b087,1,SRA Lite,Primary ETL,1,s3://sra-pub-zq-4/SRR6233779/SRR6233779.sralite.1,s3.us-east-1,aws identity,https://sra-downloadb.be-md.ncbi.nlm.nih.gov/sos5/sra-pub-zq-14/SRR006/233/SRR6233779.sralite.1,https://sra-downloadb.be-md.ncbi.nlm.nih.gov/sos5/sra-pub-zq-14/SRR006/233/SRR6233779.sralite.1,worldwide,anonymous,gs://sra-pub-zq-102/SRR6233779/SRR6233779.zq.1,gs.us-east1,gcp identity,,,not applicable,,,,,cells,,Human,,,cell line,,,not applicable,"Prof. Dr. med Georg Bornkamm, HelmholtzZentrum Munich",,,Biological replicate 1,,,,,,,,not determined,,,,,,,,,,,,,,,,,,,,,,,,,,,,,,,,,,,,,,,"sCD40L (100ng/ml, AutogenBioclear), a-IgM F(ab)2 fragments (130ng/ml, Jackson ImmunoResearch), rhIGF-1 (20ng/ml, Peprotech), CpG (0.1muM, ODN2006, Invivogen), for 24h.",,,,,,,,,,,,,,,,,,,,,P493-5,B-cell,,,,,,,,,,,,,,,,,,,,,,,,,,,http://ftp.sra.ebi.ac.uk/vol1/fastq/SRR623/009/SRR6233779/SRR6233779.fastq.gz,,,era-fasp@fasp.sra.ebi.ac.uk:vol1/fastq/SRR623/009/SRR6233779/SRR6233779.fastq.gz,,,0
187,SRR6233780,SRP094756,Gene expression changes after microenvironmental stimuli of a B-cell model,SRX3342192,"P493-6 cell line, environmental stimuli","P493-6 cell line, environmental stimuli",9606,Homo sapiens,P493-6 combination 22,RNA-Seq,TRANSCRIPTOMIC,cDNA,SINGLE,SRS2643597,,SAMN07829540,PRJNA312050,Illumina HiSeq 2000,Illumina HiSeq 2000,ILLUMINA,32786496,2028418150,32786496,3311436096,Sample_r738s5_hs_fq_sr_Kube_E_1.fq,SRR6233780.sralite,904738351,2020-06-14 00:38:38,6f709994d49b6d44eb1b512a598ff5df,1,SRA Lite,Primary ETL,1,s3://sra-pub-zq-1/SRR6233780/SRR6233780.sralite.1,s3.us-east-1,aws identity,https://sra-downloadb.be-md.ncbi.nlm.nih.gov/sos5/sra-pub-zq-14/SRR006/233/SRR6233780.sralite.1,https://sra-downloadb.be-md.ncbi.nlm.nih.gov/sos5/sra-pub-zq-14/SRR006/233/SRR6233780.sralite.1,worldwide,anonymous,gs://sra-pub-zq-104/SRR6233780/SRR6233780.zq.1,gs.us-east1,gcp identity,,,not applicable,,,,,cells,,Human,,,cell line,,,not applicable,"Prof. Dr. med Georg Bornkamm, HelmholtzZentrum Munich",,,Biological replicate 1,,,,,,,,not determined,,,,,,,,,,,,,,,,,,,,,,,,,,,,,,,,,,,,,,,"a-IgM F(ab)2 fragments (130ng/ml, Jackson ImmunoResearch), rhIGF-1 (100ng/ml, Peprotech), CpG (0.5muM, ODN2006, Invivogen), IL10 (25ng/ml, Peprotech), for 24h.",,,,,,,,,,,,,,,,,,,,,P493-5,B-cell,,,,,,,,,,,,,,,,,,,,,,,,,,,http://ftp.sra.ebi.ac.uk/vol1/fastq/SRR623/000/SRR6233780/SRR6233780.fastq.gz,,,era-fasp@fasp.sra.ebi.ac.uk:vol1/fastq/SRR623/000/SRR6233780/SRR6233780.fastq.gz,,,0
188,SRR6233781,SRP094756,Gene expression changes after microenvironmental stimuli of a B-cell model,SRX3342191,"P493-6 cell line, environmental stimuli","P493-6 cell line, environmental stimuli",9606,Homo sapiens,P493-6 combination 5,RNA-Seq,TRANSCRIPTOMIC,cDNA,SINGLE,SRS2643596,,SAMN07829523,PRJNA312050,Illumina HiSeq 2000,Illumina HiSeq 2000,ILLUMINA,28865862,1796478989,28865862,2915452062,Sample_r738s66_hs_rna_sr_Kube_BO_1.fq,SRR6233781.sralite,791234170,2020-06-20 10:17:47,a10054942848abcb50dec2eaf0ce3c80,1,SRA Lite,Primary ETL,1,s3://sra-pub-zq-4/SRR6233781/SRR6233781.sralite.1,s3.us-east-1,aws identity,https://sra-downloadb.be-md.ncbi.nlm.nih.gov/sos5/sra-pub-zq-14/SRR006/233/SRR6233781.sralite.1,https://sra-downloadb.be-md.ncbi.nlm.nih.gov/sos5/sra-pub-zq-14/SRR006/233/SRR6233781.sralite.1,worldwide,anonymous,gs://sra-pub-zq-104/SRR6233781/SRR6233781.zq.1,gs.us-east1,gcp identity,,,not applicable,,,,,cells,,Human,,,cell line,,,not applicable,"Prof. Dr. med Georg Bornkamm, HelmholtzZentrum Munich",,,Biological replicate 1,,,,,,,,not determined,,,,,,,,,,,,,,,,,,,,,,,,,,,,,,,,,,,,,,,"sCD40L (100ng/ml, AutogenBioclear), a-IgM F(ab)2 fragments (26ng/ml, Jackson ImmunoResearch), IL10 (25ng/ml, Peprotech), for 24h.",,,,,,,,,,,,,,,,,,,,,P493-5,B-cell,,,,,,,,,,,,,,,,,,,,,,,,,,,http://ftp.sra.ebi.ac.uk/vol1/fastq/SRR623/001/SRR6233781/SRR6233781.fastq.gz,,,era-fasp@fasp.sra.ebi.ac.uk:vol1/fastq/SRR623/001/SRR6233781/SRR6233781.fastq.gz,,,0
189,SRR6233782,SRP094756,Gene expression changes after microenvironmental stimuli of a B-cell model,SRX3342190,"P493-6 cell line, environmental stimuli","P493-6 cell line, environmental stimuli",9606,Homo sapiens,P493-6 combination 6,RNA-Seq,TRANSCRIPTOMIC,cDNA,SINGLE,SRS2643595,,SAMN07829524,PRJNA312050,Illumina HiSeq 2000,Illumina HiSeq 2000,ILLUMINA,41101671,2690735265,41101671,4151268771,Sample_r738s77_hs_fq_sr_Kube_BZ_1.fq,SRR6233782.sralite,1133216878,2020-06-14 00:43:19,ca44d22385f2a616440e124a6732d7b8,1,SRA Lite,Primary ETL,1,s3://sra-pub-zq-1/SRR6233782/SRR6233782.sralite.1,s3.us-east-1,aws identity,https://sra-downloadb.be-md.ncbi.nlm.nih.gov/sos5/sra-pub-zq-14/SRR006/233/SRR6233782.sralite.1,https://sra-downloadb.be-md.ncbi.nlm.nih.gov/sos5/sra-pub-zq-14/SRR006/233/SRR6233782.sralite.1,worldwide,anonymous,gs://sra-pub-zq-104/SRR6233782/SRR6233782.zq.1,gs.us-east1,gcp identity,,,not applicable,,,,,cells,,Human,,,cell line,,,not applicable,"Prof. Dr. med Georg Bornkamm, HelmholtzZentrum Munich",,,Biological replicate 1,,,,,,,,not determined,,,,,,,,,,,,,,,,,,,,,,,,,,,,,,,,,,,,,,,"sCD40L (20ng/ml, AutogenBioclear), a-IgM F(ab)2 fragments (130ng/ml, Jackson ImmunoResearch), rhIGF-1 (20ng/ml, Peprotech), IL10 (5ng/ml, Peprotech), for 24",,,,,,,,,,,,,,,,,,,,,P493-5,B-cell,,,,,,,,,,,,,,,,,,,,,,,,,,,http://ftp.sra.ebi.ac.uk/vol1/fastq/SRR623/002/SRR6233782/SRR6233782.fastq.gz,,,era-fasp@fasp.sra.ebi.ac.uk:vol1/fastq/SRR623/002/SRR6233782/SRR6233782.fastq.gz,,,0
190,SRR6233783,SRP094756,Gene expression changes after microenvironmental stimuli of a B-cell model,SRX3342189,"P493-6 cell line, environmental stimuli","P493-6 cell line, environmental stimuli",9606,Homo sapiens,P493-6 combination 7,RNA-Seq,TRANSCRIPTOMIC,cDNA,SINGLE,SRS2643594,,SAMN07829525,PRJNA312050,Illumina HiSeq 2000,Illumina HiSeq 2000,ILLUMINA,39444902,2608698448,39444902,3983935102,Sample_r738s96_hs_fq_sr_Kube_CS_1.fq,SRR6233783.sralite,1087656756,2020-06-14 00:39:59,adaabf05efe6f15897934f69f436380f,1,SRA Lite,Primary ETL,1,s3://sra-pub-zq-1/SRR6233783/SRR6233783.sralite.1,s3.us-east-1,aws identity,https://sra-downloadb.be-md.ncbi.nlm.nih.gov/sos5/sra-pub-zq-14/SRR006/233/SRR6233783.sralite.1,https://sra-downloadb.be-md.ncbi.nlm.nih.gov/sos5/sra-pub-zq-14/SRR006/233/SRR6233783.sralite.1,worldwide,anonymous,gs://sra-pub-zq-103/SRR6233783/SRR6233783.zq.1,gs.us-east1,gcp identity,,,not applicable,,,,,cells,,Human,,,cell line,,,not applicable,"Prof. Dr. med Georg Bornkamm, HelmholtzZentrum Munich",,,Biological replicate 1,,,,,,,,not determined,,,,,,,,,,,,,,,,,,,,,,,,,,,,,,,,,,,,,,,"sCD40L (20ng/ml, AutogenBioclear), a-IgM F(ab)2 fragments (130ng/ml, Jackson ImmunoResearch), rhIGF-1 (20ng/ml, Peprotech), CpG (0.5muM, ODN2006, Invivogen), for 24h.",,,,,,,,,,,,,,,,,,,,,P493-5,B-cell,,,,,,,,,,,,,,,,,,,,,,,,,,,http://ftp.sra.ebi.ac.uk/vol1/fastq/SRR623/003/SRR6233783/SRR6233783.fastq.gz,,,era-fasp@fasp.sra.ebi.ac.uk:vol1/fastq/SRR623/003/SRR6233783/SRR6233783.fastq.gz,,,0
191,SRR6233784,SRP094756,Gene expression changes after microenvironmental stimuli of a B-cell model,SRX3342188,"P493-6 cell line, environmental stimuli","P493-6 cell line, environmental stimuli",9606,Homo sapiens,P493-6 combination 8,RNA-Seq,TRANSCRIPTOMIC,cDNA,SINGLE,SRS2643593,,SAMN07829526,PRJNA312050,Illumina HiSeq 2000,Illumina HiSeq 2000,ILLUMINA,32601959,2102739092,32601959,3292797859,Sample_r738s55_hs_fq_sr_Kube_BC_1.fq,SRR6233784.sralite,899807373,2020-06-20 10:23:31,3a520b9ed5dad83b9e0c594e0034f345,1,SRA Lite,Primary ETL,1,s3://sra-pub-zq-7/SRR6233784/SRR6233784.sralite.1,s3.us-east-1,aws identity,https://sra-downloadb.be-md.ncbi.nlm.nih.gov/sos5/sra-pub-zq-14/SRR006/233/SRR6233784.sralite.1,https://sra-downloadb.be-md.ncbi.nlm.nih.gov/sos5/sra-pub-zq-14/SRR006/233/SRR6233784.sralite.1,worldwide,anonymous,gs://sra-pub-zq-103/SRR6233784/SRR6233784.zq.1,gs.us-east1,gcp identity,,,not applicable,,,,,cells,,Human,,,cell line,,,not applicable,"Prof. Dr. med Georg Bornkamm, HelmholtzZentrum Munich",,,Biological replicate 1,,,,,,,,not determined,,,,,,,,,,,,,,,,,,,,,,,,,,,,,,,,,,,,,,,"CpG (0.1muM, ODN2006, Invivogen), IL10 (25ng/ml, Peprotech), for 24h.",,,,,,,,,,,,,,,,,,,,,P493-5,B-cell,,,,,,,,,,,,,,,,,,,,,,,,,,,http://ftp.sra.ebi.ac.uk/vol1/fastq/SRR623/004/SRR6233784/SRR6233784.fastq.gz,,,era-fasp@fasp.sra.ebi.ac.uk:vol1/fastq/SRR623/004/SRR6233784/SRR6233784.fastq.gz,,,0
192,SRR6233785,SRP094756,Gene expression changes after microenvironmental stimuli of a B-cell model,SRX3342187,"P493-6 cell line, environmental stimuli","P493-6 cell line, environmental stimuli",9606,Homo sapiens,P493-6 combination 1,RNA-Seq,TRANSCRIPTOMIC,cDNA,SINGLE,SRS2643592,,SAMN07829519,PRJNA312050,Illumina HiSeq 2000,Illumina HiSeq 2000,ILLUMINA,23210613,1477674566,23210613,2344271913,Sample_r738s27_hs_fq_sr_Kube_AA_1.fq,SRR6233785.sralite,641488025,2020-06-24 00:29:12,02eed3a87c18b405654f507db805b16c,1,SRA Lite,Primary ETL,1,s3://sra-pub-zq-1/SRR6233785/SRR6233785.sralite.1,s3.us-east-1,aws identity,https://sra-downloadb.be-md.ncbi.nlm.nih.gov/sos5/sra-pub-zq-14/SRR006/233/SRR6233785.sralite.1,https://sra-downloadb.be-md.ncbi.nlm.nih.gov/sos5/sra-pub-zq-14/SRR006/233/SRR6233785.sralite.1,worldwide,anonymous,gs://sra-pub-zq-104/SRR6233785/SRR6233785.zq.1,gs.us-east1,gcp identity,,,not applicable,,,,,cells,,Human,,,cell line,,,not applicable,"Prof. Dr. med Georg Bornkamm, HelmholtzZentrum Munich",,,Biological replicate 1,,,,,,,,not determined,,,,,,,,,,,,,,,,,,,,,,,,,,,,,,,,,,,,,,,"sCD40L (100ng/ml, AutogenBioclear), CpG (0.5muM, ODN2006, Invivogen), IL10 (25ng/ml, Peprotech), for 24h.",,,,,,,,,,,,,,,,,,,,,P493-5,B-cell,,,,,,,,,,,,,,,,,,,,,,,,,,,http://ftp.sra.ebi.ac.uk/vol1/fastq/SRR623/005/SRR6233785/SRR6233785.fastq.gz,,,era-fasp@fasp.sra.ebi.ac.uk:vol1/fastq/SRR623/005/SRR6233785/SRR6233785.fastq.gz,,,0
193,SRR6233786,SRP094756,Gene expression changes after microenvironmental stimuli of a B-cell model,SRX3342186,"P493-6 cell line, environmental stimuli","P493-6 cell line, environmental stimuli",9606,Homo sapiens,P493-6 combination 2,RNA-Seq,TRANSCRIPTOMIC,cDNA,SINGLE,SRS2643591,,SAMN07829520,PRJNA312050,Illumina HiSeq 2000,Illumina HiSeq 2000,ILLUMINA,24214513,1459497945,24214513,2445665813,Sample_r738s65_hs_rna_sr_Kube_BN_1.fq,Sample_r738s65_hs_rna_sr_Kube_BN_1.fq,6356022883,2020-03-16 14:39:25,43b336df0fa525d081a586ce2519f7e1,1,fastq,Original,0,s3://sra-pub-src-8/SRR6233786/Sample_r738s65_hs_rna_sr_Kube_BN_1.fq,-,Use Cloud Data Delivery,https://sra-downloadb.be-md.ncbi.nlm.nih.gov/sos5/sra-pub-zq-14/SRR006/233/SRR6233786.sralite.1,https://sra-downloadb.be-md.ncbi.nlm.nih.gov/sos5/sra-pub-zq-14/SRR006/233/SRR6233786.sralite.1,worldwide,anonymous,gs://sra-pub-zq-102/SRR6233786/SRR6233786.zq.1,gs.us-east1,gcp identity,,,not applicable,,,,,cells,,Human,,,cell line,,,not applicable,"Prof. Dr. med Georg Bornkamm, HelmholtzZentrum Munich",,,Biological replicate 1,,,,,,,,not determined,,,,,,,,,,,,,,,,,,,,,,,,,,,,,,,,,,,,,,,"sCD40L (20ng/ml, AutogenBioclear), a-IgM F(ab)2 fragments (130ng/ml, Jackson ImmunoResearch), rhIGF-1 (100ng/ml, Peprotech), IL10 (25ng/ml, Peprotech), for 24h.",,,,,,,,,,,,,,,,,,,,,P493-5,B-cell,,,,,,,,,,,,,,,,,,,,,,,,,,,http://ftp.sra.ebi.ac.uk/vol1/fastq/SRR623/006/SRR6233786/SRR6233786.fastq.gz,,,era-fasp@fasp.sra.ebi.ac.uk:vol1/fastq/SRR623/006/SRR6233786/SRR6233786.fastq.gz,,,0
194,SRR6233787,SRP094756,Gene expression changes after microenvironmental stimuli of a B-cell model,SRX3342185,"P493-6 cell line, environmental stimuli","P493-6 cell line, environmental stimuli",9606,Homo sapiens,P493-6 combination 3,RNA-Seq,TRANSCRIPTOMIC,cDNA,SINGLE,SRS2643590,,SAMN07829521,PRJNA312050,Illumina HiSeq 2000,Illumina HiSeq 2000,ILLUMINA,25339755,1631872832,25339755,2559315255,Sample_r738s45_hs_fq_sr_Kube_AS_1.fq,SRR6233787.sralite,700106515,2020-06-20 10:21:24,5decc91472e8632c0c181508cfd58071,1,SRA Lite,Primary ETL,1,s3://sra-pub-zq-4/SRR6233787/SRR6233787.sralite.1,s3.us-east-1,aws identity,https://sra-downloadb.be-md.ncbi.nlm.nih.gov/sos5/sra-pub-zq-14/SRR006/233/SRR6233787.sralite.1,https://sra-downloadb.be-md.ncbi.nlm.nih.gov/sos5/sra-pub-zq-14/SRR006/233/SRR6233787.sralite.1,worldwide,anonymous,gs://sra-pub-zq-102/SRR6233787/SRR6233787.zq.1,gs.us-east1,gcp identity,,,not applicable,,,,,cells,,Human,,,cell line,,,not applicable,"Prof. Dr. med Georg Bornkamm, HelmholtzZentrum Munich",,,Biological replicate 1,,,,,,,,not determined,,,,,,,,,,,,,,,,,,,,,,,,,,,,,,,,,,,,,,,"CpG (0.5muM, ODN2006, Invivogen), IL10 (25ng/ml, Peprotech), for 24h.",,,,,,,,,,,,,,,,,,,,,P493-5,B-cell,,,,,,,,,,,,,,,,,,,,,,,,,,,http://ftp.sra.ebi.ac.uk/vol1/fastq/SRR623/007/SRR6233787/SRR6233787.fastq.gz,,,era-fasp@fasp.sra.ebi.ac.uk:vol1/fastq/SRR623/007/SRR6233787/SRR6233787.fastq.gz,,,0
195,SRR6233788,SRP094756,Gene expression changes after microenvironmental stimuli of a B-cell model,SRX3342184,"P493-6 cell line, environmental stimuli","P493-6 cell line, environmental stimuli",9606,Homo sapiens,P493-6 combination 4,RNA-Seq,TRANSCRIPTOMIC,cDNA,SINGLE,SRS2643589,,SAMN07829522,PRJNA312050,Illumina HiSeq 2000,Illumina HiSeq 2000,ILLUMINA,39844186,2607982146,39844186,4024262786,Sample_r738s76_hs_fq_sr_Kube_BY_1.fq,SRR6233788.sralite,1098747293,2020-06-14 00:40:48,c4a07e335999dab77433bc3809635b28,1,SRA Lite,Primary ETL,1,s3://sra-pub-zq-1/SRR6233788/SRR6233788.sralite.1,s3.us-east-1,aws identity,https://sra-downloadb.be-md.ncbi.nlm.nih.gov/sos5/sra-pub-zq-14/SRR006/233/SRR6233788.sralite.1,https://sra-downloadb.be-md.ncbi.nlm.nih.gov/sos5/sra-pub-zq-14/SRR006/233/SRR6233788.sralite.1,worldwide,anonymous,gs://sra-pub-zq-103/SRR6233788/SRR6233788.zq.1,gs.us-east1,gcp identity,,,not applicable,,,,,cells,,Human,,,cell line,,,not applicable,"Prof. Dr. med Georg Bornkamm, HelmholtzZentrum Munich",,,Biological replicate 1,,,,,,,,not determined,,,,,,,,,,,,,,,,,,,,,,,,,,,,,,,,,,,,,,,"sCD40L (20ng/ml, AutogenBioclear), a-IgM F(ab)2 fragments (26 ng/ml, Jackson ImmunoResearch), rhIGF-1 (20ng/ml, Peprotech), CpG (0.1muM, ODN2006, Invivogen), IL10 (5ng/ml, Peprotech), for 24h.",,,,,,,,,,,,,,,,,,,,,P493-5,B-cell,,,,,,,,,,,,,,,,,,,,,,,,,,,http://ftp.sra.ebi.ac.uk/vol1/fastq/SRR623/008/SRR6233788/SRR6233788.fastq.gz,,,era-fasp@fasp.sra.ebi.ac.uk:vol1/fastq/SRR623/008/SRR6233788/SRR6233788.fastq.gz,,,0
196,SRR6233789,SRP094756,Gene expression changes after microenvironmental stimuli of a B-cell model,SRX3342183,"P493-6 cell line, environmental stimuli","P493-6 cell line, environmental stimuli",9606,Homo sapiens,P493-6 combination 28,RNA-Seq,TRANSCRIPTOMIC,cDNA,SINGLE,SRS2643588,,SAMN07829546,PRJNA312050,Illumina HiSeq 2000,Illumina HiSeq 2000,ILLUMINA,30112441,1939914637,30112441,3041356541,Sample_r738s57_hs_fq_sr_Kube_BE_1.fq,SRR6233789.sralite,831390362,2020-06-24 00:31:11,453a7fa8fbfa9555000cb2dd155bdbaf,1,SRA Lite,Primary ETL,1,s3://sra-pub-zq-1/SRR6233789/SRR6233789.sralite.1,s3.us-east-1,aws identity,https://sra-downloadb.be-md.ncbi.nlm.nih.gov/sos5/sra-pub-zq-14/SRR006/233/SRR6233789.sralite.1,https://sra-downloadb.be-md.ncbi.nlm.nih.gov/sos5/sra-pub-zq-14/SRR006/233/SRR6233789.sralite.1,worldwide,anonymous,gs://sra-pub-zq-102/SRR6233789/SRR6233789.zq.1,gs.us-east1,gcp identity,,,not applicable,,,,,cells,,Human,,,cell line,,,not applicable,"Prof. Dr. med Georg Bornkamm, HelmholtzZentrum Munich",,,Biological replicate 1,,,,,,,,not determined,,,,,,,,,,,,,,,,,,,,,,,,,,,,,,,,,,,,,,,"sCD40L (20ng/ml, AutogenBioclear), a-IgM F(ab)2 fragments (130ng/ml, Jackson ImmunoResearch), rhIGF-1 (100ng/ml, Peprotech), for 24h.",,,,,,,,,,,,,,,,,,,,,P493-4,B-cell,,,,,,,,,,,,,,,,,,,,,,,,,,,http://ftp.sra.ebi.ac.uk/vol1/fastq/SRR623/009/SRR6233789/SRR6233789.fastq.gz,,,era-fasp@fasp.sra.ebi.ac.uk:vol1/fastq/SRR623/009/SRR6233789/SRR6233789.fastq.gz,,,0
197,SRR6233790,SRP094756,Gene expression changes after microenvironmental stimuli of a B-cell model,SRX3342182,"P493-6 cell line, environmental stimuli","P493-6 cell line, environmental stimuli",9606,Homo sapiens,P493-6 combination 25,RNA-Seq,TRANSCRIPTOMIC,cDNA,SINGLE,SRS2643586,,SAMN07829543,PRJNA312050,Illumina HiSeq 2000,Illumina HiSeq 2000,ILLUMINA,25635880,1590702532,25635880,2589223880,Sample_r738s15_hs_fq_sr_Kube_O_1.fq,SRR6233790.sralite,708165836,2020-06-20 10:18:26,e7b5ad2160bfee8f1be1c8cb8b2c1b56,1,SRA Lite,Primary ETL,1,s3://sra-pub-zq-4/SRR6233790/SRR6233790.sralite.1,s3.us-east-1,aws identity,https://sra-downloadb.be-md.ncbi.nlm.nih.gov/sos5/sra-pub-zq-14/SRR006/233/SRR6233790.sralite.1,https://sra-downloadb.be-md.ncbi.nlm.nih.gov/sos5/sra-pub-zq-14/SRR006/233/SRR6233790.sralite.1,worldwide,anonymous,gs://sra-pub-zq-102/SRR6233790/SRR6233790.zq.1,gs.us-east1,gcp identity,,,not applicable,,,,,cells,,Human,,,cell line,,,not applicable,"Prof. Dr. med Georg Bornkamm, HelmholtzZentrum Munich",,,Biological replicate 1,,,,,,,,not determined,,,,,,,,,,,,,,,,,,,,,,,,,,,,,,,,,,,,,,,"a-IgM F(ab)2 fragments (130ng/ml, Jackson ImmunoResearch), rhIGF-1 (20ng/ml, Peprotech), CpG (0.1muM, ODN2006, Invivogen), for 24h.",,,,,,,,,,,,,,,,,,,,,P493-4,B-cell,,,,,,,,,,,,,,,,,,,,,,,,,,,http://ftp.sra.ebi.ac.uk/vol1/fastq/SRR623/000/SRR6233790/SRR6233790.fastq.gz,,,era-fasp@fasp.sra.ebi.ac.uk:vol1/fastq/SRR623/000/SRR6233790/SRR6233790.fastq.gz,,,0
198,SRR6233791,SRP094756,Gene expression changes after microenvironmental stimuli of a B-cell model,SRX3342181,"P493-6 cell line, environmental stimuli","P493-6 cell line, environmental stimuli",9606,Homo sapiens,P493-6 combination 26,RNA-Seq,TRANSCRIPTOMIC,cDNA,SINGLE,SRS2643587,,SAMN07829544,PRJNA312050,Illumina HiSeq 2000,Illumina HiSeq 2000,ILLUMINA,24596614,1634666876,24596614,2484258014,Sample_r738s86_hs_fq_sr_Kube_CI_1.fq,SRR6233791.sralite,679595571,2020-06-20 10:21:27,20213d34bc941f5afc2c4293e98b6947,1,SRA Lite,Primary ETL,1,s3://sra-pub-zq-4/SRR6233791/SRR6233791.sralite.1,s3.us-east-1,aws identity,https://sra-downloadb.be-md.ncbi.nlm.nih.gov/sos5/sra-pub-zq-14/SRR006/233/SRR6233791.sralite.1,https://sra-downloadb.be-md.ncbi.nlm.nih.gov/sos5/sra-pub-zq-14/SRR006/233/SRR6233791.sralite.1,worldwide,anonymous,gs://sra-pub-zq-103/SRR6233791/SRR6233791.zq.1,gs.us-east1,gcp identity,,,not applicable,,,,,cells,,Human,,,cell line,,,not applicable,"Prof. Dr. med Georg Bornkamm, HelmholtzZentrum Munich",,,Biological replicate 1,,,,,,,,not determined,,,,,,,,,,,,,,,,,,,,,,,,,,,,,,,,,,,,,,,"0.2 sCD40L (100ng/ml, AutogenBioclear), a-IgM F(ab)2 fragments (26ng/ml, Jackson ImmunoResearch), rhIGF-1 (100ng/ml, Peprotech), IL10 (5ng/ml, Peprotech), for 24h.",,,,,,,,,,,,,,,,,,,,,P493-4,B-cell,,,,,,,,,,,,,,,,,,,,,,,,,,,http://ftp.sra.ebi.ac.uk/vol1/fastq/SRR623/001/SRR6233791/SRR6233791.fastq.gz,,,era-fasp@fasp.sra.ebi.ac.uk:vol1/fastq/SRR623/001/SRR6233791/SRR6233791.fastq.gz,,,1
199,SRR6660821,SRP131934,Crataegus pinnatifida Raw sequence reads,SRX3637921,RNA-Seq of Crataegus pinnatifida: mature leaves,RNA-Seq of Crataegus pinnatifida: mature leaves,510735,Crataegus pinnatifida,hawthorn RNA-Seq  paired Illumina HiSeq 4000 P3,RNA-Seq,TRANSCRIPTOMIC,Oligo-dT,PAIRED,SRS2904233,,SAMN08449694,PRJNA432462,Illumina HiSeq 4000,Illumina HiSeq 4000,ILLUMINA,26578141,3237214267,26578141,7973442300,P_leaf3_1.fq.gz,SRR6660821.sralite,2003286274,2020-06-21 08:58:55,90ce390f2e2dbafcd257288ebdd421c5,1,SRA Lite,Primary ETL,1,s3://sra-pub-zq-9/SRR6660821/SRR6660821.sralite.1,s3.us-east-1,aws identity,https://sra-downloadb.be-md.ncbi.nlm.nih.gov/sos5/sra-pub-zq-14/SRR006/660/SRR6660821.sralite.1,https://sra-downloadb.be-md.ncbi.nlm.nih.gov/sos5/sra-pub-zq-14/SRR006/660/SRR6660821.sralite.1,worldwide,anonymous,gs://sra-pub-zq-107/SRR6660821/SRR6660821.zq.1,gs.us-east1,gcp identity,,,,,,,China: hawthorn,,,Plant,,,leaves,,kaiyuanruanzi,,,,,,,,,,,,,,mature leaves,,,,,,,,,,,,,,,,,,,,,,,,,,,,,,,,,,,,,,,,,,,,,,,,,,,,,,,,,,,,,,,,,,,,,,,,,,,,,,,,,,,,,,,,http://ftp.sra.ebi.ac.uk/vol1/fastq/SRR666/001/SRR6660821/SRR6660821_1.fastq.gz,http://ftp.sra.ebi.ac.uk/vol1/fastq/SRR666/001/SRR6660821/SRR6660821_2.fastq.gz,,era-fasp@fasp.sra.ebi.ac.uk:vol1/fastq/SRR666/001/SRR6660821/SRR6660821_1.fastq.gz,era-fasp@fasp.sra.ebi.ac.uk:vol1/fastq/SRR666/001/SRR6660821/SRR6660821_2.fastq.gz,1
200,SRR6846452,SRP135844,Virome communities in a full-scale wastewater reclamation plant,SRX3801858,Metagenomics sequencing of viruses in wastewater samples,Metagenomics sequencing of viruses in wastewater samples,527639,wastewater metagenome,"point C, Oct 2016",WGS,METAGENOMIC,RANDOM PCR,PAIRED,SRS3053797,,SAMN08721792,PRJNA438281,Illumina HiSeq 2500,Illumina HiSeq 2500,ILLUMINA,59056718,17668840988,59056718,29646472436,PST_S8_R1.fastq.gz,SRR6846452,17668843030,2018-03-16 04:41:24,5ed3252b7c56ab9e6b9d8bc988ba211f,1,SRA Normalized,Primary ETL,1,https://sra-pub-run-odp.s3.amazonaws.com/sra/SRR6846452/SRR6846452,worldwide,anonymous,https://sra-pub-run-odp.s3.amazonaws.com/sra/SRR6846452/SRR6846452,https://sra-downloadb.be-md.ncbi.nlm.nih.gov/sos5/sra-pub-zq-14/SRR006/846/SRR6846452.sralite.1,worldwide,anonymous,gs://sra-pub-zq-103/SRR6846452/SRR6846452.zq.1,gs.us-east1,gcp identity,,,,not applicable,not applicable,2016-10-05,Singapore,,,Metagenome or environmental,1.32 N 103.87 E,,,,,,,,,,,,,,,,,,,,,,,,,,,,,,,,,,,,,,,,,,,,,,,,,,,,,,,,,,,,,,,,,,,,,,,,,,,,,,,,,,,,,,,,,,,,,,,,,,,,,,,,,,http://ftp.sra.ebi.ac.uk/vol1/fastq/SRR684/002/SRR6846452/SRR6846452_1.fastq.gz,http://ftp.sra.ebi.ac.uk/vol1/fastq/SRR684/002/SRR6846452/SRR6846452_2.fastq.gz,,era-fasp@fasp.sra.ebi.ac.uk:vol1/fastq/SRR684/002/SRR6846452/SRR6846452_1.fastq.gz,era-fasp@fasp.sra.ebi.ac.uk:vol1/fastq/SRR684/002/SRR6846452/SRR6846452_2.fastq.gz,0
201,SRR6846476,SRP135844,Virome communities in a full-scale wastewater reclamation plant,SRX3801834,Metagenomics sequencing of viruses in wastewater samples,Metagenomics sequencing of viruses in wastewater samples,527639,wastewater metagenome,"point C, May 2017",WGS,METAGENOMIC,RANDOM PCR,PAIRED,SRS3053773,,SAMN08721808,PRJNA438281,Illumina HiSeq 2500,Illumina HiSeq 2500,ILLUMINA,16485448,5718510051,16485448,8275694896,PST_5_S3_R2_001.fastq.gz,SRR6846476.sralite,2105985103,2020-06-14 18:48:38,f9cfa7b8f8398b385b68d6f4766645ae,1,SRA Lite,Primary ETL,1,s3://sra-pub-zq-1/SRR6846476/SRR6846476.sralite.1,s3.us-east-1,aws identity,https://sra-downloadb.be-md.ncbi.nlm.nih.gov/sos5/sra-pub-zq-14/SRR006/846/SRR6846476.sralite.1,https://sra-downloadb.be-md.ncbi.nlm.nih.gov/sos5/sra-pub-zq-14/SRR006/846/SRR6846476.sralite.1,worldwide,anonymous,gs://sra-pub-zq-103/SRR6846476/SRR6846476.zq.1,gs.us-east1,gcp identity,,,,not applicable,not applicable,2017-05-03,Singapore,,,Metagenome or environmental,1.34 N 103.83 E,,,,,,,,,,,,,,,,,,,,,,,,,,,,,,,,,,,,,,,,,,,,,,,,,,,,,,,,,,,,,,,,,,,,,,,,,,,,,,,,,,,,,,,,,,,,,,,,,,,,,,,,,,http://ftp.sra.ebi.ac.uk/vol1/fastq/SRR684/006/SRR6846476/SRR6846476_1.fastq.gz,http://ftp.sra.ebi.ac.uk/vol1/fastq/SRR684/006/SRR6846476/SRR6846476_2.fastq.gz,,era-fasp@fasp.sra.ebi.ac.uk:vol1/fastq/SRR684/006/SRR6846476/SRR6846476_1.fastq.gz,era-fasp@fasp.sra.ebi.ac.uk:vol1/fastq/SRR684/006/SRR6846476/SRR6846476_2.fastq.gz,0
202,SRR6973926,SRP139115,"Groundwater sediment microbial communities from an aquifer adjacent to Colorado River, USA - East River metaT ERMLT660_1_16_1Ra metatranscriptome",SRX3915681,East River metaT ERMLT660_1_16_1Ra,East River metaT ERMLT660_1_16_1Ra,556182,freshwater sediment metagenome,BTYSC,RNA-Seq,METATRANSCRIPTOMIC,other,PAIRED,SRS3151246,,SAMN08777035,PRJNA444740,Illumina HiSeq 2500,Illumina HiSeq 2500,ILLUMINA,33978231,4613205451,33978231,10261425762,JGI-SRA-93001,SRR6973926.sralite,2569953350,2020-06-22 00:35:37,169bee3665545c3df61e00eca58e33be,1,SRA Lite,Primary ETL,1,s3://sra-pub-zq-2/SRR6973926/SRR6973926.sralite.1,s3.us-east-1,aws identity,https://sra-downloadb.be-md.ncbi.nlm.nih.gov/sos5/sra-pub-zq-14/SRR006/973/SRR6973926.sralite.1,https://sra-downloadb.be-md.ncbi.nlm.nih.gov/sos5/sra-pub-zq-14/SRR006/973/SRR6973926.sralite.1,worldwide,anonymous,gs://sra-pub-zq-105/SRR6973926/SRR6973926.zq.1,gs.us-east1,gcp identity,,,,not applicable,"Riparian zone, East River, Colorado",2016-09-13,USA: Colorado,,,Metagenome or environmental,38.9228 N 106.9513 W,,,Environmental | Terrestrial | Soil | Floodplain | Unclassified,,,,,,,,,,,,,,,,,,,,,,,,,,,,,,,,,,,,,,,,,,,,,,,,,,,,,,,,,,,,,,,,,,,,,,,,,,,,,,,,,,,,,,,,,,,,,,,,,,,,,,,http://ftp.sra.ebi.ac.uk/vol1/fastq/SRR697/006/SRR6973926/SRR6973926_1.fastq.gz,http://ftp.sra.ebi.ac.uk/vol1/fastq/SRR697/006/SRR6973926/SRR6973926_2.fastq.gz,,era-fasp@fasp.sra.ebi.ac.uk:vol1/fastq/SRR697/006/SRR6973926/SRR6973926_1.fastq.gz,era-fasp@fasp.sra.ebi.ac.uk:vol1/fastq/SRR697/006/SRR6973926/SRR6973926_2.fastq.gz,1
203,SRR7007216,SRP140431,"Metatranscriptome of groundwater sediment microbial communities from an aquifer in East River, Colorado, USA - PLM0_60",SRX3939789,PLM0_60,PLM0_60,556182,freshwater sediment metagenome,BUPSO,RNA-Seq,METATRANSCRIPTOMIC,other,PAIRED,SRS3170646,,SAMN08776922,PRJNA444181,Illumina HiSeq 2500,Illumina HiSeq 2500,ILLUMINA,121184135,18204747433,121184135,36597608770,JGI-SRA-90709,11566.2.212317.GCCAAT.fastq.gz,23590600282,2020-02-29 03:29:32,29be42dd96e3057534e235b1e99d0f70,1,fastq,Original,0,s3://sra-pub-src-6/SRR7007216/11566.2.212317.GCCAAT.fastq.gz,-,Use Cloud Data Delivery,https://sra-downloadb.be-md.ncbi.nlm.nih.gov/sos5/sra-pub-zq-14/SRR007/007/SRR7007216.sralite.1,https://sra-downloadb.be-md.ncbi.nlm.nih.gov/sos5/sra-pub-zq-14/SRR007/007/SRR7007216.sralite.1,worldwide,anonymous,gs://sra-pub-zq-106/SRR7007216/SRR7007216.zq.1,gs.us-east1,gcp identity,,,,not applicable,"Riparian zone, East River",2016-09-16,USA: Colorado,,,Metagenome or environmental,38.9195 N 106.9496 W,,,Environmental | Terrestrial | Soil | Riparian zone | Unclassified,,,,,,,,,,,,,,,,,,,,,,,,,,,,,,,,,,,,,,,,,,,,,,,,,,,,,,,,,,,,,,,,,,,,,,,,,,,,,,,,,,,,,,,,,,,,,,,,,,,,,,,http://ftp.sra.ebi.ac.uk/vol1/fastq/SRR700/006/SRR7007216/SRR7007216_1.fastq.gz,http://ftp.sra.ebi.ac.uk/vol1/fastq/SRR700/006/SRR7007216/SRR7007216_2.fastq.gz,,era-fasp@fasp.sra.ebi.ac.uk:vol1/fastq/SRR700/006/SRR7007216/SRR7007216_1.fastq.gz,era-fasp@fasp.sra.ebi.ac.uk:vol1/fastq/SRR700/006/SRR7007216/SRR7007216_2.fastq.gz,1
204,SRR7227115,SRP149141,Metatranscriptomic profiling of the sub-Saharan Bemisia tabaci (Gennadius) (Hemipetera: Aleyrodidae) whitefly reveals arthropod infecting viruses,SRX4133594,Lib9_B.tabaci,Lib9_B.tabaci,7038,Bemisia tabaci,9_1,RNA-Seq,METATRANSCRIPTOMIC,RANDOM,PAIRED,SRS1859483,,SAMN06141133,PRJNA473497,Illumina HiSeq 2500,Illumina HiSeq 2500,ILLUMINA,4000000,622759467,4000000,1208000000,9_2.fastq,SRR7227115.sralite,311398019,2020-06-21 07:22:24,b09bcc792d1125588a237290f557f0f0,1,SRA Lite,Primary ETL,1,s3://sra-pub-zq-5/SRR7227115/SRR7227115.sralite.1,s3.us-east-1,aws identity,https://sra-downloadb.be-md.ncbi.nlm.nih.gov/sos5/sra-pub-zq-14/SRR007/227/SRR7227115.sralite.1,https://sra-downloadb.be-md.ncbi.nlm.nih.gov/sos5/sra-pub-zq-14/SRR007/227/SRR7227115.sralite.1,worldwide,anonymous,gs://sra-pub-zq-103/SRR7227115/SRR7227115.zq.1,gs.us-east1,gcp identity,,,not applicable,cassava,,2013,Uganda,,,Invertebrate,,not applicable,full body,,,adult,,,,,,,,,,,,,,,,,,,,,,,,,,,,,,,,,,,,,,,,,,,,,,,,,,,,,,,,,,,,,,,,,,,,,,,,,,,,,,,,,,,,,,,,,,,,,,,,,,,,,http://ftp.sra.ebi.ac.uk/vol1/fastq/SRR722/005/SRR7227115/SRR7227115_1.fastq.gz,http://ftp.sra.ebi.ac.uk/vol1/fastq/SRR722/005/SRR7227115/SRR7227115_2.fastq.gz,,era-fasp@fasp.sra.ebi.ac.uk:vol1/fastq/SRR722/005/SRR7227115/SRR7227115_1.fastq.gz,era-fasp@fasp.sra.ebi.ac.uk:vol1/fastq/SRR722/005/SRR7227115/SRR7227115_2.fastq.gz,0
205,SRR7227117,SRP149141,Metatranscriptomic profiling of the sub-Saharan Bemisia tabaci (Gennadius) (Hemipetera: Aleyrodidae) whitefly reveals arthropod infecting viruses,SRX4133592,Lib3_B.tabaci,Lib3_B.tabaci,7038,Bemisia tabaci,3_1,RNA-Seq,METATRANSCRIPTOMIC,RANDOM,PAIRED,SRS1859483,,SAMN06141133,PRJNA473497,Illumina HiSeq 2500,Illumina HiSeq 2500,ILLUMINA,4000000,643550587,4000000,1208000000,3_2.fastq,SRR7227117.sralite,311564750,2020-06-21 07:24:16,063f75bc03e3453de265df6b536c21a6,1,SRA Lite,Primary ETL,1,s3://sra-pub-zq-9/SRR7227117/SRR7227117.sralite.1,s3.us-east-1,aws identity,https://sra-downloadb.be-md.ncbi.nlm.nih.gov/sos5/sra-pub-zq-14/SRR007/227/SRR7227117.sralite.1,https://sra-downloadb.be-md.ncbi.nlm.nih.gov/sos5/sra-pub-zq-14/SRR007/227/SRR7227117.sralite.1,worldwide,anonymous,gs://sra-pub-zq-102/SRR7227117/SRR7227117.zq.1,gs.us-east1,gcp identity,,,not applicable,cassava,,2013,Uganda,,,Invertebrate,,not applicable,full body,,,adult,,,,,,,,,,,,,,,,,,,,,,,,,,,,,,,,,,,,,,,,,,,,,,,,,,,,,,,,,,,,,,,,,,,,,,,,,,,,,,,,,,,,,,,,,,,,,,,,,,,,,http://ftp.sra.ebi.ac.uk/vol1/fastq/SRR722/007/SRR7227117/SRR7227117_1.fastq.gz,http://ftp.sra.ebi.ac.uk/vol1/fastq/SRR722/007/SRR7227117/SRR7227117_2.fastq.gz,,era-fasp@fasp.sra.ebi.ac.uk:vol1/fastq/SRR722/007/SRR7227117/SRR7227117_1.fastq.gz,era-fasp@fasp.sra.ebi.ac.uk:vol1/fastq/SRR722/007/SRR7227117/SRR7227117_2.fastq.gz,0
206,SRR7288019,SRP150191,Viral metagenome in river water samples,SRX4191429,Viral metagenome in river water Jiangsu in China,Viral metagenome in river water Jiangsu in China,449393,freshwater metagenome,Riverwater-Virome,WGS,METAGENOMIC,RANDOM,PAIRED,SRS3402644,,SAMN09222623,PRJNA471935,Illumina MiSeq,Illumina MiSeq,ILLUMINA,1072109,316305659,1072109,511503296,water02_S50_L001_R1_001.fastq.gz,SRR7288019.sralite,132049276,2020-06-14 15:38:06,49772af408d2a550a4d449af5dad190d,1,SRA Lite,Primary ETL,1,s3://sra-pub-zq-1/SRR7288019/SRR7288019.sralite.1,s3.us-east-1,aws identity,https://sra-downloadb.be-md.ncbi.nlm.nih.gov/sos9/sra-pub-zq-922/SRR007/288/SRR7288019.sralite.1,https://sra-downloadb.be-md.ncbi.nlm.nih.gov/sos9/sra-pub-zq-922/SRR007/288/SRR7288019.sralite.1,worldwide,anonymous,gs://sra-pub-zq-104/SRR7288019/SRR7288019.zq.1,gs.us-east1,gcp identity,,,,,water,2015,China:Jiangsu,,,Metagenome or environmental,Not applicable,,,,,,,,,,,,,,,,,,,,,,,,,,,,,,,,,,,,,,,,,,,,,,,,,,,,,,,,,,,,,,,,,,,,,,,,,,,,,,,,,,,,,,,,,,,,,,,,,,,,,,,,,,http://ftp.sra.ebi.ac.uk/vol1/fastq/SRR728/009/SRR7288019/SRR7288019_1.fastq.gz,http://ftp.sra.ebi.ac.uk/vol1/fastq/SRR728/009/SRR7288019/SRR7288019_2.fastq.gz,,era-fasp@fasp.sra.ebi.ac.uk:vol1/fastq/SRR728/009/SRR7288019/SRR7288019_1.fastq.gz,era-fasp@fasp.sra.ebi.ac.uk:vol1/fastq/SRR728/009/SRR7288019/SRR7288019_2.fastq.gz,1
207,SRR7516198,SRP153207,Comparitive transcriptome study of resistant  NILs PB1+Pi1 and PB1+Pi54 and susceptible rice line (PB1) after M oryzae inoculation,SRX4386246,GSM3267539: PB1+Pi54 M.oryzae Treated BR1_72hpi; Oryza sativa; RNA-Seq,GSM3267539: PB1+Pi54 M.oryzae Treated BR1_72hpi; Oryza sativa; RNA-Seq,39946,Oryza sativa Indica Group,,RNA-Seq,TRANSCRIPTOMIC,cDNA,PAIRED,SRS3542602,,SAMN09651527,PRJNA480882,Illumina HiSeq 1000,Illumina HiSeq 1000,ILLUMINA,32067577,2517540021,5410592,733086785,GSM3267539_r2,SRR7516198.sralite,190471306,2021-06-15 01:20:24,be60dc8619950665ecb6c38366506cdf,1,SRA Lite,Primary ETL,1,s3://sra-pub-zq-9/SRR7516198/SRR7516198.sralite.1,s3.us-east-1,aws identity,https://sra-downloadb.be-md.ncbi.nlm.nih.gov/sos9/sra-pub-zq-922/SRR007/516/SRR7516198.sralite.1,https://sra-downloadb.be-md.ncbi.nlm.nih.gov/sos9/sra-pub-zq-922/SRR007/516/SRR7516198.sralite.1,worldwide,anonymous,gs://sra-pub-zq-103/SRR7516198/SRR7516198.noqual.1,gs.us-east1,gcp identity,GSM3267539,,,,,,,,,,,,Leaves from 4 leaf stage rice plant,,,72 hours after M.oryzae spray,,,,,,,,,,,,,,,,,,,,,,,,,,,,,,,,,,,,,,,,,,,,,PB1+ Pi54,,,,,Leaf,,,,,,,,,,,,,,,,,,,,,,,,,,,,,,,,,,,,,,,,,,,,,,,,,,,ftp.sra.ebi.ac.uk/vol1/fastq/SRR751/008/SRR7516198/SRR7516198_1.fastq.gz,http://ftp.sra.ebi.ac.uk/vol1/fastq/SRR751/008/SRR7516198/SRR7516198_2.fastq.gz,,era-fasp@fasp.sra.ebi.ac.uk:vol1/fastq/SRR751/008/SRR7516198/SRR7516198_1.fastq.gz,era-fasp@fasp.sra.ebi.ac.uk:vol1/fastq/SRR751/008/SRR7516198/SRR7516198_2.fastq.gz,1
208,SRR769314,SRP019027,Transcriptome sequencing of neonatal thymic epithelial cells.,SRX247306,GSM1094283: cTEC; Mus musculus; RNA-Seq,GSM1094283: cTEC; Mus musculus; RNA-Seq,10090,Mus musculus,,RNA-Seq,TRANSCRIPTOMIC,cDNA,PAIRED,SRS399301,,SAMN01940972,PRJNA192590,Illumina HiSeq 2000,Illumina HiSeq 2000,ILLUMINA,57384178,7514520792,57384178,11476835600,GSM1094283_r1,SRR769314.sralite,3071016221,2020-06-21 01:53:12,df1a85017e324ee74f63d2a102289ecb,1,SRA Lite,Primary ETL,1,s3://sra-pub-zq-8/SRR769314/SRR769314.sralite.1,s3.us-east-1,aws identity,https://sra-downloadb.be-md.ncbi.nlm.nih.gov/sos5/sra-pub-zq-11/SRR000/769/SRR769314/SRR769314.sralite.1,https://sra-downloadb.be-md.ncbi.nlm.nih.gov/sos5/sra-pub-zq-11/SRR000/769/SRR769314/SRR769314.sralite.1,worldwide,anonymous,gs://sra-pub-zq-106/SRR769314/SRR769314.zq.1,gs.us-east1,gcp identity,GSM1094283_1,C57BL/6,,,,,,,,,,,Thymus,,,post natal day 7,,,,,,,,,,,,,,,,,,,,,,,,,,,,,,,,,,,,,,,,,,,,,,,,,,Cortical thymic epithelial cells,,,,,,,,,,,,,,,,,,,,,,,,,,,,,,,,,,,,,,,,,,,,,,,,,,,http://ftp.sra.ebi.ac.uk/vol1/fastq/SRR769/SRR769314/SRR769314_1.fastq.gz,http://ftp.sra.ebi.ac.uk/vol1/fastq/SRR769/SRR769314/SRR769314_2.fastq.gz,,era-fasp@fasp.sra.ebi.ac.uk:vol1/fastq/SRR769/SRR769314/SRR769314_1.fastq.gz,era-fasp@fasp.sra.ebi.ac.uk:vol1/fastq/SRR769/SRR769314/SRR769314_2.fastq.gz,1
209,SRR769315,SRP019027,Transcriptome sequencing of neonatal thymic epithelial cells.,SRX247307,GSM1094284: mTEC; Mus musculus; RNA-Seq,GSM1094284: mTEC; Mus musculus; RNA-Seq,10090,Mus musculus,,RNA-Seq,TRANSCRIPTOMIC,cDNA,PAIRED,SRS399302,,SAMN01940973,PRJNA192590,Illumina HiSeq 2000,Illumina HiSeq 2000,ILLUMINA,52770006,6992881927,52770006,10554001200,GSM1094284_r1,SRR769315.sralite,2827750660,2020-06-21 01:31:43,d544df7b3d628e819063aa81c8c46525,1,SRA Lite,Primary ETL,1,s3://sra-pub-zq-6/SRR769315/SRR769315.sralite.1,s3.us-east-1,aws identity,https://sra-downloadb.be-md.ncbi.nlm.nih.gov/sos5/sra-pub-zq-11/SRR000/769/SRR769315/SRR769315.sralite.1,https://sra-downloadb.be-md.ncbi.nlm.nih.gov/sos5/sra-pub-zq-11/SRR000/769/SRR769315/SRR769315.sralite.1,worldwide,anonymous,gs://sra-pub-zq-106/SRR769315/SRR769315.zq.1,gs.us-east1,gcp identity,GSM1094284_1,C57BL/6,,,,,,,,,,,Thymus,,,post natal day 7,,,,,,,,,,,,,,,,,,,,,,,,,,,,,,,,,,,,,,,,,,,,,,,,,,Medullary thymic epithelial cells,,,,,,,,,,,,,,,,,,,,,,,,,,,,,,,,,,,,,,,,,,,,,,,,,,,http://ftp.sra.ebi.ac.uk/vol1/fastq/SRR769/SRR769315/SRR769315_1.fastq.gz,http://ftp.sra.ebi.ac.uk/vol1/fastq/SRR769/SRR769315/SRR769315_2.fastq.gz,,era-fasp@fasp.sra.ebi.ac.uk:vol1/fastq/SRR769/SRR769315/SRR769315_1.fastq.gz,era-fasp@fasp.sra.ebi.ac.uk:vol1/fastq/SRR769/SRR769315/SRR769315_2.fastq.gz,1
210,SRR769316,SRP019027,Transcriptome sequencing of neonatal thymic epithelial cells.,SRX247308,GSM1094285: skinEC; Mus musculus; RNA-Seq,GSM1094285: skinEC; Mus musculus; RNA-Seq,10090,Mus musculus,,RNA-Seq,TRANSCRIPTOMIC,cDNA,PAIRED,SRS399303,,SAMN01940974,PRJNA192590,Illumina HiSeq 2000,Illumina HiSeq 2000,ILLUMINA,42902367,5784088025,42902367,8580473400,GSM1094285_r1,SRR769316.sralite,2264398692,2020-06-21 01:43:14,c424055554d6d27eda5398232c2da297,1,SRA Lite,Primary ETL,1,s3://sra-pub-zq-6/SRR769316/SRR769316.sralite.1,s3.us-east-1,aws identity,https://sra-downloadb.be-md.ncbi.nlm.nih.gov/sos5/sra-pub-zq-11/SRR000/769/SRR769316/SRR769316.sralite.1,https://sra-downloadb.be-md.ncbi.nlm.nih.gov/sos5/sra-pub-zq-11/SRR000/769/SRR769316/SRR769316.sralite.1,worldwide,anonymous,gs://sra-pub-zq-107/SRR769316/SRR769316.zq.1,gs.us-east1,gcp identity,GSM1094285_1,C57BL/6,,,,,,,,,,,Epidermis,,,newborn,,,,,,,,,,,,,,,,,,,,,,,,,,,,,,,,,,,,,,,,,,,,,,,,,,Skin epithelial cells,,,,,,,,,,,,,,,,,,,,,,,,,,,,,,,,,,,,,,,,,,,,,,,,,,,http://ftp.sra.ebi.ac.uk/vol1/fastq/SRR769/SRR769316/SRR769316_1.fastq.gz,http://ftp.sra.ebi.ac.uk/vol1/fastq/SRR769/SRR769316/SRR769316_2.fastq.gz,,era-fasp@fasp.sra.ebi.ac.uk:vol1/fastq/SRR769/SRR769316/SRR769316_1.fastq.gz,era-fasp@fasp.sra.ebi.ac.uk:vol1/fastq/SRR769/SRR769316/SRR769316_2.fastq.gz,0
211,SRR7755089,SRP158841,"Multi-tissues of transcriptomics from Ovis Aries, Capra hircus and Camelus bactrianus. And metagenomics of the rumen contents from Capra hircus during post-natal development. Raw sequence reads",SRX4611295,2786_HFKKJALXX_L5,2786_HFKKJALXX_L5,9837,Camelus bactrianus,2786_HFKKJALXX_L5,RNA-Seq,TRANSCRIPTOMIC,PCR,PAIRED,SRS3715143,,SAMN09812187,PRJNA485657,HiSeq X Ten,HiSeq X Ten,ILLUMINA,24691691,3010857406,24691691,7407507300,2786_HFKKJALXX_L5_1.fq.gz,SRR7755089.sralite,1860094894,2020-06-22 09:32:21,929799bf69e644a932252b1b508c8514,1,SRA Lite,Primary ETL,1,s3://sra-pub-zq-5/SRR7755089/SRR7755089.sralite.1,s3.us-east-1,aws identity,https://sra-downloadb.be-md.ncbi.nlm.nih.gov/sos5/sra-pub-zq-14/SRR007/755/SRR7755089.sralite.1,https://sra-downloadb.be-md.ncbi.nlm.nih.gov/sos5/sra-pub-zq-14/SRR007/755/SRR7755089.sralite.1,worldwide,anonymous,gs://sra-pub-zq-105/SRR7755089/SRR7755089.zq.1,gs.us-east1,gcp identity,,,,,,,,2786_HFKKJALXX_L5,,Model organism or animal,,not collected,subcutaneous fat,,,5 years,,,,,,,,,,,,not collected,,,,,,,,,,,,,,,,,,,,,,,,,,,,,,,,,,,,,,,,,,,,,,,,,,,,,,,,,,,,,,,,,,,,,,,,,,,,,,,,,,,,,,,,,http://ftp.sra.ebi.ac.uk/vol1/fastq/SRR775/009/SRR7755089/SRR7755089_1.fastq.gz,http://ftp.sra.ebi.ac.uk/vol1/fastq/SRR775/009/SRR7755089/SRR7755089_2.fastq.gz,,era-fasp@fasp.sra.ebi.ac.uk:vol1/fastq/SRR775/009/SRR7755089/SRR7755089_1.fastq.gz,era-fasp@fasp.sra.ebi.ac.uk:vol1/fastq/SRR775/009/SRR7755089/SRR7755089_2.fastq.gz,1
212,SRR7976660,SRP164393,"Groundwater sediment microbial communities from an aquifer adjacent to Colorado River, USA - East River metaT ERMLT660_16_1Ra metatranscriptome",SRX4809450,East River metaT ERMLT660_16_1Ra,East River metaT ERMLT660_16_1Ra,556182,freshwater sediment metagenome,BTYSB,RNA-Seq,METATRANSCRIPTOMIC,other,PAIRED,SRS3887730,,SAMN08779543,PRJNA444739,Illumina HiSeq 2500,Illumina HiSeq 2500,ILLUMINA,38593104,5053805495,38593104,11655117408,JGI-SRA-108888,SRR7976660.sralite,2919026996,2020-06-20 12:39:04,39664d705b847c04cd0f72335b36681d,1,SRA Lite,Primary ETL,1,s3://sra-pub-zq-4/SRR7976660/SRR7976660.sralite.1,s3.us-east-1,aws identity,https://sra-downloadb.be-md.ncbi.nlm.nih.gov/sos9/sra-pub-zq-922/SRR007/976/SRR7976660.sralite.1,https://sra-downloadb.be-md.ncbi.nlm.nih.gov/sos9/sra-pub-zq-922/SRR007/976/SRR7976660.sralite.1,worldwide,anonymous,gs://sra-pub-zq-103/SRR7976660/SRR7976660.zq.1,gs.us-east1,gcp identity,,,,not applicable,"Riparian zone, East River, Colorado",2016-09-13,USA: Colorado,,,Metagenome or environmental,38.9233 N 106.9516 W,,,Environmental | Terrestrial | Soil | Floodplain | Unclassified,,,,,,,,,,,,,,,,,,,,,,,,,,,,,,,,,,,,,,,,,,,,,,,,,,,,,,,,,,,,,,,,,,,,,,,,,,,,,,,,,,,,,,,,,,,,,,,,,,,,,,,http://ftp.sra.ebi.ac.uk/vol1/fastq/SRR797/000/SRR7976660/SRR7976660_1.fastq.gz,http://ftp.sra.ebi.ac.uk/vol1/fastq/SRR797/000/SRR7976660/SRR7976660_2.fastq.gz,,era-fasp@fasp.sra.ebi.ac.uk:vol1/fastq/SRR797/000/SRR7976660/SRR7976660_1.fastq.gz,era-fasp@fasp.sra.ebi.ac.uk:vol1/fastq/SRR797/000/SRR7976660/SRR7976660_2.fastq.gz,1
213,SRR7976667,SRP164395,"Groundwater sediment microbial communities from an aquifer adjacent to Colorado River, USA - East River metaT ERMLT660_2_16_1Ra metatranscriptome",SRX4809457,East River metaT ERMLT660_2_16_1Ra,East River metaT ERMLT660_2_16_1Ra,556182,freshwater sediment metagenome,BTYSG,RNA-Seq,METATRANSCRIPTOMIC,other,PAIRED,SRS3887737,,SAMN08779544,PRJNA444741,Illumina HiSeq 2500,Illumina HiSeq 2500,ILLUMINA,43610496,5696762918,43610496,13170369792,JGI-SRA-108890,SRR7976667.sralite,3298448309,2020-06-23 07:34:26,61e945a32ad9acc77a090a0f892e005c,1,SRA Lite,Primary ETL,1,s3://sra-pub-zq-1/SRR7976667/SRR7976667.sralite.1,s3.us-east-1,aws identity,https://sra-downloadb.be-md.ncbi.nlm.nih.gov/sos5/sra-pub-zq-14/SRR007/976/SRR7976667.sralite.1,https://sra-downloadb.be-md.ncbi.nlm.nih.gov/sos5/sra-pub-zq-14/SRR007/976/SRR7976667.sralite.1,worldwide,anonymous,gs://sra-pub-zq-104/SRR7976667/SRR7976667.zq.1,gs.us-east1,gcp identity,,,,not applicable,"Riparian zone, East River, Colorado",2016-09-13,USA: Colorado,,,Metagenome or environmental,38.9228 N 106.9513 W,,,Environmental | Terrestrial | Soil | Floodplain | Unclassified,,,,,,,,,,,,,,,,,,,,,,,,,,,,,,,,,,,,,,,,,,,,,,,,,,,,,,,,,,,,,,,,,,,,,,,,,,,,,,,,,,,,,,,,,,,,,,,,,,,,,,,http://ftp.sra.ebi.ac.uk/vol1/fastq/SRR797/007/SRR7976667/SRR7976667_1.fastq.gz,http://ftp.sra.ebi.ac.uk/vol1/fastq/SRR797/007/SRR7976667/SRR7976667_2.fastq.gz,,era-fasp@fasp.sra.ebi.ac.uk:vol1/fastq/SRR797/007/SRR7976667/SRR7976667_1.fastq.gz,era-fasp@fasp.sra.ebi.ac.uk:vol1/fastq/SRR797/007/SRR7976667/SRR7976667_2.fastq.gz,1
214,SRR8197443,SRP169067,maize nucellus sequencing,SRX5016793,Transcriptome dynamics of nucellus in early maize seed,Transcriptome dynamics of nucellus in early maize seed,4577,Zea mays,NU78-1,RNA-Seq,TRANSCRIPTOMIC,RANDOM PCR,PAIRED,SRS4049948,,SAMN10410761,PRJNA505095,Illumina HiSeq 1500,Illumina HiSeq 1500,ILLUMINA,21235149,2249736242,21235149,6370544700,NU78-1_R1.fastq.gz,SRR8197443.sralite,1583947997,2020-06-23 17:18:39,57170a355ae0d2782cee604d2052f331,1,SRA Lite,Primary ETL,1,s3://sra-pub-zq-5/SRR8197443/SRR8197443.sralite.1,s3.us-east-1,aws identity,https://sra-downloadb.be-md.ncbi.nlm.nih.gov/sos5/sra-pub-zq-11/SRR008/197/SRR8197443/SRR8197443.sralite.1,https://sra-downloadb.be-md.ncbi.nlm.nih.gov/sos5/sra-pub-zq-11/SRR008/197/SRR8197443/SRR8197443.sralite.1,worldwide,anonymous,gs://sra-pub-zq-106/SRR8197443/SRR8197443.zq.1,gs.us-east1,gcp identity,,,by manual dissection,,,missing,China:beijing,,,Plant,,,nucellus,,missing,78 hours after pollination,,,,,,,,,,B73,,,0-144 hour after pollination,,,,,,,,,,,,,,,,,,,,,,,,,,,,,,,,,,,,,,,,,,,,,,,,,,,,,,,,,,,,,,,,,,,,,,,,,,,,,,,,,,,,,,,,http://ftp.sra.ebi.ac.uk/vol1/fastq/SRR819/003/SRR8197443/SRR8197443_1.fastq.gz,http://ftp.sra.ebi.ac.uk/vol1/fastq/SRR819/003/SRR8197443/SRR8197443_2.fastq.gz,,era-fasp@fasp.sra.ebi.ac.uk:vol1/fastq/SRR819/003/SRR8197443/SRR8197443_1.fastq.gz,era-fasp@fasp.sra.ebi.ac.uk:vol1/fastq/SRR819/003/SRR8197443/SRR8197443_2.fastq.gz,0
215,SRR8455902,SRP180246,Transcriptome data of  cotton chromosome segment substitution line,SRX5262568,RNA-Seq-CSSL4-2-1,RNA-Seq-CSSL4-2-1,29729,Gossypium arboreum,CSSL4-2,RNA-Seq,TRANSCRIPTOMIC,RANDOM,PAIRED,SRS4263403,,SAMN10734947,PRJNA514818,Illumina HiSeq 2000,Illumina HiSeq 2000,ILLUMINA,38487630,4464157594,38487630,11538264364,RSM-2_1.fq.gz,SRR8455902.sralite,2903112017,2020-06-24 04:08:43,668d2e7e225444cf0862da29107a5035,1,SRA Lite,Primary ETL,1,s3://sra-pub-zq-8/SRR8455902/SRR8455902.sralite.1,s3.us-east-1,aws identity,https://sra-downloadb.be-md.ncbi.nlm.nih.gov/sos5/sra-pub-zq-14/SRR008/455/SRR8455902.sralite.1,https://sra-downloadb.be-md.ncbi.nlm.nih.gov/sos5/sra-pub-zq-14/SRR008/455/SRR8455902.sralite.1,worldwide,anonymous,gs://sra-pub-zq-108/SRR8455902/SRR8455902.zq.1,gs.us-east1,gcp identity,,,CSSL4-2,,,,China:Henan,,,Plant,,,root,,not collected,,,,,,,,,,,not collected,,,florescence,,,,,,,,,,,,,,,,,,,,,,,,,,,,,,,,,,,,,,,,,,,,,,,,,,,,,,,,,,,,,,,,,,,,,,,,,,,,,,,,,,,,,,,,http://ftp.sra.ebi.ac.uk/vol1/fastq/SRR845/002/SRR8455902/SRR8455902_1.fastq.gz,http://ftp.sra.ebi.ac.uk/vol1/fastq/SRR845/002/SRR8455902/SRR8455902_2.fastq.gz,,era-fasp@fasp.sra.ebi.ac.uk:vol1/fastq/SRR845/002/SRR8455902/SRR8455902_1.fastq.gz,era-fasp@fasp.sra.ebi.ac.uk:vol1/fastq/SRR845/002/SRR8455902/SRR8455902_2.fastq.gz,1
216,SRR8455903,SRP180246,Transcriptome data of  cotton chromosome segment substitution line,SRX5262567,RNA-Seq-Pathogenic infection CSSL4-3-1,RNA-Seq-Pathogenic infection CSSL4-3-1,29729,Gossypium arboreum,Pathogenic infection CSSL4-3,RNA-Seq,TRANSCRIPTOMIC,RANDOM,PAIRED,SRS4263401,,SAMN10734945,PRJNA514818,Illumina HiSeq 2000,Illumina HiSeq 2000,ILLUMINA,50099654,5647187317,50099654,15021856427,RSI-3_1.fq.gz,SRR8455903.sralite,3766052055,2020-06-20 12:37:24,519d939819cc14dbd639be168f948a96,1,SRA Lite,Primary ETL,1,s3://sra-pub-zq-7/SRR8455903/SRR8455903.sralite.1,s3.us-east-1,aws identity,https://sra-downloadb.be-md.ncbi.nlm.nih.gov/sos5/sra-pub-zq-16/SRR008/455/SRR8455903.sralite.1,https://sra-downloadb.be-md.ncbi.nlm.nih.gov/sos5/sra-pub-zq-16/SRR008/455/SRR8455903.sralite.1,worldwide,anonymous,gs://sra-pub-zq-108/SRR8455903/SRR8455903.zq.1,gs.us-east1,gcp identity,,,Pathogenic infection CSSL4-3,,,,China:Henan,,,Plant,,,root,,not collected,,,,,,,,,,,not collected,,,florescence,,,,,,,,,,,,,,,,,,,,,,,,,,,,,,,,,,,,,,,,,,,,,,,,,,,,,,,,,,,,,,,,,,,,,,,,,,,,,,,,,,,,,,,,http://ftp.sra.ebi.ac.uk/vol1/fastq/SRR845/003/SRR8455903/SRR8455903_1.fastq.gz,http://ftp.sra.ebi.ac.uk/vol1/fastq/SRR845/003/SRR8455903/SRR8455903_2.fastq.gz,,era-fasp@fasp.sra.ebi.ac.uk:vol1/fastq/SRR845/003/SRR8455903/SRR8455903_1.fastq.gz,era-fasp@fasp.sra.ebi.ac.uk:vol1/fastq/SRR845/003/SRR8455903/SRR8455903_2.fastq.gz,1
217,SRR8455904,SRP180246,Transcriptome data of  cotton chromosome segment substitution line,SRX5262566,RNA-Seq-CSSL4-1-1,RNA-Seq-CSSL4-1-1,29729,Gossypium arboreum,CSSL4-1,RNA-Seq,TRANSCRIPTOMIC,RANDOM,PAIRED,SRS4263402,,SAMN10734946,PRJNA514818,Illumina HiSeq 2000,Illumina HiSeq 2000,ILLUMINA,41414035,4670264821,41414035,12416879967,RSM-1_1.fq.gz,SRR8455904.sralite,3112769058,2020-06-22 14:38:58,2fbf477244a0fef5139b08443614f200,1,SRA Lite,Primary ETL,1,s3://sra-pub-zq-8/SRR8455904/SRR8455904.sralite.1,s3.us-east-1,aws identity,https://sra-downloadb.be-md.ncbi.nlm.nih.gov/sos5/sra-pub-zq-14/SRR008/455/SRR8455904.sralite.1,https://sra-downloadb.be-md.ncbi.nlm.nih.gov/sos5/sra-pub-zq-14/SRR008/455/SRR8455904.sralite.1,worldwide,anonymous,gs://sra-pub-zq-108/SRR8455904/SRR8455904.zq.1,gs.us-east1,gcp identity,,,CSSL4-1,,,,China:Henan,,,Plant,,,root,,not collected,,,,,,,,,,,not collected,,,florescence,,,,,,,,,,,,,,,,,,,,,,,,,,,,,,,,,,,,,,,,,,,,,,,,,,,,,,,,,,,,,,,,,,,,,,,,,,,,,,,,,,,,,,,,http://ftp.sra.ebi.ac.uk/vol1/fastq/SRR845/004/SRR8455904/SRR8455904_1.fastq.gz,http://ftp.sra.ebi.ac.uk/vol1/fastq/SRR845/004/SRR8455904/SRR8455904_2.fastq.gz,,era-fasp@fasp.sra.ebi.ac.uk:vol1/fastq/SRR845/004/SRR8455904/SRR8455904_1.fastq.gz,era-fasp@fasp.sra.ebi.ac.uk:vol1/fastq/SRR845/004/SRR8455904/SRR8455904_2.fastq.gz,1
218,SRR8455905,SRP180246,Transcriptome data of  cotton chromosome segment substitution line,SRX5262565,RNA-Seq-Pathogenic infection CSSL1-2-1,RNA-Seq-Pathogenic infection CSSL1-2-1,29729,Gossypium arboreum,Pathogenic infection CSSL1-2,RNA-Seq,TRANSCRIPTOMIC,RANDOM,PAIRED,SRS4263400,,SAMN10734938,PRJNA514818,Illumina HiSeq 2000,Illumina HiSeq 2000,ILLUMINA,47429729,5395515708,47429729,14220197089,RRI-2_1.fq.gz,SRR8455905.sralite,3566526207,2020-06-14 08:52:53,aa05de0bef10c472f99779a9b4885cdb,1,SRA Lite,Primary ETL,1,s3://sra-pub-zq-8/SRR8455905/SRR8455905.sralite.1,s3.us-east-1,aws identity,https://sra-downloadb.be-md.ncbi.nlm.nih.gov/sos5/sra-pub-zq-16/SRR008/455/SRR8455905.sralite.1,https://sra-downloadb.be-md.ncbi.nlm.nih.gov/sos5/sra-pub-zq-16/SRR008/455/SRR8455905.sralite.1,worldwide,anonymous,gs://sra-pub-zq-108/SRR8455905/SRR8455905.zq.1,gs.us-east1,gcp identity,,,Pathogenic infection CSSL1-2,,,,China:Henan,,,Plant,,,root,,not collected,,,,,,,,,,,not collected,,,florescence,,,,,,,,,,,,,,,,,,,,,,,,,,,,,,,,,,,,,,,,,,,,,,,,,,,,,,,,,,,,,,,,,,,,,,,,,,,,,,,,,,,,,,,,http://ftp.sra.ebi.ac.uk/vol1/fastq/SRR845/005/SRR8455905/SRR8455905_1.fastq.gz,http://ftp.sra.ebi.ac.uk/vol1/fastq/SRR845/005/SRR8455905/SRR8455905_2.fastq.gz,,era-fasp@fasp.sra.ebi.ac.uk:vol1/fastq/SRR845/005/SRR8455905/SRR8455905_1.fastq.gz,era-fasp@fasp.sra.ebi.ac.uk:vol1/fastq/SRR845/005/SRR8455905/SRR8455905_2.fastq.gz,1
219,SRR8455906,SRP180246,Transcriptome data of  cotton chromosome segment substitution line,SRX5262564,RNA-Seq-Pathogenic infection CSSL1-3-1,RNA-Seq-Pathogenic infection CSSL1-3-1,29729,Gossypium arboreum,Pathogenic infection CSSL1-3,RNA-Seq,TRANSCRIPTOMIC,RANDOM,PAIRED,SRS4263399,,SAMN10734939,PRJNA514818,Illumina HiSeq 2000,Illumina HiSeq 2000,ILLUMINA,51476773,5834498652,51476773,15434378189,RRI-3_1.fq.gz,SRR8455906.sralite,3868243600,2020-06-24 04:12:25,c5403977784c5ba0cdcfab9c8166a595,1,SRA Lite,Primary ETL,1,s3://sra-pub-zq-8/SRR8455906/SRR8455906.sralite.1,s3.us-east-1,aws identity,https://sra-downloadb.be-md.ncbi.nlm.nih.gov/sos5/sra-pub-zq-14/SRR008/455/SRR8455906.sralite.1,https://sra-downloadb.be-md.ncbi.nlm.nih.gov/sos5/sra-pub-zq-14/SRR008/455/SRR8455906.sralite.1,worldwide,anonymous,gs://sra-pub-zq-108/SRR8455906/SRR8455906.zq.1,gs.us-east1,gcp identity,,,Pathogenic infection CSSL1-3,,,,China:Henan,,,Plant,,,root,,not collected,,,,,,,,,,,not collected,,,florescence,,,,,,,,,,,,,,,,,,,,,,,,,,,,,,,,,,,,,,,,,,,,,,,,,,,,,,,,,,,,,,,,,,,,,,,,,,,,,,,,,,,,,,,,http://ftp.sra.ebi.ac.uk/vol1/fastq/SRR845/006/SRR8455906/SRR8455906_1.fastq.gz,http://ftp.sra.ebi.ac.uk/vol1/fastq/SRR845/006/SRR8455906/SRR8455906_2.fastq.gz,,era-fasp@fasp.sra.ebi.ac.uk:vol1/fastq/SRR845/006/SRR8455906/SRR8455906_1.fastq.gz,era-fasp@fasp.sra.ebi.ac.uk:vol1/fastq/SRR845/006/SRR8455906/SRR8455906_2.fastq.gz,1
220,SRR8455907,SRP180246,Transcriptome data of  cotton chromosome segment substitution line,SRX5262563,RNA-Seq-CSSL1-1-1,RNA-Seq-CSSL1-1-1,29729,Gossypium arboreum,CSSL1-1,RNA-Seq,TRANSCRIPTOMIC,RANDOM,PAIRED,SRS4263398,,SAMN10734940,PRJNA514818,Illumina HiSeq 2000,Illumina HiSeq 2000,ILLUMINA,51779115,5838638103,51779115,15525387927,RRM-1_1.fq.gz,SRR8455907.sralite,3891339829,2020-06-20 12:31:48,065872a8b7faeb34cd8bb30ee300211f,1,SRA Lite,Primary ETL,1,s3://sra-pub-zq-4/SRR8455907/SRR8455907.sralite.1,s3.us-east-1,aws identity,https://sra-downloadb.be-md.ncbi.nlm.nih.gov/sos9/sra-pub-zq-922/SRR008/455/SRR8455907.sralite.1,https://sra-downloadb.be-md.ncbi.nlm.nih.gov/sos9/sra-pub-zq-922/SRR008/455/SRR8455907.sralite.1,worldwide,anonymous,gs://sra-pub-zq-108/SRR8455907/SRR8455907.zq.1,gs.us-east1,gcp identity,,,CSSL1-1,,,,China:Henan,,,Plant,,,root,,not collected,,,,,,,,,,,not collected,,,florescence,,,,,,,,,,,,,,,,,,,,,,,,,,,,,,,,,,,,,,,,,,,,,,,,,,,,,,,,,,,,,,,,,,,,,,,,,,,,,,,,,,,,,,,,http://ftp.sra.ebi.ac.uk/vol1/fastq/SRR845/007/SRR8455907/SRR8455907_1.fastq.gz,http://ftp.sra.ebi.ac.uk/vol1/fastq/SRR845/007/SRR8455907/SRR8455907_2.fastq.gz,,era-fasp@fasp.sra.ebi.ac.uk:vol1/fastq/SRR845/007/SRR8455907/SRR8455907_1.fastq.gz,era-fasp@fasp.sra.ebi.ac.uk:vol1/fastq/SRR845/007/SRR8455907/SRR8455907_2.fastq.gz,1
221,SRR8455908,SRP180246,Transcriptome data of  cotton chromosome segment substitution line,SRX5262562,RNA-Seq-Pathogenic infection CSSL1-1-1,RNA-Seq-Pathogenic infection CSSL1-1-1,29729,Gossypium arboreum,Pathogenic infection CSSL1-1,RNA-Seq,TRANSCRIPTOMIC,RANDOM,PAIRED,SRS4263397,,SAMN10734937,PRJNA514818,Illumina HiSeq 2000,Illumina HiSeq 2000,ILLUMINA,52110174,5912861566,52110174,15623936033,RRI-1_1.fq.gz,SRR8455908.sralite,3917362285,2020-06-24 04:08:34,4da151b54eb904032808c24a308d5437,1,SRA Lite,Primary ETL,1,s3://sra-pub-zq-8/SRR8455908/SRR8455908.sralite.1,s3.us-east-1,aws identity,https://sra-downloadb.be-md.ncbi.nlm.nih.gov/sos5/sra-pub-zq-14/SRR008/455/SRR8455908.sralite.1,https://sra-downloadb.be-md.ncbi.nlm.nih.gov/sos5/sra-pub-zq-14/SRR008/455/SRR8455908.sralite.1,worldwide,anonymous,gs://sra-pub-zq-108/SRR8455908/SRR8455908.zq.1,gs.us-east1,gcp identity,,,Pathogenic infection CSSL1-1,,,,China:Henan,,,Plant,,,root,,not collected,,,,,,,,,,,not collected,,,florescence,,,,,,,,,,,,,,,,,,,,,,,,,,,,,,,,,,,,,,,,,,,,,,,,,,,,,,,,,,,,,,,,,,,,,,,,,,,,,,,,,,,,,,,,http://ftp.sra.ebi.ac.uk/vol1/fastq/SRR845/008/SRR8455908/SRR8455908_1.fastq.gz,http://ftp.sra.ebi.ac.uk/vol1/fastq/SRR845/008/SRR8455908/SRR8455908_2.fastq.gz,,era-fasp@fasp.sra.ebi.ac.uk:vol1/fastq/SRR845/008/SRR8455908/SRR8455908_1.fastq.gz,era-fasp@fasp.sra.ebi.ac.uk:vol1/fastq/SRR845/008/SRR8455908/SRR8455908_2.fastq.gz,1
222,SRR8455909,SRP180246,Transcriptome data of  cotton chromosome segment substitution line,SRX5262561,RNA-Seq-CSSL4-3-1,RNA-Seq-CSSL4-3-1,29729,Gossypium arboreum,CSSL4-3,RNA-Seq,TRANSCRIPTOMIC,RANDOM,PAIRED,SRS4263396,,SAMN10734948,PRJNA514818,Illumina HiSeq 2000,Illumina HiSeq 2000,ILLUMINA,45185538,5214469498,45185538,13546062887,RSM-3_1.fq.gz,SRR8455909.sralite,3407920717,2020-06-21 15:03:13,8d4a0b39b505d6adad0e8b4e2ba8eb98,1,SRA Lite,Primary ETL,1,s3://sra-pub-zq-6/SRR8455909/SRR8455909.sralite.1,s3.us-east-1,aws identity,https://sra-downloadb.be-md.ncbi.nlm.nih.gov/sos5/sra-pub-zq-16/SRR008/455/SRR8455909.sralite.1,https://sra-downloadb.be-md.ncbi.nlm.nih.gov/sos5/sra-pub-zq-16/SRR008/455/SRR8455909.sralite.1,worldwide,anonymous,gs://sra-pub-zq-108/SRR8455909/SRR8455909.zq.1,gs.us-east1,gcp identity,,,CSSL4-3,,,,China:Henan,,,Plant,,,root,,not collected,,,,,,,,,,,not collected,,,florescence,,,,,,,,,,,,,,,,,,,,,,,,,,,,,,,,,,,,,,,,,,,,,,,,,,,,,,,,,,,,,,,,,,,,,,,,,,,,,,,,,,,,,,,,http://ftp.sra.ebi.ac.uk/vol1/fastq/SRR845/009/SRR8455909/SRR8455909_1.fastq.gz,http://ftp.sra.ebi.ac.uk/vol1/fastq/SRR845/009/SRR8455909/SRR8455909_2.fastq.gz,,era-fasp@fasp.sra.ebi.ac.uk:vol1/fastq/SRR845/009/SRR8455909/SRR8455909_1.fastq.gz,era-fasp@fasp.sra.ebi.ac.uk:vol1/fastq/SRR845/009/SRR8455909/SRR8455909_2.fastq.gz,1
223,SRR8455910,SRP180246,Transcriptome data of  cotton chromosome segment substitution line,SRX5262560,RNA-Seq-Pathogenic infection CSSL4-1-1,RNA-Seq-Pathogenic infection CSSL4-1-1,29729,Gossypium arboreum,Pathogenic infection CSSL4-1,RNA-Seq,TRANSCRIPTOMIC,RANDOM,PAIRED,SRS4263395,,SAMN10734943,PRJNA514818,Illumina HiSeq 2000,Illumina HiSeq 2000,ILLUMINA,49694539,5571831034,49694539,14900300590,RSI-1_1.fq.gz,SRR8455910.sralite,3735819440,2020-06-20 12:13:57,eaabb520d7bf306a8e6c4c5046cf0d4c,1,SRA Lite,Primary ETL,1,s3://sra-pub-zq-4/SRR8455910/SRR8455910.sralite.1,s3.us-east-1,aws identity,https://sra-downloadb.be-md.ncbi.nlm.nih.gov/sos9/sra-pub-zq-922/SRR008/455/SRR8455910.sralite.1,https://sra-downloadb.be-md.ncbi.nlm.nih.gov/sos9/sra-pub-zq-922/SRR008/455/SRR8455910.sralite.1,worldwide,anonymous,gs://sra-pub-zq-108/SRR8455910/SRR8455910.zq.1,gs.us-east1,gcp identity,,,Pathogenic infection CSSL4-1,,,,China:Henan,,,Plant,,,root,,not collected,,,,,,,,,,,not collected,,,florescence,,,,,,,,,,,,,,,,,,,,,,,,,,,,,,,,,,,,,,,,,,,,,,,,,,,,,,,,,,,,,,,,,,,,,,,,,,,,,,,,,,,,,,,,http://ftp.sra.ebi.ac.uk/vol1/fastq/SRR845/000/SRR8455910/SRR8455910_1.fastq.gz,http://ftp.sra.ebi.ac.uk/vol1/fastq/SRR845/000/SRR8455910/SRR8455910_2.fastq.gz,,era-fasp@fasp.sra.ebi.ac.uk:vol1/fastq/SRR845/000/SRR8455910/SRR8455910_1.fastq.gz,era-fasp@fasp.sra.ebi.ac.uk:vol1/fastq/SRR845/000/SRR8455910/SRR8455910_2.fastq.gz,1
224,SRR8455911,SRP180246,Transcriptome data of  cotton chromosome segment substitution line,SRX5262559,RNA-Seq-Pathogenic infection CSSL4-2-1,RNA-Seq-Pathogenic infection CSSL4-2-1,29729,Gossypium arboreum,Pathogenic infection CSSL4-2,RNA-Seq,TRANSCRIPTOMIC,RANDOM,PAIRED,SRS4263394,,SAMN10734944,PRJNA514818,Illumina HiSeq 2000,Illumina HiSeq 2000,ILLUMINA,50219259,5631684700,50219259,15057455974,RSI-2_1.fq.gz,SRR8455911.sralite,3774457358,2020-06-14 09:10:39,e9582f5f19af659867ba975961cf7f1e,1,SRA Lite,Primary ETL,1,s3://sra-pub-zq-8/SRR8455911/SRR8455911.sralite.1,s3.us-east-1,aws identity,https://sra-downloadb.be-md.ncbi.nlm.nih.gov/sos9/sra-pub-zq-922/SRR008/455/SRR8455911.sralite.1,https://sra-downloadb.be-md.ncbi.nlm.nih.gov/sos9/sra-pub-zq-922/SRR008/455/SRR8455911.sralite.1,worldwide,anonymous,gs://sra-pub-zq-108/SRR8455911/SRR8455911.zq.1,gs.us-east1,gcp identity,,,Pathogenic infection CSSL4-2,,,,China:Henan,,,Plant,,,root,,not collected,,,,,,,,,,,not collected,,,florescence,,,,,,,,,,,,,,,,,,,,,,,,,,,,,,,,,,,,,,,,,,,,,,,,,,,,,,,,,,,,,,,,,,,,,,,,,,,,,,,,,,,,,,,,http://ftp.sra.ebi.ac.uk/vol1/fastq/SRR845/001/SRR8455911/SRR8455911_1.fastq.gz,http://ftp.sra.ebi.ac.uk/vol1/fastq/SRR845/001/SRR8455911/SRR8455911_2.fastq.gz,,era-fasp@fasp.sra.ebi.ac.uk:vol1/fastq/SRR845/001/SRR8455911/SRR8455911_1.fastq.gz,era-fasp@fasp.sra.ebi.ac.uk:vol1/fastq/SRR845/001/SRR8455911/SRR8455911_2.fastq.gz,1
225,SRR8455912,SRP180246,Transcriptome data of  cotton chromosome segment substitution line,SRX5262558,RNA-Seq-CSSL1-2-1,RNA-Seq-CSSL1-2-1,29729,Gossypium arboreum,CSSL1-2,RNA-Seq,TRANSCRIPTOMIC,RANDOM,PAIRED,SRS4263392,,SAMN10734941,PRJNA514818,Illumina HiSeq 2000,Illumina HiSeq 2000,ILLUMINA,47699949,5350860302,47699949,14302371011,RRM-2_1.fq.gz,SRR8455912.sralite,3584517317,2020-06-14 08:53:19,6121b805c63dae6200ed586ba2eb6cea,1,SRA Lite,Primary ETL,1,s3://sra-pub-zq-8/SRR8455912/SRR8455912.sralite.1,s3.us-east-1,aws identity,https://sra-downloadb.be-md.ncbi.nlm.nih.gov/sos5/sra-pub-zq-16/SRR008/455/SRR8455912.sralite.1,https://sra-downloadb.be-md.ncbi.nlm.nih.gov/sos5/sra-pub-zq-16/SRR008/455/SRR8455912.sralite.1,worldwide,anonymous,gs://sra-pub-zq-108/SRR8455912/SRR8455912.zq.1,gs.us-east1,gcp identity,,,CSSL1-2,,,,China:Henan,,,Plant,,,root,,not collected,,,,,,,,,,,not collected,,,florescence,,,,,,,,,,,,,,,,,,,,,,,,,,,,,,,,,,,,,,,,,,,,,,,,,,,,,,,,,,,,,,,,,,,,,,,,,,,,,,,,,,,,,,,,http://ftp.sra.ebi.ac.uk/vol1/fastq/SRR845/002/SRR8455912/SRR8455912_1.fastq.gz,http://ftp.sra.ebi.ac.uk/vol1/fastq/SRR845/002/SRR8455912/SRR8455912_2.fastq.gz,,era-fasp@fasp.sra.ebi.ac.uk:vol1/fastq/SRR845/002/SRR8455912/SRR8455912_1.fastq.gz,era-fasp@fasp.sra.ebi.ac.uk:vol1/fastq/SRR845/002/SRR8455912/SRR8455912_2.fastq.gz,1
226,SRR8455913,SRP180246,Transcriptome data of  cotton chromosome segment substitution line,SRX5262557,RNA-Seq-CSSL1-3-1,RNA-Seq-CSSL1-3-1,29729,Gossypium arboreum,CSSL1-3,RNA-Seq,TRANSCRIPTOMIC,RANDOM,PAIRED,SRS4263393,,SAMN10734942,PRJNA514818,Illumina HiSeq 2000,Illumina HiSeq 2000,ILLUMINA,52470856,5912159627,52470856,15732979135,RRM-3_1.fq.gz,SRR8455913.sralite,3943736403,2020-06-21 16:07:36,84d0ffc9371812b291f9d3c3f4f6f07b,1,SRA Lite,Primary ETL,1,s3://sra-pub-zq-2/SRR8455913/SRR8455913.sralite.1,s3.us-east-1,aws identity,https://sra-downloadb.be-md.ncbi.nlm.nih.gov/sos5/sra-pub-zq-16/SRR008/455/SRR8455913.sralite.1,https://sra-downloadb.be-md.ncbi.nlm.nih.gov/sos5/sra-pub-zq-16/SRR008/455/SRR8455913.sralite.1,worldwide,anonymous,gs://sra-pub-zq-108/SRR8455913/SRR8455913.zq.1,gs.us-east1,gcp identity,,,CSSL1-3,,,,China:Henan,,,Plant,,,root,,not collected,,,,,,,,,,,not collected,,,florescence,,,,,,,,,,,,,,,,,,,,,,,,,,,,,,,,,,,,,,,,,,,,,,,,,,,,,,,,,,,,,,,,,,,,,,,,,,,,,,,,,,,,,,,,http://ftp.sra.ebi.ac.uk/vol1/fastq/SRR845/003/SRR8455913/SRR8455913_1.fastq.gz,http://ftp.sra.ebi.ac.uk/vol1/fastq/SRR845/003/SRR8455913/SRR8455913_2.fastq.gz,,era-fasp@fasp.sra.ebi.ac.uk:vol1/fastq/SRR845/003/SRR8455913/SRR8455913_1.fastq.gz,era-fasp@fasp.sra.ebi.ac.uk:vol1/fastq/SRR845/003/SRR8455913/SRR8455913_2.fastq.gz,1
227,SRR8554352,SRP184998,"Metatranscriptome of enriched activated sludge microbial communities from anaerobic digester in WTTP, New Holstein, Wisconsin, United States - AAT_UR_Glu1",SRX5356129,AAT_UR_Glu1_MT,AAT_UR_Glu1_MT,942017,activated sludge metagenome,CTWZN,RNA-Seq,METATRANSCRIPTOMIC,RT-PCR,PAIRED,SRS4347076,,SAMN10865520,PRJNA520020,Illumina HiSeq 2500,Illumina HiSeq 2500,ILLUMINA,22456087,2759204262,22456087,6781738274,JGI-SRA-125353,SRR8554352.sralite,1698724201,2020-06-23 09:51:55,1b01a1b845a01a7e442e9653a9327418,1,SRA Lite,Primary ETL,1,s3://sra-pub-zq-1/SRR8554352/SRR8554352.sralite.1,s3.us-east-1,aws identity,https://sra-downloadb.be-md.ncbi.nlm.nih.gov/sos5/sra-pub-zq-14/SRR008/554/SRR8554352.sralite.1,https://sra-downloadb.be-md.ncbi.nlm.nih.gov/sos5/sra-pub-zq-14/SRR008/554/SRR8554352.sralite.1,worldwide,anonymous,gs://sra-pub-zq-102/SRR8554352/SRR8554352.zq.1,gs.us-east1,gcp identity,,,,not applicable,Anaerobic digester,2017-04-17,USA: Wisconsin,,,Metagenome or environmental,44.11 N 88.23 W,,,Engineered | Bioreactor | Anaerobic | Digestate | Unclassified,,,,,,,,,,,,,,,,,,,,,,,,,,,,,,,,,,,,,,,,,,,,,,,,,,,,,,,,,,,,,,,,,,,,,,,,,,,,,,,,,,,,,,,,,,,,,,,,,,,,,,,http://ftp.sra.ebi.ac.uk/vol1/fastq/SRR855/002/SRR8554352/SRR8554352_1.fastq.gz,http://ftp.sra.ebi.ac.uk/vol1/fastq/SRR855/002/SRR8554352/SRR8554352_2.fastq.gz,,era-fasp@fasp.sra.ebi.ac.uk:vol1/fastq/SRR855/002/SRR8554352/SRR8554352_1.fastq.gz,era-fasp@fasp.sra.ebi.ac.uk:vol1/fastq/SRR855/002/SRR8554352/SRR8554352_2.fastq.gz,1
228,SRR8658352,SRP187337,Panonychus citri Genome sequencing,SRX5456070,RNA-Seq of Panonychus citri: resistant_YX_2,RNA-Seq of Panonychus citri: resistant_YX_2,50023,Panonychus citri,Pc_YX_2,RNA-Seq,TRANSCRIPTOMIC,cDNA,PAIRED,SRS4430922,,SAMN10995433,PRJNA524036,HiSeq X Ten,HiSeq X Ten,ILLUMINA,33952035,3443669975,33952035,10185610500,PC_YX_2_1.fq.gz,SRR8658352.sralite,2551478173,2020-06-20 06:42:05,4e767a208d3f3e93e70cb4686a5807f6,1,SRA Lite,Primary ETL,1,s3://sra-pub-zq-7/SRR8658352/SRR8658352.sralite.1,s3.us-east-1,aws identity,https://sra-downloadb.be-md.ncbi.nlm.nih.gov/sos9/sra-pub-zq-922/SRR008/658/SRR8658352.sralite.1,https://sra-downloadb.be-md.ncbi.nlm.nih.gov/sos9/sra-pub-zq-922/SRR008/658/SRR8658352.sralite.1,worldwide,anonymous,gs://sra-pub-zq-108/SRR8658352/SRR8658352.zq.1,gs.us-east1,gcp identity,,,Yunnan,citrus,,2018-06-28,China:Yunnan,,,Invertebrate,,,whole body,,,,,,,,,,,,,,,,,,,,,,,,,,,,,,,,,,,,,,,,,,,,,,,,,,,,,,,,,,,,,,,,,,,,,,,,,,,,,,,,,,,,,,,,,,,,,,,,,,,,,,,,http://ftp.sra.ebi.ac.uk/vol1/fastq/SRR865/002/SRR8658352/SRR8658352_1.fastq.gz,http://ftp.sra.ebi.ac.uk/vol1/fastq/SRR865/002/SRR8658352/SRR8658352_2.fastq.gz,,era-fasp@fasp.sra.ebi.ac.uk:vol1/fastq/SRR865/002/SRR8658352/SRR8658352_1.fastq.gz,era-fasp@fasp.sra.ebi.ac.uk:vol1/fastq/SRR865/002/SRR8658352/SRR8658352_2.fastq.gz,1
229,SRR8658353,SRP187337,Panonychus citri Genome sequencing,SRX5456069,RNA-Seq of Panonychus citri: resistant_YX_1,RNA-Seq of Panonychus citri: resistant_YX_1,50023,Panonychus citri,Pc_YX_1,RNA-Seq,TRANSCRIPTOMIC,cDNA,PAIRED,SRS4430921,,SAMN10995431,PRJNA524036,HiSeq X Ten,HiSeq X Ten,ILLUMINA,26040313,2485282519,26040313,7812093900,PC_YX_1_1.fq.gz,SRR8658353.sralite,1955842031,2020-06-23 14:46:02,753cba2fb3c00a97ecb8b44f2114e51a,1,SRA Lite,Primary ETL,1,s3://sra-pub-zq-8/SRR8658353/SRR8658353.sralite.1,s3.us-east-1,aws identity,https://sra-downloadb.be-md.ncbi.nlm.nih.gov/sos5/sra-pub-zq-14/SRR008/658/SRR8658353.sralite.1,https://sra-downloadb.be-md.ncbi.nlm.nih.gov/sos5/sra-pub-zq-14/SRR008/658/SRR8658353.sralite.1,worldwide,anonymous,gs://sra-pub-zq-108/SRR8658353/SRR8658353.zq.1,gs.us-east1,gcp identity,,,Yunnan,citrus,,2018-06-28,China:Yunnan,,,Invertebrate,,,whole body,,,,,,,,,,,,,,,,,,,,,,,,,,,,,,,,,,,,,,,,,,,,,,,,,,,,,,,,,,,,,,,,,,,,,,,,,,,,,,,,,,,,,,,,,,,,,,,,,,,,,,,,http://ftp.sra.ebi.ac.uk/vol1/fastq/SRR865/003/SRR8658353/SRR8658353_1.fastq.gz,http://ftp.sra.ebi.ac.uk/vol1/fastq/SRR865/003/SRR8658353/SRR8658353_2.fastq.gz,,era-fasp@fasp.sra.ebi.ac.uk:vol1/fastq/SRR865/003/SRR8658353/SRR8658353_1.fastq.gz,era-fasp@fasp.sra.ebi.ac.uk:vol1/fastq/SRR865/003/SRR8658353/SRR8658353_2.fastq.gz,1
230,SRR8658354,SRP187337,Panonychus citri Genome sequencing,SRX5456068,RNA-Seq of Panonychus citri: resistant_NN_3,RNA-Seq of Panonychus citri: resistant_NN_3,50023,Panonychus citri,Pc_NN_3,RNA-Seq,TRANSCRIPTOMIC,cDNA,PAIRED,SRS4430920,,SAMN10995430,PRJNA524036,HiSeq X Ten,HiSeq X Ten,ILLUMINA,31640885,3191037624,31640885,9492265500,PC_NN_3_1.fq.gz,SRR8658354.sralite,2377774776,2020-06-20 06:28:55,7d2ee79f7a4ba20f464ef84fadf4a067,1,SRA Lite,Primary ETL,1,s3://sra-pub-zq-4/SRR8658354/SRR8658354.sralite.1,s3.us-east-1,aws identity,https://sra-downloadb.be-md.ncbi.nlm.nih.gov/sos5/sra-pub-zq-16/SRR008/658/SRR8658354.sralite.1,https://sra-downloadb.be-md.ncbi.nlm.nih.gov/sos5/sra-pub-zq-16/SRR008/658/SRR8658354.sralite.1,worldwide,anonymous,gs://sra-pub-zq-108/SRR8658354/SRR8658354.zq.1,gs.us-east1,gcp identity,,,Guangxi,citrus,,2018-06-28,China:Guangxi,,,Invertebrate,,,whole body,,,,,,,,,,,,,,,,,,,,,,,,,,,,,,,,,,,,,,,,,,,,,,,,,,,,,,,,,,,,,,,,,,,,,,,,,,,,,,,,,,,,,,,,,,,,,,,,,,,,,,,,http://ftp.sra.ebi.ac.uk/vol1/fastq/SRR865/004/SRR8658354/SRR8658354_1.fastq.gz,http://ftp.sra.ebi.ac.uk/vol1/fastq/SRR865/004/SRR8658354/SRR8658354_2.fastq.gz,,era-fasp@fasp.sra.ebi.ac.uk:vol1/fastq/SRR865/004/SRR8658354/SRR8658354_1.fastq.gz,era-fasp@fasp.sra.ebi.ac.uk:vol1/fastq/SRR865/004/SRR8658354/SRR8658354_2.fastq.gz,1
231,SRR8658355,SRP187337,Panonychus citri Genome sequencing,SRX5456067,RNA-Seq of Panonychus citri: resistant_NN_2,RNA-Seq of Panonychus citri: resistant_NN_2,50023,Panonychus citri,Pc_NN_2,RNA-Seq,TRANSCRIPTOMIC,cDNA,PAIRED,SRS4430919,,SAMN10995428,PRJNA524036,HiSeq X Ten,HiSeq X Ten,ILLUMINA,31578956,3169756412,31578956,9473686800,PC_NN_2_1.fq.gz,SRR8658355.sralite,2373916641,2020-06-23 14:50:33,038f7d4b396cf0215356e4a2138aa780,1,SRA Lite,Primary ETL,1,s3://sra-pub-zq-8/SRR8658355/SRR8658355.sralite.1,s3.us-east-1,aws identity,https://sra-downloadb.be-md.ncbi.nlm.nih.gov/sos5/sra-pub-zq-14/SRR008/658/SRR8658355.sralite.1,https://sra-downloadb.be-md.ncbi.nlm.nih.gov/sos5/sra-pub-zq-14/SRR008/658/SRR8658355.sralite.1,worldwide,anonymous,gs://sra-pub-zq-108/SRR8658355/SRR8658355.zq.1,gs.us-east1,gcp identity,,,Guangxi,citrus,,2018-06-28,China:Guangxi,,,Invertebrate,,,whole body,,,,,,,,,,,,,,,,,,,,,,,,,,,,,,,,,,,,,,,,,,,,,,,,,,,,,,,,,,,,,,,,,,,,,,,,,,,,,,,,,,,,,,,,,,,,,,,,,,,,,,,,http://ftp.sra.ebi.ac.uk/vol1/fastq/SRR865/005/SRR8658355/SRR8658355_1.fastq.gz,http://ftp.sra.ebi.ac.uk/vol1/fastq/SRR865/005/SRR8658355/SRR8658355_2.fastq.gz,,era-fasp@fasp.sra.ebi.ac.uk:vol1/fastq/SRR865/005/SRR8658355/SRR8658355_1.fastq.gz,era-fasp@fasp.sra.ebi.ac.uk:vol1/fastq/SRR865/005/SRR8658355/SRR8658355_2.fastq.gz,1
232,SRR8658356,SRP187337,Panonychus citri Genome sequencing,SRX5456066,RNA-Seq of Panonychus citri: resistant_NN_1,RNA-Seq of Panonychus citri: resistant_NN_1,50023,Panonychus citri,Pc_NN_1,RNA-Seq,TRANSCRIPTOMIC,cDNA,PAIRED,SRS4430918,,SAMN10995422,PRJNA524036,HiSeq X Ten,HiSeq X Ten,ILLUMINA,32635383,3276400349,32635383,9790614900,PC_NN_1_1.fq.gz,SRR8658356.sralite,2452180555,2020-06-20 06:44:36,cc0c2605417d6c6d782992db0374dfc2,1,SRA Lite,Primary ETL,1,s3://sra-pub-zq-7/SRR8658356/SRR8658356.sralite.1,s3.us-east-1,aws identity,https://sra-downloadb.be-md.ncbi.nlm.nih.gov/sos5/sra-pub-zq-16/SRR008/658/SRR8658356.sralite.1,https://sra-downloadb.be-md.ncbi.nlm.nih.gov/sos5/sra-pub-zq-16/SRR008/658/SRR8658356.sralite.1,worldwide,anonymous,gs://sra-pub-zq-108/SRR8658356/SRR8658356.zq.1,gs.us-east1,gcp identity,,,Guangxi,citrus,,2018-06-28,China:Guangxi,,,Invertebrate,,,whole body,,,,,,,,,,,,,,,,,,,,,,,,,,,,,,,,,,,,,,,,,,,,,,,,,,,,,,,,,,,,,,,,,,,,,,,,,,,,,,,,,,,,,,,,,,,,,,,,,,,,,,,,http://ftp.sra.ebi.ac.uk/vol1/fastq/SRR865/006/SRR8658356/SRR8658356_1.fastq.gz,http://ftp.sra.ebi.ac.uk/vol1/fastq/SRR865/006/SRR8658356/SRR8658356_2.fastq.gz,,era-fasp@fasp.sra.ebi.ac.uk:vol1/fastq/SRR865/006/SRR8658356/SRR8658356_1.fastq.gz,era-fasp@fasp.sra.ebi.ac.uk:vol1/fastq/SRR865/006/SRR8658356/SRR8658356_2.fastq.gz,1
233,SRR8658357,SRP187337,Panonychus citri Genome sequencing,SRX5456065,RNA-Seq of Panonychus citri: susceptible_3,RNA-Seq of Panonychus citri: susceptible_3,50023,Panonychus citri,Pc_SUS_3,RNA-Seq,TRANSCRIPTOMIC,cDNA,PAIRED,SRS4430917,,SAMN10995425,PRJNA524036,HiSeq X Ten,HiSeq X Ten,ILLUMINA,30198440,3003242607,30198440,9059532000,PC_SUS_3_1.fq.gz,SRR8658357.sralite,2269888963,2020-06-23 14:46:13,b13e2f942056a1546090afaaf3ee6b3d,1,SRA Lite,Primary ETL,1,s3://sra-pub-zq-8/SRR8658357/SRR8658357.sralite.1,s3.us-east-1,aws identity,https://sra-downloadb.be-md.ncbi.nlm.nih.gov/sos5/sra-pub-zq-14/SRR008/658/SRR8658357.sralite.1,https://sra-downloadb.be-md.ncbi.nlm.nih.gov/sos5/sra-pub-zq-14/SRR008/658/SRR8658357.sralite.1,worldwide,anonymous,gs://sra-pub-zq-108/SRR8658357/SRR8658357.zq.1,gs.us-east1,gcp identity,,,Chongqing,citrus,,2018-06-28,China:Chongqing,,,Invertebrate,,,whole body,,,,,,,,,,,,,,,,,,,,,,,,,,,,,,,,,,,,,,,,,,,,,,,,,,,,,,,,,,,,,,,,,,,,,,,,,,,,,,,,,,,,,,,,,,,,,,,,,,,,,,,,http://ftp.sra.ebi.ac.uk/vol1/fastq/SRR865/007/SRR8658357/SRR8658357_1.fastq.gz,http://ftp.sra.ebi.ac.uk/vol1/fastq/SRR865/007/SRR8658357/SRR8658357_2.fastq.gz,,era-fasp@fasp.sra.ebi.ac.uk:vol1/fastq/SRR865/007/SRR8658357/SRR8658357_1.fastq.gz,era-fasp@fasp.sra.ebi.ac.uk:vol1/fastq/SRR865/007/SRR8658357/SRR8658357_2.fastq.gz,1
234,SRR8658358,SRP187337,Panonychus citri Genome sequencing,SRX5456064,RNA-Seq of Panonychus citri: susceptible_2,RNA-Seq of Panonychus citri: susceptible_2,50023,Panonychus citri,Pc_SUS_2,RNA-Seq,TRANSCRIPTOMIC,cDNA,PAIRED,SRS4430916,,SAMN10995424,PRJNA524036,HiSeq X Ten,HiSeq X Ten,ILLUMINA,29171318,2912331205,29171318,8751395400,PC_SUS_2_1.fq.gz,SRR8658358.sralite,2192716734,2020-06-20 06:38:16,f3dbef31ee9deea9f4e15780dc9d04c4,1,SRA Lite,Primary ETL,1,s3://sra-pub-zq-4/SRR8658358/SRR8658358.sralite.1,s3.us-east-1,aws identity,https://sra-downloadb.be-md.ncbi.nlm.nih.gov/sos9/sra-pub-zq-922/SRR008/658/SRR8658358.sralite.1,https://sra-downloadb.be-md.ncbi.nlm.nih.gov/sos9/sra-pub-zq-922/SRR008/658/SRR8658358.sralite.1,worldwide,anonymous,gs://sra-pub-zq-108/SRR8658358/SRR8658358.zq.1,gs.us-east1,gcp identity,,,Chongqing,citrus,,2018-06-28,China:Chongqing,,,Invertebrate,,,whole body,,,,,,,,,,,,,,,,,,,,,,,,,,,,,,,,,,,,,,,,,,,,,,,,,,,,,,,,,,,,,,,,,,,,,,,,,,,,,,,,,,,,,,,,,,,,,,,,,,,,,,,,http://ftp.sra.ebi.ac.uk/vol1/fastq/SRR865/008/SRR8658358/SRR8658358_1.fastq.gz,http://ftp.sra.ebi.ac.uk/vol1/fastq/SRR865/008/SRR8658358/SRR8658358_2.fastq.gz,,era-fasp@fasp.sra.ebi.ac.uk:vol1/fastq/SRR865/008/SRR8658358/SRR8658358_1.fastq.gz,era-fasp@fasp.sra.ebi.ac.uk:vol1/fastq/SRR865/008/SRR8658358/SRR8658358_2.fastq.gz,1
235,SRR8658359,SRP187337,Panonychus citri Genome sequencing,SRX5456063,RNA-Seq of Panonychus citri: susceptible_1,RNA-Seq of Panonychus citri: susceptible_1,50023,Panonychus citri,Pc_SUS_1,RNA-Seq,TRANSCRIPTOMIC,cDNA,PAIRED,SRS4430915,,SAMN10995435,PRJNA524036,HiSeq X Ten,HiSeq X Ten,ILLUMINA,36472802,3684115274,36472802,10941840600,PC_SUS_1_1.fq.gz,SRR8658359.sralite,2740214544,2020-06-20 06:38:22,0f7ef8976ae88db4cf681c3a66c32b56,1,SRA Lite,Primary ETL,1,s3://sra-pub-zq-4/SRR8658359/SRR8658359.sralite.1,s3.us-east-1,aws identity,https://sra-downloadb.be-md.ncbi.nlm.nih.gov/sos9/sra-pub-zq-922/SRR008/658/SRR8658359.sralite.1,https://sra-downloadb.be-md.ncbi.nlm.nih.gov/sos9/sra-pub-zq-922/SRR008/658/SRR8658359.sralite.1,worldwide,anonymous,gs://sra-pub-zq-108/SRR8658359/SRR8658359.zq.1,gs.us-east1,gcp identity,,,Chongqing,citrus,,2018-06-28,China: Chongqing,,,Invertebrate,,,whole body,,,,,,,,,,,,,,,,,,,,,,,,,,,,,,,,,,,,,,,,,,,,,,,,,,,,,,,,,,,,,,,,,,,,,,,,,,,,,,,,,,,,,,,,,,,,,,,,,,,,,,,,http://ftp.sra.ebi.ac.uk/vol1/fastq/SRR865/009/SRR8658359/SRR8658359_1.fastq.gz,http://ftp.sra.ebi.ac.uk/vol1/fastq/SRR865/009/SRR8658359/SRR8658359_2.fastq.gz,,era-fasp@fasp.sra.ebi.ac.uk:vol1/fastq/SRR865/009/SRR8658359/SRR8658359_1.fastq.gz,era-fasp@fasp.sra.ebi.ac.uk:vol1/fastq/SRR865/009/SRR8658359/SRR8658359_2.fastq.gz,1
236,SRR8658360,SRP187337,Panonychus citri Genome sequencing,SRX5456062,RNA-Seq of Panonychus citri: resistant_YX_3,RNA-Seq of Panonychus citri: resistant_YX_3,50023,Panonychus citri,Pc_YX_3,RNA-Seq,TRANSCRIPTOMIC,cDNA,PAIRED,SRS4430914,,SAMN10995434,PRJNA524036,HiSeq X Ten,HiSeq X Ten,ILLUMINA,32659433,3297176118,32659433,9797829900,PC_YX_3_1.fq.gz,SRR8658360.sralite,2454411598,2020-06-23 14:43:47,488164861e0abc5c218e5dafb8595a55,1,SRA Lite,Primary ETL,1,s3://sra-pub-zq-8/SRR8658360/SRR8658360.sralite.1,s3.us-east-1,aws identity,https://sra-downloadb.be-md.ncbi.nlm.nih.gov/sos5/sra-pub-zq-14/SRR008/658/SRR8658360.sralite.1,https://sra-downloadb.be-md.ncbi.nlm.nih.gov/sos5/sra-pub-zq-14/SRR008/658/SRR8658360.sralite.1,worldwide,anonymous,gs://sra-pub-zq-108/SRR8658360/SRR8658360.zq.1,gs.us-east1,gcp identity,,,Yunnan,citrus,,2018-06-28,China:Yunnan,,,Invertebrate,,,whole body,,,,,,,,,,,,,,,,,,,,,,,,,,,,,,,,,,,,,,,,,,,,,,,,,,,,,,,,,,,,,,,,,,,,,,,,,,,,,,,,,,,,,,,,,,,,,,,,,,,,,,,,http://ftp.sra.ebi.ac.uk/vol1/fastq/SRR865/000/SRR8658360/SRR8658360_1.fastq.gz,http://ftp.sra.ebi.ac.uk/vol1/fastq/SRR865/000/SRR8658360/SRR8658360_2.fastq.gz,,era-fasp@fasp.sra.ebi.ac.uk:vol1/fastq/SRR865/000/SRR8658360/SRR8658360_1.fastq.gz,era-fasp@fasp.sra.ebi.ac.uk:vol1/fastq/SRR865/000/SRR8658360/SRR8658360_2.fastq.gz,1
237,SRR8727441,SRP187987,Oryza sativa Genome sequencing,SRX5520638,"RNA-seq of T449 (autotetraploid rice) leaf at pre-flowerings stage, biological replicate 3","RNA-seq of T449 (autotetraploid rice) leaf at pre-flowerings stage, biological replicate 3",4530,Oryza sativa,Leaf-H2-3,RNA-Seq,TRANSCRIPTOMIC,other,PAIRED,SRS4487974,,SAMN11096223,PRJNA526133,Illumina HiSeq 2500,Illumina HiSeq 2500,ILLUMINA,27139594,3143254980,27139594,8139856367,HL2_3_Clean_Data1.fq.gz,HL2_3_Clean_Data1.fq.gz,1872254753,2020-01-27 11:08:23,d7b5107a4c029a7f15739a279cabc75f,1,fastq,Original,0,s3://sra-pub-src-17/SRR8727441/HL2_3_Clean_Data1.fq.gz,-,Use Cloud Data Delivery,https://sra-downloadb.be-md.ncbi.nlm.nih.gov/sos5/sra-pub-zq-16/SRR008/727/SRR8727441.sralite.1,https://sra-downloadb.be-md.ncbi.nlm.nih.gov/sos5/sra-pub-zq-16/SRR008/727/SRR8727441.sralite.1,worldwide,anonymous,gs://sra-pub-zq-109/SRR8727441/SRR8727441.zq.1,gs.us-east1,gcp identity,,,missing,,,,China: Guangzhou,,,Plant,,,leaf,,not applicable,not collected,,,,,,,,,,not applicable,,,pre-flowering,,,,,,,,,,,,,,,,,,,,,,,,,,,,,,,,,,,,,,,,,,,,,,,,,,,,,,,,,,,,,,,,,,,,,,,,,,,,,,,,,,,,,,,,http://ftp.sra.ebi.ac.uk/vol1/fastq/SRR872/001/SRR8727441/SRR8727441_1.fastq.gz,http://ftp.sra.ebi.ac.uk/vol1/fastq/SRR872/001/SRR8727441/SRR8727441_2.fastq.gz,,era-fasp@fasp.sra.ebi.ac.uk:vol1/fastq/SRR872/001/SRR8727441/SRR8727441_1.fastq.gz,era-fasp@fasp.sra.ebi.ac.uk:vol1/fastq/SRR872/001/SRR8727441/SRR8727441_2.fastq.gz,1
238,SRR8727442,SRP187987,Oryza sativa Genome sequencing,SRX5520637,"RNA-seq of T449 (autotetraploid rice) leaf at pre-flowerings stage, biological replicate 2","RNA-seq of T449 (autotetraploid rice) leaf at pre-flowerings stage, biological replicate 2",4530,Oryza sativa,Leaf-H2-2,RNA-Seq,TRANSCRIPTOMIC,other,PAIRED,SRS4487973,,SAMN11096222,PRJNA526133,Illumina HiSeq 2500,Illumina HiSeq 2500,ILLUMINA,22212116,2526173735,22212116,6659572066,HL2_2_Clean_Data1.fq.gz,SRR8727442.sralite,1683778434,2020-06-19 18:49:16,5501e7321049b36adb084f057c6afc2a,1,SRA Lite,Primary ETL,1,s3://sra-pub-zq-7/SRR8727442/SRR8727442.sralite.1,s3.us-east-1,aws identity,https://sra-downloadb.be-md.ncbi.nlm.nih.gov/sos5/sra-pub-zq-16/SRR008/727/SRR8727442.sralite.1,https://sra-downloadb.be-md.ncbi.nlm.nih.gov/sos5/sra-pub-zq-16/SRR008/727/SRR8727442.sralite.1,worldwide,anonymous,gs://sra-pub-zq-109/SRR8727442/SRR8727442.zq.1,gs.us-east1,gcp identity,,,missing,,,,China: Guangzhou,,,Plant,,,leaf,,not applicable,not collected,,,,,,,,,,not applicable,,,pre-flowering,,,,,,,,,,,,,,,,,,,,,,,,,,,,,,,,,,,,,,,,,,,,,,,,,,,,,,,,,,,,,,,,,,,,,,,,,,,,,,,,,,,,,,,,http://ftp.sra.ebi.ac.uk/vol1/fastq/SRR872/002/SRR8727442/SRR8727442_1.fastq.gz,http://ftp.sra.ebi.ac.uk/vol1/fastq/SRR872/002/SRR8727442/SRR8727442_2.fastq.gz,,era-fasp@fasp.sra.ebi.ac.uk:vol1/fastq/SRR872/002/SRR8727442/SRR8727442_1.fastq.gz,era-fasp@fasp.sra.ebi.ac.uk:vol1/fastq/SRR872/002/SRR8727442/SRR8727442_2.fastq.gz,1
239,SRR8727443,SRP187987,Oryza sativa Genome sequencing,SRX5520636,"RNA-seq of T449 (autotetraploid rice) leaf at pre-flowerings stage, biological replicate 1","RNA-seq of T449 (autotetraploid rice) leaf at pre-flowerings stage, biological replicate 1",4530,Oryza sativa,Leaf-H2-1,RNA-Seq,TRANSCRIPTOMIC,other,PAIRED,SRS4487972,,SAMN11096221,PRJNA526133,Illumina HiSeq 2500,Illumina HiSeq 2500,ILLUMINA,20196847,2489452963,20196847,6046274831,HL2_1_Clean_Data1.fq.gz,SRR8727443.sralite,1532540259,2020-06-20 13:27:14,663bfd284a96a7bfa57d759d36ffc02c,1,SRA Lite,Primary ETL,1,s3://sra-pub-zq-4/SRR8727443/SRR8727443.sralite.1,s3.us-east-1,aws identity,https://sra-downloadb.be-md.ncbi.nlm.nih.gov/sos9/sra-pub-zq-922/SRR008/727/SRR8727443.sralite.1,https://sra-downloadb.be-md.ncbi.nlm.nih.gov/sos9/sra-pub-zq-922/SRR008/727/SRR8727443.sralite.1,worldwide,anonymous,gs://sra-pub-zq-109/SRR8727443/SRR8727443.zq.1,gs.us-east1,gcp identity,,,missing,,,,China: Guangzhou,,,Plant,,,leaf,,not applicable,not collected,,,,,,,,,,not applicable,,,pre-flowering,,,,,,,,,,,,,,,,,,,,,,,,,,,,,,,,,,,,,,,,,,,,,,,,,,,,,,,,,,,,,,,,,,,,,,,,,,,,,,,,,,,,,,,,http://ftp.sra.ebi.ac.uk/vol1/fastq/SRR872/003/SRR8727443/SRR8727443_1.fastq.gz,http://ftp.sra.ebi.ac.uk/vol1/fastq/SRR872/003/SRR8727443/SRR8727443_2.fastq.gz,,era-fasp@fasp.sra.ebi.ac.uk:vol1/fastq/SRR872/003/SRR8727443/SRR8727443_1.fastq.gz,era-fasp@fasp.sra.ebi.ac.uk:vol1/fastq/SRR872/003/SRR8727443/SRR8727443_2.fastq.gz,1
240,SRR8749691,SRP188804,Panonychus citri Raw sequence reads,SRX5540674,RNA-Seq of Panonychus citri: susceptible_induced2,RNA-Seq of Panonychus citri: susceptible_induced2,50023,Panonychus citri,Pc_SUS_ind2,RNA-Seq,TRANSCRIPTOMIC,cDNA,PAIRED,SRS4506336,,SAMN11157824,PRJNA527683,HiSeq X Ten,HiSeq X Ten,ILLUMINA,34774839,3514103545,34774839,10432451700,PC_SUS_B_1.fq.gz,SRR8749691.sralite,2614085039,2020-06-20 08:23:53,648e7e2bf47ba397dd0f9635935af8f1,1,SRA Lite,Primary ETL,1,s3://sra-pub-zq-4/SRR8749691/SRR8749691.sralite.1,s3.us-east-1,aws identity,https://sra-downloadb.be-md.ncbi.nlm.nih.gov/sos5/sra-pub-zq-16/SRR008/749/SRR8749691.sralite.1,https://sra-downloadb.be-md.ncbi.nlm.nih.gov/sos5/sra-pub-zq-16/SRR008/749/SRR8749691.sralite.1,worldwide,anonymous,gs://sra-pub-zq-109/SRR8749691/SRR8749691.zq.1,gs.us-east1,gcp identity,,,mRNA,citrus,,2018-06-28,China:Chongqing,,,Invertebrate,,,whole body,,,,,,,,,,,,,,,,,,,,,,,,,,,,,,,,,,,,,,,,,,,,,,,,,,,,,,,,,,,,,,,,,,,,,,,,,,,,,,,,,,,,,,,,,,,,,,,,,,,,,,,,http://ftp.sra.ebi.ac.uk/vol1/fastq/SRR874/001/SRR8749691/SRR8749691_1.fastq.gz,http://ftp.sra.ebi.ac.uk/vol1/fastq/SRR874/001/SRR8749691/SRR8749691_2.fastq.gz,,era-fasp@fasp.sra.ebi.ac.uk:vol1/fastq/SRR874/001/SRR8749691/SRR8749691_1.fastq.gz,era-fasp@fasp.sra.ebi.ac.uk:vol1/fastq/SRR874/001/SRR8749691/SRR8749691_2.fastq.gz,1
241,SRR8749692,SRP188804,Panonychus citri Raw sequence reads,SRX5540673,RNA-Seq of Panonychus citri: susceptible_induced3,RNA-Seq of Panonychus citri: susceptible_induced3,50023,Panonychus citri,Pc_SUS_ind3,RNA-Seq,TRANSCRIPTOMIC,cDNA,PAIRED,SRS4506335,,SAMN11157825,PRJNA527683,HiSeq X Ten,HiSeq X Ten,ILLUMINA,30201712,3011060705,30201712,9060513600,PC_SUS_C_1.fq.gz,SRR8749692.sralite,2270090045,2020-06-20 08:12:23,e8800022f2b68e7b3aa07b2a96c9c4c9,1,SRA Lite,Primary ETL,1,s3://sra-pub-zq-7/SRR8749692/SRR8749692.sralite.1,s3.us-east-1,aws identity,https://sra-downloadb.be-md.ncbi.nlm.nih.gov/sos9/sra-pub-zq-922/SRR008/749/SRR8749692.sralite.1,https://sra-downloadb.be-md.ncbi.nlm.nih.gov/sos9/sra-pub-zq-922/SRR008/749/SRR8749692.sralite.1,worldwide,anonymous,gs://sra-pub-zq-109/SRR8749692/SRR8749692.zq.1,gs.us-east1,gcp identity,,,mRNA,citrus,,2018-06-28,China:Chongqing,,,Invertebrate,,,whole body,,,,,,,,,,,,,,,,,,,,,,,,,,,,,,,,,,,,,,,,,,,,,,,,,,,,,,,,,,,,,,,,,,,,,,,,,,,,,,,,,,,,,,,,,,,,,,,,,,,,,,,,http://ftp.sra.ebi.ac.uk/vol1/fastq/SRR874/002/SRR8749692/SRR8749692_1.fastq.gz,http://ftp.sra.ebi.ac.uk/vol1/fastq/SRR874/002/SRR8749692/SRR8749692_2.fastq.gz,,era-fasp@fasp.sra.ebi.ac.uk:vol1/fastq/SRR874/002/SRR8749692/SRR8749692_1.fastq.gz,era-fasp@fasp.sra.ebi.ac.uk:vol1/fastq/SRR874/002/SRR8749692/SRR8749692_2.fastq.gz,1
242,SRR8749693,SRP188804,Panonychus citri Raw sequence reads,SRX5540672,RNA-Seq of Panonychus citri: susceptible_no-induced1,RNA-Seq of Panonychus citri: susceptible_no-induced1,50023,Panonychus citri,Pc_SUS_non1,RNA-Seq,TRANSCRIPTOMIC,cDNA,PAIRED,SRS4506334,,SAMN11157749,PRJNA527683,HiSeq X Ten,HiSeq X Ten,ILLUMINA,36472802,3684115295,36472802,10941840600,PC_SUS_1_1.fq.gz,SRR8749693.sralite,2740214565,2020-06-21 07:08:49,4d6fb913edb9c9714643ff9e4884e6f3,1,SRA Lite,Primary ETL,1,s3://sra-pub-zq-9/SRR8749693/SRR8749693.sralite.1,s3.us-east-1,aws identity,https://sra-downloadb.be-md.ncbi.nlm.nih.gov/sos5/sra-pub-zq-16/SRR008/749/SRR8749693.sralite.1,https://sra-downloadb.be-md.ncbi.nlm.nih.gov/sos5/sra-pub-zq-16/SRR008/749/SRR8749693.sralite.1,worldwide,anonymous,gs://sra-pub-zq-109/SRR8749693/SRR8749693.zq.1,gs.us-east1,gcp identity,,,mRNA,cirus,,2018-06-28,China: Chongqing,,,Invertebrate,,,whole body,,,,,,,,,,,,,,,,,,,,,,,,,,,,,,,,,,,,,,,,,,,,,,,,,,,,,,,,,,,,,,,,,,,,,,,,,,,,,,,,,,,,,,,,,,,,,,,,,,,,,,,,http://ftp.sra.ebi.ac.uk/vol1/fastq/SRR874/003/SRR8749693/SRR8749693_1.fastq.gz,http://ftp.sra.ebi.ac.uk/vol1/fastq/SRR874/003/SRR8749693/SRR8749693_2.fastq.gz,,era-fasp@fasp.sra.ebi.ac.uk:vol1/fastq/SRR874/003/SRR8749693/SRR8749693_1.fastq.gz,era-fasp@fasp.sra.ebi.ac.uk:vol1/fastq/SRR874/003/SRR8749693/SRR8749693_2.fastq.gz,0
243,SRR8749694,SRP188804,Panonychus citri Raw sequence reads,SRX5540671,RNA-Seq of Panonychus citri: susceptible_no-induced2,RNA-Seq of Panonychus citri: susceptible_no-induced2,50023,Panonychus citri,Pc_SUS_non2,RNA-Seq,TRANSCRIPTOMIC,cDNA,PAIRED,SRS4506333,,SAMN11157750,PRJNA527683,HiSeq X Ten,HiSeq X Ten,ILLUMINA,29171318,2912331280,29171318,8751395400,PC_SUS_2_1.fq.gz,SRR8749694.sralite,2192716809,2020-06-22 08:52:45,5476548f31e823511062f6597593f362,1,SRA Lite,Primary ETL,1,s3://sra-pub-zq-2/SRR8749694/SRR8749694.sralite.1,s3.us-east-1,aws identity,https://sra-downloadb.be-md.ncbi.nlm.nih.gov/sos5/sra-pub-zq-16/SRR008/749/SRR8749694.sralite.1,https://sra-downloadb.be-md.ncbi.nlm.nih.gov/sos5/sra-pub-zq-16/SRR008/749/SRR8749694.sralite.1,worldwide,anonymous,gs://sra-pub-zq-109/SRR8749694/SRR8749694.zq.1,gs.us-east1,gcp identity,,,mRNA,citrus,,2018-06-28,China:Chongqing,,,Invertebrate,,,whole body,,,,,,,,,,,,,,,,,,,,,,,,,,,,,,,,,,,,,,,,,,,,,,,,,,,,,,,,,,,,,,,,,,,,,,,,,,,,,,,,,,,,,,,,,,,,,,,,,,,,,,,,http://ftp.sra.ebi.ac.uk/vol1/fastq/SRR874/004/SRR8749694/SRR8749694_1.fastq.gz,http://ftp.sra.ebi.ac.uk/vol1/fastq/SRR874/004/SRR8749694/SRR8749694_2.fastq.gz,,era-fasp@fasp.sra.ebi.ac.uk:vol1/fastq/SRR874/004/SRR8749694/SRR8749694_1.fastq.gz,era-fasp@fasp.sra.ebi.ac.uk:vol1/fastq/SRR874/004/SRR8749694/SRR8749694_2.fastq.gz,0
244,SRR8749695,SRP188804,Panonychus citri Raw sequence reads,SRX5540670,RNA-Seq of Panonychus citri: susceptible_no-induced3,RNA-Seq of Panonychus citri: susceptible_no-induced3,50023,Panonychus citri,Pc_SUS_non3,RNA-Seq,TRANSCRIPTOMIC,cDNA,PAIRED,SRS4506332,,SAMN11157751,PRJNA527683,HiSeq X Ten,HiSeq X Ten,ILLUMINA,30198440,3003242477,30198440,9059532000,PC_SUS_3_1.fq.gz,SRR8749695.sralite,2269888833,2020-06-21 06:25:10,b34bd5aee58bfb7ba83e10f25098e2c4,1,SRA Lite,Primary ETL,1,s3://sra-pub-zq-7/SRR8749695/SRR8749695.sralite.1,s3.us-east-1,aws identity,https://sra-downloadb.be-md.ncbi.nlm.nih.gov/sos9/sra-pub-zq-922/SRR008/749/SRR8749695.sralite.1,https://sra-downloadb.be-md.ncbi.nlm.nih.gov/sos9/sra-pub-zq-922/SRR008/749/SRR8749695.sralite.1,worldwide,anonymous,gs://sra-pub-zq-109/SRR8749695/SRR8749695.zq.1,gs.us-east1,gcp identity,,,mRNA,citrus,,2018-06-28,China:Chongqing,,,Invertebrate,,,whole body,,,,,,,,,,,,,,,,,,,,,,,,,,,,,,,,,,,,,,,,,,,,,,,,,,,,,,,,,,,,,,,,,,,,,,,,,,,,,,,,,,,,,,,,,,,,,,,,,,,,,,,,http://ftp.sra.ebi.ac.uk/vol1/fastq/SRR874/005/SRR8749695/SRR8749695_1.fastq.gz,http://ftp.sra.ebi.ac.uk/vol1/fastq/SRR874/005/SRR8749695/SRR8749695_2.fastq.gz,,era-fasp@fasp.sra.ebi.ac.uk:vol1/fastq/SRR874/005/SRR8749695/SRR8749695_1.fastq.gz,era-fasp@fasp.sra.ebi.ac.uk:vol1/fastq/SRR874/005/SRR8749695/SRR8749695_2.fastq.gz,0
245,SRR8749696,SRP188804,Panonychus citri Raw sequence reads,SRX5540669,RNA-Seq of Panonychus citri: susceptible_induced1,RNA-Seq of Panonychus citri: susceptible_induced1,50023,Panonychus citri,Pc_SUS_ind1,RNA-Seq,TRANSCRIPTOMIC,cDNA,PAIRED,SRS4506331,,SAMN11157823,PRJNA527683,HiSeq X Ten,HiSeq X Ten,ILLUMINA,35175649,3525931663,35175649,10552694700,PC_SUS_A_1.fq.gz,PC_SUS_A_2.fq.gz,2864739873,2020-01-27 05:14:22,6d5b344a42dc7267edb21f4a69ede0cc,1,fastq,Original,0,s3://sra-pub-src-17/SRR8749696/PC_SUS_A_2.fq.gz,-,Use Cloud Data Delivery,https://sra-downloadb.be-md.ncbi.nlm.nih.gov/sos9/sra-pub-zq-922/SRR008/749/SRR8749696.sralite.1,https://sra-downloadb.be-md.ncbi.nlm.nih.gov/sos9/sra-pub-zq-922/SRR008/749/SRR8749696.sralite.1,worldwide,anonymous,gs://sra-pub-zq-109/SRR8749696/SRR8749696.zq.1,gs.us-east1,gcp identity,,,mRNA,citrus,,2018-06-28,China:Chongqing,,,Invertebrate,,,whole body,,,,,,,,,,,,,,,,,,,,,,,,,,,,,,,,,,,,,,,,,,,,,,,,,,,,,,,,,,,,,,,,,,,,,,,,,,,,,,,,,,,,,,,,,,,,,,,,,,,,,,,,http://ftp.sra.ebi.ac.uk/vol1/fastq/SRR874/006/SRR8749696/SRR8749696_1.fastq.gz,http://ftp.sra.ebi.ac.uk/vol1/fastq/SRR874/006/SRR8749696/SRR8749696_2.fastq.gz,,era-fasp@fasp.sra.ebi.ac.uk:vol1/fastq/SRR874/006/SRR8749696/SRR8749696_1.fastq.gz,era-fasp@fasp.sra.ebi.ac.uk:vol1/fastq/SRR874/006/SRR8749696/SRR8749696_2.fastq.gz,1
246,SRR8785184,SRP189414,Aphis craccivora Transcriptome or Gene expression,SRX5575023,"Transcriptome analysis of neuropeptides and G-protein coupled receptors (GPCRs) for neuropeptides in the cowpea aphid, Aphis craccivora","Transcriptome analysis of neuropeptides and G-protein coupled receptors (GPCRs) for neuropeptides in the cowpea aphid, Aphis craccivora",307492,Aphis craccivora,Mix,RNA-Seq,TRANSCRIPTOMIC,PCR,PAIRED,SRS4537560,,SAMN11246698,PRJNA528856,Illumina HiSeq 4000,Illumina HiSeq 4000,ILLUMINA,35621499,3269814383,35621499,10686449700,Mix.R1.fastq.gz,SRR8785184.sralite,2671302333,2020-06-23 20:26:14,f08cb883cded003a4aee86d091161471,1,SRA Lite,Primary ETL,1,s3://sra-pub-zq-8/SRR8785184/SRR8785184.sralite.1,s3.us-east-1,aws identity,https://sra-downloadb.be-md.ncbi.nlm.nih.gov/sos5/sra-pub-zq-14/SRR008/785/SRR8785184.sralite.1,https://sra-downloadb.be-md.ncbi.nlm.nih.gov/sos5/sra-pub-zq-14/SRR008/785/SRR8785184.sralite.1,worldwide,anonymous,gs://sra-pub-zq-109/SRR8785184/SRR8785184.zq.1,gs.us-east1,gcp identity,,,missing,Arachis hypogaea,,2015-05,China:Qingdao,,,Invertebrate,,,whole body,,,,,,,,,,,,,,,,,,,,,,,,,,,,,,,,,,,,,,,,,,,,,,,,,,,,,,,,,,,,,,,,,,,,,,,,,,,,,,,,,,,,,,,,,,,,,,,,,,,,,,,,http://ftp.sra.ebi.ac.uk/vol1/fastq/SRR878/004/SRR8785184/SRR8785184_1.fastq.gz,http://ftp.sra.ebi.ac.uk/vol1/fastq/SRR878/004/SRR8785184/SRR8785184_2.fastq.gz,,era-fasp@fasp.sra.ebi.ac.uk:vol1/fastq/SRR878/004/SRR8785184/SRR8785184_1.fastq.gz,era-fasp@fasp.sra.ebi.ac.uk:vol1/fastq/SRR878/004/SRR8785184/SRR8785184_2.fastq.gz,1
247,SRR9317871,SRP201726,Metagenomic analysis and infectivity of plant viruses in wastewater,SRX6085427,Effluent-raw-20160912,Effluent-raw-20160912,256318,metagenome,E-un_concentrated-2016,RNA-Seq,METAGENOMIC,RANDOM,PAIRED,SRS4987112,,SAMN12084661,PRJNA549409,Illumina MiSeq,Illumina MiSeq,ILLUMINA,2453764,803797272,2453764,1171376001,E-raw-20160912_S2_L001_R1_001.fastq.gz,SRR9317871.sralite,301077124,2020-06-19 19:21:40,cb51ec9ce0e4df74400f137ab9574296,1,SRA Lite,Primary ETL,1,s3://sra-pub-zq-9/SRR9317871/SRR9317871.sralite.1,s3.us-east-1,aws identity,https://sra-downloadb.be-md.ncbi.nlm.nih.gov/sos5/sra-pub-zq-16/SRR009/317/SRR9317871.sralite.1,https://sra-downloadb.be-md.ncbi.nlm.nih.gov/sos5/sra-pub-zq-16/SRR009/317/SRR9317871.sralite.1,worldwide,anonymous,gs://sra-pub-zq-109/SRR9317871/SRR9317871.zq.1,gs.us-east1,gcp identity,,,,,effluent,2016,Slovenia: Domzale-Kamnik WWTP,,,Metagenome or environmental,not collected,,,,,,,,,,none,,,,,,,,,,,,,,,,,,,,,,,,,,,,,,,,,,,,,,,,,,,,,,,,,,,,,,,,,,,,,,,,,,,,,,,,,,,,,,,,,,,,,,,,,,,,,,,,http://ftp.sra.ebi.ac.uk/vol1/fastq/SRR931/001/SRR9317871/SRR9317871_1.fastq.gz,http://ftp.sra.ebi.ac.uk/vol1/fastq/SRR931/001/SRR9317871/SRR9317871_2.fastq.gz,,era-fasp@fasp.sra.ebi.ac.uk:vol1/fastq/SRR931/001/SRR9317871/SRR9317871_1.fastq.gz,era-fasp@fasp.sra.ebi.ac.uk:vol1/fastq/SRR931/001/SRR9317871/SRR9317871_2.fastq.gz,1
248,SRR949106,SRP028594,Leucegene: AML sequencing (part 1),SRX332651,GSM1203331: 10H089; Homo sapiens; RNA-Seq,GSM1203331: 10H089; Homo sapiens; RNA-Seq,9606,Homo sapiens,,RNA-Seq,TRANSCRIPTOMIC,cDNA,PAIRED,SRS468089,,SAMN02313849,PRJNA214592,Illumina HiSeq 2000,Illumina HiSeq 2000,ILLUMINA,170184397,18578098852,75449213,13958104405,GSM1203331_r2,10H089_C04TUACXX_L003_R1.fastq.gz,6637591367,2020-05-23 04:14:26,c2a54974d566aef0b8b42daf8bb0aaf9,1,fastq,Original,0,s3://sra-pub-src-11/SRR949106/10H089_C04TUACXX_L003_R1.fastq.gz,-,Use Cloud Data Delivery,https://sra-downloadb.be-md.ncbi.nlm.nih.gov/sos5/sra-pub-zq-11/SRR000/949/SRR949106/SRR949106.sralite.1,https://sra-downloadb.be-md.ncbi.nlm.nih.gov/sos5/sra-pub-zq-11/SRR000/949/SRR949106/SRR949106.sralite.1,worldwide,anonymous,gs://sra-pub-zq-106/SRR949106/SRR949106.zq.1,gs.us-east1,gcp identity,GSM1203331,,,,,,,,,,,,blood,,,,,,,,,,,,,,,,,,,,,,,,,,,,,,,,,,,,,,,,,,,,,,,,,,,,,acute myeloid leukemia,,,,,,,,,,,,,,,,,,,,,,,,,,,,,,,,,,,,,,,,,,,,,,,,,,,http://ftp.sra.ebi.ac.uk/vol1/fastq/SRR949/SRR949106/SRR949106_1.fastq.gz,http://ftp.sra.ebi.ac.uk/vol1/fastq/SRR949/SRR949106/SRR949106_2.fastq.gz,,era-fasp@fasp.sra.ebi.ac.uk:vol1/fastq/SRR949/SRR949106/SRR949106_1.fastq.gz,era-fasp@fasp.sra.ebi.ac.uk:vol1/fastq/SRR949/SRR949106/SRR949106_2.fastq.gz,0
249,SRR9596414,SRP211962,Transcriptome changes in wheat roots caused by preceding plant species and soil disturbance,SRX6362111,RNA-Seq of Triticum aestivum roots,RNA-Seq of Triticum aestivum roots,4565,Triticum aestivum,5WLD1,RNA-Seq,TRANSCRIPTOMIC,unspecified,PAIRED,SRS5024045,,SAMN12139405,PRJNA551129,Illumina HiSeq 4000,Illumina HiSeq 4000,ILLUMINA,18794217,1999719613,18794217,5638265100,5WLD1_R1.fastq.gz,5WLD1_R1.fastq.gz,1333874096,2019-06-26 08:42:12,7a3499053771b49b6e150c705e233d72,1,fastq,Original,0,s3://sra-pub-src-17/SRR9596414/5WLD1_R1.fastq.gz.1,-,Use Cloud Data Delivery,https://sra-pub-run-odp.s3.amazonaws.com/sra/SRR9596414/SRR9596414,https://sra-downloadb.be-md.ncbi.nlm.nih.gov/sos9/sra-pub-zq-922/SRR009/596/SRR9596414.sralite.1,worldwide,anonymous,gs://sra-pub-zq-109/SRR9596414/SRR9596414.zq.1,gs.us-east1,gcp identity,,,5 weeks preceding species Lolium rigidum soil disturbed replicate 1,,,,Portugal: vora,,,Plant,,,root,,Ardila,5 weeks,,,,,,,,,,,,,Jointing,,,,,,,,,,,,,,,,,,,,,,,,,,,,,,,,,,,,,,,,,,,,,,,,,,,,,,,,,,,,,,,,,,,,,,,,,,,,,,,,,,,,,,,,http://ftp.sra.ebi.ac.uk/vol1/fastq/SRR959/004/SRR9596414/SRR9596414_1.fastq.gz,http://ftp.sra.ebi.ac.uk/vol1/fastq/SRR959/004/SRR9596414/SRR9596414_2.fastq.gz,,era-fasp@fasp.sra.ebi.ac.uk:vol1/fastq/SRR959/004/SRR9596414/SRR9596414_1.fastq.gz,era-fasp@fasp.sra.ebi.ac.uk:vol1/fastq/SRR959/004/SRR9596414/SRR9596414_2.fastq.gz,1
250,SRR9665731,SRP213585,Rhipicephalus sanguineus Metagenome,SRX6426605,whole genome sequence of ticks,whole genome sequence of ticks,1595979,tick metagenome,201807SH,WGS,METAGENOMIC,RANDOM,PAIRED,SRS5082084,,SAMN12246092,PRJNA553023,Illumina MiSeq,Illumina MiSeq,ILLUMINA,789131,115755714,789131,211931878,13_S13_L001_R1_001.fastq.gz,SRR9665731.sralite,56659206,2020-06-22 09:40:53,e2b415f5e0ff25fc4f2dd750981ffe5d,1,SRA Lite,Primary ETL,1,s3://sra-pub-zq-4/SRR9665731/SRR9665731.sralite.1,s3.us-east-1,aws identity,https://sra-downloadb.be-md.ncbi.nlm.nih.gov/sos5/sra-pub-zq-14/SRR009/665/SRR9665731.sralite.1,https://sra-downloadb.be-md.ncbi.nlm.nih.gov/sos5/sra-pub-zq-14/SRR009/665/SRR9665731.sralite.1,worldwide,anonymous,gs://sra-pub-zq-107/SRR9665731/SRR9665731.zq.1,gs.us-east1,gcp identity,,,,Dog,,2018-06,China:Shanghai,,,Metagenome or environmental,31.4 N 121.29 E,,,,,,,,,,,,,,,,,,,,,,,,,,,,,,,,,,,,,,,,,,,,,,,,,,,,,,,,,,,,,,,,,,,,,,,,,,,,,,,,,,,,,,,,,,,,,,,,,,,,,,,,,,http://ftp.sra.ebi.ac.uk/vol1/fastq/SRR966/001/SRR9665731/SRR9665731_1.fastq.gz,http://ftp.sra.ebi.ac.uk/vol1/fastq/SRR966/001/SRR9665731/SRR9665731_2.fastq.gz,,era-fasp@fasp.sra.ebi.ac.uk:vol1/fastq/SRR966/001/SRR9665731/SRR9665731_1.fastq.gz,era-fasp@fasp.sra.ebi.ac.uk:vol1/fastq/SRR966/001/SRR9665731/SRR9665731_2.fastq.gz,1
251,SRR9960037,SRP218204,RNA-Seq data of buccal cavity of trout,SRX6707593,E21d_2_forward,E21d_2_forward,8022,Oncorhynchus mykiss,E21d_2_forward,RNA-Seq,METAGENOMIC,PCR,PAIRED,SRS5261494,,SAMN12565931,PRJNA559989,Illumina HiSeq X Ten,Illumina HiSeq X Ten,ILLUMINA,26327495,3138387834,26327495,7898248500,SWBE1_21_2_1.tar.gz,SWBE1_21_2_1.fq,9309505087,2019-08-13 10:32:57,6a20e451d45a5e35990376ffa6185d58,1,fastq,Original,0,s3://sra-pub-src-16/SRR9960037/SWBE1_21_2_1.fq.1,-,Use Cloud Data Delivery,https://sra-downloadb.be-md.ncbi.nlm.nih.gov/sos9/sra-pub-zq-922/SRR009/960/SRR9960037.sralite.1,https://sra-downloadb.be-md.ncbi.nlm.nih.gov/sos9/sra-pub-zq-922/SRR009/960/SRR9960037.sralite.1,worldwide,anonymous,gs://sra-pub-zq-105/SRR9960037/SRR9960037.zq.1,gs.us-east1,gcp identity,,,obtained from a fish farm in Shiyan,,,,,,,Model organism or animal,,,buccal cavity,,,,,,,,,,,,,,,female,juvenile fish,,,,,,,,,,,,,,,,,,,,,,,,,,,,,,,,,,,,,,,,,,,,,,,,,,,,,,,,,,,,,,,,,,,,,,,,,,,,,,,,,,,,,,,,http://ftp.sra.ebi.ac.uk/vol1/fastq/SRR996/007/SRR9960037/SRR9960037_1.fastq.gz,http://ftp.sra.ebi.ac.uk/vol1/fastq/SRR996/007/SRR9960037/SRR9960037_2.fastq.gz,,era-fasp@fasp.sra.ebi.ac.uk:vol1/fastq/SRR996/007/SRR9960037/SRR9960037_1.fastq.gz,era-fasp@fasp.sra.ebi.ac.uk:vol1/fastq/SRR996/007/SRR9960037/SRR9960037_2.fastq.gz,0
252,SRR9960038,SRP218204,RNA-Seq data of buccal cavity of trout,SRX6707592,E21d_3_forward,E21d_3_forward,8022,Oncorhynchus mykiss,E21d_3_forward,RNA-Seq,METAGENOMIC,PCR,PAIRED,SRS5261493,,SAMN12565933,PRJNA559989,Illumina HiSeq X Ten,Illumina HiSeq X Ten,ILLUMINA,27820252,3298458108,27820252,8346075600,SWBE1_21_3_1.tar.gz,SRR9960038.sralite,2091062221,2020-06-20 11:02:28,271505f76cde9ce457af71e42ea7e1e5,1,SRA Lite,Primary ETL,1,s3://sra-pub-zq-7/SRR9960038/SRR9960038.sralite.1,s3.us-east-1,aws identity,https://sra-downloadb.be-md.ncbi.nlm.nih.gov/sos5/sra-pub-zq-16/SRR009/960/SRR9960038.sralite.1,https://sra-downloadb.be-md.ncbi.nlm.nih.gov/sos5/sra-pub-zq-16/SRR009/960/SRR9960038.sralite.1,worldwide,anonymous,gs://sra-pub-zq-105/SRR9960038/SRR9960038.zq.1,gs.us-east1,gcp identity,,,obtained from a fish farm in Shiyan,,,,,,,Model organism or animal,,,buccal cavity,,,,,,,,,,,,,,,female,juvenile fish,,,,,,,,,,,,,,,,,,,,,,,,,,,,,,,,,,,,,,,,,,,,,,,,,,,,,,,,,,,,,,,,,,,,,,,,,,,,,,,,,,,,,,,,http://ftp.sra.ebi.ac.uk/vol1/fastq/SRR996/008/SRR9960038/SRR9960038_1.fastq.gz,http://ftp.sra.ebi.ac.uk/vol1/fastq/SRR996/008/SRR9960038/SRR9960038_2.fastq.gz,,era-fasp@fasp.sra.ebi.ac.uk:vol1/fastq/SRR996/008/SRR9960038/SRR9960038_1.fastq.gz,era-fasp@fasp.sra.ebi.ac.uk:vol1/fastq/SRR996/008/SRR9960038/SRR9960038_2.fastq.gz,1
