orf_name,prediction,prob_1,contig_name
NODE_10065_length_907_cov_3.860241_SRR1785207_ORF.1,1,0.95,NODE_10065_length_907_cov_3.860241_SRR1785207
NODE_10065_length_907_cov_3.860241_SRR1785207_aa_frame1,1,0.96,NODE_10065_length_907_cov_3.860241_SRR1785207
NODE_10065_length_907_cov_3.860241_SRR1785207_aa_frame2,1,0.574,NODE_10065_length_907_cov_3.860241_SRR1785207
NODE_10065_length_907_cov_3.860241_SRR1785207_aa_frame3,1,0.6082762080262081,NODE_10065_length_907_cov_3.860241_SRR1785207
NODE_10065_length_907_cov_3.860241_SRR1785207_aa_frame4,1,0.6098648648648648,NODE_10065_length_907_cov_3.860241_SRR1785207
NODE_10065_length_907_cov_3.860241_SRR1785207_aa_frame5,0,0.42,NODE_10065_length_907_cov_3.860241_SRR1785207
NODE_10065_length_907_cov_3.860241_SRR1785207_aa_frame6,1,0.6971395258721143,NODE_10065_length_907_cov_3.860241_SRR1785207
NODE_10075_length_1985_cov_2.739896_SRR10030315_ORF.1,1,1.0,NODE_10075_length_1985_cov_2.739896_SRR10030315
NODE_10075_length_1985_cov_2.739896_SRR10030315_ORF.2,1,0.6846212121212122,NODE_10075_length_1985_cov_2.739896_SRR10030315
NODE_10075_length_1985_cov_2.739896_SRR10030315_ORF.3,0,0.4,NODE_10075_length_1985_cov_2.739896_SRR10030315
NODE_10075_length_1985_cov_2.739896_SRR10030315_aa_frame1,1,0.6169527417027417,NODE_10075_length_1985_cov_2.739896_SRR10030315
NODE_10075_length_1985_cov_2.739896_SRR10030315_aa_frame2,1,1.0,NODE_10075_length_1985_cov_2.739896_SRR10030315
NODE_10075_length_1985_cov_2.739896_SRR10030315_aa_frame3,0,0.425,NODE_10075_length_1985_cov_2.739896_SRR10030315
NODE_10075_length_1985_cov_2.739896_SRR10030315_aa_frame4,1,0.6320921985815603,NODE_10075_length_1985_cov_2.739896_SRR10030315
NODE_10075_length_1985_cov_2.739896_SRR10030315_aa_frame5,1,0.605,NODE_10075_length_1985_cov_2.739896_SRR10030315
NODE_10075_length_1985_cov_2.739896_SRR10030315_aa_frame6,1,0.675,NODE_10075_length_1985_cov_2.739896_SRR10030315
NODE_10125_length_831_cov_1.694602_SRR4242136_ORF.1,1,0.52,NODE_10125_length_831_cov_1.694602_SRR4242136
NODE_10125_length_831_cov_1.694602_SRR4242136_ORF.2,0,0.415,NODE_10125_length_831_cov_1.694602_SRR4242136
NODE_10125_length_831_cov_1.694602_SRR4242136_aa_frame1,1,0.615,NODE_10125_length_831_cov_1.694602_SRR4242136
NODE_10125_length_831_cov_1.694602_SRR4242136_aa_frame2,1,0.575,NODE_10125_length_831_cov_1.694602_SRR4242136
NODE_10125_length_831_cov_1.694602_SRR4242136_aa_frame3,1,0.724240941491757,NODE_10125_length_831_cov_1.694602_SRR4242136
NODE_10125_length_831_cov_1.694602_SRR4242136_aa_frame4,0,0.45307692307692304,NODE_10125_length_831_cov_1.694602_SRR4242136
NODE_10125_length_831_cov_1.694602_SRR4242136_aa_frame5,1,0.51,NODE_10125_length_831_cov_1.694602_SRR4242136
NODE_10125_length_831_cov_1.694602_SRR4242136_aa_frame6,1,0.5823026315789473,NODE_10125_length_831_cov_1.694602_SRR4242136
NODE_10151_length_1078_cov_2.825175_SRR1782604_ORF.1,0,0.46,NODE_10151_length_1078_cov_2.825175_SRR1782604
NODE_10151_length_1078_cov_2.825175_SRR1782604_ORF.2,0,0.45,NODE_10151_length_1078_cov_2.825175_SRR1782604
NODE_10151_length_1078_cov_2.825175_SRR1782604_ORF.3,0,0.43,NODE_10151_length_1078_cov_2.825175_SRR1782604
NODE_10151_length_1078_cov_2.825175_SRR1782604_aa_frame1,1,0.6396428571428572,NODE_10151_length_1078_cov_2.825175_SRR1782604
NODE_10151_length_1078_cov_2.825175_SRR1782604_aa_frame2,0,0.4557142857142857,NODE_10151_length_1078_cov_2.825175_SRR1782604
NODE_10151_length_1078_cov_2.825175_SRR1782604_aa_frame3,1,0.6095569620253165,NODE_10151_length_1078_cov_2.825175_SRR1782604
NODE_10151_length_1078_cov_2.825175_SRR1782604_aa_frame4,0,0.405,NODE_10151_length_1078_cov_2.825175_SRR1782604
NODE_10151_length_1078_cov_2.825175_SRR1782604_aa_frame5,1,0.6740829462439631,NODE_10151_length_1078_cov_2.825175_SRR1782604
NODE_10151_length_1078_cov_2.825175_SRR1782604_aa_frame6,1,0.645,NODE_10151_length_1078_cov_2.825175_SRR1782604
NODE_10162_length_1101_cov_1.094727_SRR8554352_ORF.1,1,1.0,NODE_10162_length_1101_cov_1.094727_SRR8554352
NODE_10162_length_1101_cov_1.094727_SRR8554352_aa_frame1,1,1.0,NODE_10162_length_1101_cov_1.094727_SRR8554352
NODE_10162_length_1101_cov_1.094727_SRR8554352_aa_frame2,1,0.6896428571428572,NODE_10162_length_1101_cov_1.094727_SRR8554352
NODE_10162_length_1101_cov_1.094727_SRR8554352_aa_frame3,1,0.5825,NODE_10162_length_1101_cov_1.094727_SRR8554352
NODE_10162_length_1101_cov_1.094727_SRR8554352_aa_frame4,1,0.7508811251472542,NODE_10162_length_1101_cov_1.094727_SRR8554352
NODE_10162_length_1101_cov_1.094727_SRR8554352_aa_frame5,1,0.5946428571428571,NODE_10162_length_1101_cov_1.094727_SRR8554352
NODE_10162_length_1101_cov_1.094727_SRR8554352_aa_frame6,1,0.595,NODE_10162_length_1101_cov_1.094727_SRR8554352
NODE_1017_length_5064_cov_16.635456_SRR3193092_ORF.1,1,0.51,NODE_1017_length_5064_cov_16.635456_SRR3193092
NODE_1017_length_5064_cov_16.635456_SRR3193092_ORF.2,1,0.585,NODE_1017_length_5064_cov_16.635456_SRR3193092
NODE_1017_length_5064_cov_16.635456_SRR3193092_ORF.3,1,0.62,NODE_1017_length_5064_cov_16.635456_SRR3193092
NODE_1017_length_5064_cov_16.635456_SRR3193092_ORF.4,0,0.165,NODE_1017_length_5064_cov_16.635456_SRR3193092
NODE_1017_length_5064_cov_16.635456_SRR3193092_ORF.5,1,0.73,NODE_1017_length_5064_cov_16.635456_SRR3193092
NODE_1017_length_5064_cov_16.635456_SRR3193092_ORF.6,0,0.23,NODE_1017_length_5064_cov_16.635456_SRR3193092
NODE_1017_length_5064_cov_16.635456_SRR3193092_aa_frame1,1,0.665,NODE_1017_length_5064_cov_16.635456_SRR3193092
NODE_1017_length_5064_cov_16.635456_SRR3193092_aa_frame2,1,0.92,NODE_1017_length_5064_cov_16.635456_SRR3193092
NODE_1017_length_5064_cov_16.635456_SRR3193092_aa_frame3,1,0.645,NODE_1017_length_5064_cov_16.635456_SRR3193092
NODE_1017_length_5064_cov_16.635456_SRR3193092_aa_frame4,1,0.925,NODE_1017_length_5064_cov_16.635456_SRR3193092
NODE_1017_length_5064_cov_16.635456_SRR3193092_aa_frame5,1,0.71,NODE_1017_length_5064_cov_16.635456_SRR3193092
NODE_1017_length_5064_cov_16.635456_SRR3193092_aa_frame6,1,0.75,NODE_1017_length_5064_cov_16.635456_SRR3193092
NODE_1018_length_3645_cov_2.095291_SRR8554352_ORF.1,1,0.74,NODE_1018_length_3645_cov_2.095291_SRR8554352
NODE_1018_length_3645_cov_2.095291_SRR8554352_ORF.2,1,0.51,NODE_1018_length_3645_cov_2.095291_SRR8554352
NODE_1018_length_3645_cov_2.095291_SRR8554352_ORF.3,1,0.655,NODE_1018_length_3645_cov_2.095291_SRR8554352
NODE_1018_length_3645_cov_2.095291_SRR8554352_ORF.4,1,0.995,NODE_1018_length_3645_cov_2.095291_SRR8554352
NODE_1018_length_3645_cov_2.095291_SRR8554352_ORF.5,1,1.0,NODE_1018_length_3645_cov_2.095291_SRR8554352
NODE_1018_length_3645_cov_2.095291_SRR8554352_ORF.6,1,1.0,NODE_1018_length_3645_cov_2.095291_SRR8554352
NODE_1018_length_3645_cov_2.095291_SRR8554352_ORF.7,1,0.785,NODE_1018_length_3645_cov_2.095291_SRR8554352
NODE_1018_length_3645_cov_2.095291_SRR8554352_aa_frame1,1,0.74,NODE_1018_length_3645_cov_2.095291_SRR8554352
NODE_1018_length_3645_cov_2.095291_SRR8554352_aa_frame2,1,0.69,NODE_1018_length_3645_cov_2.095291_SRR8554352
NODE_1018_length_3645_cov_2.095291_SRR8554352_aa_frame3,1,0.59,NODE_1018_length_3645_cov_2.095291_SRR8554352
NODE_1018_length_3645_cov_2.095291_SRR8554352_aa_frame4,1,0.635,NODE_1018_length_3645_cov_2.095291_SRR8554352
NODE_1018_length_3645_cov_2.095291_SRR8554352_aa_frame5,1,1.0,NODE_1018_length_3645_cov_2.095291_SRR8554352
NODE_1018_length_3645_cov_2.095291_SRR8554352_aa_frame6,1,0.8,NODE_1018_length_3645_cov_2.095291_SRR8554352
NODE_1022_length_5282_cov_35.105476_SRR8455903_ORF.1,0,0.305,NODE_1022_length_5282_cov_35.105476_SRR8455903
NODE_1022_length_5282_cov_35.105476_SRR8455903_ORF.2,1,0.565,NODE_1022_length_5282_cov_35.105476_SRR8455903
NODE_1022_length_5282_cov_35.105476_SRR8455903_aa_frame1,0,0.475,NODE_1022_length_5282_cov_35.105476_SRR8455903
NODE_1022_length_5282_cov_35.105476_SRR8455903_aa_frame2,1,0.765,NODE_1022_length_5282_cov_35.105476_SRR8455903
NODE_1022_length_5282_cov_35.105476_SRR8455903_aa_frame3,1,0.695,NODE_1022_length_5282_cov_35.105476_SRR8455903
NODE_1022_length_5282_cov_35.105476_SRR8455903_aa_frame4,1,0.95,NODE_1022_length_5282_cov_35.105476_SRR8455903
NODE_1022_length_5282_cov_35.105476_SRR8455903_aa_frame5,1,0.98,NODE_1022_length_5282_cov_35.105476_SRR8455903
NODE_1022_length_5282_cov_35.105476_SRR8455903_aa_frame6,1,0.855,NODE_1022_length_5282_cov_35.105476_SRR8455903
NODE_1031_length_5306_cov_347.287374_SRR5087335_ORF.1,1,0.775,NODE_1031_length_5306_cov_347.287374_SRR5087335
NODE_1031_length_5306_cov_347.287374_SRR5087335_ORF.2,1,0.725,NODE_1031_length_5306_cov_347.287374_SRR5087335
NODE_1031_length_5306_cov_347.287374_SRR5087335_ORF.3,1,0.62,NODE_1031_length_5306_cov_347.287374_SRR5087335
NODE_1031_length_5306_cov_347.287374_SRR5087335_ORF.4,1,0.77,NODE_1031_length_5306_cov_347.287374_SRR5087335
NODE_1031_length_5306_cov_347.287374_SRR5087335_ORF.5,1,0.56,NODE_1031_length_5306_cov_347.287374_SRR5087335
NODE_1031_length_5306_cov_347.287374_SRR5087335_ORF.6,0,0.2,NODE_1031_length_5306_cov_347.287374_SRR5087335
NODE_1031_length_5306_cov_347.287374_SRR5087335_ORF.7,1,0.695,NODE_1031_length_5306_cov_347.287374_SRR5087335
NODE_1031_length_5306_cov_347.287374_SRR5087335_ORF.8,1,0.72,NODE_1031_length_5306_cov_347.287374_SRR5087335
NODE_1031_length_5306_cov_347.287374_SRR5087335_aa_frame1,1,0.905,NODE_1031_length_5306_cov_347.287374_SRR5087335
NODE_1031_length_5306_cov_347.287374_SRR5087335_aa_frame2,1,0.935,NODE_1031_length_5306_cov_347.287374_SRR5087335
NODE_1031_length_5306_cov_347.287374_SRR5087335_aa_frame3,1,0.825,NODE_1031_length_5306_cov_347.287374_SRR5087335
NODE_1031_length_5306_cov_347.287374_SRR5087335_aa_frame4,1,0.66,NODE_1031_length_5306_cov_347.287374_SRR5087335
NODE_1031_length_5306_cov_347.287374_SRR5087335_aa_frame5,1,0.925,NODE_1031_length_5306_cov_347.287374_SRR5087335
NODE_1031_length_5306_cov_347.287374_SRR5087335_aa_frame6,1,0.95,NODE_1031_length_5306_cov_347.287374_SRR5087335
NODE_103881_length_698_cov_1.169082_SRR1785350_ORF.1,1,0.98,NODE_103881_length_698_cov_1.169082_SRR1785350
NODE_103881_length_698_cov_1.169082_SRR1785350_aa_frame1,1,0.6978304281039204,NODE_103881_length_698_cov_1.169082_SRR1785350
NODE_103881_length_698_cov_1.169082_SRR1785350_aa_frame2,1,0.97,NODE_103881_length_698_cov_1.169082_SRR1785350
NODE_103881_length_698_cov_1.169082_SRR1785350_aa_frame3,1,0.6838165071770334,NODE_103881_length_698_cov_1.169082_SRR1785350
NODE_103881_length_698_cov_1.169082_SRR1785350_aa_frame4,1,0.6646490147783252,NODE_103881_length_698_cov_1.169082_SRR1785350
NODE_103881_length_698_cov_1.169082_SRR1785350_aa_frame5,1,0.6545131086142323,NODE_103881_length_698_cov_1.169082_SRR1785350
NODE_103881_length_698_cov_1.169082_SRR1785350_aa_frame6,1,0.5763768115942028,NODE_103881_length_698_cov_1.169082_SRR1785350
NODE_10536_length_2129_cov_1.942008_SRR9960038_ORF.1,1,0.69,NODE_10536_length_2129_cov_1.942008_SRR9960038
NODE_10536_length_2129_cov_1.942008_SRR9960038_ORF.2,0,0.145,NODE_10536_length_2129_cov_1.942008_SRR9960038
NODE_10536_length_2129_cov_1.942008_SRR9960038_aa_frame1,1,0.63,NODE_10536_length_2129_cov_1.942008_SRR9960038
NODE_10536_length_2129_cov_1.942008_SRR9960038_aa_frame2,1,0.615,NODE_10536_length_2129_cov_1.942008_SRR9960038
NODE_10536_length_2129_cov_1.942008_SRR9960038_aa_frame3,1,0.6990524193548387,NODE_10536_length_2129_cov_1.942008_SRR9960038
NODE_10536_length_2129_cov_1.942008_SRR9960038_aa_frame4,1,0.752529761904762,NODE_10536_length_2129_cov_1.942008_SRR9960038
NODE_10536_length_2129_cov_1.942008_SRR9960038_aa_frame5,1,0.7445957446808511,NODE_10536_length_2129_cov_1.942008_SRR9960038
NODE_10536_length_2129_cov_1.942008_SRR9960038_aa_frame6,1,0.6,NODE_10536_length_2129_cov_1.942008_SRR9960038
NODE_10617_length_677_cov_0.960000_SRR1785209_ORF.1,1,0.55,NODE_10617_length_677_cov_0.960000_SRR1785209
NODE_10617_length_677_cov_0.960000_SRR1785209_aa_frame1,1,0.7004649374438375,NODE_10617_length_677_cov_0.960000_SRR1785209
NODE_10617_length_677_cov_0.960000_SRR1785209_aa_frame2,1,0.6536031746031746,NODE_10617_length_677_cov_0.960000_SRR1785209
NODE_10617_length_677_cov_0.960000_SRR1785209_aa_frame3,1,0.95,NODE_10617_length_677_cov_0.960000_SRR1785209
NODE_10617_length_677_cov_0.960000_SRR1785209_aa_frame4,1,0.6433133445945947,NODE_10617_length_677_cov_0.960000_SRR1785209
NODE_10617_length_677_cov_0.960000_SRR1785209_aa_frame5,1,0.6289358974358974,NODE_10617_length_677_cov_0.960000_SRR1785209
NODE_10617_length_677_cov_0.960000_SRR1785209_aa_frame6,1,0.6989666666666666,NODE_10617_length_677_cov_0.960000_SRR1785209
NODE_10784_length_1717_cov_1.799390_SRR1777513_ORF.1,1,1.0,NODE_10784_length_1717_cov_1.799390_SRR1777513
NODE_10784_length_1717_cov_1.799390_SRR1777513_ORF.2,1,0.6,NODE_10784_length_1717_cov_1.799390_SRR1777513
NODE_10784_length_1717_cov_1.799390_SRR1777513_aa_frame1,1,0.65,NODE_10784_length_1717_cov_1.799390_SRR1777513
NODE_10784_length_1717_cov_1.799390_SRR1777513_aa_frame2,1,0.645,NODE_10784_length_1717_cov_1.799390_SRR1777513
NODE_10784_length_1717_cov_1.799390_SRR1777513_aa_frame3,1,0.765,NODE_10784_length_1717_cov_1.799390_SRR1777513
NODE_10784_length_1717_cov_1.799390_SRR1777513_aa_frame4,1,0.8838124999999999,NODE_10784_length_1717_cov_1.799390_SRR1777513
NODE_10784_length_1717_cov_1.799390_SRR1777513_aa_frame5,1,0.98,NODE_10784_length_1717_cov_1.799390_SRR1777513
NODE_10784_length_1717_cov_1.799390_SRR1777513_aa_frame6,1,0.87,NODE_10784_length_1717_cov_1.799390_SRR1777513
NODE_107889_length_686_cov_0.669951_SRR1785350_ORF.1,1,0.875,NODE_107889_length_686_cov_0.669951_SRR1785350
NODE_107889_length_686_cov_0.669951_SRR1785350_aa_frame1,1,0.7544381207978141,NODE_107889_length_686_cov_0.669951_SRR1785350
NODE_107889_length_686_cov_0.669951_SRR1785350_aa_frame2,1,0.865,NODE_107889_length_686_cov_0.669951_SRR1785350
NODE_107889_length_686_cov_0.669951_SRR1785350_aa_frame3,1,0.6787666548547131,NODE_107889_length_686_cov_0.669951_SRR1785350
NODE_107889_length_686_cov_0.669951_SRR1785350_aa_frame4,1,0.7094928229665071,NODE_107889_length_686_cov_0.669951_SRR1785350
NODE_107889_length_686_cov_0.669951_SRR1785350_aa_frame5,1,0.7281745513451396,NODE_107889_length_686_cov_0.669951_SRR1785350
NODE_107889_length_686_cov_0.669951_SRR1785350_aa_frame6,1,0.6258884823558737,NODE_107889_length_686_cov_0.669951_SRR1785350
NODE_10799_length_1062_cov_1.026396_SRR8554352_ORF.1,1,0.74,NODE_10799_length_1062_cov_1.026396_SRR8554352
NODE_10799_length_1062_cov_1.026396_SRR8554352_ORF.2,1,0.695,NODE_10799_length_1062_cov_1.026396_SRR8554352
NODE_10799_length_1062_cov_1.026396_SRR8554352_ORF.3,1,0.77,NODE_10799_length_1062_cov_1.026396_SRR8554352
NODE_10799_length_1062_cov_1.026396_SRR8554352_ORF.4,1,0.835,NODE_10799_length_1062_cov_1.026396_SRR8554352
NODE_10799_length_1062_cov_1.026396_SRR8554352_ORF.5,1,0.69,NODE_10799_length_1062_cov_1.026396_SRR8554352
NODE_10799_length_1062_cov_1.026396_SRR8554352_ORF.6,1,0.985,NODE_10799_length_1062_cov_1.026396_SRR8554352
NODE_10799_length_1062_cov_1.026396_SRR8554352_aa_frame1,1,0.7743439941284769,NODE_10799_length_1062_cov_1.026396_SRR8554352
NODE_10799_length_1062_cov_1.026396_SRR8554352_aa_frame2,1,0.7034590909090909,NODE_10799_length_1062_cov_1.026396_SRR8554352
NODE_10799_length_1062_cov_1.026396_SRR8554352_aa_frame3,1,0.5896428571428571,NODE_10799_length_1062_cov_1.026396_SRR8554352
NODE_10799_length_1062_cov_1.026396_SRR8554352_aa_frame4,1,0.725,NODE_10799_length_1062_cov_1.026396_SRR8554352
NODE_10799_length_1062_cov_1.026396_SRR8554352_aa_frame5,1,0.99,NODE_10799_length_1062_cov_1.026396_SRR8554352
NODE_10799_length_1062_cov_1.026396_SRR8554352_aa_frame6,1,0.635,NODE_10799_length_1062_cov_1.026396_SRR8554352
NODE_10822_length_1525_cov_2.838398_SRR6973926_ORF.1,0,0.12,NODE_10822_length_1525_cov_2.838398_SRR6973926
NODE_10822_length_1525_cov_2.838398_SRR6973926_ORF.2,1,0.63,NODE_10822_length_1525_cov_2.838398_SRR6973926
NODE_10822_length_1525_cov_2.838398_SRR6973926_aa_frame1,1,0.685,NODE_10822_length_1525_cov_2.838398_SRR6973926
NODE_10822_length_1525_cov_2.838398_SRR6973926_aa_frame2,0,0.18,NODE_10822_length_1525_cov_2.838398_SRR6973926
NODE_10822_length_1525_cov_2.838398_SRR6973926_aa_frame3,1,0.5520921985815603,NODE_10822_length_1525_cov_2.838398_SRR6973926
NODE_10822_length_1525_cov_2.838398_SRR6973926_aa_frame4,1,0.7,NODE_10822_length_1525_cov_2.838398_SRR6973926
NODE_10822_length_1525_cov_2.838398_SRR6973926_aa_frame5,1,0.6420921985815603,NODE_10822_length_1525_cov_2.838398_SRR6973926
NODE_10822_length_1525_cov_2.838398_SRR6973926_aa_frame6,1,0.665,NODE_10822_length_1525_cov_2.838398_SRR6973926
NODE_10825_length_1172_cov_2.248881_SRR1778783_ORF.1,0,0.315,NODE_10825_length_1172_cov_2.248881_SRR1778783
NODE_10825_length_1172_cov_2.248881_SRR1778783_aa_frame1,1,0.6688811465930548,NODE_10825_length_1172_cov_2.248881_SRR1778783
NODE_10825_length_1172_cov_2.248881_SRR1778783_aa_frame2,1,0.7248352286622645,NODE_10825_length_1172_cov_2.248881_SRR1778783
NODE_10825_length_1172_cov_2.248881_SRR1778783_aa_frame3,1,0.6901507658118914,NODE_10825_length_1172_cov_2.248881_SRR1778783
NODE_10825_length_1172_cov_2.248881_SRR1778783_aa_frame4,1,0.6200892857142857,NODE_10825_length_1172_cov_2.248881_SRR1778783
NODE_10825_length_1172_cov_2.248881_SRR1778783_aa_frame5,0,0.34,NODE_10825_length_1172_cov_2.248881_SRR1778783
NODE_10825_length_1172_cov_2.248881_SRR1778783_aa_frame6,1,0.5868967734393267,NODE_10825_length_1172_cov_2.248881_SRR1778783
NODE_10892_length_1136_cov_2.207216_SRR1276187_ORF.1,0,0.39,NODE_10892_length_1136_cov_2.207216_SRR1276187
NODE_10892_length_1136_cov_2.207216_SRR1276187_ORF.2,0,0.39,NODE_10892_length_1136_cov_2.207216_SRR1276187
NODE_10892_length_1136_cov_2.207216_SRR1276187_ORF.3,1,0.6099662162162162,NODE_10892_length_1136_cov_2.207216_SRR1276187
NODE_10892_length_1136_cov_2.207216_SRR1276187_ORF.4,1,0.685,NODE_10892_length_1136_cov_2.207216_SRR1276187
NODE_10892_length_1136_cov_2.207216_SRR1276187_aa_frame1,1,0.7135181788931788,NODE_10892_length_1136_cov_2.207216_SRR1276187
NODE_10892_length_1136_cov_2.207216_SRR1276187_aa_frame2,0,0.41,NODE_10892_length_1136_cov_2.207216_SRR1276187
NODE_10892_length_1136_cov_2.207216_SRR1276187_aa_frame3,1,0.7296717171717171,NODE_10892_length_1136_cov_2.207216_SRR1276187
NODE_10892_length_1136_cov_2.207216_SRR1276187_aa_frame4,1,0.7081294133383134,NODE_10892_length_1136_cov_2.207216_SRR1276187
NODE_10892_length_1136_cov_2.207216_SRR1276187_aa_frame5,0,0.49964285714285717,NODE_10892_length_1136_cov_2.207216_SRR1276187
NODE_10892_length_1136_cov_2.207216_SRR1276187_aa_frame6,1,0.598659090909091,NODE_10892_length_1136_cov_2.207216_SRR1276187
NODE_10892_length_876_cov_4.677096_SRR1785207_ORF.1,1,0.625,NODE_10892_length_876_cov_4.677096_SRR1785207
NODE_10892_length_876_cov_4.677096_SRR1785207_ORF.2,1,0.96,NODE_10892_length_876_cov_4.677096_SRR1785207
NODE_10892_length_876_cov_4.677096_SRR1785207_aa_frame1,1,0.695,NODE_10892_length_876_cov_4.677096_SRR1785207
NODE_10892_length_876_cov_4.677096_SRR1785207_aa_frame2,1,0.6479125177809388,NODE_10892_length_876_cov_4.677096_SRR1785207
NODE_10892_length_876_cov_4.677096_SRR1785207_aa_frame3,1,0.6899166666666667,NODE_10892_length_876_cov_4.677096_SRR1785207
NODE_10892_length_876_cov_4.677096_SRR1785207_aa_frame4,1,0.6346212121212121,NODE_10892_length_876_cov_4.677096_SRR1785207
NODE_10892_length_876_cov_4.677096_SRR1785207_aa_frame5,1,0.7271911446421429,NODE_10892_length_876_cov_4.677096_SRR1785207
NODE_10892_length_876_cov_4.677096_SRR1785207_aa_frame6,1,0.905,NODE_10892_length_876_cov_4.677096_SRR1785207
NODE_10939_length_1151_cov_289.572080_SRR11613515_ORF.1,0,0.26,NODE_10939_length_1151_cov_289.572080_SRR11613515
NODE_10939_length_1151_cov_289.572080_SRR11613515_ORF.2,0,0.49,NODE_10939_length_1151_cov_289.572080_SRR11613515
NODE_10939_length_1151_cov_289.572080_SRR11613515_aa_frame1,1,0.6877059052059054,NODE_10939_length_1151_cov_289.572080_SRR11613515
NODE_10939_length_1151_cov_289.572080_SRR11613515_aa_frame2,0,0.305,NODE_10939_length_1151_cov_289.572080_SRR11613515
NODE_10939_length_1151_cov_289.572080_SRR11613515_aa_frame3,1,0.7330841121495328,NODE_10939_length_1151_cov_289.572080_SRR11613515
NODE_10939_length_1151_cov_289.572080_SRR11613515_aa_frame4,1,0.585,NODE_10939_length_1151_cov_289.572080_SRR11613515
NODE_10939_length_1151_cov_289.572080_SRR11613515_aa_frame5,1,0.7892456896551724,NODE_10939_length_1151_cov_289.572080_SRR11613515
NODE_10939_length_1151_cov_289.572080_SRR11613515_aa_frame6,1,0.7410852286622646,NODE_10939_length_1151_cov_289.572080_SRR11613515
NODE_10_length_7298_cov_9.011435_SRR9317871_ORF.1,1,0.505,NODE_10_length_7298_cov_9.011435_SRR9317871
NODE_10_length_7298_cov_9.011435_SRR9317871_ORF.10,1,0.63,NODE_10_length_7298_cov_9.011435_SRR9317871
NODE_10_length_7298_cov_9.011435_SRR9317871_ORF.11,1,0.61,NODE_10_length_7298_cov_9.011435_SRR9317871
NODE_10_length_7298_cov_9.011435_SRR9317871_ORF.12,0,0.455,NODE_10_length_7298_cov_9.011435_SRR9317871
NODE_10_length_7298_cov_9.011435_SRR9317871_ORF.2,1,0.69,NODE_10_length_7298_cov_9.011435_SRR9317871
NODE_10_length_7298_cov_9.011435_SRR9317871_ORF.3,1,0.75,NODE_10_length_7298_cov_9.011435_SRR9317871
NODE_10_length_7298_cov_9.011435_SRR9317871_ORF.4,1,0.705,NODE_10_length_7298_cov_9.011435_SRR9317871
NODE_10_length_7298_cov_9.011435_SRR9317871_ORF.5,1,0.57,NODE_10_length_7298_cov_9.011435_SRR9317871
NODE_10_length_7298_cov_9.011435_SRR9317871_ORF.6,0,0.45,NODE_10_length_7298_cov_9.011435_SRR9317871
NODE_10_length_7298_cov_9.011435_SRR9317871_ORF.7,1,0.63,NODE_10_length_7298_cov_9.011435_SRR9317871
NODE_10_length_7298_cov_9.011435_SRR9317871_ORF.8,0,0.22,NODE_10_length_7298_cov_9.011435_SRR9317871
NODE_10_length_7298_cov_9.011435_SRR9317871_ORF.9,1,0.58,NODE_10_length_7298_cov_9.011435_SRR9317871
NODE_10_length_7298_cov_9.011435_SRR9317871_aa_frame1,0,0.04,NODE_10_length_7298_cov_9.011435_SRR9317871
NODE_10_length_7298_cov_9.011435_SRR9317871_aa_frame2,0,0.085,NODE_10_length_7298_cov_9.011435_SRR9317871
NODE_10_length_7298_cov_9.011435_SRR9317871_aa_frame3,0,0.03,NODE_10_length_7298_cov_9.011435_SRR9317871
NODE_10_length_7298_cov_9.011435_SRR9317871_aa_frame4,0,0.085,NODE_10_length_7298_cov_9.011435_SRR9317871
NODE_10_length_7298_cov_9.011435_SRR9317871_aa_frame5,0,0.01,NODE_10_length_7298_cov_9.011435_SRR9317871
NODE_10_length_7298_cov_9.011435_SRR9317871_aa_frame6,0,0.435,NODE_10_length_7298_cov_9.011435_SRR9317871
NODE_112341_length_865_cov_1.358025_SRR3624128_ORF.1,0,0.45,NODE_112341_length_865_cov_1.358025_SRR3624128
NODE_112341_length_865_cov_1.358025_SRR3624128_aa_frame1,1,0.7376537729866837,NODE_112341_length_865_cov_1.358025_SRR3624128
NODE_112341_length_865_cov_1.358025_SRR3624128_aa_frame2,1,0.6,NODE_112341_length_865_cov_1.358025_SRR3624128
NODE_112341_length_865_cov_1.358025_SRR3624128_aa_frame3,1,0.6554934894408578,NODE_112341_length_865_cov_1.358025_SRR3624128
NODE_112341_length_865_cov_1.358025_SRR3624128_aa_frame4,0,0.435,NODE_112341_length_865_cov_1.358025_SRR3624128
NODE_112341_length_865_cov_1.358025_SRR3624128_aa_frame5,1,0.655,NODE_112341_length_865_cov_1.358025_SRR3624128
NODE_112341_length_865_cov_1.358025_SRR3624128_aa_frame6,1,0.6249193548387096,NODE_112341_length_865_cov_1.358025_SRR3624128
NODE_1127_length_3722_cov_5479.529767_SRR8658352_ORF.1,1,0.84,NODE_1127_length_3722_cov_5479.529767_SRR8658352
NODE_1127_length_3722_cov_5479.529767_SRR8658352_ORF.2,1,0.535,NODE_1127_length_3722_cov_5479.529767_SRR8658352
NODE_1127_length_3722_cov_5479.529767_SRR8658352_ORF.3,0,0.465,NODE_1127_length_3722_cov_5479.529767_SRR8658352
NODE_1127_length_3722_cov_5479.529767_SRR8658352_ORF.4,1,0.615,NODE_1127_length_3722_cov_5479.529767_SRR8658352
NODE_1127_length_3722_cov_5479.529767_SRR8658352_ORF.5,1,0.575,NODE_1127_length_3722_cov_5479.529767_SRR8658352
NODE_1127_length_3722_cov_5479.529767_SRR8658352_aa_frame1,1,0.75,NODE_1127_length_3722_cov_5479.529767_SRR8658352
NODE_1127_length_3722_cov_5479.529767_SRR8658352_aa_frame2,1,0.635,NODE_1127_length_3722_cov_5479.529767_SRR8658352
NODE_1127_length_3722_cov_5479.529767_SRR8658352_aa_frame3,1,0.72,NODE_1127_length_3722_cov_5479.529767_SRR8658352
NODE_1127_length_3722_cov_5479.529767_SRR8658352_aa_frame4,1,0.605,NODE_1127_length_3722_cov_5479.529767_SRR8658352
NODE_1127_length_3722_cov_5479.529767_SRR8658352_aa_frame5,0,0.47,NODE_1127_length_3722_cov_5479.529767_SRR8658352
NODE_1127_length_3722_cov_5479.529767_SRR8658352_aa_frame6,1,0.705,NODE_1127_length_3722_cov_5479.529767_SRR8658352
NODE_1128_length_5662_cov_546.698056_SRR5087337_ORF.1,1,0.56,NODE_1128_length_5662_cov_546.698056_SRR5087337
NODE_1128_length_5662_cov_546.698056_SRR5087337_ORF.2,0,0.2,NODE_1128_length_5662_cov_546.698056_SRR5087337
NODE_1128_length_5662_cov_546.698056_SRR5087337_ORF.3,1,0.695,NODE_1128_length_5662_cov_546.698056_SRR5087337
NODE_1128_length_5662_cov_546.698056_SRR5087337_ORF.4,1,0.57,NODE_1128_length_5662_cov_546.698056_SRR5087337
NODE_1128_length_5662_cov_546.698056_SRR5087337_ORF.5,1,0.725,NODE_1128_length_5662_cov_546.698056_SRR5087337
NODE_1128_length_5662_cov_546.698056_SRR5087337_ORF.6,1,0.62,NODE_1128_length_5662_cov_546.698056_SRR5087337
NODE_1128_length_5662_cov_546.698056_SRR5087337_ORF.7,1,0.77,NODE_1128_length_5662_cov_546.698056_SRR5087337
NODE_1128_length_5662_cov_546.698056_SRR5087337_ORF.8,1,0.775,NODE_1128_length_5662_cov_546.698056_SRR5087337
NODE_1128_length_5662_cov_546.698056_SRR5087337_aa_frame1,1,0.65,NODE_1128_length_5662_cov_546.698056_SRR5087337
NODE_1128_length_5662_cov_546.698056_SRR5087337_aa_frame2,1,0.845,NODE_1128_length_5662_cov_546.698056_SRR5087337
NODE_1128_length_5662_cov_546.698056_SRR5087337_aa_frame3,1,0.89,NODE_1128_length_5662_cov_546.698056_SRR5087337
NODE_1128_length_5662_cov_546.698056_SRR5087337_aa_frame4,1,0.865,NODE_1128_length_5662_cov_546.698056_SRR5087337
NODE_1128_length_5662_cov_546.698056_SRR5087337_aa_frame5,1,0.76,NODE_1128_length_5662_cov_546.698056_SRR5087337
NODE_1128_length_5662_cov_546.698056_SRR5087337_aa_frame6,1,0.895,NODE_1128_length_5662_cov_546.698056_SRR5087337
NODE_11334_length_1031_cov_1.249476_SRR1782604_ORF.1,1,0.6,NODE_11334_length_1031_cov_1.249476_SRR1782604
NODE_11334_length_1031_cov_1.249476_SRR1782604_ORF.2,1,0.75,NODE_11334_length_1031_cov_1.249476_SRR1782604
NODE_11334_length_1031_cov_1.249476_SRR1782604_aa_frame1,1,0.724375,NODE_11334_length_1031_cov_1.249476_SRR1782604
NODE_11334_length_1031_cov_1.249476_SRR1782604_aa_frame2,1,0.57,NODE_11334_length_1031_cov_1.249476_SRR1782604
NODE_11334_length_1031_cov_1.249476_SRR1782604_aa_frame3,0,0.495,NODE_11334_length_1031_cov_1.249476_SRR1782604
NODE_11334_length_1031_cov_1.249476_SRR1782604_aa_frame4,1,0.5547368421052632,NODE_11334_length_1031_cov_1.249476_SRR1782604
NODE_11334_length_1031_cov_1.249476_SRR1782604_aa_frame5,1,0.74,NODE_11334_length_1031_cov_1.249476_SRR1782604
NODE_11334_length_1031_cov_1.249476_SRR1782604_aa_frame6,1,0.675,NODE_11334_length_1031_cov_1.249476_SRR1782604
NODE_11627_length_1020_cov_0.829268_SRR1782604_ORF.1,1,0.605,NODE_11627_length_1020_cov_0.829268_SRR1782604
NODE_11627_length_1020_cov_0.829268_SRR1782604_aa_frame1,1,0.6492027027027026,NODE_11627_length_1020_cov_0.829268_SRR1782604
NODE_11627_length_1020_cov_0.829268_SRR1782604_aa_frame2,1,0.67,NODE_11627_length_1020_cov_0.829268_SRR1782604
NODE_11627_length_1020_cov_0.829268_SRR1782604_aa_frame3,1,0.66,NODE_11627_length_1020_cov_0.829268_SRR1782604
NODE_11627_length_1020_cov_0.829268_SRR1782604_aa_frame4,1,0.6321162485313429,NODE_11627_length_1020_cov_0.829268_SRR1782604
NODE_11627_length_1020_cov_0.829268_SRR1782604_aa_frame5,1,0.6491109595834367,NODE_11627_length_1020_cov_0.829268_SRR1782604
NODE_11627_length_1020_cov_0.829268_SRR1782604_aa_frame6,1,0.595,NODE_11627_length_1020_cov_0.829268_SRR1782604
NODE_1170_length_3390_cov_7.646031_SRR4242136_ORF.1,1,0.565,NODE_1170_length_3390_cov_7.646031_SRR4242136
NODE_1170_length_3390_cov_7.646031_SRR4242136_ORF.2,1,0.585,NODE_1170_length_3390_cov_7.646031_SRR4242136
NODE_1170_length_3390_cov_7.646031_SRR4242136_ORF.3,1,0.715,NODE_1170_length_3390_cov_7.646031_SRR4242136
NODE_1170_length_3390_cov_7.646031_SRR4242136_ORF.4,1,0.96,NODE_1170_length_3390_cov_7.646031_SRR4242136
NODE_1170_length_3390_cov_7.646031_SRR4242136_ORF.5,1,0.915,NODE_1170_length_3390_cov_7.646031_SRR4242136
NODE_1170_length_3390_cov_7.646031_SRR4242136_ORF.6,1,0.59,NODE_1170_length_3390_cov_7.646031_SRR4242136
NODE_1170_length_3390_cov_7.646031_SRR4242136_aa_frame1,1,0.675,NODE_1170_length_3390_cov_7.646031_SRR4242136
NODE_1170_length_3390_cov_7.646031_SRR4242136_aa_frame2,1,0.64,NODE_1170_length_3390_cov_7.646031_SRR4242136
NODE_1170_length_3390_cov_7.646031_SRR4242136_aa_frame3,1,0.625,NODE_1170_length_3390_cov_7.646031_SRR4242136
NODE_1170_length_3390_cov_7.646031_SRR4242136_aa_frame4,1,0.96,NODE_1170_length_3390_cov_7.646031_SRR4242136
NODE_1170_length_3390_cov_7.646031_SRR4242136_aa_frame5,0,0.465,NODE_1170_length_3390_cov_7.646031_SRR4242136
NODE_1170_length_3390_cov_7.646031_SRR4242136_aa_frame6,1,0.665,NODE_1170_length_3390_cov_7.646031_SRR4242136
NODE_1178_length_3181_cov_2591.634987_SRR8658353_ORF.1,1,0.59,NODE_1178_length_3181_cov_2591.634987_SRR8658353
NODE_1178_length_3181_cov_2591.634987_SRR8658353_ORF.2,0,0.45,NODE_1178_length_3181_cov_2591.634987_SRR8658353
NODE_1178_length_3181_cov_2591.634987_SRR8658353_ORF.3,1,0.835,NODE_1178_length_3181_cov_2591.634987_SRR8658353
NODE_1178_length_3181_cov_2591.634987_SRR8658353_aa_frame1,0,0.47,NODE_1178_length_3181_cov_2591.634987_SRR8658353
NODE_1178_length_3181_cov_2591.634987_SRR8658353_aa_frame2,1,0.68,NODE_1178_length_3181_cov_2591.634987_SRR8658353
NODE_1178_length_3181_cov_2591.634987_SRR8658353_aa_frame3,1,0.555,NODE_1178_length_3181_cov_2591.634987_SRR8658353
NODE_1178_length_3181_cov_2591.634987_SRR8658353_aa_frame4,1,0.615,NODE_1178_length_3181_cov_2591.634987_SRR8658353
NODE_1178_length_3181_cov_2591.634987_SRR8658353_aa_frame5,1,0.67,NODE_1178_length_3181_cov_2591.634987_SRR8658353
NODE_1178_length_3181_cov_2591.634987_SRR8658353_aa_frame6,1,0.76,NODE_1178_length_3181_cov_2591.634987_SRR8658353
NODE_11839_length_1012_cov_5.727273_SRR1782604_ORF.1,1,0.95,NODE_11839_length_1012_cov_5.727273_SRR1782604
NODE_11839_length_1012_cov_5.727273_SRR1782604_ORF.2,1,0.595,NODE_11839_length_1012_cov_5.727273_SRR1782604
NODE_11839_length_1012_cov_5.727273_SRR1782604_aa_frame1,1,0.94,NODE_11839_length_1012_cov_5.727273_SRR1782604
NODE_11839_length_1012_cov_5.727273_SRR1782604_aa_frame2,1,0.6103754578754579,NODE_11839_length_1012_cov_5.727273_SRR1782604
NODE_11839_length_1012_cov_5.727273_SRR1782604_aa_frame3,1,0.585,NODE_11839_length_1012_cov_5.727273_SRR1782604
NODE_11839_length_1012_cov_5.727273_SRR1782604_aa_frame4,1,0.5724631152892022,NODE_11839_length_1012_cov_5.727273_SRR1782604
NODE_11839_length_1012_cov_5.727273_SRR1782604_aa_frame5,1,0.7638455598455599,NODE_11839_length_1012_cov_5.727273_SRR1782604
NODE_11839_length_1012_cov_5.727273_SRR1782604_aa_frame6,1,0.6335673477898248,NODE_11839_length_1012_cov_5.727273_SRR1782604
NODE_11941_length_1979_cov_4.252599_SRR3193092_aa_frame1,1,0.585,NODE_11941_length_1979_cov_4.252599_SRR3193092
NODE_11941_length_1979_cov_4.252599_SRR3193092_aa_frame2,1,0.72,NODE_11941_length_1979_cov_4.252599_SRR3193092
NODE_11941_length_1979_cov_4.252599_SRR3193092_aa_frame3,1,0.5632936507936508,NODE_11941_length_1979_cov_4.252599_SRR3193092
NODE_11941_length_1979_cov_4.252599_SRR3193092_aa_frame4,1,0.585,NODE_11941_length_1979_cov_4.252599_SRR3193092
NODE_11941_length_1979_cov_4.252599_SRR3193092_aa_frame5,1,0.6598611111111111,NODE_11941_length_1979_cov_4.252599_SRR3193092
NODE_11941_length_1979_cov_4.252599_SRR3193092_aa_frame6,1,0.6382936507936507,NODE_11941_length_1979_cov_4.252599_SRR3193092
NODE_12036_length_1567_cov_2.771812_SRR1781945_ORF.1,1,0.985,NODE_12036_length_1567_cov_2.771812_SRR1781945
NODE_12036_length_1567_cov_2.771812_SRR1781945_ORF.2,0,0.46,NODE_12036_length_1567_cov_2.771812_SRR1781945
NODE_12036_length_1567_cov_2.771812_SRR1781945_aa_frame1,1,0.655,NODE_12036_length_1567_cov_2.771812_SRR1781945
NODE_12036_length_1567_cov_2.771812_SRR1781945_aa_frame2,1,0.985,NODE_12036_length_1567_cov_2.771812_SRR1781945
NODE_12036_length_1567_cov_2.771812_SRR1781945_aa_frame3,1,0.6,NODE_12036_length_1567_cov_2.771812_SRR1781945
NODE_12036_length_1567_cov_2.771812_SRR1781945_aa_frame4,1,0.8536590909090909,NODE_12036_length_1567_cov_2.771812_SRR1781945
NODE_12036_length_1567_cov_2.771812_SRR1781945_aa_frame5,1,0.741875,NODE_12036_length_1567_cov_2.771812_SRR1781945
NODE_12036_length_1567_cov_2.771812_SRR1781945_aa_frame6,1,0.81,NODE_12036_length_1567_cov_2.771812_SRR1781945
NODE_120381_length_649_cov_1.041958_SRR1785350_ORF.1,1,0.985,NODE_120381_length_649_cov_1.041958_SRR1785350
NODE_120381_length_649_cov_1.041958_SRR1785350_aa_frame1,1,0.5844149386373254,NODE_120381_length_649_cov_1.041958_SRR1785350
NODE_120381_length_649_cov_1.041958_SRR1785350_aa_frame2,1,0.7094737115963047,NODE_120381_length_649_cov_1.041958_SRR1785350
NODE_120381_length_649_cov_1.041958_SRR1785350_aa_frame3,1,0.595,NODE_120381_length_649_cov_1.041958_SRR1785350
NODE_120381_length_649_cov_1.041958_SRR1785350_aa_frame4,1,0.595,NODE_120381_length_649_cov_1.041958_SRR1785350
NODE_120381_length_649_cov_1.041958_SRR1785350_aa_frame5,1,0.985,NODE_120381_length_649_cov_1.041958_SRR1785350
NODE_120381_length_649_cov_1.041958_SRR1785350_aa_frame6,1,0.67996875,NODE_120381_length_649_cov_1.041958_SRR1785350
NODE_12041_length_839_cov_4.594488_SRR1785207_ORF.1,1,0.955,NODE_12041_length_839_cov_4.594488_SRR1785207
NODE_12041_length_839_cov_4.594488_SRR1785207_aa_frame1,1,0.7085271964246784,NODE_12041_length_839_cov_4.594488_SRR1785207
NODE_12041_length_839_cov_4.594488_SRR1785207_aa_frame2,1,0.7919869305395622,NODE_12041_length_839_cov_4.594488_SRR1785207
NODE_12041_length_839_cov_4.594488_SRR1785207_aa_frame3,1,0.935,NODE_12041_length_839_cov_4.594488_SRR1785207
NODE_12041_length_839_cov_4.594488_SRR1785207_aa_frame4,1,0.7173314325776158,NODE_12041_length_839_cov_4.594488_SRR1785207
NODE_12041_length_839_cov_4.594488_SRR1785207_aa_frame5,1,0.6304450285925106,NODE_12041_length_839_cov_4.594488_SRR1785207
NODE_12041_length_839_cov_4.594488_SRR1785207_aa_frame6,1,0.615,NODE_12041_length_839_cov_4.594488_SRR1785207
NODE_12121_length_1382_cov_1.264368_SRR7976667_ORF.1,0,0.22,NODE_12121_length_1382_cov_1.264368_SRR7976667
NODE_12121_length_1382_cov_1.264368_SRR7976667_aa_frame1,1,0.705,NODE_12121_length_1382_cov_1.264368_SRR7976667
NODE_12121_length_1382_cov_1.264368_SRR7976667_aa_frame2,0,0.335,NODE_12121_length_1382_cov_1.264368_SRR7976667
NODE_12121_length_1382_cov_1.264368_SRR7976667_aa_frame3,0,0.485,NODE_12121_length_1382_cov_1.264368_SRR7976667
NODE_12121_length_1382_cov_1.264368_SRR7976667_aa_frame4,1,0.685,NODE_12121_length_1382_cov_1.264368_SRR7976667
NODE_12121_length_1382_cov_1.264368_SRR7976667_aa_frame5,1,0.535,NODE_12121_length_1382_cov_1.264368_SRR7976667
NODE_12121_length_1382_cov_1.264368_SRR7976667_aa_frame6,1,0.62,NODE_12121_length_1382_cov_1.264368_SRR7976667
NODE_12146_length_1560_cov_2.064059_SRR1781945_ORF.1,1,1.0,NODE_12146_length_1560_cov_2.064059_SRR1781945
NODE_12146_length_1560_cov_2.064059_SRR1781945_ORF.2,1,1.0,NODE_12146_length_1560_cov_2.064059_SRR1781945
NODE_12146_length_1560_cov_2.064059_SRR1781945_ORF.3,1,0.58,NODE_12146_length_1560_cov_2.064059_SRR1781945
NODE_12146_length_1560_cov_2.064059_SRR1781945_ORF.4,1,0.605,NODE_12146_length_1560_cov_2.064059_SRR1781945
NODE_12146_length_1560_cov_2.064059_SRR1781945_aa_frame1,1,0.695,NODE_12146_length_1560_cov_2.064059_SRR1781945
NODE_12146_length_1560_cov_2.064059_SRR1781945_aa_frame2,1,0.7232936507936507,NODE_12146_length_1560_cov_2.064059_SRR1781945
NODE_12146_length_1560_cov_2.064059_SRR1781945_aa_frame3,1,1.0,NODE_12146_length_1560_cov_2.064059_SRR1781945
NODE_12146_length_1560_cov_2.064059_SRR1781945_aa_frame4,1,0.755,NODE_12146_length_1560_cov_2.064059_SRR1781945
NODE_12146_length_1560_cov_2.064059_SRR1781945_aa_frame5,1,0.705,NODE_12146_length_1560_cov_2.064059_SRR1781945
NODE_12146_length_1560_cov_2.064059_SRR1781945_aa_frame6,1,0.6386590909090909,NODE_12146_length_1560_cov_2.064059_SRR1781945
NODE_121_length_6025_cov_6.529085_SRR10861970_ORF.1,0,0.205,NODE_121_length_6025_cov_6.529085_SRR10861970
NODE_121_length_6025_cov_6.529085_SRR10861970_ORF.10,1,0.74,NODE_121_length_6025_cov_6.529085_SRR10861970
NODE_121_length_6025_cov_6.529085_SRR10861970_ORF.2,0,0.48,NODE_121_length_6025_cov_6.529085_SRR10861970
NODE_121_length_6025_cov_6.529085_SRR10861970_ORF.3,1,0.62,NODE_121_length_6025_cov_6.529085_SRR10861970
NODE_121_length_6025_cov_6.529085_SRR10861970_ORF.4,0,0.255,NODE_121_length_6025_cov_6.529085_SRR10861970
NODE_121_length_6025_cov_6.529085_SRR10861970_ORF.5,1,0.695,NODE_121_length_6025_cov_6.529085_SRR10861970
NODE_121_length_6025_cov_6.529085_SRR10861970_ORF.6,1,0.675,NODE_121_length_6025_cov_6.529085_SRR10861970
NODE_121_length_6025_cov_6.529085_SRR10861970_ORF.7,1,0.57,NODE_121_length_6025_cov_6.529085_SRR10861970
NODE_121_length_6025_cov_6.529085_SRR10861970_ORF.8,0,0.46,NODE_121_length_6025_cov_6.529085_SRR10861970
NODE_121_length_6025_cov_6.529085_SRR10861970_ORF.9,0,0.485,NODE_121_length_6025_cov_6.529085_SRR10861970
NODE_121_length_6025_cov_6.529085_SRR10861970_aa_frame1,1,0.625,NODE_121_length_6025_cov_6.529085_SRR10861970
NODE_121_length_6025_cov_6.529085_SRR10861970_aa_frame2,1,0.605,NODE_121_length_6025_cov_6.529085_SRR10861970
NODE_121_length_6025_cov_6.529085_SRR10861970_aa_frame3,1,0.95,NODE_121_length_6025_cov_6.529085_SRR10861970
NODE_121_length_6025_cov_6.529085_SRR10861970_aa_frame4,1,0.945,NODE_121_length_6025_cov_6.529085_SRR10861970
NODE_121_length_6025_cov_6.529085_SRR10861970_aa_frame5,1,0.83,NODE_121_length_6025_cov_6.529085_SRR10861970
NODE_121_length_6025_cov_6.529085_SRR10861970_aa_frame6,1,0.9,NODE_121_length_6025_cov_6.529085_SRR10861970
NODE_1220_length_4816_cov_285.495904_SRR5087413_ORF.1,1,0.69,NODE_1220_length_4816_cov_285.495904_SRR5087413
NODE_1220_length_4816_cov_285.495904_SRR5087413_ORF.2,1,0.58,NODE_1220_length_4816_cov_285.495904_SRR5087413
NODE_1220_length_4816_cov_285.495904_SRR5087413_ORF.3,0,0.2,NODE_1220_length_4816_cov_285.495904_SRR5087413
NODE_1220_length_4816_cov_285.495904_SRR5087413_ORF.4,1,0.695,NODE_1220_length_4816_cov_285.495904_SRR5087413
NODE_1220_length_4816_cov_285.495904_SRR5087413_ORF.5,1,0.62,NODE_1220_length_4816_cov_285.495904_SRR5087413
NODE_1220_length_4816_cov_285.495904_SRR5087413_ORF.6,1,0.775,NODE_1220_length_4816_cov_285.495904_SRR5087413
NODE_1220_length_4816_cov_285.495904_SRR5087413_ORF.7,1,0.725,NODE_1220_length_4816_cov_285.495904_SRR5087413
NODE_1220_length_4816_cov_285.495904_SRR5087413_aa_frame1,1,0.875,NODE_1220_length_4816_cov_285.495904_SRR5087413
NODE_1220_length_4816_cov_285.495904_SRR5087413_aa_frame2,1,0.74,NODE_1220_length_4816_cov_285.495904_SRR5087413
NODE_1220_length_4816_cov_285.495904_SRR5087413_aa_frame3,1,0.695,NODE_1220_length_4816_cov_285.495904_SRR5087413
NODE_1220_length_4816_cov_285.495904_SRR5087413_aa_frame4,1,0.915,NODE_1220_length_4816_cov_285.495904_SRR5087413
NODE_1220_length_4816_cov_285.495904_SRR5087413_aa_frame5,1,0.915,NODE_1220_length_4816_cov_285.495904_SRR5087413
NODE_1220_length_4816_cov_285.495904_SRR5087413_aa_frame6,1,0.92,NODE_1220_length_4816_cov_285.495904_SRR5087413
NODE_12231_length_2215_cov_85.397100_SRR8455908_ORF.1,0,0.135,NODE_12231_length_2215_cov_85.397100_SRR8455908
NODE_12231_length_2215_cov_85.397100_SRR8455908_ORF.2,0,0.455,NODE_12231_length_2215_cov_85.397100_SRR8455908
NODE_12231_length_2215_cov_85.397100_SRR8455908_aa_frame1,0,0.23,NODE_12231_length_2215_cov_85.397100_SRR8455908
NODE_12231_length_2215_cov_85.397100_SRR8455908_aa_frame2,1,0.5420921985815603,NODE_12231_length_2215_cov_85.397100_SRR8455908
NODE_12231_length_2215_cov_85.397100_SRR8455908_aa_frame3,1,0.56,NODE_12231_length_2215_cov_85.397100_SRR8455908
NODE_12231_length_2215_cov_85.397100_SRR8455908_aa_frame4,1,0.6999382716049383,NODE_12231_length_2215_cov_85.397100_SRR8455908
NODE_12231_length_2215_cov_85.397100_SRR8455908_aa_frame5,1,0.725,NODE_12231_length_2215_cov_85.397100_SRR8455908
NODE_12231_length_2215_cov_85.397100_SRR8455908_aa_frame6,1,0.53,NODE_12231_length_2215_cov_85.397100_SRR8455908
NODE_12231_length_773_cov_105.036212_SRR5892087_ORF.1,0,0.465,NODE_12231_length_773_cov_105.036212_SRR5892087
NODE_12231_length_773_cov_105.036212_SRR5892087_aa_frame1,1,0.6281271857073745,NODE_12231_length_773_cov_105.036212_SRR5892087
NODE_12231_length_773_cov_105.036212_SRR5892087_aa_frame2,1,0.6595131086142323,NODE_12231_length_773_cov_105.036212_SRR5892087
NODE_12231_length_773_cov_105.036212_SRR5892087_aa_frame3,1,0.6844885290148448,NODE_12231_length_773_cov_105.036212_SRR5892087
NODE_12231_length_773_cov_105.036212_SRR5892087_aa_frame4,0,0.48,NODE_12231_length_773_cov_105.036212_SRR5892087
NODE_12231_length_773_cov_105.036212_SRR5892087_aa_frame5,1,0.7161960284602235,NODE_12231_length_773_cov_105.036212_SRR5892087
NODE_12231_length_773_cov_105.036212_SRR5892087_aa_frame6,0,0.485,NODE_12231_length_773_cov_105.036212_SRR5892087
NODE_12261_length_981_cov_4.475664_SRR8554352_ORF.1,1,0.965,NODE_12261_length_981_cov_4.475664_SRR8554352
NODE_12261_length_981_cov_4.475664_SRR8554352_ORF.2,1,1.0,NODE_12261_length_981_cov_4.475664_SRR8554352
NODE_12261_length_981_cov_4.475664_SRR8554352_ORF.3,1,0.67,NODE_12261_length_981_cov_4.475664_SRR8554352
NODE_12261_length_981_cov_4.475664_SRR8554352_aa_frame1,1,1.0,NODE_12261_length_981_cov_4.475664_SRR8554352
NODE_12261_length_981_cov_4.475664_SRR8554352_aa_frame2,1,0.6045957446808511,NODE_12261_length_981_cov_4.475664_SRR8554352
NODE_12261_length_981_cov_4.475664_SRR8554352_aa_frame3,1,0.6144197486960645,NODE_12261_length_981_cov_4.475664_SRR8554352
NODE_12261_length_981_cov_4.475664_SRR8554352_aa_frame4,1,0.665,NODE_12261_length_981_cov_4.475664_SRR8554352
NODE_12261_length_981_cov_4.475664_SRR8554352_aa_frame5,1,0.6352221335697399,NODE_12261_length_981_cov_4.475664_SRR8554352
NODE_12261_length_981_cov_4.475664_SRR8554352_aa_frame6,1,0.5297191011235955,NODE_12261_length_981_cov_4.475664_SRR8554352
NODE_1229_length_3257_cov_2.044089_SRR4242136_ORF.1,1,0.68,NODE_1229_length_3257_cov_2.044089_SRR4242136
NODE_1229_length_3257_cov_2.044089_SRR4242136_ORF.2,1,0.55,NODE_1229_length_3257_cov_2.044089_SRR4242136
NODE_1229_length_3257_cov_2.044089_SRR4242136_ORF.3,1,0.735,NODE_1229_length_3257_cov_2.044089_SRR4242136
NODE_1229_length_3257_cov_2.044089_SRR4242136_ORF.4,0,0.49951310861423226,NODE_1229_length_3257_cov_2.044089_SRR4242136
NODE_1229_length_3257_cov_2.044089_SRR4242136_ORF.5,1,1.0,NODE_1229_length_3257_cov_2.044089_SRR4242136
NODE_1229_length_3257_cov_2.044089_SRR4242136_ORF.6,1,0.965,NODE_1229_length_3257_cov_2.044089_SRR4242136
NODE_1229_length_3257_cov_2.044089_SRR4242136_aa_frame1,1,0.6,NODE_1229_length_3257_cov_2.044089_SRR4242136
NODE_1229_length_3257_cov_2.044089_SRR4242136_aa_frame2,1,0.82,NODE_1229_length_3257_cov_2.044089_SRR4242136
NODE_1229_length_3257_cov_2.044089_SRR4242136_aa_frame3,1,0.625,NODE_1229_length_3257_cov_2.044089_SRR4242136
NODE_1229_length_3257_cov_2.044089_SRR4242136_aa_frame4,1,0.82,NODE_1229_length_3257_cov_2.044089_SRR4242136
NODE_1229_length_3257_cov_2.044089_SRR4242136_aa_frame5,1,1.0,NODE_1229_length_3257_cov_2.044089_SRR4242136
NODE_1229_length_3257_cov_2.044089_SRR4242136_aa_frame6,1,0.605,NODE_1229_length_3257_cov_2.044089_SRR4242136
NODE_12313_length_813_cov_0.906706_SRR9317871_ORF.1,1,0.675,NODE_12313_length_813_cov_0.906706_SRR9317871
NODE_12313_length_813_cov_0.906706_SRR9317871_ORF.2,1,0.965,NODE_12313_length_813_cov_0.906706_SRR9317871
NODE_12313_length_813_cov_0.906706_SRR9317871_aa_frame1,1,0.6727712163074006,NODE_12313_length_813_cov_0.906706_SRR9317871
NODE_12313_length_813_cov_0.906706_SRR9317871_aa_frame2,1,0.7566751355751309,NODE_12313_length_813_cov_0.906706_SRR9317871
NODE_12313_length_813_cov_0.906706_SRR9317871_aa_frame3,1,0.6108333333333333,NODE_12313_length_813_cov_0.906706_SRR9317871
NODE_12313_length_813_cov_0.906706_SRR9317871_aa_frame4,1,0.6499624060150375,NODE_12313_length_813_cov_0.906706_SRR9317871
NODE_12313_length_813_cov_0.906706_SRR9317871_aa_frame5,1,0.6648336227569669,NODE_12313_length_813_cov_0.906706_SRR9317871
NODE_12313_length_813_cov_0.906706_SRR9317871_aa_frame6,1,0.96,NODE_12313_length_813_cov_0.906706_SRR9317871
NODE_123641_length_633_cov_1.721223_SRR7976660_ORF.1,1,0.615,NODE_123641_length_633_cov_1.721223_SRR7976660
NODE_123641_length_633_cov_1.721223_SRR7976660_ORF.2,1,0.535,NODE_123641_length_633_cov_1.721223_SRR7976660
NODE_123641_length_633_cov_1.721223_SRR7976660_aa_frame1,1,0.63,NODE_123641_length_633_cov_1.721223_SRR7976660
NODE_123641_length_633_cov_1.721223_SRR7976660_aa_frame2,1,0.6593745143745144,NODE_123641_length_633_cov_1.721223_SRR7976660
NODE_123641_length_633_cov_1.721223_SRR7976660_aa_frame3,1,0.54,NODE_123641_length_633_cov_1.721223_SRR7976660
NODE_123641_length_633_cov_1.721223_SRR7976660_aa_frame4,1,0.7348248651079136,NODE_123641_length_633_cov_1.721223_SRR7976660
NODE_123641_length_633_cov_1.721223_SRR7976660_aa_frame5,1,0.7694076848130555,NODE_123641_length_633_cov_1.721223_SRR7976660
NODE_123641_length_633_cov_1.721223_SRR7976660_aa_frame6,1,0.6056942719116631,NODE_123641_length_633_cov_1.721223_SRR7976660
NODE_123_length_4070_cov_4.588543_SRR11613515_ORF.1,1,0.865,NODE_123_length_4070_cov_4.588543_SRR11613515
NODE_123_length_4070_cov_4.588543_SRR11613515_ORF.2,1,0.995,NODE_123_length_4070_cov_4.588543_SRR11613515
NODE_123_length_4070_cov_4.588543_SRR11613515_ORF.3,1,0.525,NODE_123_length_4070_cov_4.588543_SRR11613515
NODE_123_length_4070_cov_4.588543_SRR11613515_ORF.4,0,0.48,NODE_123_length_4070_cov_4.588543_SRR11613515
NODE_123_length_4070_cov_4.588543_SRR11613515_aa_frame1,1,0.755,NODE_123_length_4070_cov_4.588543_SRR11613515
NODE_123_length_4070_cov_4.588543_SRR11613515_aa_frame2,1,0.955,NODE_123_length_4070_cov_4.588543_SRR11613515
NODE_123_length_4070_cov_4.588543_SRR11613515_aa_frame3,1,0.725,NODE_123_length_4070_cov_4.588543_SRR11613515
NODE_123_length_4070_cov_4.588543_SRR11613515_aa_frame4,1,0.805,NODE_123_length_4070_cov_4.588543_SRR11613515
NODE_123_length_4070_cov_4.588543_SRR11613515_aa_frame5,1,0.805,NODE_123_length_4070_cov_4.588543_SRR11613515
NODE_123_length_4070_cov_4.588543_SRR11613515_aa_frame6,1,0.77,NODE_123_length_4070_cov_4.588543_SRR11613515
NODE_1246_length_6260_cov_58.242385_SRR769315_ORF.1,1,0.65,NODE_1246_length_6260_cov_58.242385_SRR769315
NODE_1246_length_6260_cov_58.242385_SRR769315_ORF.2,1,0.755,NODE_1246_length_6260_cov_58.242385_SRR769315
NODE_1246_length_6260_cov_58.242385_SRR769315_ORF.3,1,0.785,NODE_1246_length_6260_cov_58.242385_SRR769315
NODE_1246_length_6260_cov_58.242385_SRR769315_ORF.4,1,0.73,NODE_1246_length_6260_cov_58.242385_SRR769315
NODE_1246_length_6260_cov_58.242385_SRR769315_ORF.5,1,0.7,NODE_1246_length_6260_cov_58.242385_SRR769315
NODE_1246_length_6260_cov_58.242385_SRR769315_ORF.6,1,0.6,NODE_1246_length_6260_cov_58.242385_SRR769315
NODE_1246_length_6260_cov_58.242385_SRR769315_ORF.7,0,0.17,NODE_1246_length_6260_cov_58.242385_SRR769315
NODE_1246_length_6260_cov_58.242385_SRR769315_aa_frame1,1,0.935,NODE_1246_length_6260_cov_58.242385_SRR769315
NODE_1246_length_6260_cov_58.242385_SRR769315_aa_frame2,1,0.97,NODE_1246_length_6260_cov_58.242385_SRR769315
NODE_1246_length_6260_cov_58.242385_SRR769315_aa_frame3,1,0.99,NODE_1246_length_6260_cov_58.242385_SRR769315
NODE_1246_length_6260_cov_58.242385_SRR769315_aa_frame4,1,0.81,NODE_1246_length_6260_cov_58.242385_SRR769315
NODE_1246_length_6260_cov_58.242385_SRR769315_aa_frame5,1,0.92,NODE_1246_length_6260_cov_58.242385_SRR769315
NODE_1246_length_6260_cov_58.242385_SRR769315_aa_frame6,1,0.655,NODE_1246_length_6260_cov_58.242385_SRR769315
NODE_1255_length_2131_cov_5.094450_SRR1785207_ORF.1,1,0.75,NODE_1255_length_2131_cov_5.094450_SRR1785207
NODE_1255_length_2131_cov_5.094450_SRR1785207_ORF.2,0,0.405,NODE_1255_length_2131_cov_5.094450_SRR1785207
NODE_1255_length_2131_cov_5.094450_SRR1785207_ORF.3,1,1.0,NODE_1255_length_2131_cov_5.094450_SRR1785207
NODE_1255_length_2131_cov_5.094450_SRR1785207_ORF.4,1,0.99,NODE_1255_length_2131_cov_5.094450_SRR1785207
NODE_1255_length_2131_cov_5.094450_SRR1785207_ORF.5,1,0.5948161764705883,NODE_1255_length_2131_cov_5.094450_SRR1785207
NODE_1255_length_2131_cov_5.094450_SRR1785207_aa_frame1,1,0.755,NODE_1255_length_2131_cov_5.094450_SRR1785207
NODE_1255_length_2131_cov_5.094450_SRR1785207_aa_frame2,1,0.6882936507936508,NODE_1255_length_2131_cov_5.094450_SRR1785207
NODE_1255_length_2131_cov_5.094450_SRR1785207_aa_frame3,0,0.475,NODE_1255_length_2131_cov_5.094450_SRR1785207
NODE_1255_length_2131_cov_5.094450_SRR1785207_aa_frame4,1,0.975,NODE_1255_length_2131_cov_5.094450_SRR1785207
NODE_1255_length_2131_cov_5.094450_SRR1785207_aa_frame5,1,0.985,NODE_1255_length_2131_cov_5.094450_SRR1785207
NODE_1255_length_2131_cov_5.094450_SRR1785207_aa_frame6,1,0.6196875,NODE_1255_length_2131_cov_5.094450_SRR1785207
NODE_12583_length_747_cov_1.208065_SRR4242136_ORF.1,1,0.995,NODE_12583_length_747_cov_1.208065_SRR4242136
NODE_12583_length_747_cov_1.208065_SRR4242136_aa_frame1,1,0.7345027688415429,NODE_12583_length_747_cov_1.208065_SRR4242136
NODE_12583_length_747_cov_1.208065_SRR4242136_aa_frame2,1,0.995,NODE_12583_length_747_cov_1.208065_SRR4242136
NODE_12583_length_747_cov_1.208065_SRR4242136_aa_frame3,1,0.6239484396200814,NODE_12583_length_747_cov_1.208065_SRR4242136
NODE_12583_length_747_cov_1.208065_SRR4242136_aa_frame4,1,0.554880341880342,NODE_12583_length_747_cov_1.208065_SRR4242136
NODE_12583_length_747_cov_1.208065_SRR4242136_aa_frame5,1,0.6620449709329719,NODE_12583_length_747_cov_1.208065_SRR4242136
NODE_12583_length_747_cov_1.208065_SRR4242136_aa_frame6,1,0.6933879083883124,NODE_12583_length_747_cov_1.208065_SRR4242136
NODE_1266_length_3238_cov_2.636821_ERR1356733_ORF.1,1,1.0,NODE_1266_length_3238_cov_2.636821_ERR1356733
NODE_1266_length_3238_cov_2.636821_ERR1356733_ORF.2,1,1.0,NODE_1266_length_3238_cov_2.636821_ERR1356733
NODE_1266_length_3238_cov_2.636821_ERR1356733_ORF.3,1,0.73,NODE_1266_length_3238_cov_2.636821_ERR1356733
NODE_1266_length_3238_cov_2.636821_ERR1356733_ORF.4,1,0.685,NODE_1266_length_3238_cov_2.636821_ERR1356733
NODE_1266_length_3238_cov_2.636821_ERR1356733_ORF.5,1,0.765,NODE_1266_length_3238_cov_2.636821_ERR1356733
NODE_1266_length_3238_cov_2.636821_ERR1356733_aa_frame1,1,0.765,NODE_1266_length_3238_cov_2.636821_ERR1356733
NODE_1266_length_3238_cov_2.636821_ERR1356733_aa_frame2,1,1.0,NODE_1266_length_3238_cov_2.636821_ERR1356733
NODE_1266_length_3238_cov_2.636821_ERR1356733_aa_frame3,1,0.65,NODE_1266_length_3238_cov_2.636821_ERR1356733
NODE_1266_length_3238_cov_2.636821_ERR1356733_aa_frame4,1,0.725,NODE_1266_length_3238_cov_2.636821_ERR1356733
NODE_1266_length_3238_cov_2.636821_ERR1356733_aa_frame5,1,0.615,NODE_1266_length_3238_cov_2.636821_ERR1356733
NODE_1266_length_3238_cov_2.636821_ERR1356733_aa_frame6,1,0.61,NODE_1266_length_3238_cov_2.636821_ERR1356733
NODE_12737_length_959_cov_1.461451_SRR8554352_ORF.1,0,0.36,NODE_12737_length_959_cov_1.461451_SRR8554352
NODE_12737_length_959_cov_1.461451_SRR8554352_ORF.2,1,1.0,NODE_12737_length_959_cov_1.461451_SRR8554352
NODE_12737_length_959_cov_1.461451_SRR8554352_aa_frame1,1,0.6046153846153846,NODE_12737_length_959_cov_1.461451_SRR8554352
NODE_12737_length_959_cov_1.461451_SRR8554352_aa_frame2,1,0.5556818181818182,NODE_12737_length_959_cov_1.461451_SRR8554352
NODE_12737_length_959_cov_1.461451_SRR8554352_aa_frame3,1,0.7375154464009888,NODE_12737_length_959_cov_1.461451_SRR8554352
NODE_12737_length_959_cov_1.461451_SRR8554352_aa_frame4,1,0.6284404573306176,NODE_12737_length_959_cov_1.461451_SRR8554352
NODE_12737_length_959_cov_1.461451_SRR8554352_aa_frame5,1,0.5773992673992674,NODE_12737_length_959_cov_1.461451_SRR8554352
NODE_12737_length_959_cov_1.461451_SRR8554352_aa_frame6,1,1.0,NODE_12737_length_959_cov_1.461451_SRR8554352
NODE_12738_length_808_cov_0.408223_SRR9317871_ORF.1,1,0.975,NODE_12738_length_808_cov_0.408223_SRR9317871
NODE_12738_length_808_cov_0.408223_SRR9317871_ORF.2,1,0.55,NODE_12738_length_808_cov_0.408223_SRR9317871
NODE_12738_length_808_cov_0.408223_SRR9317871_aa_frame1,1,0.7157141264641264,NODE_12738_length_808_cov_0.408223_SRR9317871
NODE_12738_length_808_cov_0.408223_SRR9317871_aa_frame2,1,0.6245181488203266,NODE_12738_length_808_cov_0.408223_SRR9317871
NODE_12738_length_808_cov_0.408223_SRR9317871_aa_frame3,1,0.97,NODE_12738_length_808_cov_0.408223_SRR9317871
NODE_12738_length_808_cov_0.408223_SRR9317871_aa_frame4,1,0.6946362719677327,NODE_12738_length_808_cov_0.408223_SRR9317871
NODE_12738_length_808_cov_0.408223_SRR9317871_aa_frame5,1,0.7662695410243621,NODE_12738_length_808_cov_0.408223_SRR9317871
NODE_12738_length_808_cov_0.408223_SRR9317871_aa_frame6,1,0.7067794219795356,NODE_12738_length_808_cov_0.408223_SRR9317871
NODE_12842_length_1523_cov_1.474412_SRR1781945_ORF.1,1,0.985,NODE_12842_length_1523_cov_1.474412_SRR1781945
NODE_12842_length_1523_cov_1.474412_SRR1781945_ORF.2,1,0.95,NODE_12842_length_1523_cov_1.474412_SRR1781945
NODE_12842_length_1523_cov_1.474412_SRR1781945_aa_frame1,1,0.6538819176319177,NODE_12842_length_1523_cov_1.474412_SRR1781945
NODE_12842_length_1523_cov_1.474412_SRR1781945_aa_frame2,1,0.96,NODE_12842_length_1523_cov_1.474412_SRR1781945
NODE_12842_length_1523_cov_1.474412_SRR1781945_aa_frame3,1,0.76,NODE_12842_length_1523_cov_1.474412_SRR1781945
NODE_12842_length_1523_cov_1.474412_SRR1781945_aa_frame4,1,0.8045213963963963,NODE_12842_length_1523_cov_1.474412_SRR1781945
NODE_12842_length_1523_cov_1.474412_SRR1781945_aa_frame5,1,0.535,NODE_12842_length_1523_cov_1.474412_SRR1781945
NODE_12842_length_1523_cov_1.474412_SRR1781945_aa_frame6,1,0.6576978818283166,NODE_12842_length_1523_cov_1.474412_SRR1781945
NODE_1286_length_3148_cov_3.760344_SRR4242136_ORF.1,1,0.715,NODE_1286_length_3148_cov_3.760344_SRR4242136
NODE_1286_length_3148_cov_3.760344_SRR4242136_ORF.2,1,0.995,NODE_1286_length_3148_cov_3.760344_SRR4242136
NODE_1286_length_3148_cov_3.760344_SRR4242136_aa_frame1,1,0.615,NODE_1286_length_3148_cov_3.760344_SRR4242136
NODE_1286_length_3148_cov_3.760344_SRR4242136_aa_frame2,1,0.675,NODE_1286_length_3148_cov_3.760344_SRR4242136
NODE_1286_length_3148_cov_3.760344_SRR4242136_aa_frame3,1,0.66,NODE_1286_length_3148_cov_3.760344_SRR4242136
NODE_1286_length_3148_cov_3.760344_SRR4242136_aa_frame4,1,0.655,NODE_1286_length_3148_cov_3.760344_SRR4242136
NODE_1286_length_3148_cov_3.760344_SRR4242136_aa_frame5,1,0.985,NODE_1286_length_3148_cov_3.760344_SRR4242136
NODE_1286_length_3148_cov_3.760344_SRR4242136_aa_frame6,1,0.6,NODE_1286_length_3148_cov_3.760344_SRR4242136
NODE_12932_length_1518_cov_1.862595_SRR1781945_ORF.1,0,0.215,NODE_12932_length_1518_cov_1.862595_SRR1781945
NODE_12932_length_1518_cov_1.862595_SRR1781945_ORF.2,0,0.49,NODE_12932_length_1518_cov_1.862595_SRR1781945
NODE_12932_length_1518_cov_1.862595_SRR1781945_ORF.3,1,0.64,NODE_12932_length_1518_cov_1.862595_SRR1781945
NODE_12932_length_1518_cov_1.862595_SRR1781945_aa_frame1,1,0.7193917050691244,NODE_12932_length_1518_cov_1.862595_SRR1781945
NODE_12932_length_1518_cov_1.862595_SRR1781945_aa_frame2,1,0.695,NODE_12932_length_1518_cov_1.862595_SRR1781945
NODE_12932_length_1518_cov_1.862595_SRR1781945_aa_frame3,0,0.465,NODE_12932_length_1518_cov_1.862595_SRR1781945
NODE_12932_length_1518_cov_1.862595_SRR1781945_aa_frame4,1,0.6647747747747748,NODE_12932_length_1518_cov_1.862595_SRR1781945
NODE_12932_length_1518_cov_1.862595_SRR1781945_aa_frame5,1,0.71,NODE_12932_length_1518_cov_1.862595_SRR1781945
NODE_12932_length_1518_cov_1.862595_SRR1781945_aa_frame6,1,0.7347297297297297,NODE_12932_length_1518_cov_1.862595_SRR1781945
NODE_12949_length_737_cov_0.645902_SRR4242136_ORF.1,1,0.51,NODE_12949_length_737_cov_0.645902_SRR4242136
NODE_12949_length_737_cov_0.645902_SRR4242136_ORF.2,0,0.455,NODE_12949_length_737_cov_0.645902_SRR4242136
NODE_12949_length_737_cov_0.645902_SRR4242136_ORF.3,1,0.53,NODE_12949_length_737_cov_0.645902_SRR4242136
NODE_12949_length_737_cov_0.645902_SRR4242136_aa_frame1,1,0.6496575342465754,NODE_12949_length_737_cov_0.645902_SRR4242136
NODE_12949_length_737_cov_0.645902_SRR4242136_aa_frame2,1,0.7639160963919585,NODE_12949_length_737_cov_0.645902_SRR4242136
NODE_12949_length_737_cov_0.645902_SRR4242136_aa_frame3,1,0.7269030067638976,NODE_12949_length_737_cov_0.645902_SRR4242136
NODE_12949_length_737_cov_0.645902_SRR4242136_aa_frame4,0,0.494969512195122,NODE_12949_length_737_cov_0.645902_SRR4242136
NODE_12949_length_737_cov_0.645902_SRR4242136_aa_frame5,1,0.7095454545454545,NODE_12949_length_737_cov_0.645902_SRR4242136
NODE_12949_length_737_cov_0.645902_SRR4242136_aa_frame6,1,0.7278651817456057,NODE_12949_length_737_cov_0.645902_SRR4242136
NODE_13043_length_908_cov_12900.200963_SRR4435987_ORF.1,0,0.475,NODE_13043_length_908_cov_12900.200963_SRR4435987
NODE_13043_length_908_cov_12900.200963_SRR4435987_ORF.2,1,0.545,NODE_13043_length_908_cov_12900.200963_SRR4435987
NODE_13043_length_908_cov_12900.200963_SRR4435987_ORF.3,1,0.805,NODE_13043_length_908_cov_12900.200963_SRR4435987
NODE_13043_length_908_cov_12900.200963_SRR4435987_ORF.4,0,0.33,NODE_13043_length_908_cov_12900.200963_SRR4435987
NODE_13043_length_908_cov_12900.200963_SRR4435987_aa_frame1,1,0.6747590361445783,NODE_13043_length_908_cov_12900.200963_SRR4435987
NODE_13043_length_908_cov_12900.200963_SRR4435987_aa_frame2,1,0.6499082568807338,NODE_13043_length_908_cov_12900.200963_SRR4435987
NODE_13043_length_908_cov_12900.200963_SRR4435987_aa_frame3,1,0.6893706224721318,NODE_13043_length_908_cov_12900.200963_SRR4435987
NODE_13043_length_908_cov_12900.200963_SRR4435987_aa_frame4,1,0.6718227225935913,NODE_13043_length_908_cov_12900.200963_SRR4435987
NODE_13043_length_908_cov_12900.200963_SRR4435987_aa_frame5,0,0.335,NODE_13043_length_908_cov_12900.200963_SRR4435987
NODE_13043_length_908_cov_12900.200963_SRR4435987_aa_frame6,0,0.48,NODE_13043_length_908_cov_12900.200963_SRR4435987
NODE_1317_length_674_cov_2.749596_SRR6038364_ORF.1,1,0.995,NODE_1317_length_674_cov_2.749596_SRR6038364
NODE_1317_length_674_cov_2.749596_SRR6038364_aa_frame1,1,0.6544653655854864,NODE_1317_length_674_cov_2.749596_SRR6038364
NODE_1317_length_674_cov_2.749596_SRR6038364_aa_frame2,1,0.644298406862745,NODE_1317_length_674_cov_2.749596_SRR6038364
NODE_1317_length_674_cov_2.749596_SRR6038364_aa_frame3,1,0.595,NODE_1317_length_674_cov_2.749596_SRR6038364
NODE_1317_length_674_cov_2.749596_SRR6038364_aa_frame4,1,0.5749695121951219,NODE_1317_length_674_cov_2.749596_SRR6038364
NODE_1317_length_674_cov_2.749596_SRR6038364_aa_frame5,1,0.995,NODE_1317_length_674_cov_2.749596_SRR6038364
NODE_1317_length_674_cov_2.749596_SRR6038364_aa_frame6,1,0.7151328366873065,NODE_1317_length_674_cov_2.749596_SRR6038364
NODE_1325_length_4942_cov_5.310006_ERR3010915_ORF.1,1,0.745,NODE_1325_length_4942_cov_5.310006_ERR3010915
NODE_1325_length_4942_cov_5.310006_ERR3010915_ORF.2,1,0.545,NODE_1325_length_4942_cov_5.310006_ERR3010915
NODE_1325_length_4942_cov_5.310006_ERR3010915_ORF.3,1,0.66,NODE_1325_length_4942_cov_5.310006_ERR3010915
NODE_1325_length_4942_cov_5.310006_ERR3010915_ORF.4,1,0.755,NODE_1325_length_4942_cov_5.310006_ERR3010915
NODE_1325_length_4942_cov_5.310006_ERR3010915_ORF.5,1,0.78,NODE_1325_length_4942_cov_5.310006_ERR3010915
NODE_1325_length_4942_cov_5.310006_ERR3010915_ORF.6,1,1.0,NODE_1325_length_4942_cov_5.310006_ERR3010915
NODE_1325_length_4942_cov_5.310006_ERR3010915_ORF.7,1,1.0,NODE_1325_length_4942_cov_5.310006_ERR3010915
NODE_1325_length_4942_cov_5.310006_ERR3010915_ORF.8,1,0.875,NODE_1325_length_4942_cov_5.310006_ERR3010915
NODE_1325_length_4942_cov_5.310006_ERR3010915_aa_frame1,1,0.885,NODE_1325_length_4942_cov_5.310006_ERR3010915
NODE_1325_length_4942_cov_5.310006_ERR3010915_aa_frame2,1,0.845,NODE_1325_length_4942_cov_5.310006_ERR3010915
NODE_1325_length_4942_cov_5.310006_ERR3010915_aa_frame3,1,0.965,NODE_1325_length_4942_cov_5.310006_ERR3010915
NODE_1325_length_4942_cov_5.310006_ERR3010915_aa_frame4,1,0.92,NODE_1325_length_4942_cov_5.310006_ERR3010915
NODE_1325_length_4942_cov_5.310006_ERR3010915_aa_frame5,1,1.0,NODE_1325_length_4942_cov_5.310006_ERR3010915
NODE_1325_length_4942_cov_5.310006_ERR3010915_aa_frame6,1,0.9,NODE_1325_length_4942_cov_5.310006_ERR3010915
NODE_13343_length_1100_cov_3.473118_SRR1782579_ORF.1,1,0.6,NODE_13343_length_1100_cov_3.473118_SRR1782579
NODE_13343_length_1100_cov_3.473118_SRR1782579_ORF.2,1,0.94,NODE_13343_length_1100_cov_3.473118_SRR1782579
NODE_13343_length_1100_cov_3.473118_SRR1782579_aa_frame1,1,0.5195569620253164,NODE_13343_length_1100_cov_3.473118_SRR1782579
NODE_13343_length_1100_cov_3.473118_SRR1782579_aa_frame2,1,0.635,NODE_13343_length_1100_cov_3.473118_SRR1782579
NODE_13343_length_1100_cov_3.473118_SRR1782579_aa_frame3,1,0.7038980463980464,NODE_13343_length_1100_cov_3.473118_SRR1782579
NODE_13343_length_1100_cov_3.473118_SRR1782579_aa_frame4,1,0.659375,NODE_13343_length_1100_cov_3.473118_SRR1782579
NODE_13343_length_1100_cov_3.473118_SRR1782579_aa_frame5,1,0.935,NODE_13343_length_1100_cov_3.473118_SRR1782579
NODE_13343_length_1100_cov_3.473118_SRR1782579_aa_frame6,1,0.6339362743758752,NODE_13343_length_1100_cov_3.473118_SRR1782579
NODE_134_length_3526_cov_75.137136_SRR1276187_ORF.1,1,0.51,NODE_134_length_3526_cov_75.137136_SRR1276187
NODE_134_length_3526_cov_75.137136_SRR1276187_ORF.2,1,0.655,NODE_134_length_3526_cov_75.137136_SRR1276187
NODE_134_length_3526_cov_75.137136_SRR1276187_ORF.3,1,0.5381756756756757,NODE_134_length_3526_cov_75.137136_SRR1276187
NODE_134_length_3526_cov_75.137136_SRR1276187_ORF.4,1,0.64,NODE_134_length_3526_cov_75.137136_SRR1276187
NODE_134_length_3526_cov_75.137136_SRR1276187_ORF.5,0,0.385,NODE_134_length_3526_cov_75.137136_SRR1276187
NODE_134_length_3526_cov_75.137136_SRR1276187_ORF.6,0,0.3,NODE_134_length_3526_cov_75.137136_SRR1276187
NODE_134_length_3526_cov_75.137136_SRR1276187_aa_frame1,0,0.29,NODE_134_length_3526_cov_75.137136_SRR1276187
NODE_134_length_3526_cov_75.137136_SRR1276187_aa_frame2,1,0.645,NODE_134_length_3526_cov_75.137136_SRR1276187
NODE_134_length_3526_cov_75.137136_SRR1276187_aa_frame3,1,0.625,NODE_134_length_3526_cov_75.137136_SRR1276187
NODE_134_length_3526_cov_75.137136_SRR1276187_aa_frame4,0,0.355,NODE_134_length_3526_cov_75.137136_SRR1276187
NODE_134_length_3526_cov_75.137136_SRR1276187_aa_frame5,1,0.54,NODE_134_length_3526_cov_75.137136_SRR1276187
NODE_134_length_3526_cov_75.137136_SRR1276187_aa_frame6,0,0.445,NODE_134_length_3526_cov_75.137136_SRR1276187
NODE_13604_length_606_cov_1.260870_SRR1785209_ORF.1,1,0.925,NODE_13604_length_606_cov_1.260870_SRR1785209
NODE_13604_length_606_cov_1.260870_SRR1785209_aa_frame1,1,0.695,NODE_13604_length_606_cov_1.260870_SRR1785209
NODE_13604_length_606_cov_1.260870_SRR1785209_aa_frame2,1,0.7299065420560749,NODE_13604_length_606_cov_1.260870_SRR1785209
NODE_13604_length_606_cov_1.260870_SRR1785209_aa_frame3,1,0.5449065420560748,NODE_13604_length_606_cov_1.260870_SRR1785209
NODE_13604_length_606_cov_1.260870_SRR1785209_aa_frame4,1,0.905,NODE_13604_length_606_cov_1.260870_SRR1785209
NODE_13604_length_606_cov_1.260870_SRR1785209_aa_frame5,1,0.6498290598290598,NODE_13604_length_606_cov_1.260870_SRR1785209
NODE_13604_length_606_cov_1.260870_SRR1785209_aa_frame6,1,0.705,NODE_13604_length_606_cov_1.260870_SRR1785209
NODE_1361_length_1623_cov_2.074386_SRR1785209_ORF.1,1,0.5647599966953074,NODE_1361_length_1623_cov_2.074386_SRR1785209
NODE_1361_length_1623_cov_2.074386_SRR1785209_ORF.2,1,0.995,NODE_1361_length_1623_cov_2.074386_SRR1785209
NODE_1361_length_1623_cov_2.074386_SRR1785209_ORF.3,1,0.75,NODE_1361_length_1623_cov_2.074386_SRR1785209
NODE_1361_length_1623_cov_2.074386_SRR1785209_ORF.4,0,0.415,NODE_1361_length_1623_cov_2.074386_SRR1785209
NODE_1361_length_1623_cov_2.074386_SRR1785209_aa_frame1,1,0.8536590909090909,NODE_1361_length_1623_cov_2.074386_SRR1785209
NODE_1361_length_1623_cov_2.074386_SRR1785209_aa_frame2,1,0.7397747747747748,NODE_1361_length_1623_cov_2.074386_SRR1785209
NODE_1361_length_1623_cov_2.074386_SRR1785209_aa_frame3,1,0.975,NODE_1361_length_1623_cov_2.074386_SRR1785209
NODE_1361_length_1623_cov_2.074386_SRR1785209_aa_frame4,1,0.685,NODE_1361_length_1623_cov_2.074386_SRR1785209
NODE_1361_length_1623_cov_2.074386_SRR1785209_aa_frame5,1,0.716875,NODE_1361_length_1623_cov_2.074386_SRR1785209
NODE_1361_length_1623_cov_2.074386_SRR1785209_aa_frame6,1,0.625,NODE_1361_length_1623_cov_2.074386_SRR1785209
NODE_136235_length_617_cov_0.811111_SRR7007216_ORF.1,1,0.535,NODE_136235_length_617_cov_0.811111_SRR7007216
NODE_136235_length_617_cov_0.811111_SRR7007216_ORF.2,0,0.42,NODE_136235_length_617_cov_0.811111_SRR7007216
NODE_136235_length_617_cov_0.811111_SRR7007216_aa_frame1,1,0.77,NODE_136235_length_617_cov_0.811111_SRR7007216
NODE_136235_length_617_cov_0.811111_SRR7007216_aa_frame2,1,0.535,NODE_136235_length_617_cov_0.811111_SRR7007216
NODE_136235_length_617_cov_0.811111_SRR7007216_aa_frame3,0,0.49,NODE_136235_length_617_cov_0.811111_SRR7007216
NODE_136235_length_617_cov_0.811111_SRR7007216_aa_frame4,1,0.535,NODE_136235_length_617_cov_0.811111_SRR7007216
NODE_136235_length_617_cov_0.811111_SRR7007216_aa_frame5,1,0.615,NODE_136235_length_617_cov_0.811111_SRR7007216
NODE_136235_length_617_cov_0.811111_SRR7007216_aa_frame6,0,0.48,NODE_136235_length_617_cov_0.811111_SRR7007216
NODE_136418_length_610_cov_0.726079_SRR1785350_ORF.1,1,0.985,NODE_136418_length_610_cov_0.726079_SRR1785350
NODE_136418_length_610_cov_0.726079_SRR1785350_ORF.2,0,0.43,NODE_136418_length_610_cov_0.726079_SRR1785350
NODE_136418_length_610_cov_0.726079_SRR1785350_ORF.3,1,0.555,NODE_136418_length_610_cov_0.726079_SRR1785350
NODE_136418_length_610_cov_0.726079_SRR1785350_aa_frame1,1,0.6199065420560748,NODE_136418_length_610_cov_0.726079_SRR1785350
NODE_136418_length_610_cov_0.726079_SRR1785350_aa_frame2,1,0.985,NODE_136418_length_610_cov_0.726079_SRR1785350
NODE_136418_length_610_cov_0.726079_SRR1785350_aa_frame3,1,0.52,NODE_136418_length_610_cov_0.726079_SRR1785350
NODE_136418_length_610_cov_0.726079_SRR1785350_aa_frame4,1,0.6445588235294117,NODE_136418_length_610_cov_0.726079_SRR1785350
NODE_136418_length_610_cov_0.726079_SRR1785350_aa_frame5,1,0.56,NODE_136418_length_610_cov_0.726079_SRR1785350
NODE_136418_length_610_cov_0.726079_SRR1785350_aa_frame6,1,0.6249065420560748,NODE_136418_length_610_cov_0.726079_SRR1785350
NODE_13956_length_699_cov_1106.752412_SRR8658353_ORF.1,0,0.445,NODE_13956_length_699_cov_1106.752412_SRR8658353
NODE_13956_length_699_cov_1106.752412_SRR8658353_aa_frame1,1,0.5595131086142322,NODE_13956_length_699_cov_1106.752412_SRR8658353
NODE_13956_length_699_cov_1106.752412_SRR8658353_aa_frame2,1,0.726086956521739,NODE_13956_length_699_cov_1106.752412_SRR8658353
NODE_13956_length_699_cov_1106.752412_SRR8658353_aa_frame3,1,0.5299349662162163,NODE_13956_length_699_cov_1106.752412_SRR8658353
NODE_13956_length_699_cov_1106.752412_SRR8658353_aa_frame4,1,0.5610714285714286,NODE_13956_length_699_cov_1106.752412_SRR8658353
NODE_13956_length_699_cov_1106.752412_SRR8658353_aa_frame5,0,0.43,NODE_13956_length_699_cov_1106.752412_SRR8658353
NODE_13956_length_699_cov_1106.752412_SRR8658353_aa_frame6,1,0.5908333333333333,NODE_13956_length_699_cov_1106.752412_SRR8658353
NODE_13971_length_2350_cov_3.766013_SRR3624128_ORF.1,1,0.665,NODE_13971_length_2350_cov_3.766013_SRR3624128
NODE_13971_length_2350_cov_3.766013_SRR3624128_ORF.2,1,0.55,NODE_13971_length_2350_cov_3.766013_SRR3624128
NODE_13971_length_2350_cov_3.766013_SRR3624128_ORF.3,1,1.0,NODE_13971_length_2350_cov_3.766013_SRR3624128
NODE_13971_length_2350_cov_3.766013_SRR3624128_aa_frame1,1,0.755,NODE_13971_length_2350_cov_3.766013_SRR3624128
NODE_13971_length_2350_cov_3.766013_SRR3624128_aa_frame2,1,0.685,NODE_13971_length_2350_cov_3.766013_SRR3624128
NODE_13971_length_2350_cov_3.766013_SRR3624128_aa_frame3,1,0.73,NODE_13971_length_2350_cov_3.766013_SRR3624128
NODE_13971_length_2350_cov_3.766013_SRR3624128_aa_frame4,1,0.62,NODE_13971_length_2350_cov_3.766013_SRR3624128
NODE_13971_length_2350_cov_3.766013_SRR3624128_aa_frame5,1,1.0,NODE_13971_length_2350_cov_3.766013_SRR3624128
NODE_13971_length_2350_cov_3.766013_SRR3624128_aa_frame6,1,0.575,NODE_13971_length_2350_cov_3.766013_SRR3624128
NODE_139_length_7691_cov_56.249869_SRR5087362_ORF.1,1,0.515,NODE_139_length_7691_cov_56.249869_SRR5087362
NODE_139_length_7691_cov_56.249869_SRR5087362_ORF.2,1,0.665,NODE_139_length_7691_cov_56.249869_SRR5087362
NODE_139_length_7691_cov_56.249869_SRR5087362_ORF.3,1,0.705,NODE_139_length_7691_cov_56.249869_SRR5087362
NODE_139_length_7691_cov_56.249869_SRR5087362_ORF.4,0,0.345,NODE_139_length_7691_cov_56.249869_SRR5087362
NODE_139_length_7691_cov_56.249869_SRR5087362_ORF.5,1,0.745,NODE_139_length_7691_cov_56.249869_SRR5087362
NODE_139_length_7691_cov_56.249869_SRR5087362_aa_frame1,0,0.115,NODE_139_length_7691_cov_56.249869_SRR5087362
NODE_139_length_7691_cov_56.249869_SRR5087362_aa_frame2,0,0.09,NODE_139_length_7691_cov_56.249869_SRR5087362
NODE_139_length_7691_cov_56.249869_SRR5087362_aa_frame3,0,0.05,NODE_139_length_7691_cov_56.249869_SRR5087362
NODE_139_length_7691_cov_56.249869_SRR5087362_aa_frame4,0,0.07,NODE_139_length_7691_cov_56.249869_SRR5087362
NODE_139_length_7691_cov_56.249869_SRR5087362_aa_frame5,0,0.005,NODE_139_length_7691_cov_56.249869_SRR5087362
NODE_139_length_7691_cov_56.249869_SRR5087362_aa_frame6,0,0.32,NODE_139_length_7691_cov_56.249869_SRR5087362
NODE_139_length_7735_cov_22.803125_SRR6233770_ORF.1,1,0.705,NODE_139_length_7735_cov_22.803125_SRR6233770
NODE_139_length_7735_cov_22.803125_SRR6233770_ORF.2,0,0.345,NODE_139_length_7735_cov_22.803125_SRR6233770
NODE_139_length_7735_cov_22.803125_SRR6233770_ORF.3,1,0.7398161764705883,NODE_139_length_7735_cov_22.803125_SRR6233770
NODE_139_length_7735_cov_22.803125_SRR6233770_ORF.4,1,0.705,NODE_139_length_7735_cov_22.803125_SRR6233770
NODE_139_length_7735_cov_22.803125_SRR6233770_ORF.5,1,0.515,NODE_139_length_7735_cov_22.803125_SRR6233770
NODE_139_length_7735_cov_22.803125_SRR6233770_ORF.6,1,0.665,NODE_139_length_7735_cov_22.803125_SRR6233770
NODE_139_length_7735_cov_22.803125_SRR6233770_aa_frame1,0,0.07,NODE_139_length_7735_cov_22.803125_SRR6233770
NODE_139_length_7735_cov_22.803125_SRR6233770_aa_frame2,0,0.025,NODE_139_length_7735_cov_22.803125_SRR6233770
NODE_139_length_7735_cov_22.803125_SRR6233770_aa_frame3,0,0.32,NODE_139_length_7735_cov_22.803125_SRR6233770
NODE_139_length_7735_cov_22.803125_SRR6233770_aa_frame4,0,0.09,NODE_139_length_7735_cov_22.803125_SRR6233770
NODE_139_length_7735_cov_22.803125_SRR6233770_aa_frame5,0,0.045,NODE_139_length_7735_cov_22.803125_SRR6233770
NODE_139_length_7735_cov_22.803125_SRR6233770_aa_frame6,0,0.115,NODE_139_length_7735_cov_22.803125_SRR6233770
NODE_14006_length_2273_cov_2.780510_SRR10143185_ORF.1,0,0.175,NODE_14006_length_2273_cov_2.780510_SRR10143185
NODE_14006_length_2273_cov_2.780510_SRR10143185_aa_frame1,1,0.665,NODE_14006_length_2273_cov_2.780510_SRR10143185
NODE_14006_length_2273_cov_2.780510_SRR10143185_aa_frame2,1,0.59,NODE_14006_length_2273_cov_2.780510_SRR10143185
NODE_14006_length_2273_cov_2.780510_SRR10143185_aa_frame3,1,0.6890625,NODE_14006_length_2273_cov_2.780510_SRR10143185
NODE_14006_length_2273_cov_2.780510_SRR10143185_aa_frame4,1,0.6432936507936508,NODE_14006_length_2273_cov_2.780510_SRR10143185
NODE_14006_length_2273_cov_2.780510_SRR10143185_aa_frame5,1,0.7748076923076923,NODE_14006_length_2273_cov_2.780510_SRR10143185
NODE_14006_length_2273_cov_2.780510_SRR10143185_aa_frame6,0,0.22,NODE_14006_length_2273_cov_2.780510_SRR10143185
NODE_1426_length_3115_cov_410.357472_SRR4435987_ORF.1,0,0.225,NODE_1426_length_3115_cov_410.357472_SRR4435987
NODE_1426_length_3115_cov_410.357472_SRR4435987_aa_frame1,0,0.42,NODE_1426_length_3115_cov_410.357472_SRR4435987
NODE_1426_length_3115_cov_410.357472_SRR4435987_aa_frame2,0,0.43,NODE_1426_length_3115_cov_410.357472_SRR4435987
NODE_1426_length_3115_cov_410.357472_SRR4435987_aa_frame3,1,0.64,NODE_1426_length_3115_cov_410.357472_SRR4435987
NODE_1426_length_3115_cov_410.357472_SRR4435987_aa_frame4,0,0.445,NODE_1426_length_3115_cov_410.357472_SRR4435987
NODE_1426_length_3115_cov_410.357472_SRR4435987_aa_frame5,0,0.485,NODE_1426_length_3115_cov_410.357472_SRR4435987
NODE_1426_length_3115_cov_410.357472_SRR4435987_aa_frame6,1,0.625,NODE_1426_length_3115_cov_410.357472_SRR4435987
NODE_1429_length_1229_cov_177.624132_SRR1778741_ORF.1,1,0.515,NODE_1429_length_1229_cov_177.624132_SRR1778741
NODE_1429_length_1229_cov_177.624132_SRR1778741_aa_frame1,1,0.52,NODE_1429_length_1229_cov_177.624132_SRR1778741
NODE_1429_length_1229_cov_177.624132_SRR1778741_aa_frame2,1,0.79,NODE_1429_length_1229_cov_177.624132_SRR1778741
NODE_1429_length_1229_cov_177.624132_SRR1778741_aa_frame3,1,0.56,NODE_1429_length_1229_cov_177.624132_SRR1778741
NODE_1429_length_1229_cov_177.624132_SRR1778741_aa_frame4,1,0.6590579710144928,NODE_1429_length_1229_cov_177.624132_SRR1778741
NODE_1429_length_1229_cov_177.624132_SRR1778741_aa_frame5,0,0.47,NODE_1429_length_1229_cov_177.624132_SRR1778741
NODE_1429_length_1229_cov_177.624132_SRR1778741_aa_frame6,1,0.8049645390070921,NODE_1429_length_1229_cov_177.624132_SRR1778741
NODE_143_length_7228_cov_27.916935_SRR8658352_ORF.1,0,0.36,NODE_143_length_7228_cov_27.916935_SRR8658352
NODE_143_length_7228_cov_27.916935_SRR8658352_ORF.2,1,0.555,NODE_143_length_7228_cov_27.916935_SRR8658352
NODE_143_length_7228_cov_27.916935_SRR8658352_ORF.3,0,0.45,NODE_143_length_7228_cov_27.916935_SRR8658352
NODE_143_length_7228_cov_27.916935_SRR8658352_ORF.4,1,0.545,NODE_143_length_7228_cov_27.916935_SRR8658352
NODE_143_length_7228_cov_27.916935_SRR8658352_ORF.5,1,0.63,NODE_143_length_7228_cov_27.916935_SRR8658352
NODE_143_length_7228_cov_27.916935_SRR8658352_aa_frame1,0,0.38,NODE_143_length_7228_cov_27.916935_SRR8658352
NODE_143_length_7228_cov_27.916935_SRR8658352_aa_frame2,0,0.37,NODE_143_length_7228_cov_27.916935_SRR8658352
NODE_143_length_7228_cov_27.916935_SRR8658352_aa_frame3,0,0.07,NODE_143_length_7228_cov_27.916935_SRR8658352
NODE_143_length_7228_cov_27.916935_SRR8658352_aa_frame4,0,0.025,NODE_143_length_7228_cov_27.916935_SRR8658352
NODE_143_length_7228_cov_27.916935_SRR8658352_aa_frame5,0,0.035,NODE_143_length_7228_cov_27.916935_SRR8658352
NODE_143_length_7228_cov_27.916935_SRR8658352_aa_frame6,0,0.035,NODE_143_length_7228_cov_27.916935_SRR8658352
NODE_14483_length_1571_cov_215.753958_SRR5087332_ORF.1,0,0.49,NODE_14483_length_1571_cov_215.753958_SRR5087332
NODE_14483_length_1571_cov_215.753958_SRR5087332_aa_frame1,1,0.7897297297297297,NODE_14483_length_1571_cov_215.753958_SRR5087332
NODE_14483_length_1571_cov_215.753958_SRR5087332_aa_frame2,1,0.778528409090909,NODE_14483_length_1571_cov_215.753958_SRR5087332
NODE_14483_length_1571_cov_215.753958_SRR5087332_aa_frame3,1,0.675,NODE_14483_length_1571_cov_215.753958_SRR5087332
NODE_14483_length_1571_cov_215.753958_SRR5087332_aa_frame4,0,0.465,NODE_14483_length_1571_cov_215.753958_SRR5087332
NODE_14483_length_1571_cov_215.753958_SRR5087332_aa_frame5,1,0.695,NODE_14483_length_1571_cov_215.753958_SRR5087332
NODE_14483_length_1571_cov_215.753958_SRR5087332_aa_frame6,1,0.63,NODE_14483_length_1571_cov_215.753958_SRR5087332
NODE_144_length_1806_cov_30.942319_SRR6038364_ORF.1,1,1.0,NODE_144_length_1806_cov_30.942319_SRR6038364
NODE_144_length_1806_cov_30.942319_SRR6038364_ORF.2,1,1.0,NODE_144_length_1806_cov_30.942319_SRR6038364
NODE_144_length_1806_cov_30.942319_SRR6038364_aa_frame1,1,0.7282936507936507,NODE_144_length_1806_cov_30.942319_SRR6038364
NODE_144_length_1806_cov_30.942319_SRR6038364_aa_frame2,1,0.665,NODE_144_length_1806_cov_30.942319_SRR6038364
NODE_144_length_1806_cov_30.942319_SRR6038364_aa_frame3,1,1.0,NODE_144_length_1806_cov_30.942319_SRR6038364
NODE_144_length_1806_cov_30.942319_SRR6038364_aa_frame4,1,0.56,NODE_144_length_1806_cov_30.942319_SRR6038364
NODE_144_length_1806_cov_30.942319_SRR6038364_aa_frame5,1,0.8396875,NODE_144_length_1806_cov_30.942319_SRR6038364
NODE_144_length_1806_cov_30.942319_SRR6038364_aa_frame6,1,0.6499193548387098,NODE_144_length_1806_cov_30.942319_SRR6038364
NODE_14605_length_1060_cov_1.476094_SRR1782579_ORF.1,0,0.46,NODE_14605_length_1060_cov_1.476094_SRR1782579
NODE_14605_length_1060_cov_1.476094_SRR1782579_ORF.2,1,0.98,NODE_14605_length_1060_cov_1.476094_SRR1782579
NODE_14605_length_1060_cov_1.476094_SRR1782579_aa_frame1,1,0.615,NODE_14605_length_1060_cov_1.476094_SRR1782579
NODE_14605_length_1060_cov_1.476094_SRR1782579_aa_frame2,1,0.575,NODE_14605_length_1060_cov_1.476094_SRR1782579
NODE_14605_length_1060_cov_1.476094_SRR1782579_aa_frame3,1,0.7294733044733044,NODE_14605_length_1060_cov_1.476094_SRR1782579
NODE_14605_length_1060_cov_1.476094_SRR1782579_aa_frame4,1,0.59,NODE_14605_length_1060_cov_1.476094_SRR1782579
NODE_14605_length_1060_cov_1.476094_SRR1782579_aa_frame5,1,0.96,NODE_14605_length_1060_cov_1.476094_SRR1782579
NODE_14605_length_1060_cov_1.476094_SRR1782579_aa_frame6,1,0.7740972222222223,NODE_14605_length_1060_cov_1.476094_SRR1782579
NODE_1468_length_2845_cov_2.255703_SRR4242136_ORF.1,1,0.605,NODE_1468_length_2845_cov_2.255703_SRR4242136
NODE_1468_length_2845_cov_2.255703_SRR4242136_aa_frame1,1,0.835,NODE_1468_length_2845_cov_2.255703_SRR4242136
NODE_1468_length_2845_cov_2.255703_SRR4242136_aa_frame2,1,0.75,NODE_1468_length_2845_cov_2.255703_SRR4242136
NODE_1468_length_2845_cov_2.255703_SRR4242136_aa_frame3,1,0.645,NODE_1468_length_2845_cov_2.255703_SRR4242136
NODE_1468_length_2845_cov_2.255703_SRR4242136_aa_frame4,1,0.775,NODE_1468_length_2845_cov_2.255703_SRR4242136
NODE_1468_length_2845_cov_2.255703_SRR4242136_aa_frame5,0,0.4744140625,NODE_1468_length_2845_cov_2.255703_SRR4242136
NODE_1468_length_2845_cov_2.255703_SRR4242136_aa_frame6,1,0.81,NODE_1468_length_2845_cov_2.255703_SRR4242136
NODE_14717_length_694_cov_727.761905_SRR4242136_ORF.1,1,0.965,NODE_14717_length_694_cov_727.761905_SRR4242136
NODE_14717_length_694_cov_727.761905_SRR4242136_ORF.2,0,0.405,NODE_14717_length_694_cov_727.761905_SRR4242136
NODE_14717_length_694_cov_727.761905_SRR4242136_aa_frame1,1,0.6988585631596869,NODE_14717_length_694_cov_727.761905_SRR4242136
NODE_14717_length_694_cov_727.761905_SRR4242136_aa_frame2,1,0.6791332497911445,NODE_14717_length_694_cov_727.761905_SRR4242136
NODE_14717_length_694_cov_727.761905_SRR4242136_aa_frame3,1,0.91,NODE_14717_length_694_cov_727.761905_SRR4242136
NODE_14717_length_694_cov_727.761905_SRR4242136_aa_frame4,1,0.5148290598290598,NODE_14717_length_694_cov_727.761905_SRR4242136
NODE_14717_length_694_cov_727.761905_SRR4242136_aa_frame5,1,0.745,NODE_14717_length_694_cov_727.761905_SRR4242136
NODE_14717_length_694_cov_727.761905_SRR4242136_aa_frame6,1,0.6593561151079137,NODE_14717_length_694_cov_727.761905_SRR4242136
NODE_14749_length_685_cov_2.733553_SRR1778742_ORF.1,1,0.61,NODE_14749_length_685_cov_2.733553_SRR1778742
NODE_14749_length_685_cov_2.733553_SRR1778742_aa_frame1,1,0.7163331284153931,NODE_14749_length_685_cov_2.733553_SRR1778742
NODE_14749_length_685_cov_2.733553_SRR1778742_aa_frame2,1,0.59,NODE_14749_length_685_cov_2.733553_SRR1778742
NODE_14749_length_685_cov_2.733553_SRR1778742_aa_frame3,1,0.6204612312030074,NODE_14749_length_685_cov_2.733553_SRR1778742
NODE_14749_length_685_cov_2.733553_SRR1778742_aa_frame4,1,0.6691608391608392,NODE_14749_length_685_cov_2.733553_SRR1778742
NODE_14749_length_685_cov_2.733553_SRR1778742_aa_frame5,1,0.615,NODE_14749_length_685_cov_2.733553_SRR1778742
NODE_14749_length_685_cov_2.733553_SRR1778742_aa_frame6,1,0.55996875,NODE_14749_length_685_cov_2.733553_SRR1778742
NODE_1495_length_2870_cov_1847.303258_SRR8658353_ORF.1,1,0.675,NODE_1495_length_2870_cov_1847.303258_SRR8658353
NODE_1495_length_2870_cov_1847.303258_SRR8658353_ORF.2,0,0.49,NODE_1495_length_2870_cov_1847.303258_SRR8658353
NODE_1495_length_2870_cov_1847.303258_SRR8658353_ORF.3,0,0.145,NODE_1495_length_2870_cov_1847.303258_SRR8658353
NODE_1495_length_2870_cov_1847.303258_SRR8658353_aa_frame1,1,0.645,NODE_1495_length_2870_cov_1847.303258_SRR8658353
NODE_1495_length_2870_cov_1847.303258_SRR8658353_aa_frame2,1,0.875,NODE_1495_length_2870_cov_1847.303258_SRR8658353
NODE_1495_length_2870_cov_1847.303258_SRR8658353_aa_frame3,1,0.795,NODE_1495_length_2870_cov_1847.303258_SRR8658353
NODE_1495_length_2870_cov_1847.303258_SRR8658353_aa_frame4,0,0.17,NODE_1495_length_2870_cov_1847.303258_SRR8658353
NODE_1495_length_2870_cov_1847.303258_SRR8658353_aa_frame5,1,0.65,NODE_1495_length_2870_cov_1847.303258_SRR8658353
NODE_1495_length_2870_cov_1847.303258_SRR8658353_aa_frame6,1,0.775,NODE_1495_length_2870_cov_1847.303258_SRR8658353
NODE_1499_length_5218_cov_11.485509_SRR8455909_ORF.1,0,0.305,NODE_1499_length_5218_cov_11.485509_SRR8455909
NODE_1499_length_5218_cov_11.485509_SRR8455909_ORF.2,1,0.565,NODE_1499_length_5218_cov_11.485509_SRR8455909
NODE_1499_length_5218_cov_11.485509_SRR8455909_aa_frame1,1,0.73,NODE_1499_length_5218_cov_11.485509_SRR8455909
NODE_1499_length_5218_cov_11.485509_SRR8455909_aa_frame2,0,0.48,NODE_1499_length_5218_cov_11.485509_SRR8455909
NODE_1499_length_5218_cov_11.485509_SRR8455909_aa_frame3,1,0.755,NODE_1499_length_5218_cov_11.485509_SRR8455909
NODE_1499_length_5218_cov_11.485509_SRR8455909_aa_frame4,1,0.895,NODE_1499_length_5218_cov_11.485509_SRR8455909
NODE_1499_length_5218_cov_11.485509_SRR8455909_aa_frame5,1,0.935,NODE_1499_length_5218_cov_11.485509_SRR8455909
NODE_1499_length_5218_cov_11.485509_SRR8455909_aa_frame6,1,0.97,NODE_1499_length_5218_cov_11.485509_SRR8455909
NODE_14_length_5191_cov_521.552923_ERR3179625_ORF.1,0,0.255,NODE_14_length_5191_cov_521.552923_ERR3179625
NODE_14_length_5191_cov_521.552923_ERR3179625_ORF.2,1,0.53,NODE_14_length_5191_cov_521.552923_ERR3179625
NODE_14_length_5191_cov_521.552923_ERR3179625_ORF.3,0,0.19,NODE_14_length_5191_cov_521.552923_ERR3179625
NODE_14_length_5191_cov_521.552923_ERR3179625_ORF.4,1,0.56,NODE_14_length_5191_cov_521.552923_ERR3179625
NODE_14_length_5191_cov_521.552923_ERR3179625_aa_frame1,1,0.96,NODE_14_length_5191_cov_521.552923_ERR3179625
NODE_14_length_5191_cov_521.552923_ERR3179625_aa_frame2,1,0.63,NODE_14_length_5191_cov_521.552923_ERR3179625
NODE_14_length_5191_cov_521.552923_ERR3179625_aa_frame3,1,0.765,NODE_14_length_5191_cov_521.552923_ERR3179625
NODE_14_length_5191_cov_521.552923_ERR3179625_aa_frame4,1,0.675,NODE_14_length_5191_cov_521.552923_ERR3179625
NODE_14_length_5191_cov_521.552923_ERR3179625_aa_frame5,1,0.705,NODE_14_length_5191_cov_521.552923_ERR3179625
NODE_14_length_5191_cov_521.552923_ERR3179625_aa_frame6,1,0.935,NODE_14_length_5191_cov_521.552923_ERR3179625
NODE_15281_length_759_cov_1.082111_SRR1785207_ORF.1,1,1.0,NODE_15281_length_759_cov_1.082111_SRR1785207
NODE_15281_length_759_cov_1.082111_SRR1785207_aa_frame1,1,0.5592297410192146,NODE_15281_length_759_cov_1.082111_SRR1785207
NODE_15281_length_759_cov_1.082111_SRR1785207_aa_frame2,1,0.6634680394680394,NODE_15281_length_759_cov_1.082111_SRR1785207
NODE_15281_length_759_cov_1.082111_SRR1785207_aa_frame3,1,1.0,NODE_15281_length_759_cov_1.082111_SRR1785207
NODE_15281_length_759_cov_1.082111_SRR1785207_aa_frame4,1,0.7147590163934425,NODE_15281_length_759_cov_1.082111_SRR1785207
NODE_15281_length_759_cov_1.082111_SRR1785207_aa_frame5,1,0.6236505791505792,NODE_15281_length_759_cov_1.082111_SRR1785207
NODE_15281_length_759_cov_1.082111_SRR1785207_aa_frame6,1,0.6348425925925926,NODE_15281_length_759_cov_1.082111_SRR1785207
NODE_152_length_6750_cov_12.227484_SRR12855025_ORF.1,1,0.8,NODE_152_length_6750_cov_12.227484_SRR12855025
NODE_152_length_6750_cov_12.227484_SRR12855025_ORF.10,1,0.66,NODE_152_length_6750_cov_12.227484_SRR12855025
NODE_152_length_6750_cov_12.227484_SRR12855025_ORF.11,1,0.655,NODE_152_length_6750_cov_12.227484_SRR12855025
NODE_152_length_6750_cov_12.227484_SRR12855025_ORF.12,1,0.72,NODE_152_length_6750_cov_12.227484_SRR12855025
NODE_152_length_6750_cov_12.227484_SRR12855025_ORF.2,1,0.8045131086142322,NODE_152_length_6750_cov_12.227484_SRR12855025
NODE_152_length_6750_cov_12.227484_SRR12855025_ORF.3,1,0.67,NODE_152_length_6750_cov_12.227484_SRR12855025
NODE_152_length_6750_cov_12.227484_SRR12855025_ORF.4,1,0.625,NODE_152_length_6750_cov_12.227484_SRR12855025
NODE_152_length_6750_cov_12.227484_SRR12855025_ORF.5,1,0.575,NODE_152_length_6750_cov_12.227484_SRR12855025
NODE_152_length_6750_cov_12.227484_SRR12855025_ORF.6,1,0.585,NODE_152_length_6750_cov_12.227484_SRR12855025
NODE_152_length_6750_cov_12.227484_SRR12855025_ORF.7,1,0.655,NODE_152_length_6750_cov_12.227484_SRR12855025
NODE_152_length_6750_cov_12.227484_SRR12855025_ORF.8,1,0.72,NODE_152_length_6750_cov_12.227484_SRR12855025
NODE_152_length_6750_cov_12.227484_SRR12855025_ORF.9,1,0.575,NODE_152_length_6750_cov_12.227484_SRR12855025
NODE_152_length_6750_cov_12.227484_SRR12855025_aa_frame1,0,0.5,NODE_152_length_6750_cov_12.227484_SRR12855025
NODE_152_length_6750_cov_12.227484_SRR12855025_aa_frame2,0,0.2,NODE_152_length_6750_cov_12.227484_SRR12855025
NODE_152_length_6750_cov_12.227484_SRR12855025_aa_frame3,0,0.295,NODE_152_length_6750_cov_12.227484_SRR12855025
NODE_152_length_6750_cov_12.227484_SRR12855025_aa_frame4,0,0.25,NODE_152_length_6750_cov_12.227484_SRR12855025
NODE_152_length_6750_cov_12.227484_SRR12855025_aa_frame5,1,0.71,NODE_152_length_6750_cov_12.227484_SRR12855025
NODE_152_length_6750_cov_12.227484_SRR12855025_aa_frame6,0,0.345,NODE_152_length_6750_cov_12.227484_SRR12855025
NODE_15368_length_912_cov_1.162874_SRR1782604_ORF.1,1,0.69,NODE_15368_length_912_cov_1.162874_SRR1782604
NODE_15368_length_912_cov_1.162874_SRR1782604_ORF.2,0,0.435,NODE_15368_length_912_cov_1.162874_SRR1782604
NODE_15368_length_912_cov_1.162874_SRR1782604_ORF.3,0,0.43,NODE_15368_length_912_cov_1.162874_SRR1782604
NODE_15368_length_912_cov_1.162874_SRR1782604_aa_frame1,0,0.385,NODE_15368_length_912_cov_1.162874_SRR1782604
NODE_15368_length_912_cov_1.162874_SRR1782604_aa_frame2,1,0.6864155011655012,NODE_15368_length_912_cov_1.162874_SRR1782604
NODE_15368_length_912_cov_1.162874_SRR1782604_aa_frame3,1,0.5795650323459313,NODE_15368_length_912_cov_1.162874_SRR1782604
NODE_15368_length_912_cov_1.162874_SRR1782604_aa_frame4,1,0.5681715022566087,NODE_15368_length_912_cov_1.162874_SRR1782604
NODE_15368_length_912_cov_1.162874_SRR1782604_aa_frame5,1,0.6330609841965265,NODE_15368_length_912_cov_1.162874_SRR1782604
NODE_15368_length_912_cov_1.162874_SRR1782604_aa_frame6,1,0.6101241676459068,NODE_15368_length_912_cov_1.162874_SRR1782604
NODE_15398_length_757_cov_0.600000_SRR1785207_ORF.1,1,1.0,NODE_15398_length_757_cov_0.600000_SRR1785207
NODE_15398_length_757_cov_0.600000_SRR1785207_aa_frame1,1,0.6593631086142322,NODE_15398_length_757_cov_0.600000_SRR1785207
NODE_15398_length_757_cov_0.600000_SRR1785207_aa_frame2,1,1.0,NODE_15398_length_757_cov_0.600000_SRR1785207
NODE_15398_length_757_cov_0.600000_SRR1785207_aa_frame3,1,0.6134200244200244,NODE_15398_length_757_cov_0.600000_SRR1785207
NODE_15398_length_757_cov_0.600000_SRR1785207_aa_frame4,1,0.6343110442269646,NODE_15398_length_757_cov_0.600000_SRR1785207
NODE_15398_length_757_cov_0.600000_SRR1785207_aa_frame5,1,0.6209384229761384,NODE_15398_length_757_cov_0.600000_SRR1785207
NODE_15398_length_757_cov_0.600000_SRR1785207_aa_frame6,0,0.46451310861423223,NODE_15398_length_757_cov_0.600000_SRR1785207
NODE_15468_length_1043_cov_3.805668_ERR1356733_ORF.1,1,0.995,NODE_15468_length_1043_cov_3.805668_ERR1356733
NODE_15468_length_1043_cov_3.805668_ERR1356733_aa_frame1,1,0.61,NODE_15468_length_1043_cov_3.805668_ERR1356733
NODE_15468_length_1043_cov_3.805668_ERR1356733_aa_frame2,1,0.6734029632264926,NODE_15468_length_1043_cov_3.805668_ERR1356733
NODE_15468_length_1043_cov_3.805668_ERR1356733_aa_frame3,1,0.6797222222222223,NODE_15468_length_1043_cov_3.805668_ERR1356733
NODE_15468_length_1043_cov_3.805668_ERR1356733_aa_frame4,1,0.689949494949495,NODE_15468_length_1043_cov_3.805668_ERR1356733
NODE_15468_length_1043_cov_3.805668_ERR1356733_aa_frame5,1,0.995,NODE_15468_length_1043_cov_3.805668_ERR1356733
NODE_15468_length_1043_cov_3.805668_ERR1356733_aa_frame6,1,0.6855457736707737,NODE_15468_length_1043_cov_3.805668_ERR1356733
NODE_154_length_7328_cov_131.047573_SRR5087396_ORF.1,1,0.515,NODE_154_length_7328_cov_131.047573_SRR5087396
NODE_154_length_7328_cov_131.047573_SRR5087396_ORF.2,1,0.665,NODE_154_length_7328_cov_131.047573_SRR5087396
NODE_154_length_7328_cov_131.047573_SRR5087396_ORF.3,1,0.705,NODE_154_length_7328_cov_131.047573_SRR5087396
NODE_154_length_7328_cov_131.047573_SRR5087396_ORF.4,0,0.345,NODE_154_length_7328_cov_131.047573_SRR5087396
NODE_154_length_7328_cov_131.047573_SRR5087396_ORF.5,0,0.45,NODE_154_length_7328_cov_131.047573_SRR5087396
NODE_154_length_7328_cov_131.047573_SRR5087396_aa_frame1,0,0.11,NODE_154_length_7328_cov_131.047573_SRR5087396
NODE_154_length_7328_cov_131.047573_SRR5087396_aa_frame2,0,0.075,NODE_154_length_7328_cov_131.047573_SRR5087396
NODE_154_length_7328_cov_131.047573_SRR5087396_aa_frame3,0,0.035,NODE_154_length_7328_cov_131.047573_SRR5087396
NODE_154_length_7328_cov_131.047573_SRR5087396_aa_frame4,0,0.035,NODE_154_length_7328_cov_131.047573_SRR5087396
NODE_154_length_7328_cov_131.047573_SRR5087396_aa_frame5,0,0.02,NODE_154_length_7328_cov_131.047573_SRR5087396
NODE_154_length_7328_cov_131.047573_SRR5087396_aa_frame6,0,0.33,NODE_154_length_7328_cov_131.047573_SRR5087396
NODE_15547_length_1040_cov_4.727919_ERR1356733_ORF.1,1,1.0,NODE_15547_length_1040_cov_4.727919_ERR1356733
NODE_15547_length_1040_cov_4.727919_ERR1356733_ORF.2,1,0.77,NODE_15547_length_1040_cov_4.727919_ERR1356733
NODE_15547_length_1040_cov_4.727919_ERR1356733_aa_frame1,1,0.7044117647058823,NODE_15547_length_1040_cov_4.727919_ERR1356733
NODE_15547_length_1040_cov_4.727919_ERR1356733_aa_frame2,1,0.76,NODE_15547_length_1040_cov_4.727919_ERR1356733
NODE_15547_length_1040_cov_4.727919_ERR1356733_aa_frame3,1,1.0,NODE_15547_length_1040_cov_4.727919_ERR1356733
NODE_15547_length_1040_cov_4.727919_ERR1356733_aa_frame4,1,0.775,NODE_15547_length_1040_cov_4.727919_ERR1356733
NODE_15547_length_1040_cov_4.727919_ERR1356733_aa_frame5,1,0.695,NODE_15547_length_1040_cov_4.727919_ERR1356733
NODE_15547_length_1040_cov_4.727919_ERR1356733_aa_frame6,1,0.7192696401196342,NODE_15547_length_1040_cov_4.727919_ERR1356733
NODE_15726_length_2006_cov_4.525143_SRR12681654_ORF.1,1,0.885,NODE_15726_length_2006_cov_4.525143_SRR12681654
NODE_15726_length_2006_cov_4.525143_SRR12681654_aa_frame1,1,0.72,NODE_15726_length_2006_cov_4.525143_SRR12681654
NODE_15726_length_2006_cov_4.525143_SRR12681654_aa_frame2,1,0.755,NODE_15726_length_2006_cov_4.525143_SRR12681654
NODE_15726_length_2006_cov_4.525143_SRR12681654_aa_frame3,1,0.71,NODE_15726_length_2006_cov_4.525143_SRR12681654
NODE_15726_length_2006_cov_4.525143_SRR12681654_aa_frame4,1,0.535,NODE_15726_length_2006_cov_4.525143_SRR12681654
NODE_15726_length_2006_cov_4.525143_SRR12681654_aa_frame5,1,0.87,NODE_15726_length_2006_cov_4.525143_SRR12681654
NODE_15726_length_2006_cov_4.525143_SRR12681654_aa_frame6,1,0.545,NODE_15726_length_2006_cov_4.525143_SRR12681654
NODE_157_length_6711_cov_657.899005_SRR8749696_ORF.1,0,0.5,NODE_157_length_6711_cov_657.899005_SRR8749696
NODE_157_length_6711_cov_657.899005_SRR8749696_ORF.2,1,0.725,NODE_157_length_6711_cov_657.899005_SRR8749696
NODE_157_length_6711_cov_657.899005_SRR8749696_ORF.3,1,0.56,NODE_157_length_6711_cov_657.899005_SRR8749696
NODE_157_length_6711_cov_657.899005_SRR8749696_ORF.4,1,0.715,NODE_157_length_6711_cov_657.899005_SRR8749696
NODE_157_length_6711_cov_657.899005_SRR8749696_ORF.5,1,0.705,NODE_157_length_6711_cov_657.899005_SRR8749696
NODE_157_length_6711_cov_657.899005_SRR8749696_aa_frame1,0,0.495,NODE_157_length_6711_cov_657.899005_SRR8749696
NODE_157_length_6711_cov_657.899005_SRR8749696_aa_frame2,1,0.65,NODE_157_length_6711_cov_657.899005_SRR8749696
NODE_157_length_6711_cov_657.899005_SRR8749696_aa_frame3,1,0.835,NODE_157_length_6711_cov_657.899005_SRR8749696
NODE_157_length_6711_cov_657.899005_SRR8749696_aa_frame4,1,0.86,NODE_157_length_6711_cov_657.899005_SRR8749696
NODE_157_length_6711_cov_657.899005_SRR8749696_aa_frame5,1,0.705,NODE_157_length_6711_cov_657.899005_SRR8749696
NODE_157_length_6711_cov_657.899005_SRR8749696_aa_frame6,1,0.855,NODE_157_length_6711_cov_657.899005_SRR8749696
NODE_15806_length_1023_cov_5.767442_SRR1782579_ORF.1,1,0.565,NODE_15806_length_1023_cov_5.767442_SRR1782579
NODE_15806_length_1023_cov_5.767442_SRR1782579_ORF.2,1,0.625,NODE_15806_length_1023_cov_5.767442_SRR1782579
NODE_15806_length_1023_cov_5.767442_SRR1782579_ORF.3,1,0.55,NODE_15806_length_1023_cov_5.767442_SRR1782579
NODE_15806_length_1023_cov_5.767442_SRR1782579_ORF.4,1,0.905,NODE_15806_length_1023_cov_5.767442_SRR1782579
NODE_15806_length_1023_cov_5.767442_SRR1782579_aa_frame1,1,0.7769976551226552,NODE_15806_length_1023_cov_5.767442_SRR1782579
NODE_15806_length_1023_cov_5.767442_SRR1782579_aa_frame2,1,0.6094642857142857,NODE_15806_length_1023_cov_5.767442_SRR1782579
NODE_15806_length_1023_cov_5.767442_SRR1782579_aa_frame3,1,0.73,NODE_15806_length_1023_cov_5.767442_SRR1782579
NODE_15806_length_1023_cov_5.767442_SRR1782579_aa_frame4,1,0.56,NODE_15806_length_1023_cov_5.767442_SRR1782579
NODE_15806_length_1023_cov_5.767442_SRR1782579_aa_frame5,1,0.6258925589776654,NODE_15806_length_1023_cov_5.767442_SRR1782579
NODE_15806_length_1023_cov_5.767442_SRR1782579_aa_frame6,1,0.88,NODE_15806_length_1023_cov_5.767442_SRR1782579
NODE_1581_length_1537_cov_37.969863_SRR1785209_ORF.1,1,0.615,NODE_1581_length_1537_cov_37.969863_SRR1785209
NODE_1581_length_1537_cov_37.969863_SRR1785209_ORF.2,1,0.7048026315789474,NODE_1581_length_1537_cov_37.969863_SRR1785209
NODE_1581_length_1537_cov_37.969863_SRR1785209_ORF.3,1,0.88,NODE_1581_length_1537_cov_37.969863_SRR1785209
NODE_1581_length_1537_cov_37.969863_SRR1785209_aa_frame1,1,0.5999193548387097,NODE_1581_length_1537_cov_37.969863_SRR1785209
NODE_1581_length_1537_cov_37.969863_SRR1785209_aa_frame2,1,0.625,NODE_1581_length_1537_cov_37.969863_SRR1785209
NODE_1581_length_1537_cov_37.969863_SRR1785209_aa_frame3,1,0.715,NODE_1581_length_1537_cov_37.969863_SRR1785209
NODE_1581_length_1537_cov_37.969863_SRR1785209_aa_frame4,1,0.61,NODE_1581_length_1537_cov_37.969863_SRR1785209
NODE_1581_length_1537_cov_37.969863_SRR1785209_aa_frame5,1,0.815,NODE_1581_length_1537_cov_37.969863_SRR1785209
NODE_1581_length_1537_cov_37.969863_SRR1785209_aa_frame6,1,0.614467539552646,NODE_1581_length_1537_cov_37.969863_SRR1785209
NODE_15872_length_1547_cov_1.932653_SRR7007216_ORF.1,0,0.48,NODE_15872_length_1547_cov_1.932653_SRR7007216
NODE_15872_length_1547_cov_1.932653_SRR7007216_ORF.2,0,0.22,NODE_15872_length_1547_cov_1.932653_SRR7007216
NODE_15872_length_1547_cov_1.932653_SRR7007216_ORF.3,1,0.615,NODE_15872_length_1547_cov_1.932653_SRR7007216
NODE_15872_length_1547_cov_1.932653_SRR7007216_ORF.4,1,0.555,NODE_15872_length_1547_cov_1.932653_SRR7007216
NODE_15872_length_1547_cov_1.932653_SRR7007216_aa_frame1,1,0.755,NODE_15872_length_1547_cov_1.932653_SRR7007216
NODE_15872_length_1547_cov_1.932653_SRR7007216_aa_frame2,1,0.64,NODE_15872_length_1547_cov_1.932653_SRR7007216
NODE_15872_length_1547_cov_1.932653_SRR7007216_aa_frame3,0,0.29,NODE_15872_length_1547_cov_1.932653_SRR7007216
NODE_15872_length_1547_cov_1.932653_SRR7007216_aa_frame4,1,0.615,NODE_15872_length_1547_cov_1.932653_SRR7007216
NODE_15872_length_1547_cov_1.932653_SRR7007216_aa_frame5,0,0.465,NODE_15872_length_1547_cov_1.932653_SRR7007216
NODE_15872_length_1547_cov_1.932653_SRR7007216_aa_frame6,1,0.598659090909091,NODE_15872_length_1547_cov_1.932653_SRR7007216
NODE_1589_length_2660_cov_5.666795_SRR5892088_ORF.1,0,0.47,NODE_1589_length_2660_cov_5.666795_SRR5892088
NODE_1589_length_2660_cov_5.666795_SRR5892088_ORF.2,1,0.67,NODE_1589_length_2660_cov_5.666795_SRR5892088
NODE_1589_length_2660_cov_5.666795_SRR5892088_ORF.3,0,0.135,NODE_1589_length_2660_cov_5.666795_SRR5892088
NODE_1589_length_2660_cov_5.666795_SRR5892088_ORF.4,1,0.635,NODE_1589_length_2660_cov_5.666795_SRR5892088
NODE_1589_length_2660_cov_5.666795_SRR5892088_ORF.5,0,0.42,NODE_1589_length_2660_cov_5.666795_SRR5892088
NODE_1589_length_2660_cov_5.666795_SRR5892088_aa_frame1,1,0.6544140625,NODE_1589_length_2660_cov_5.666795_SRR5892088
NODE_1589_length_2660_cov_5.666795_SRR5892088_aa_frame2,1,0.575,NODE_1589_length_2660_cov_5.666795_SRR5892088
NODE_1589_length_2660_cov_5.666795_SRR5892088_aa_frame3,1,0.66,NODE_1589_length_2660_cov_5.666795_SRR5892088
NODE_1589_length_2660_cov_5.666795_SRR5892088_aa_frame4,1,0.705,NODE_1589_length_2660_cov_5.666795_SRR5892088
NODE_1589_length_2660_cov_5.666795_SRR5892088_aa_frame5,1,0.64,NODE_1589_length_2660_cov_5.666795_SRR5892088
NODE_1589_length_2660_cov_5.666795_SRR5892088_aa_frame6,1,0.59,NODE_1589_length_2660_cov_5.666795_SRR5892088
NODE_1597_length_4697_cov_111.772081_SRR5087385_ORF.1,1,0.775,NODE_1597_length_4697_cov_111.772081_SRR5087385
NODE_1597_length_4697_cov_111.772081_SRR5087385_ORF.2,1,0.725,NODE_1597_length_4697_cov_111.772081_SRR5087385
NODE_1597_length_4697_cov_111.772081_SRR5087385_ORF.3,1,0.62,NODE_1597_length_4697_cov_111.772081_SRR5087385
NODE_1597_length_4697_cov_111.772081_SRR5087385_ORF.4,1,0.555,NODE_1597_length_4697_cov_111.772081_SRR5087385
NODE_1597_length_4697_cov_111.772081_SRR5087385_ORF.5,0,0.2,NODE_1597_length_4697_cov_111.772081_SRR5087385
NODE_1597_length_4697_cov_111.772081_SRR5087385_ORF.6,1,0.695,NODE_1597_length_4697_cov_111.772081_SRR5087385
NODE_1597_length_4697_cov_111.772081_SRR5087385_ORF.7,1,0.715,NODE_1597_length_4697_cov_111.772081_SRR5087385
NODE_1597_length_4697_cov_111.772081_SRR5087385_aa_frame1,1,0.93,NODE_1597_length_4697_cov_111.772081_SRR5087385
NODE_1597_length_4697_cov_111.772081_SRR5087385_aa_frame2,1,0.925,NODE_1597_length_4697_cov_111.772081_SRR5087385
NODE_1597_length_4697_cov_111.772081_SRR5087385_aa_frame3,1,0.91,NODE_1597_length_4697_cov_111.772081_SRR5087385
NODE_1597_length_4697_cov_111.772081_SRR5087385_aa_frame4,1,0.7,NODE_1597_length_4697_cov_111.772081_SRR5087385
NODE_1597_length_4697_cov_111.772081_SRR5087385_aa_frame5,1,0.79,NODE_1597_length_4697_cov_111.772081_SRR5087385
NODE_1597_length_4697_cov_111.772081_SRR5087385_aa_frame6,1,0.84,NODE_1597_length_4697_cov_111.772081_SRR5087385
NODE_1600_length_2983_cov_4.341707_SRR8554352_ORF.1,1,0.52,NODE_1600_length_2983_cov_4.341707_SRR8554352
NODE_1600_length_2983_cov_4.341707_SRR8554352_ORF.2,1,0.57,NODE_1600_length_2983_cov_4.341707_SRR8554352
NODE_1600_length_2983_cov_4.341707_SRR8554352_ORF.3,0,0.255,NODE_1600_length_2983_cov_4.341707_SRR8554352
NODE_1600_length_2983_cov_4.341707_SRR8554352_ORF.4,0,0.4,NODE_1600_length_2983_cov_4.341707_SRR8554352
NODE_1600_length_2983_cov_4.341707_SRR8554352_ORF.5,0,0.39,NODE_1600_length_2983_cov_4.341707_SRR8554352
NODE_1600_length_2983_cov_4.341707_SRR8554352_aa_frame1,0,0.39,NODE_1600_length_2983_cov_4.341707_SRR8554352
NODE_1600_length_2983_cov_4.341707_SRR8554352_aa_frame2,1,0.72,NODE_1600_length_2983_cov_4.341707_SRR8554352
NODE_1600_length_2983_cov_4.341707_SRR8554352_aa_frame3,1,0.695,NODE_1600_length_2983_cov_4.341707_SRR8554352
NODE_1600_length_2983_cov_4.341707_SRR8554352_aa_frame4,1,0.6,NODE_1600_length_2983_cov_4.341707_SRR8554352
NODE_1600_length_2983_cov_4.341707_SRR8554352_aa_frame5,1,0.73,NODE_1600_length_2983_cov_4.341707_SRR8554352
NODE_1600_length_2983_cov_4.341707_SRR8554352_aa_frame6,1,0.775,NODE_1600_length_2983_cov_4.341707_SRR8554352
NODE_16210_length_1455_cov_2.546444_SRR7976660_ORF.1,0,0.29,NODE_16210_length_1455_cov_2.546444_SRR7976660
NODE_16210_length_1455_cov_2.546444_SRR7976660_ORF.2,1,0.56,NODE_16210_length_1455_cov_2.546444_SRR7976660
NODE_16210_length_1455_cov_2.546444_SRR7976660_aa_frame1,1,0.6770921985815603,NODE_16210_length_1455_cov_2.546444_SRR7976660
NODE_16210_length_1455_cov_2.546444_SRR7976660_aa_frame2,1,0.55,NODE_16210_length_1455_cov_2.546444_SRR7976660
NODE_16210_length_1455_cov_2.546444_SRR7976660_aa_frame3,1,0.6097747747747748,NODE_16210_length_1455_cov_2.546444_SRR7976660
NODE_16210_length_1455_cov_2.546444_SRR7976660_aa_frame4,0,0.26,NODE_16210_length_1455_cov_2.546444_SRR7976660
NODE_16210_length_1455_cov_2.546444_SRR7976660_aa_frame5,1,0.6447130463797132,NODE_16210_length_1455_cov_2.546444_SRR7976660
NODE_16210_length_1455_cov_2.546444_SRR7976660_aa_frame6,1,0.55,NODE_16210_length_1455_cov_2.546444_SRR7976660
NODE_16235_length_828_cov_0.699068_SRR8554352_ORF.1,1,1.0,NODE_16235_length_828_cov_0.699068_SRR8554352
NODE_16235_length_828_cov_0.699068_SRR8554352_aa_frame1,1,0.643875,NODE_16235_length_828_cov_0.699068_SRR8554352
NODE_16235_length_828_cov_0.699068_SRR8554352_aa_frame2,1,0.7532843070727091,NODE_16235_length_828_cov_0.699068_SRR8554352
NODE_16235_length_828_cov_0.699068_SRR8554352_aa_frame3,1,0.64881981981982,NODE_16235_length_828_cov_0.699068_SRR8554352
NODE_16235_length_828_cov_0.699068_SRR8554352_aa_frame4,1,0.6426684667234815,NODE_16235_length_828_cov_0.699068_SRR8554352
NODE_16235_length_828_cov_0.699068_SRR8554352_aa_frame5,1,1.0,NODE_16235_length_828_cov_0.699068_SRR8554352
NODE_16235_length_828_cov_0.699068_SRR8554352_aa_frame6,1,0.797760497664601,NODE_16235_length_828_cov_0.699068_SRR8554352
NODE_16264_length_1011_cov_0.702355_SRR1782579_ORF.1,1,0.99,NODE_16264_length_1011_cov_0.702355_SRR1782579
NODE_16264_length_1011_cov_0.702355_SRR1782579_aa_frame1,1,0.62,NODE_16264_length_1011_cov_0.702355_SRR1782579
NODE_16264_length_1011_cov_0.702355_SRR1782579_aa_frame2,1,0.97,NODE_16264_length_1011_cov_0.702355_SRR1782579
NODE_16264_length_1011_cov_0.702355_SRR1782579_aa_frame3,1,0.6922634310134309,NODE_16264_length_1011_cov_0.702355_SRR1782579
NODE_16264_length_1011_cov_0.702355_SRR1782579_aa_frame4,1,0.748659090909091,NODE_16264_length_1011_cov_0.702355_SRR1782579
NODE_16264_length_1011_cov_0.702355_SRR1782579_aa_frame5,0,0.42,NODE_16264_length_1011_cov_0.702355_SRR1782579
NODE_16264_length_1011_cov_0.702355_SRR1782579_aa_frame6,1,0.6947755741215502,NODE_16264_length_1011_cov_0.702355_SRR1782579
NODE_16372_length_2170_cov_8.813239_SRR11393268_ORF.1,1,0.655,NODE_16372_length_2170_cov_8.813239_SRR11393268
NODE_16372_length_2170_cov_8.813239_SRR11393268_ORF.2,0,0.485,NODE_16372_length_2170_cov_8.813239_SRR11393268
NODE_16372_length_2170_cov_8.813239_SRR11393268_ORF.3,0,0.3,NODE_16372_length_2170_cov_8.813239_SRR11393268
NODE_16372_length_2170_cov_8.813239_SRR11393268_ORF.4,1,0.625,NODE_16372_length_2170_cov_8.813239_SRR11393268
NODE_16372_length_2170_cov_8.813239_SRR11393268_aa_frame1,1,0.6247142857142858,NODE_16372_length_2170_cov_8.813239_SRR11393268
NODE_16372_length_2170_cov_8.813239_SRR11393268_aa_frame2,1,0.7297142857142858,NODE_16372_length_2170_cov_8.813239_SRR11393268
NODE_16372_length_2170_cov_8.813239_SRR11393268_aa_frame3,0,0.4925462962962963,NODE_16372_length_2170_cov_8.813239_SRR11393268
NODE_16372_length_2170_cov_8.813239_SRR11393268_aa_frame4,1,0.6457716049382717,NODE_16372_length_2170_cov_8.813239_SRR11393268
NODE_16372_length_2170_cov_8.813239_SRR11393268_aa_frame5,1,0.6945753968253967,NODE_16372_length_2170_cov_8.813239_SRR11393268
NODE_16372_length_2170_cov_8.813239_SRR11393268_aa_frame6,1,0.5981547619047619,NODE_16372_length_2170_cov_8.813239_SRR11393268
NODE_1637_length_2349_cov_2.386225_SRR1778783_ORF.1,1,0.565,NODE_1637_length_2349_cov_2.386225_SRR1778783
NODE_1637_length_2349_cov_2.386225_SRR1778783_ORF.2,0,0.245,NODE_1637_length_2349_cov_2.386225_SRR1778783
NODE_1637_length_2349_cov_2.386225_SRR1778783_aa_frame1,1,0.6798076923076922,NODE_1637_length_2349_cov_2.386225_SRR1778783
NODE_1637_length_2349_cov_2.386225_SRR1778783_aa_frame2,1,0.7,NODE_1637_length_2349_cov_2.386225_SRR1778783
NODE_1637_length_2349_cov_2.386225_SRR1778783_aa_frame3,1,0.759375,NODE_1637_length_2349_cov_2.386225_SRR1778783
NODE_1637_length_2349_cov_2.386225_SRR1778783_aa_frame4,0,0.38209219858156035,NODE_1637_length_2349_cov_2.386225_SRR1778783
NODE_1637_length_2349_cov_2.386225_SRR1778783_aa_frame5,1,0.7575462962962963,NODE_1637_length_2349_cov_2.386225_SRR1778783
NODE_1637_length_2349_cov_2.386225_SRR1778783_aa_frame6,0,0.34,NODE_1637_length_2349_cov_2.386225_SRR1778783
NODE_164_length_1745_cov_49.837870_SRR6038364_ORF.1,1,0.9,NODE_164_length_1745_cov_49.837870_SRR6038364
NODE_164_length_1745_cov_49.837870_SRR6038364_ORF.2,1,1.0,NODE_164_length_1745_cov_49.837870_SRR6038364
NODE_164_length_1745_cov_49.837870_SRR6038364_ORF.3,1,0.9796212121212122,NODE_164_length_1745_cov_49.837870_SRR6038364
NODE_164_length_1745_cov_49.837870_SRR6038364_ORF.4,1,0.53,NODE_164_length_1745_cov_49.837870_SRR6038364
NODE_164_length_1745_cov_49.837870_SRR6038364_aa_frame1,1,0.735,NODE_164_length_1745_cov_49.837870_SRR6038364
NODE_164_length_1745_cov_49.837870_SRR6038364_aa_frame2,1,1.0,NODE_164_length_1745_cov_49.837870_SRR6038364
NODE_164_length_1745_cov_49.837870_SRR6038364_aa_frame3,1,0.5973697377501724,NODE_164_length_1745_cov_49.837870_SRR6038364
NODE_164_length_1745_cov_49.837870_SRR6038364_aa_frame4,1,0.7673541666666667,NODE_164_length_1745_cov_49.837870_SRR6038364
NODE_164_length_1745_cov_49.837870_SRR6038364_aa_frame5,1,0.545,NODE_164_length_1745_cov_49.837870_SRR6038364
NODE_164_length_1745_cov_49.837870_SRR6038364_aa_frame6,1,0.6097159090909091,NODE_164_length_1745_cov_49.837870_SRR6038364
NODE_164_length_6583_cov_13.040594_SRR4934937_ORF.1,1,0.765,NODE_164_length_6583_cov_13.040594_SRR4934937
NODE_164_length_6583_cov_13.040594_SRR4934937_ORF.2,1,0.605,NODE_164_length_6583_cov_13.040594_SRR4934937
NODE_164_length_6583_cov_13.040594_SRR4934937_ORF.3,1,0.775,NODE_164_length_6583_cov_13.040594_SRR4934937
NODE_164_length_6583_cov_13.040594_SRR4934937_ORF.4,1,0.545,NODE_164_length_6583_cov_13.040594_SRR4934937
NODE_164_length_6583_cov_13.040594_SRR4934937_aa_frame1,1,0.695,NODE_164_length_6583_cov_13.040594_SRR4934937
NODE_164_length_6583_cov_13.040594_SRR4934937_aa_frame2,1,0.925,NODE_164_length_6583_cov_13.040594_SRR4934937
NODE_164_length_6583_cov_13.040594_SRR4934937_aa_frame3,1,0.735,NODE_164_length_6583_cov_13.040594_SRR4934937
NODE_164_length_6583_cov_13.040594_SRR4934937_aa_frame4,1,0.885,NODE_164_length_6583_cov_13.040594_SRR4934937
NODE_164_length_6583_cov_13.040594_SRR4934937_aa_frame5,1,0.82,NODE_164_length_6583_cov_13.040594_SRR4934937
NODE_164_length_6583_cov_13.040594_SRR4934937_aa_frame6,1,0.54,NODE_164_length_6583_cov_13.040594_SRR4934937
NODE_164_length_702_cov_1.326957_SRR9665731_ORF.1,1,0.635,NODE_164_length_702_cov_1.326957_SRR9665731
NODE_164_length_702_cov_1.326957_SRR9665731_aa_frame1,1,0.6393004807692307,NODE_164_length_702_cov_1.326957_SRR9665731
NODE_164_length_702_cov_1.326957_SRR9665731_aa_frame2,1,0.6861673287825226,NODE_164_length_702_cov_1.326957_SRR9665731
NODE_164_length_702_cov_1.326957_SRR9665731_aa_frame3,1,0.5598162162162162,NODE_164_length_702_cov_1.326957_SRR9665731
NODE_164_length_702_cov_1.326957_SRR9665731_aa_frame4,1,0.7434695483947301,NODE_164_length_702_cov_1.326957_SRR9665731
NODE_164_length_702_cov_1.326957_SRR9665731_aa_frame5,1,0.6591076388888889,NODE_164_length_702_cov_1.326957_SRR9665731
NODE_164_length_702_cov_1.326957_SRR9665731_aa_frame6,1,0.679276404962986,NODE_164_length_702_cov_1.326957_SRR9665731
NODE_16536_length_1400_cov_1.562358_SRR1777513_ORF.1,1,1.0,NODE_16536_length_1400_cov_1.562358_SRR1777513
NODE_16536_length_1400_cov_1.562358_SRR1777513_ORF.2,1,0.6444460131616672,NODE_16536_length_1400_cov_1.562358_SRR1777513
NODE_16536_length_1400_cov_1.562358_SRR1777513_aa_frame1,1,0.5698809523809524,NODE_16536_length_1400_cov_1.562358_SRR1777513
NODE_16536_length_1400_cov_1.562358_SRR1777513_aa_frame2,1,0.63,NODE_16536_length_1400_cov_1.562358_SRR1777513
NODE_16536_length_1400_cov_1.562358_SRR1777513_aa_frame3,1,0.5420921985815603,NODE_16536_length_1400_cov_1.562358_SRR1777513
NODE_16536_length_1400_cov_1.562358_SRR1777513_aa_frame4,1,0.985,NODE_16536_length_1400_cov_1.562358_SRR1777513
NODE_16536_length_1400_cov_1.562358_SRR1777513_aa_frame5,1,0.605,NODE_16536_length_1400_cov_1.562358_SRR1777513
NODE_16536_length_1400_cov_1.562358_SRR1777513_aa_frame6,1,0.715,NODE_16536_length_1400_cov_1.562358_SRR1777513
NODE_16601_length_826_cov_3.053178_SRR1778782_ORF.1,1,0.57,NODE_16601_length_826_cov_3.053178_SRR1778782
NODE_16601_length_826_cov_3.053178_SRR1778782_ORF.2,1,0.595,NODE_16601_length_826_cov_3.053178_SRR1778782
NODE_16601_length_826_cov_3.053178_SRR1778782_aa_frame1,1,0.7180835917255591,NODE_16601_length_826_cov_3.053178_SRR1778782
NODE_16601_length_826_cov_3.053178_SRR1778782_aa_frame2,1,0.6432139072083298,NODE_16601_length_826_cov_3.053178_SRR1778782
NODE_16601_length_826_cov_3.053178_SRR1778782_aa_frame3,0,0.45961711711711717,NODE_16601_length_826_cov_3.053178_SRR1778782
NODE_16601_length_826_cov_3.053178_SRR1778782_aa_frame4,1,0.615,NODE_16601_length_826_cov_3.053178_SRR1778782
NODE_16601_length_826_cov_3.053178_SRR1778782_aa_frame5,1,0.603867041198502,NODE_16601_length_826_cov_3.053178_SRR1778782
NODE_16601_length_826_cov_3.053178_SRR1778782_aa_frame6,1,0.6610994602591489,NODE_16601_length_826_cov_3.053178_SRR1778782
NODE_1666_length_3389_cov_1.992150_SRR1781945_ORF.1,1,0.635,NODE_1666_length_3389_cov_1.992150_SRR1781945
NODE_1666_length_3389_cov_1.992150_SRR1781945_aa_frame1,1,0.695,NODE_1666_length_3389_cov_1.992150_SRR1781945
NODE_1666_length_3389_cov_1.992150_SRR1781945_aa_frame2,1,0.61,NODE_1666_length_3389_cov_1.992150_SRR1781945
NODE_1666_length_3389_cov_1.992150_SRR1781945_aa_frame3,1,0.7,NODE_1666_length_3389_cov_1.992150_SRR1781945
NODE_1666_length_3389_cov_1.992150_SRR1781945_aa_frame4,1,0.775,NODE_1666_length_3389_cov_1.992150_SRR1781945
NODE_1666_length_3389_cov_1.992150_SRR1781945_aa_frame5,1,0.735,NODE_1666_length_3389_cov_1.992150_SRR1781945
NODE_1666_length_3389_cov_1.992150_SRR1781945_aa_frame6,1,0.74,NODE_1666_length_3389_cov_1.992150_SRR1781945
NODE_1675_length_2646_cov_21.004367_SRR13215577_ORF.1,1,0.535,NODE_1675_length_2646_cov_21.004367_SRR13215577
NODE_1675_length_2646_cov_21.004367_SRR13215577_ORF.10,1,0.73,NODE_1675_length_2646_cov_21.004367_SRR13215577
NODE_1675_length_2646_cov_21.004367_SRR13215577_ORF.2,0,0.22,NODE_1675_length_2646_cov_21.004367_SRR13215577
NODE_1675_length_2646_cov_21.004367_SRR13215577_ORF.3,1,0.565,NODE_1675_length_2646_cov_21.004367_SRR13215577
NODE_1675_length_2646_cov_21.004367_SRR13215577_ORF.4,0,0.49,NODE_1675_length_2646_cov_21.004367_SRR13215577
NODE_1675_length_2646_cov_21.004367_SRR13215577_ORF.5,0,0.435,NODE_1675_length_2646_cov_21.004367_SRR13215577
NODE_1675_length_2646_cov_21.004367_SRR13215577_ORF.6,0,0.29,NODE_1675_length_2646_cov_21.004367_SRR13215577
NODE_1675_length_2646_cov_21.004367_SRR13215577_ORF.7,1,0.81,NODE_1675_length_2646_cov_21.004367_SRR13215577
NODE_1675_length_2646_cov_21.004367_SRR13215577_ORF.8,1,0.705,NODE_1675_length_2646_cov_21.004367_SRR13215577
NODE_1675_length_2646_cov_21.004367_SRR13215577_ORF.9,0,0.465,NODE_1675_length_2646_cov_21.004367_SRR13215577
NODE_1675_length_2646_cov_21.004367_SRR13215577_aa_frame1,0,0.44,NODE_1675_length_2646_cov_21.004367_SRR13215577
NODE_1675_length_2646_cov_21.004367_SRR13215577_aa_frame2,0,0.385,NODE_1675_length_2646_cov_21.004367_SRR13215577
NODE_1675_length_2646_cov_21.004367_SRR13215577_aa_frame3,0,0.435,NODE_1675_length_2646_cov_21.004367_SRR13215577
NODE_1675_length_2646_cov_21.004367_SRR13215577_aa_frame4,0,0.495,NODE_1675_length_2646_cov_21.004367_SRR13215577
NODE_1675_length_2646_cov_21.004367_SRR13215577_aa_frame5,0,0.49,NODE_1675_length_2646_cov_21.004367_SRR13215577
NODE_1675_length_2646_cov_21.004367_SRR13215577_aa_frame6,1,0.56,NODE_1675_length_2646_cov_21.004367_SRR13215577
NODE_16782_length_881_cov_1.432836_SRR1782604_ORF.1,1,0.6181756756756757,NODE_16782_length_881_cov_1.432836_SRR1782604
NODE_16782_length_881_cov_1.432836_SRR1782604_ORF.2,0,0.465,NODE_16782_length_881_cov_1.432836_SRR1782604
NODE_16782_length_881_cov_1.432836_SRR1782604_aa_frame1,1,0.6833169722824738,NODE_16782_length_881_cov_1.432836_SRR1782604
NODE_16782_length_881_cov_1.432836_SRR1782604_aa_frame2,1,0.7876168792482597,NODE_16782_length_881_cov_1.432836_SRR1782604
NODE_16782_length_881_cov_1.432836_SRR1782604_aa_frame3,1,0.6131756756756757,NODE_16782_length_881_cov_1.432836_SRR1782604
NODE_16782_length_881_cov_1.432836_SRR1782604_aa_frame4,1,0.54,NODE_16782_length_881_cov_1.432836_SRR1782604
NODE_16782_length_881_cov_1.432836_SRR1782604_aa_frame5,1,0.638254835589942,NODE_16782_length_881_cov_1.432836_SRR1782604
NODE_16782_length_881_cov_1.432836_SRR1782604_aa_frame6,1,0.8476317582748663,NODE_16782_length_881_cov_1.432836_SRR1782604
NODE_1686_length_3834_cov_40.916689_SRR1785350_ORF.1,1,0.84,NODE_1686_length_3834_cov_40.916689_SRR1785350
NODE_1686_length_3834_cov_40.916689_SRR1785350_ORF.2,1,0.995,NODE_1686_length_3834_cov_40.916689_SRR1785350
NODE_1686_length_3834_cov_40.916689_SRR1785350_ORF.3,1,0.705,NODE_1686_length_3834_cov_40.916689_SRR1785350
NODE_1686_length_3834_cov_40.916689_SRR1785350_ORF.4,1,0.875,NODE_1686_length_3834_cov_40.916689_SRR1785350
NODE_1686_length_3834_cov_40.916689_SRR1785350_ORF.5,1,0.62,NODE_1686_length_3834_cov_40.916689_SRR1785350
NODE_1686_length_3834_cov_40.916689_SRR1785350_ORF.6,0,0.43,NODE_1686_length_3834_cov_40.916689_SRR1785350
NODE_1686_length_3834_cov_40.916689_SRR1785350_aa_frame1,1,0.955,NODE_1686_length_3834_cov_40.916689_SRR1785350
NODE_1686_length_3834_cov_40.916689_SRR1785350_aa_frame2,1,0.605,NODE_1686_length_3834_cov_40.916689_SRR1785350
NODE_1686_length_3834_cov_40.916689_SRR1785350_aa_frame3,1,0.855,NODE_1686_length_3834_cov_40.916689_SRR1785350
NODE_1686_length_3834_cov_40.916689_SRR1785350_aa_frame4,1,0.76,NODE_1686_length_3834_cov_40.916689_SRR1785350
NODE_1686_length_3834_cov_40.916689_SRR1785350_aa_frame5,1,0.65,NODE_1686_length_3834_cov_40.916689_SRR1785350
NODE_1686_length_3834_cov_40.916689_SRR1785350_aa_frame6,1,0.76,NODE_1686_length_3834_cov_40.916689_SRR1785350
NODE_1697_length_1865_cov_2.125280_SRR1778742_ORF.1,1,0.665,NODE_1697_length_1865_cov_2.125280_SRR1778742
NODE_1697_length_1865_cov_2.125280_SRR1778742_ORF.2,0,0.42,NODE_1697_length_1865_cov_2.125280_SRR1778742
NODE_1697_length_1865_cov_2.125280_SRR1778742_aa_frame1,0,0.47,NODE_1697_length_1865_cov_2.125280_SRR1778742
NODE_1697_length_1865_cov_2.125280_SRR1778742_aa_frame2,1,0.595,NODE_1697_length_1865_cov_2.125280_SRR1778742
NODE_1697_length_1865_cov_2.125280_SRR1778742_aa_frame3,1,0.6,NODE_1697_length_1865_cov_2.125280_SRR1778742
NODE_1697_length_1865_cov_2.125280_SRR1778742_aa_frame4,1,0.6496875,NODE_1697_length_1865_cov_2.125280_SRR1778742
NODE_1697_length_1865_cov_2.125280_SRR1778742_aa_frame5,0,0.48,NODE_1697_length_1865_cov_2.125280_SRR1778742
NODE_1697_length_1865_cov_2.125280_SRR1778742_aa_frame6,0,0.495,NODE_1697_length_1865_cov_2.125280_SRR1778742
NODE_16986_length_652_cov_1428.706667_SRR4242136_ORF.1,1,1.0,NODE_16986_length_652_cov_1428.706667_SRR4242136
NODE_16986_length_652_cov_1428.706667_SRR4242136_aa_frame1,1,0.615,NODE_16986_length_652_cov_1428.706667_SRR4242136
NODE_16986_length_652_cov_1428.706667_SRR4242136_aa_frame2,1,0.7256637841067851,NODE_16986_length_652_cov_1428.706667_SRR4242136
NODE_16986_length_652_cov_1428.706667_SRR4242136_aa_frame3,1,0.695,NODE_16986_length_652_cov_1428.706667_SRR4242136
NODE_16986_length_652_cov_1428.706667_SRR4242136_aa_frame4,1,0.6927272727272726,NODE_16986_length_652_cov_1428.706667_SRR4242136
NODE_16986_length_652_cov_1428.706667_SRR4242136_aa_frame5,1,1.0,NODE_16986_length_652_cov_1428.706667_SRR4242136
NODE_16986_length_652_cov_1428.706667_SRR4242136_aa_frame6,1,0.7049473684210525,NODE_16986_length_652_cov_1428.706667_SRR4242136
NODE_17046_length_1381_cov_1.986963_SRR1777513_ORF.1,0,0.21,NODE_17046_length_1381_cov_1.986963_SRR1777513
NODE_17046_length_1381_cov_1.986963_SRR1777513_aa_frame1,1,0.6398717948717949,NODE_17046_length_1381_cov_1.986963_SRR1777513
NODE_17046_length_1381_cov_1.986963_SRR1777513_aa_frame2,0,0.335,NODE_17046_length_1381_cov_1.986963_SRR1777513
NODE_17046_length_1381_cov_1.986963_SRR1777513_aa_frame3,1,0.55,NODE_17046_length_1381_cov_1.986963_SRR1777513
NODE_17046_length_1381_cov_1.986963_SRR1777513_aa_frame4,1,0.5847222222222223,NODE_17046_length_1381_cov_1.986963_SRR1777513
NODE_17046_length_1381_cov_1.986963_SRR1777513_aa_frame5,0,0.455,NODE_17046_length_1381_cov_1.986963_SRR1777513
NODE_17046_length_1381_cov_1.986963_SRR1777513_aa_frame6,1,0.56,NODE_17046_length_1381_cov_1.986963_SRR1777513
NODE_17397_length_717_cov_1.118750_SRR1785207_ORF.1,1,0.91,NODE_17397_length_717_cov_1.118750_SRR1785207
NODE_17397_length_717_cov_1.118750_SRR1785207_aa_frame1,1,0.7741890056238493,NODE_17397_length_717_cov_1.118750_SRR1785207
NODE_17397_length_717_cov_1.118750_SRR1785207_aa_frame2,1,0.7395489648033127,NODE_17397_length_717_cov_1.118750_SRR1785207
NODE_17397_length_717_cov_1.118750_SRR1785207_aa_frame3,1,0.7583260941644562,NODE_17397_length_717_cov_1.118750_SRR1785207
NODE_17397_length_717_cov_1.118750_SRR1785207_aa_frame4,1,0.6784999294958167,NODE_17397_length_717_cov_1.118750_SRR1785207
NODE_17397_length_717_cov_1.118750_SRR1785207_aa_frame5,1,0.855,NODE_17397_length_717_cov_1.118750_SRR1785207
NODE_17397_length_717_cov_1.118750_SRR1785207_aa_frame6,1,0.7342764049629861,NODE_17397_length_717_cov_1.118750_SRR1785207
NODE_17587_length_1928_cov_4.066451_SRR12681654_ORF.1,1,0.925,NODE_17587_length_1928_cov_4.066451_SRR12681654
NODE_17587_length_1928_cov_4.066451_SRR12681654_ORF.2,0,0.375,NODE_17587_length_1928_cov_4.066451_SRR12681654
NODE_17587_length_1928_cov_4.066451_SRR12681654_ORF.3,1,0.985,NODE_17587_length_1928_cov_4.066451_SRR12681654
NODE_17587_length_1928_cov_4.066451_SRR12681654_ORF.4,1,0.57,NODE_17587_length_1928_cov_4.066451_SRR12681654
NODE_17587_length_1928_cov_4.066451_SRR12681654_ORF.5,1,0.635,NODE_17587_length_1928_cov_4.066451_SRR12681654
NODE_17587_length_1928_cov_4.066451_SRR12681654_aa_frame1,1,0.915,NODE_17587_length_1928_cov_4.066451_SRR12681654
NODE_17587_length_1928_cov_4.066451_SRR12681654_aa_frame2,0,0.475,NODE_17587_length_1928_cov_4.066451_SRR12681654
NODE_17587_length_1928_cov_4.066451_SRR12681654_aa_frame3,1,0.975,NODE_17587_length_1928_cov_4.066451_SRR12681654
NODE_17587_length_1928_cov_4.066451_SRR12681654_aa_frame4,1,0.7790524193548387,NODE_17587_length_1928_cov_4.066451_SRR12681654
NODE_17587_length_1928_cov_4.066451_SRR12681654_aa_frame5,1,0.565,NODE_17587_length_1928_cov_4.066451_SRR12681654
NODE_17587_length_1928_cov_4.066451_SRR12681654_aa_frame6,1,0.555,NODE_17587_length_1928_cov_4.066451_SRR12681654
NODE_18004_length_1314_cov_1.550525_SRR1781945_ORF.1,1,0.99,NODE_18004_length_1314_cov_1.550525_SRR1781945
NODE_18004_length_1314_cov_1.550525_SRR1781945_ORF.2,1,1.0,NODE_18004_length_1314_cov_1.550525_SRR1781945
NODE_18004_length_1314_cov_1.550525_SRR1781945_ORF.3,1,0.58,NODE_18004_length_1314_cov_1.550525_SRR1781945
NODE_18004_length_1314_cov_1.550525_SRR1781945_aa_frame1,1,0.7298706896551724,NODE_18004_length_1314_cov_1.550525_SRR1781945
NODE_18004_length_1314_cov_1.550525_SRR1781945_aa_frame2,1,1.0,NODE_18004_length_1314_cov_1.550525_SRR1781945
NODE_18004_length_1314_cov_1.550525_SRR1781945_aa_frame3,1,0.685,NODE_18004_length_1314_cov_1.550525_SRR1781945
NODE_18004_length_1314_cov_1.550525_SRR1781945_aa_frame4,1,0.7220921985815604,NODE_18004_length_1314_cov_1.550525_SRR1781945
NODE_18004_length_1314_cov_1.550525_SRR1781945_aa_frame5,1,0.8197142857142857,NODE_18004_length_1314_cov_1.550525_SRR1781945
NODE_18004_length_1314_cov_1.550525_SRR1781945_aa_frame6,1,0.769641577060932,NODE_18004_length_1314_cov_1.550525_SRR1781945
NODE_18035_length_967_cov_1.584430_ERR1356733_ORF.1,1,0.535,NODE_18035_length_967_cov_1.584430_ERR1356733
NODE_18035_length_967_cov_1.584430_ERR1356733_aa_frame1,1,0.5672010784512791,NODE_18035_length_967_cov_1.584430_ERR1356733
NODE_18035_length_967_cov_1.584430_ERR1356733_aa_frame2,1,0.575,NODE_18035_length_967_cov_1.584430_ERR1356733
NODE_18035_length_967_cov_1.584430_ERR1356733_aa_frame3,1,0.575,NODE_18035_length_967_cov_1.584430_ERR1356733
NODE_18035_length_967_cov_1.584430_ERR1356733_aa_frame4,0,0.495,NODE_18035_length_967_cov_1.584430_ERR1356733
NODE_18035_length_967_cov_1.584430_ERR1356733_aa_frame5,1,0.5936045959901383,NODE_18035_length_967_cov_1.584430_ERR1356733
NODE_18035_length_967_cov_1.584430_ERR1356733_aa_frame6,1,0.6446212121212122,NODE_18035_length_967_cov_1.584430_ERR1356733
NODE_181_length_3496_cov_7.152864_SRR12904122_ORF.1,1,0.72,NODE_181_length_3496_cov_7.152864_SRR12904122
NODE_181_length_3496_cov_7.152864_SRR12904122_ORF.2,1,0.735,NODE_181_length_3496_cov_7.152864_SRR12904122
NODE_181_length_3496_cov_7.152864_SRR12904122_ORF.3,1,0.665,NODE_181_length_3496_cov_7.152864_SRR12904122
NODE_181_length_3496_cov_7.152864_SRR12904122_ORF.4,1,1.0,NODE_181_length_3496_cov_7.152864_SRR12904122
NODE_181_length_3496_cov_7.152864_SRR12904122_ORF.5,1,1.0,NODE_181_length_3496_cov_7.152864_SRR12904122
NODE_181_length_3496_cov_7.152864_SRR12904122_ORF.6,1,0.58,NODE_181_length_3496_cov_7.152864_SRR12904122
NODE_181_length_3496_cov_7.152864_SRR12904122_aa_frame1,1,0.69,NODE_181_length_3496_cov_7.152864_SRR12904122
NODE_181_length_3496_cov_7.152864_SRR12904122_aa_frame2,1,0.575,NODE_181_length_3496_cov_7.152864_SRR12904122
NODE_181_length_3496_cov_7.152864_SRR12904122_aa_frame3,1,0.775,NODE_181_length_3496_cov_7.152864_SRR12904122
NODE_181_length_3496_cov_7.152864_SRR12904122_aa_frame4,1,0.72,NODE_181_length_3496_cov_7.152864_SRR12904122
NODE_181_length_3496_cov_7.152864_SRR12904122_aa_frame5,1,0.655,NODE_181_length_3496_cov_7.152864_SRR12904122
NODE_181_length_3496_cov_7.152864_SRR12904122_aa_frame6,1,1.0,NODE_181_length_3496_cov_7.152864_SRR12904122
NODE_18363_length_834_cov_2.643132_SRR1778783_ORF.1,1,0.54,NODE_18363_length_834_cov_2.643132_SRR1778783
NODE_18363_length_834_cov_2.643132_SRR1778783_ORF.2,1,0.625,NODE_18363_length_834_cov_2.643132_SRR1778783
NODE_18363_length_834_cov_2.643132_SRR1778783_aa_frame1,1,0.635,NODE_18363_length_834_cov_2.643132_SRR1778783
NODE_18363_length_834_cov_2.643132_SRR1778783_aa_frame2,1,0.665,NODE_18363_length_834_cov_2.643132_SRR1778783
NODE_18363_length_834_cov_2.643132_SRR1778783_aa_frame3,0,0.48956093734183626,NODE_18363_length_834_cov_2.643132_SRR1778783
NODE_18363_length_834_cov_2.643132_SRR1778783_aa_frame4,1,0.6825867887867999,NODE_18363_length_834_cov_2.643132_SRR1778783
NODE_18363_length_834_cov_2.643132_SRR1778783_aa_frame5,1,0.5875,NODE_18363_length_834_cov_2.643132_SRR1778783
NODE_18363_length_834_cov_2.643132_SRR1778783_aa_frame6,1,0.64,NODE_18363_length_834_cov_2.643132_SRR1778783
NODE_183_length_7400_cov_143.333696_SRR5087343_ORF.1,0,0.345,NODE_183_length_7400_cov_143.333696_SRR5087343
NODE_183_length_7400_cov_143.333696_SRR5087343_ORF.2,1,0.555,NODE_183_length_7400_cov_143.333696_SRR5087343
NODE_183_length_7400_cov_143.333696_SRR5087343_ORF.3,1,0.515,NODE_183_length_7400_cov_143.333696_SRR5087343
NODE_183_length_7400_cov_143.333696_SRR5087343_ORF.4,1,0.665,NODE_183_length_7400_cov_143.333696_SRR5087343
NODE_183_length_7400_cov_143.333696_SRR5087343_ORF.5,1,0.705,NODE_183_length_7400_cov_143.333696_SRR5087343
NODE_183_length_7400_cov_143.333696_SRR5087343_aa_frame1,0,0.045,NODE_183_length_7400_cov_143.333696_SRR5087343
NODE_183_length_7400_cov_143.333696_SRR5087343_aa_frame2,0,0.01,NODE_183_length_7400_cov_143.333696_SRR5087343
NODE_183_length_7400_cov_143.333696_SRR5087343_aa_frame3,0,0.32,NODE_183_length_7400_cov_143.333696_SRR5087343
NODE_183_length_7400_cov_143.333696_SRR5087343_aa_frame4,0,0.115,NODE_183_length_7400_cov_143.333696_SRR5087343
NODE_183_length_7400_cov_143.333696_SRR5087343_aa_frame5,0,0.07,NODE_183_length_7400_cov_143.333696_SRR5087343
NODE_183_length_7400_cov_143.333696_SRR5087343_aa_frame6,0,0.045,NODE_183_length_7400_cov_143.333696_SRR5087343
NODE_18411_length_891_cov_375.998804_SRR10323722_ORF.1,1,0.595,NODE_18411_length_891_cov_375.998804_SRR10323722
NODE_18411_length_891_cov_375.998804_SRR10323722_aa_frame1,1,0.58,NODE_18411_length_891_cov_375.998804_SRR10323722
NODE_18411_length_891_cov_375.998804_SRR10323722_aa_frame2,1,0.649810564019776,NODE_18411_length_891_cov_375.998804_SRR10323722
NODE_18411_length_891_cov_375.998804_SRR10323722_aa_frame3,1,0.7137653446494369,NODE_18411_length_891_cov_375.998804_SRR10323722
NODE_18411_length_891_cov_375.998804_SRR10323722_aa_frame4,1,0.5699624060150376,NODE_18411_length_891_cov_375.998804_SRR10323722
NODE_18411_length_891_cov_375.998804_SRR10323722_aa_frame5,1,0.7130437811912631,NODE_18411_length_891_cov_375.998804_SRR10323722
NODE_18411_length_891_cov_375.998804_SRR10323722_aa_frame6,1,0.6798054223415798,NODE_18411_length_891_cov_375.998804_SRR10323722
NODE_18413_length_891_cov_255.522727_SRR10323722_ORF.1,0,0.435,NODE_18413_length_891_cov_255.522727_SRR10323722
NODE_18413_length_891_cov_255.522727_SRR10323722_aa_frame1,1,0.68,NODE_18413_length_891_cov_255.522727_SRR10323722
NODE_18413_length_891_cov_255.522727_SRR10323722_aa_frame2,1,0.65,NODE_18413_length_891_cov_255.522727_SRR10323722
NODE_18413_length_891_cov_255.522727_SRR10323722_aa_frame3,1,0.66,NODE_18413_length_891_cov_255.522727_SRR10323722
NODE_18413_length_891_cov_255.522727_SRR10323722_aa_frame4,1,0.6643796992481202,NODE_18413_length_891_cov_255.522727_SRR10323722
NODE_18413_length_891_cov_255.522727_SRR10323722_aa_frame5,1,0.6339407205697528,NODE_18413_length_891_cov_255.522727_SRR10323722
NODE_18413_length_891_cov_255.522727_SRR10323722_aa_frame6,0,0.42,NODE_18413_length_891_cov_255.522727_SRR10323722
NODE_18583_length_952_cov_5.671126_ERR1356733_ORF.1,0,0.455,NODE_18583_length_952_cov_5.671126_ERR1356733
NODE_18583_length_952_cov_5.671126_ERR1356733_ORF.2,1,0.825,NODE_18583_length_952_cov_5.671126_ERR1356733
NODE_18583_length_952_cov_5.671126_ERR1356733_ORF.3,1,0.67,NODE_18583_length_952_cov_5.671126_ERR1356733
NODE_18583_length_952_cov_5.671126_ERR1356733_aa_frame1,1,0.585,NODE_18583_length_952_cov_5.671126_ERR1356733
NODE_18583_length_952_cov_5.671126_ERR1356733_aa_frame2,1,0.5098571428571429,NODE_18583_length_952_cov_5.671126_ERR1356733
NODE_18583_length_952_cov_5.671126_ERR1356733_aa_frame3,1,0.915,NODE_18583_length_952_cov_5.671126_ERR1356733
NODE_18583_length_952_cov_5.671126_ERR1356733_aa_frame4,1,0.7046428571428572,NODE_18583_length_952_cov_5.671126_ERR1356733
NODE_18583_length_952_cov_5.671126_ERR1356733_aa_frame5,1,0.5396171171171171,NODE_18583_length_952_cov_5.671126_ERR1356733
NODE_18583_length_952_cov_5.671126_ERR1356733_aa_frame6,1,0.5993185599541022,NODE_18583_length_952_cov_5.671126_ERR1356733
NODE_18600_length_626_cov_1063.667335_SRR4242136_ORF.1,1,0.995,NODE_18600_length_626_cov_1063.667335_SRR4242136
NODE_18600_length_626_cov_1063.667335_SRR4242136_aa_frame1,1,0.74,NODE_18600_length_626_cov_1063.667335_SRR4242136
NODE_18600_length_626_cov_1063.667335_SRR4242136_aa_frame2,1,0.715,NODE_18600_length_626_cov_1063.667335_SRR4242136
NODE_18600_length_626_cov_1063.667335_SRR4242136_aa_frame3,1,0.65,NODE_18600_length_626_cov_1063.667335_SRR4242136
NODE_18600_length_626_cov_1063.667335_SRR4242136_aa_frame4,1,0.985,NODE_18600_length_626_cov_1063.667335_SRR4242136
NODE_18600_length_626_cov_1063.667335_SRR4242136_aa_frame5,1,0.62,NODE_18600_length_626_cov_1063.667335_SRR4242136
NODE_18600_length_626_cov_1063.667335_SRR4242136_aa_frame6,1,0.665,NODE_18600_length_626_cov_1063.667335_SRR4242136
NODE_18697_length_845_cov_0.726562_SRR1782604_ORF.1,1,0.995,NODE_18697_length_845_cov_0.726562_SRR1782604
NODE_18697_length_845_cov_0.726562_SRR1782604_aa_frame1,1,0.6295887075546197,NODE_18697_length_845_cov_0.726562_SRR1782604
NODE_18697_length_845_cov_0.726562_SRR1782604_aa_frame2,1,1.0,NODE_18697_length_845_cov_0.726562_SRR1782604
NODE_18697_length_845_cov_0.726562_SRR1782604_aa_frame3,1,0.6681359649122807,NODE_18697_length_845_cov_0.726562_SRR1782604
NODE_18697_length_845_cov_0.726562_SRR1782604_aa_frame4,1,0.5246536455598726,NODE_18697_length_845_cov_0.726562_SRR1782604
NODE_18697_length_845_cov_0.726562_SRR1782604_aa_frame5,1,0.595,NODE_18697_length_845_cov_0.726562_SRR1782604
NODE_18697_length_845_cov_0.726562_SRR1782604_aa_frame6,1,0.6944303632087798,NODE_18697_length_845_cov_0.726562_SRR1782604
NODE_186_length_6730_cov_324.596573_SRR8658358_ORF.1,1,0.725,NODE_186_length_6730_cov_324.596573_SRR8658358
NODE_186_length_6730_cov_324.596573_SRR8658358_ORF.2,1,0.56,NODE_186_length_6730_cov_324.596573_SRR8658358
NODE_186_length_6730_cov_324.596573_SRR8658358_ORF.3,0,0.5,NODE_186_length_6730_cov_324.596573_SRR8658358
NODE_186_length_6730_cov_324.596573_SRR8658358_ORF.4,1,0.715,NODE_186_length_6730_cov_324.596573_SRR8658358
NODE_186_length_6730_cov_324.596573_SRR8658358_ORF.5,1,0.705,NODE_186_length_6730_cov_324.596573_SRR8658358
NODE_186_length_6730_cov_324.596573_SRR8658358_aa_frame1,1,0.57,NODE_186_length_6730_cov_324.596573_SRR8658358
NODE_186_length_6730_cov_324.596573_SRR8658358_aa_frame2,1,0.845,NODE_186_length_6730_cov_324.596573_SRR8658358
NODE_186_length_6730_cov_324.596573_SRR8658358_aa_frame3,0,0.49,NODE_186_length_6730_cov_324.596573_SRR8658358
NODE_186_length_6730_cov_324.596573_SRR8658358_aa_frame4,1,0.7,NODE_186_length_6730_cov_324.596573_SRR8658358
NODE_186_length_6730_cov_324.596573_SRR8658358_aa_frame5,1,0.865,NODE_186_length_6730_cov_324.596573_SRR8658358
NODE_186_length_6730_cov_324.596573_SRR8658358_aa_frame6,1,0.85,NODE_186_length_6730_cov_324.596573_SRR8658358
NODE_1875_length_2765_cov_8.923363_SRR8554352_ORF.1,1,1.0,NODE_1875_length_2765_cov_8.923363_SRR8554352
NODE_1875_length_2765_cov_8.923363_SRR8554352_ORF.2,1,0.995,NODE_1875_length_2765_cov_8.923363_SRR8554352
NODE_1875_length_2765_cov_8.923363_SRR8554352_ORF.3,1,0.87,NODE_1875_length_2765_cov_8.923363_SRR8554352
NODE_1875_length_2765_cov_8.923363_SRR8554352_ORF.4,1,0.675,NODE_1875_length_2765_cov_8.923363_SRR8554352
NODE_1875_length_2765_cov_8.923363_SRR8554352_aa_frame1,1,0.705,NODE_1875_length_2765_cov_8.923363_SRR8554352
NODE_1875_length_2765_cov_8.923363_SRR8554352_aa_frame2,1,1.0,NODE_1875_length_2765_cov_8.923363_SRR8554352
NODE_1875_length_2765_cov_8.923363_SRR8554352_aa_frame3,1,0.815,NODE_1875_length_2765_cov_8.923363_SRR8554352
NODE_1875_length_2765_cov_8.923363_SRR8554352_aa_frame4,1,0.68,NODE_1875_length_2765_cov_8.923363_SRR8554352
NODE_1875_length_2765_cov_8.923363_SRR8554352_aa_frame5,1,0.79,NODE_1875_length_2765_cov_8.923363_SRR8554352
NODE_1875_length_2765_cov_8.923363_SRR8554352_aa_frame6,1,0.6994140625,NODE_1875_length_2765_cov_8.923363_SRR8554352
NODE_18764_length_948_cov_8.136618_SRR1778785_ORF.1,1,0.575,NODE_18764_length_948_cov_8.136618_SRR1778785
NODE_18764_length_948_cov_8.136618_SRR1778785_aa_frame1,1,0.5698473282442749,NODE_18764_length_948_cov_8.136618_SRR1778785
NODE_18764_length_948_cov_8.136618_SRR1778785_aa_frame2,1,0.6243285866110754,NODE_18764_length_948_cov_8.136618_SRR1778785
NODE_18764_length_948_cov_8.136618_SRR1778785_aa_frame3,1,0.59,NODE_18764_length_948_cov_8.136618_SRR1778785
NODE_18764_length_948_cov_8.136618_SRR1778785_aa_frame4,1,0.6047590361445784,NODE_18764_length_948_cov_8.136618_SRR1778785
NODE_18764_length_948_cov_8.136618_SRR1778785_aa_frame5,1,0.665,NODE_18764_length_948_cov_8.136618_SRR1778785
NODE_18764_length_948_cov_8.136618_SRR1778785_aa_frame6,1,0.525,NODE_18764_length_948_cov_8.136618_SRR1778785
NODE_1888_length_1416_cov_5.301784_SRR12904122_ORF.1,1,1.0,NODE_1888_length_1416_cov_5.301784_SRR12904122
NODE_1888_length_1416_cov_5.301784_SRR12904122_ORF.2,1,0.735,NODE_1888_length_1416_cov_5.301784_SRR12904122
NODE_1888_length_1416_cov_5.301784_SRR12904122_aa_frame1,1,0.5670921985815603,NODE_1888_length_1416_cov_5.301784_SRR12904122
NODE_1888_length_1416_cov_5.301784_SRR12904122_aa_frame2,1,0.65,NODE_1888_length_1416_cov_5.301784_SRR12904122
NODE_1888_length_1416_cov_5.301784_SRR12904122_aa_frame3,1,1.0,NODE_1888_length_1416_cov_5.301784_SRR12904122
NODE_1888_length_1416_cov_5.301784_SRR12904122_aa_frame4,1,0.59,NODE_1888_length_1416_cov_5.301784_SRR12904122
NODE_1888_length_1416_cov_5.301784_SRR12904122_aa_frame5,1,0.605,NODE_1888_length_1416_cov_5.301784_SRR12904122
NODE_1888_length_1416_cov_5.301784_SRR12904122_aa_frame6,1,0.575,NODE_1888_length_1416_cov_5.301784_SRR12904122
NODE_1911_length_2633_cov_35.557512_SRR4435986_ORF.1,0,0.165,NODE_1911_length_2633_cov_35.557512_SRR4435986
NODE_1911_length_2633_cov_35.557512_SRR4435986_aa_frame1,0,0.405,NODE_1911_length_2633_cov_35.557512_SRR4435986
NODE_1911_length_2633_cov_35.557512_SRR4435986_aa_frame2,1,0.52,NODE_1911_length_2633_cov_35.557512_SRR4435986
NODE_1911_length_2633_cov_35.557512_SRR4435986_aa_frame3,0,0.41,NODE_1911_length_2633_cov_35.557512_SRR4435986
NODE_1911_length_2633_cov_35.557512_SRR4435986_aa_frame4,0,0.33,NODE_1911_length_2633_cov_35.557512_SRR4435986
NODE_1911_length_2633_cov_35.557512_SRR4435986_aa_frame5,1,0.575,NODE_1911_length_2633_cov_35.557512_SRR4435986
NODE_1911_length_2633_cov_35.557512_SRR4435986_aa_frame6,0,0.43,NODE_1911_length_2633_cov_35.557512_SRR4435986
NODE_19142_length_744_cov_2.724138_SRR8554352_ORF.1,1,0.985,NODE_19142_length_744_cov_2.724138_SRR8554352
NODE_19142_length_744_cov_2.724138_SRR8554352_aa_frame1,1,0.6270722315097711,NODE_19142_length_744_cov_2.724138_SRR8554352
NODE_19142_length_744_cov_2.724138_SRR8554352_aa_frame2,1,0.6834637776403738,NODE_19142_length_744_cov_2.724138_SRR8554352
NODE_19142_length_744_cov_2.724138_SRR8554352_aa_frame3,1,0.6666377872664723,NODE_19142_length_744_cov_2.724138_SRR8554352
NODE_19142_length_744_cov_2.724138_SRR8554352_aa_frame4,1,0.5997473684210526,NODE_19142_length_744_cov_2.724138_SRR8554352
NODE_19142_length_744_cov_2.724138_SRR8554352_aa_frame5,1,1.0,NODE_19142_length_744_cov_2.724138_SRR8554352
NODE_19142_length_744_cov_2.724138_SRR8554352_aa_frame6,1,0.6708782044671154,NODE_19142_length_744_cov_2.724138_SRR8554352
NODE_1925_length_3885_cov_77.464811_SRR8455905_ORF.1,0,0.12,NODE_1925_length_3885_cov_77.464811_SRR8455905
NODE_1925_length_3885_cov_77.464811_SRR8455905_ORF.2,1,0.57,NODE_1925_length_3885_cov_77.464811_SRR8455905
NODE_1925_length_3885_cov_77.464811_SRR8455905_aa_frame1,1,0.605,NODE_1925_length_3885_cov_77.464811_SRR8455905
NODE_1925_length_3885_cov_77.464811_SRR8455905_aa_frame2,1,0.665,NODE_1925_length_3885_cov_77.464811_SRR8455905
NODE_1925_length_3885_cov_77.464811_SRR8455905_aa_frame3,1,0.765,NODE_1925_length_3885_cov_77.464811_SRR8455905
NODE_1925_length_3885_cov_77.464811_SRR8455905_aa_frame4,1,0.625,NODE_1925_length_3885_cov_77.464811_SRR8455905
NODE_1925_length_3885_cov_77.464811_SRR8455905_aa_frame5,1,0.715,NODE_1925_length_3885_cov_77.464811_SRR8455905
NODE_1925_length_3885_cov_77.464811_SRR8455905_aa_frame6,1,0.795,NODE_1925_length_3885_cov_77.464811_SRR8455905
NODE_19470_length_736_cov_31.872534_SRR8554352_ORF.1,1,1.0,NODE_19470_length_736_cov_31.872534_SRR8554352
NODE_19470_length_736_cov_31.872534_SRR8554352_aa_frame1,1,0.7159804209598968,NODE_19470_length_736_cov_31.872534_SRR8554352
NODE_19470_length_736_cov_31.872534_SRR8554352_aa_frame2,1,0.995,NODE_19470_length_736_cov_31.872534_SRR8554352
NODE_19470_length_736_cov_31.872534_SRR8554352_aa_frame3,1,0.686217458047649,NODE_19470_length_736_cov_31.872534_SRR8554352
NODE_19470_length_736_cov_31.872534_SRR8554352_aa_frame4,1,0.6348648648648648,NODE_19470_length_736_cov_31.872534_SRR8554352
NODE_19470_length_736_cov_31.872534_SRR8554352_aa_frame5,1,0.665,NODE_19470_length_736_cov_31.872534_SRR8554352
NODE_19470_length_736_cov_31.872534_SRR8554352_aa_frame6,1,0.5668900826382995,NODE_19470_length_736_cov_31.872534_SRR8554352
NODE_1954_length_1312_cov_0.498734_SRR9317871_ORF.1,1,0.755,NODE_1954_length_1312_cov_0.498734_SRR9317871
NODE_1954_length_1312_cov_0.498734_SRR9317871_ORF.2,1,0.69,NODE_1954_length_1312_cov_0.498734_SRR9317871
NODE_1954_length_1312_cov_0.498734_SRR9317871_aa_frame1,1,0.7843088209683038,NODE_1954_length_1312_cov_0.498734_SRR9317871
NODE_1954_length_1312_cov_0.498734_SRR9317871_aa_frame2,1,0.8486919532080823,NODE_1954_length_1312_cov_0.498734_SRR9317871
NODE_1954_length_1312_cov_0.498734_SRR9317871_aa_frame3,1,0.6780841121495328,NODE_1954_length_1312_cov_0.498734_SRR9317871
NODE_1954_length_1312_cov_0.498734_SRR9317871_aa_frame4,1,0.6988125,NODE_1954_length_1312_cov_0.498734_SRR9317871
NODE_1954_length_1312_cov_0.498734_SRR9317871_aa_frame5,1,0.65,NODE_1954_length_1312_cov_0.498734_SRR9317871
NODE_1954_length_1312_cov_0.498734_SRR9317871_aa_frame6,1,0.7690465138309966,NODE_1954_length_1312_cov_0.498734_SRR9317871
NODE_19583_length_1472_cov_30.779211_SRR1785350_ORF.1,1,0.685,NODE_19583_length_1472_cov_30.779211_SRR1785350
NODE_19583_length_1472_cov_30.779211_SRR1785350_ORF.2,1,0.87,NODE_19583_length_1472_cov_30.779211_SRR1785350
NODE_19583_length_1472_cov_30.779211_SRR1785350_aa_frame1,1,0.54,NODE_19583_length_1472_cov_30.779211_SRR1785350
NODE_19583_length_1472_cov_30.779211_SRR1785350_aa_frame2,1,0.5130841121495328,NODE_19583_length_1472_cov_30.779211_SRR1785350
NODE_19583_length_1472_cov_30.779211_SRR1785350_aa_frame3,1,0.79,NODE_19583_length_1472_cov_30.779211_SRR1785350
NODE_19583_length_1472_cov_30.779211_SRR1785350_aa_frame4,0,0.47,NODE_19583_length_1472_cov_30.779211_SRR1785350
NODE_19583_length_1472_cov_30.779211_SRR1785350_aa_frame5,1,0.555,NODE_19583_length_1472_cov_30.779211_SRR1785350
NODE_19583_length_1472_cov_30.779211_SRR1785350_aa_frame6,1,0.5680233805233805,NODE_19583_length_1472_cov_30.779211_SRR1785350
NODE_1963_length_3266_cov_2.914357_SRR10030315_ORF.1,1,1.0,NODE_1963_length_3266_cov_2.914357_SRR10030315
NODE_1963_length_3266_cov_2.914357_SRR10030315_ORF.2,0,0.49,NODE_1963_length_3266_cov_2.914357_SRR10030315
NODE_1963_length_3266_cov_2.914357_SRR10030315_ORF.3,1,0.52,NODE_1963_length_3266_cov_2.914357_SRR10030315
NODE_1963_length_3266_cov_2.914357_SRR10030315_ORF.4,1,0.525,NODE_1963_length_3266_cov_2.914357_SRR10030315
NODE_1963_length_3266_cov_2.914357_SRR10030315_aa_frame1,1,1.0,NODE_1963_length_3266_cov_2.914357_SRR10030315
NODE_1963_length_3266_cov_2.914357_SRR10030315_aa_frame2,1,0.67,NODE_1963_length_3266_cov_2.914357_SRR10030315
NODE_1963_length_3266_cov_2.914357_SRR10030315_aa_frame3,1,0.81,NODE_1963_length_3266_cov_2.914357_SRR10030315
NODE_1963_length_3266_cov_2.914357_SRR10030315_aa_frame4,1,0.755,NODE_1963_length_3266_cov_2.914357_SRR10030315
NODE_1963_length_3266_cov_2.914357_SRR10030315_aa_frame5,1,0.71,NODE_1963_length_3266_cov_2.914357_SRR10030315
NODE_1963_length_3266_cov_2.914357_SRR10030315_aa_frame6,1,0.755,NODE_1963_length_3266_cov_2.914357_SRR10030315
NODE_19786_length_610_cov_0.904762_SRR4242136_ORF.1,1,1.0,NODE_19786_length_610_cov_0.904762_SRR4242136
NODE_19786_length_610_cov_0.904762_SRR4242136_aa_frame1,1,0.995,NODE_19786_length_610_cov_0.904762_SRR4242136
NODE_19786_length_610_cov_0.904762_SRR4242136_aa_frame2,1,0.645,NODE_19786_length_610_cov_0.904762_SRR4242136
NODE_19786_length_610_cov_0.904762_SRR4242136_aa_frame3,1,0.675,NODE_19786_length_610_cov_0.904762_SRR4242136
NODE_19786_length_610_cov_0.904762_SRR4242136_aa_frame4,1,0.7249065420560749,NODE_19786_length_610_cov_0.904762_SRR4242136
NODE_19786_length_610_cov_0.904762_SRR4242136_aa_frame5,1,0.78,NODE_19786_length_610_cov_0.904762_SRR4242136
NODE_19786_length_610_cov_0.904762_SRR4242136_aa_frame6,1,0.5949230769230769,NODE_19786_length_610_cov_0.904762_SRR4242136
NODE_19809_length_905_cov_3.705882_SRR1778785_ORF.1,1,0.575,NODE_19809_length_905_cov_3.705882_SRR1778785
NODE_19809_length_905_cov_3.705882_SRR1778785_aa_frame1,1,0.615,NODE_19809_length_905_cov_3.705882_SRR1778785
NODE_19809_length_905_cov_3.705882_SRR1778785_aa_frame2,1,0.555,NODE_19809_length_905_cov_3.705882_SRR1778785
NODE_19809_length_905_cov_3.705882_SRR1778785_aa_frame3,1,0.6535353985408997,NODE_19809_length_905_cov_3.705882_SRR1778785
NODE_19809_length_905_cov_3.705882_SRR1778785_aa_frame4,1,0.699998985435601,NODE_19809_length_905_cov_3.705882_SRR1778785
NODE_19809_length_905_cov_3.705882_SRR1778785_aa_frame5,1,0.6597027027027028,NODE_19809_length_905_cov_3.705882_SRR1778785
NODE_19809_length_905_cov_3.705882_SRR1778785_aa_frame6,1,0.59,NODE_19809_length_905_cov_3.705882_SRR1778785
NODE_1981_length_3457_cov_1.405325_SRR1777513_ORF.1,0,0.45,NODE_1981_length_3457_cov_1.405325_SRR1777513
NODE_1981_length_3457_cov_1.405325_SRR1777513_ORF.2,0,0.46,NODE_1981_length_3457_cov_1.405325_SRR1777513
NODE_1981_length_3457_cov_1.405325_SRR1777513_ORF.3,1,0.99,NODE_1981_length_3457_cov_1.405325_SRR1777513
NODE_1981_length_3457_cov_1.405325_SRR1777513_aa_frame1,1,0.85,NODE_1981_length_3457_cov_1.405325_SRR1777513
NODE_1981_length_3457_cov_1.405325_SRR1777513_aa_frame2,1,0.78,NODE_1981_length_3457_cov_1.405325_SRR1777513
NODE_1981_length_3457_cov_1.405325_SRR1777513_aa_frame3,1,0.735,NODE_1981_length_3457_cov_1.405325_SRR1777513
NODE_1981_length_3457_cov_1.405325_SRR1777513_aa_frame4,1,0.99,NODE_1981_length_3457_cov_1.405325_SRR1777513
NODE_1981_length_3457_cov_1.405325_SRR1777513_aa_frame5,1,0.69,NODE_1981_length_3457_cov_1.405325_SRR1777513
NODE_1981_length_3457_cov_1.405325_SRR1777513_aa_frame6,1,0.79,NODE_1981_length_3457_cov_1.405325_SRR1777513
NODE_1986_length_2535_cov_22.779902_SRR8658356_ORF.1,1,0.625,NODE_1986_length_2535_cov_22.779902_SRR8658356
NODE_1986_length_2535_cov_22.779902_SRR8658356_ORF.2,1,0.675,NODE_1986_length_2535_cov_22.779902_SRR8658356
NODE_1986_length_2535_cov_22.779902_SRR8658356_ORF.3,1,0.615,NODE_1986_length_2535_cov_22.779902_SRR8658356
NODE_1986_length_2535_cov_22.779902_SRR8658356_ORF.4,0,0.17,NODE_1986_length_2535_cov_22.779902_SRR8658356
NODE_1986_length_2535_cov_22.779902_SRR8658356_aa_frame1,1,0.64,NODE_1986_length_2535_cov_22.779902_SRR8658356
NODE_1986_length_2535_cov_22.779902_SRR8658356_aa_frame2,1,0.7,NODE_1986_length_2535_cov_22.779902_SRR8658356
NODE_1986_length_2535_cov_22.779902_SRR8658356_aa_frame3,1,0.765,NODE_1986_length_2535_cov_22.779902_SRR8658356
NODE_1986_length_2535_cov_22.779902_SRR8658356_aa_frame4,0,0.23,NODE_1986_length_2535_cov_22.779902_SRR8658356
NODE_1986_length_2535_cov_22.779902_SRR8658356_aa_frame5,1,0.585,NODE_1986_length_2535_cov_22.779902_SRR8658356
NODE_1986_length_2535_cov_22.779902_SRR8658356_aa_frame6,1,0.545,NODE_1986_length_2535_cov_22.779902_SRR8658356
NODE_19940_length_925_cov_1.165094_SRR1782579_ORF.1,1,0.95,NODE_19940_length_925_cov_1.165094_SRR1782579
NODE_19940_length_925_cov_1.165094_SRR1782579_ORF.2,1,0.955,NODE_19940_length_925_cov_1.165094_SRR1782579
NODE_19940_length_925_cov_1.165094_SRR1782579_aa_frame1,1,0.98,NODE_19940_length_925_cov_1.165094_SRR1782579
NODE_19940_length_925_cov_1.165094_SRR1782579_aa_frame2,1,0.57,NODE_19940_length_925_cov_1.165094_SRR1782579
NODE_19940_length_925_cov_1.165094_SRR1782579_aa_frame3,1,0.7036400912945031,NODE_19940_length_925_cov_1.165094_SRR1782579
NODE_19940_length_925_cov_1.165094_SRR1782579_aa_frame4,1,0.7141651087177402,NODE_19940_length_925_cov_1.165094_SRR1782579
NODE_19940_length_925_cov_1.165094_SRR1782579_aa_frame5,1,0.6356818181818182,NODE_19940_length_925_cov_1.165094_SRR1782579
NODE_19940_length_925_cov_1.165094_SRR1782579_aa_frame6,1,0.5324780701754386,NODE_19940_length_925_cov_1.165094_SRR1782579
NODE_199_length_2867_cov_7.196416_SRR9596414_ORF.1,0,0.455,NODE_199_length_2867_cov_7.196416_SRR9596414
NODE_199_length_2867_cov_7.196416_SRR9596414_ORF.2,1,0.515,NODE_199_length_2867_cov_7.196416_SRR9596414
NODE_199_length_2867_cov_7.196416_SRR9596414_ORF.3,1,0.545,NODE_199_length_2867_cov_7.196416_SRR9596414
NODE_199_length_2867_cov_7.196416_SRR9596414_ORF.4,1,0.74,NODE_199_length_2867_cov_7.196416_SRR9596414
NODE_199_length_2867_cov_7.196416_SRR9596414_ORF.5,1,0.54,NODE_199_length_2867_cov_7.196416_SRR9596414
NODE_199_length_2867_cov_7.196416_SRR9596414_ORF.6,1,0.505,NODE_199_length_2867_cov_7.196416_SRR9596414
NODE_199_length_2867_cov_7.196416_SRR9596414_ORF.7,1,0.505,NODE_199_length_2867_cov_7.196416_SRR9596414
NODE_199_length_2867_cov_7.196416_SRR9596414_ORF.8,1,0.605,NODE_199_length_2867_cov_7.196416_SRR9596414
NODE_199_length_2867_cov_7.196416_SRR9596414_ORF.9,0,0.36,NODE_199_length_2867_cov_7.196416_SRR9596414
NODE_199_length_2867_cov_7.196416_SRR9596414_aa_frame1,1,0.6,NODE_199_length_2867_cov_7.196416_SRR9596414
NODE_199_length_2867_cov_7.196416_SRR9596414_aa_frame2,1,0.76,NODE_199_length_2867_cov_7.196416_SRR9596414
NODE_199_length_2867_cov_7.196416_SRR9596414_aa_frame3,0,0.335,NODE_199_length_2867_cov_7.196416_SRR9596414
NODE_199_length_2867_cov_7.196416_SRR9596414_aa_frame4,0,0.48,NODE_199_length_2867_cov_7.196416_SRR9596414
NODE_199_length_2867_cov_7.196416_SRR9596414_aa_frame5,1,0.525,NODE_199_length_2867_cov_7.196416_SRR9596414
NODE_199_length_2867_cov_7.196416_SRR9596414_aa_frame6,0,0.31,NODE_199_length_2867_cov_7.196416_SRR9596414
NODE_199_length_7663_cov_102.855284_SRR5087364_ORF.1,0,0.345,NODE_199_length_7663_cov_102.855284_SRR5087364
NODE_199_length_7663_cov_102.855284_SRR5087364_ORF.2,1,0.685,NODE_199_length_7663_cov_102.855284_SRR5087364
NODE_199_length_7663_cov_102.855284_SRR5087364_ORF.3,1,0.705,NODE_199_length_7663_cov_102.855284_SRR5087364
NODE_199_length_7663_cov_102.855284_SRR5087364_ORF.4,1,0.515,NODE_199_length_7663_cov_102.855284_SRR5087364
NODE_199_length_7663_cov_102.855284_SRR5087364_ORF.5,1,0.665,NODE_199_length_7663_cov_102.855284_SRR5087364
NODE_199_length_7663_cov_102.855284_SRR5087364_aa_frame1,0,0.07,NODE_199_length_7663_cov_102.855284_SRR5087364
NODE_199_length_7663_cov_102.855284_SRR5087364_aa_frame2,0,0.01,NODE_199_length_7663_cov_102.855284_SRR5087364
NODE_199_length_7663_cov_102.855284_SRR5087364_aa_frame3,0,0.32,NODE_199_length_7663_cov_102.855284_SRR5087364
NODE_199_length_7663_cov_102.855284_SRR5087364_aa_frame4,0,0.085,NODE_199_length_7663_cov_102.855284_SRR5087364
NODE_199_length_7663_cov_102.855284_SRR5087364_aa_frame5,0,0.045,NODE_199_length_7663_cov_102.855284_SRR5087364
NODE_199_length_7663_cov_102.855284_SRR5087364_aa_frame6,0,0.115,NODE_199_length_7663_cov_102.855284_SRR5087364
NODE_20273_length_918_cov_1.526754_SRR1782579_ORF.1,0,0.38,NODE_20273_length_918_cov_1.526754_SRR1782579
NODE_20273_length_918_cov_1.526754_SRR1782579_ORF.2,1,0.58,NODE_20273_length_918_cov_1.526754_SRR1782579
NODE_20273_length_918_cov_1.526754_SRR1782579_aa_frame1,1,0.588924924924925,NODE_20273_length_918_cov_1.526754_SRR1782579
NODE_20273_length_918_cov_1.526754_SRR1782579_aa_frame2,1,0.5824931648282712,NODE_20273_length_918_cov_1.526754_SRR1782579
NODE_20273_length_918_cov_1.526754_SRR1782579_aa_frame3,1,0.6684034381508732,NODE_20273_length_918_cov_1.526754_SRR1782579
NODE_20273_length_918_cov_1.526754_SRR1782579_aa_frame4,0,0.4974074074074074,NODE_20273_length_918_cov_1.526754_SRR1782579
NODE_20273_length_918_cov_1.526754_SRR1782579_aa_frame5,0,0.4437916666666667,NODE_20273_length_918_cov_1.526754_SRR1782579
NODE_20273_length_918_cov_1.526754_SRR1782579_aa_frame6,0,0.41,NODE_20273_length_918_cov_1.526754_SRR1782579
NODE_20332_length_818_cov_1.035088_SRR1782604_ORF.1,0,0.365,NODE_20332_length_818_cov_1.035088_SRR1782604
NODE_20332_length_818_cov_1.035088_SRR1782604_ORF.2,0,0.49,NODE_20332_length_818_cov_1.035088_SRR1782604
NODE_20332_length_818_cov_1.035088_SRR1782604_ORF.3,1,0.895,NODE_20332_length_818_cov_1.035088_SRR1782604
NODE_20332_length_818_cov_1.035088_SRR1782604_aa_frame1,1,0.6784426114953209,NODE_20332_length_818_cov_1.035088_SRR1782604
NODE_20332_length_818_cov_1.035088_SRR1782604_aa_frame2,1,0.7096990796451447,NODE_20332_length_818_cov_1.035088_SRR1782604
NODE_20332_length_818_cov_1.035088_SRR1782604_aa_frame3,1,0.7685763182325454,NODE_20332_length_818_cov_1.035088_SRR1782604
NODE_20332_length_818_cov_1.035088_SRR1782604_aa_frame4,1,0.815,NODE_20332_length_818_cov_1.035088_SRR1782604
NODE_20332_length_818_cov_1.035088_SRR1782604_aa_frame5,1,0.6546373362848183,NODE_20332_length_818_cov_1.035088_SRR1782604
NODE_20332_length_818_cov_1.035088_SRR1782604_aa_frame6,1,0.5848,NODE_20332_length_818_cov_1.035088_SRR1782604
NODE_2051_length_3560_cov_5.118289_SRR1785350_ORF.1,1,1.0,NODE_2051_length_3560_cov_5.118289_SRR1785350
NODE_2051_length_3560_cov_5.118289_SRR1785350_ORF.2,1,0.995,NODE_2051_length_3560_cov_5.118289_SRR1785350
NODE_2051_length_3560_cov_5.118289_SRR1785350_ORF.3,1,1.0,NODE_2051_length_3560_cov_5.118289_SRR1785350
NODE_2051_length_3560_cov_5.118289_SRR1785350_ORF.4,1,0.6251923076923077,NODE_2051_length_3560_cov_5.118289_SRR1785350
NODE_2051_length_3560_cov_5.118289_SRR1785350_ORF.5,0,0.4,NODE_2051_length_3560_cov_5.118289_SRR1785350
NODE_2051_length_3560_cov_5.118289_SRR1785350_ORF.6,1,0.59,NODE_2051_length_3560_cov_5.118289_SRR1785350
NODE_2051_length_3560_cov_5.118289_SRR1785350_aa_frame1,1,0.95,NODE_2051_length_3560_cov_5.118289_SRR1785350
NODE_2051_length_3560_cov_5.118289_SRR1785350_aa_frame2,1,1.0,NODE_2051_length_3560_cov_5.118289_SRR1785350
NODE_2051_length_3560_cov_5.118289_SRR1785350_aa_frame3,1,0.815,NODE_2051_length_3560_cov_5.118289_SRR1785350
NODE_2051_length_3560_cov_5.118289_SRR1785350_aa_frame4,1,0.615,NODE_2051_length_3560_cov_5.118289_SRR1785350
NODE_2051_length_3560_cov_5.118289_SRR1785350_aa_frame5,1,0.735,NODE_2051_length_3560_cov_5.118289_SRR1785350
NODE_2051_length_3560_cov_5.118289_SRR1785350_aa_frame6,1,0.6,NODE_2051_length_3560_cov_5.118289_SRR1785350
NODE_2075_length_2209_cov_143.170989_SRR4242136_ORF.1,0,0.405,NODE_2075_length_2209_cov_143.170989_SRR4242136
NODE_2075_length_2209_cov_143.170989_SRR4242136_ORF.2,1,0.69,NODE_2075_length_2209_cov_143.170989_SRR4242136
NODE_2075_length_2209_cov_143.170989_SRR4242136_aa_frame1,1,0.51,NODE_2075_length_2209_cov_143.170989_SRR4242136
NODE_2075_length_2209_cov_143.170989_SRR4242136_aa_frame2,1,0.694485111662531,NODE_2075_length_2209_cov_143.170989_SRR4242136
NODE_2075_length_2209_cov_143.170989_SRR4242136_aa_frame3,1,0.6747142857142857,NODE_2075_length_2209_cov_143.170989_SRR4242136
NODE_2075_length_2209_cov_143.170989_SRR4242136_aa_frame4,1,0.6375462962962963,NODE_2075_length_2209_cov_143.170989_SRR4242136
NODE_2075_length_2209_cov_143.170989_SRR4242136_aa_frame5,1,0.5575462962962964,NODE_2075_length_2209_cov_143.170989_SRR4242136
NODE_2075_length_2209_cov_143.170989_SRR4242136_aa_frame6,1,0.7048076923076922,NODE_2075_length_2209_cov_143.170989_SRR4242136
NODE_20806_length_908_cov_45.509025_SRR1782579_ORF.1,1,0.625,NODE_20806_length_908_cov_45.509025_SRR1782579
NODE_20806_length_908_cov_45.509025_SRR1782579_ORF.2,1,0.875,NODE_20806_length_908_cov_45.509025_SRR1782579
NODE_20806_length_908_cov_45.509025_SRR1782579_aa_frame1,0,0.455,NODE_20806_length_908_cov_45.509025_SRR1782579
NODE_20806_length_908_cov_45.509025_SRR1782579_aa_frame2,1,0.5376973684210526,NODE_20806_length_908_cov_45.509025_SRR1782579
NODE_20806_length_908_cov_45.509025_SRR1782579_aa_frame3,1,0.6808952556452555,NODE_20806_length_908_cov_45.509025_SRR1782579
NODE_20806_length_908_cov_45.509025_SRR1782579_aa_frame4,1,0.59,NODE_20806_length_908_cov_45.509025_SRR1782579
NODE_20806_length_908_cov_45.509025_SRR1782579_aa_frame5,1,0.7707590361445784,NODE_20806_length_908_cov_45.509025_SRR1782579
NODE_20806_length_908_cov_45.509025_SRR1782579_aa_frame6,1,0.83,NODE_20806_length_908_cov_45.509025_SRR1782579
NODE_20894_length_706_cov_0.879173_SRR8554352_ORF.1,1,0.7045131086142322,NODE_20894_length_706_cov_0.879173_SRR8554352
NODE_20894_length_706_cov_0.879173_SRR8554352_aa_frame1,1,0.6115172296079351,NODE_20894_length_706_cov_0.879173_SRR8554352
NODE_20894_length_706_cov_0.879173_SRR8554352_aa_frame2,1,0.6493131086142321,NODE_20894_length_706_cov_0.879173_SRR8554352
NODE_20894_length_706_cov_0.879173_SRR8554352_aa_frame3,1,0.6483730407523511,NODE_20894_length_706_cov_0.879173_SRR8554352
NODE_20894_length_706_cov_0.879173_SRR8554352_aa_frame4,1,0.65,NODE_20894_length_706_cov_0.879173_SRR8554352
NODE_20894_length_706_cov_0.879173_SRR8554352_aa_frame5,1,0.7095131086142322,NODE_20894_length_706_cov_0.879173_SRR8554352
NODE_20894_length_706_cov_0.879173_SRR8554352_aa_frame6,1,0.6645142045454545,NODE_20894_length_706_cov_0.879173_SRR8554352
NODE_2089_length_803_cov_231.139037_SRR1778784_ORF.1,1,0.67,NODE_2089_length_803_cov_231.139037_SRR1778784
NODE_2089_length_803_cov_231.139037_SRR1778784_aa_frame1,1,0.7,NODE_2089_length_803_cov_231.139037_SRR1778784
NODE_2089_length_803_cov_231.139037_SRR1778784_aa_frame2,1,0.6880311889393538,NODE_2089_length_803_cov_231.139037_SRR1778784
NODE_2089_length_803_cov_231.139037_SRR1778784_aa_frame3,1,0.6399655172413793,NODE_2089_length_803_cov_231.139037_SRR1778784
NODE_2089_length_803_cov_231.139037_SRR1778784_aa_frame4,1,0.6877061006897354,NODE_2089_length_803_cov_231.139037_SRR1778784
NODE_2089_length_803_cov_231.139037_SRR1778784_aa_frame5,1,0.658517361111111,NODE_2089_length_803_cov_231.139037_SRR1778784
NODE_2089_length_803_cov_231.139037_SRR1778784_aa_frame6,0,0.435,NODE_2089_length_803_cov_231.139037_SRR1778784
NODE_20969_length_704_cov_1.598086_SRR8554352_ORF.1,1,1.0,NODE_20969_length_704_cov_1.598086_SRR8554352
NODE_20969_length_704_cov_1.598086_SRR8554352_aa_frame1,1,1.0,NODE_20969_length_704_cov_1.598086_SRR8554352
NODE_20969_length_704_cov_1.598086_SRR8554352_aa_frame2,1,0.6888271510840108,NODE_20969_length_704_cov_1.598086_SRR8554352
NODE_20969_length_704_cov_1.598086_SRR8554352_aa_frame3,1,0.625,NODE_20969_length_704_cov_1.598086_SRR8554352
NODE_20969_length_704_cov_1.598086_SRR8554352_aa_frame4,1,0.5183975903614457,NODE_20969_length_704_cov_1.598086_SRR8554352
NODE_20969_length_704_cov_1.598086_SRR8554352_aa_frame5,1,0.7673529624456397,NODE_20969_length_704_cov_1.598086_SRR8554352
NODE_20969_length_704_cov_1.598086_SRR8554352_aa_frame6,1,0.728294432198106,NODE_20969_length_704_cov_1.598086_SRR8554352
NODE_20992_length_905_cov_1.312802_SRR1782579_ORF.1,1,0.88,NODE_20992_length_905_cov_1.312802_SRR1782579
NODE_20992_length_905_cov_1.312802_SRR1782579_ORF.2,1,0.6497222222222223,NODE_20992_length_905_cov_1.312802_SRR1782579
NODE_20992_length_905_cov_1.312802_SRR1782579_aa_frame1,1,0.6132342342342342,NODE_20992_length_905_cov_1.312802_SRR1782579
NODE_20992_length_905_cov_1.312802_SRR1782579_aa_frame2,1,0.6542027027027026,NODE_20992_length_905_cov_1.312802_SRR1782579
NODE_20992_length_905_cov_1.312802_SRR1782579_aa_frame3,1,0.61,NODE_20992_length_905_cov_1.312802_SRR1782579
NODE_20992_length_905_cov_1.312802_SRR1782579_aa_frame4,1,0.995,NODE_20992_length_905_cov_1.312802_SRR1782579
NODE_20992_length_905_cov_1.312802_SRR1782579_aa_frame5,1,0.5776245157719978,NODE_20992_length_905_cov_1.312802_SRR1782579
NODE_20992_length_905_cov_1.312802_SRR1782579_aa_frame6,1,0.6964747248606608,NODE_20992_length_905_cov_1.312802_SRR1782579
NODE_21157_length_805_cov_1.142857_SRR1782604_ORF.1,1,0.745,NODE_21157_length_805_cov_1.142857_SRR1782604
NODE_21157_length_805_cov_1.142857_SRR1782604_ORF.2,1,1.0,NODE_21157_length_805_cov_1.142857_SRR1782604
NODE_21157_length_805_cov_1.142857_SRR1782604_aa_frame1,1,0.6077920781498546,NODE_21157_length_805_cov_1.142857_SRR1782604
NODE_21157_length_805_cov_1.142857_SRR1782604_aa_frame2,1,0.6199624060150376,NODE_21157_length_805_cov_1.142857_SRR1782604
NODE_21157_length_805_cov_1.142857_SRR1782604_aa_frame3,1,0.6145684800474228,NODE_21157_length_805_cov_1.142857_SRR1782604
NODE_21157_length_805_cov_1.142857_SRR1782604_aa_frame4,1,1.0,NODE_21157_length_805_cov_1.142857_SRR1782604
NODE_21157_length_805_cov_1.142857_SRR1782604_aa_frame5,1,0.6310418131140498,NODE_21157_length_805_cov_1.142857_SRR1782604
NODE_21157_length_805_cov_1.142857_SRR1782604_aa_frame6,1,0.6680057999041203,NODE_21157_length_805_cov_1.142857_SRR1782604
NODE_2115_length_2175_cov_15.690918_SRR4242136_ORF.1,1,0.84,NODE_2115_length_2175_cov_15.690918_SRR4242136
NODE_2115_length_2175_cov_15.690918_SRR4242136_ORF.2,1,1.0,NODE_2115_length_2175_cov_15.690918_SRR4242136
NODE_2115_length_2175_cov_15.690918_SRR4242136_ORF.3,1,0.615,NODE_2115_length_2175_cov_15.690918_SRR4242136
NODE_2115_length_2175_cov_15.690918_SRR4242136_ORF.4,0,0.36,NODE_2115_length_2175_cov_15.690918_SRR4242136
NODE_2115_length_2175_cov_15.690918_SRR4242136_aa_frame1,1,0.91,NODE_2115_length_2175_cov_15.690918_SRR4242136
NODE_2115_length_2175_cov_15.690918_SRR4242136_aa_frame2,1,0.99,NODE_2115_length_2175_cov_15.690918_SRR4242136
NODE_2115_length_2175_cov_15.690918_SRR4242136_aa_frame3,1,0.7540524193548387,NODE_2115_length_2175_cov_15.690918_SRR4242136
NODE_2115_length_2175_cov_15.690918_SRR4242136_aa_frame4,1,0.7890524193548387,NODE_2115_length_2175_cov_15.690918_SRR4242136
NODE_2115_length_2175_cov_15.690918_SRR4242136_aa_frame5,1,0.7098611111111112,NODE_2115_length_2175_cov_15.690918_SRR4242136
NODE_2115_length_2175_cov_15.690918_SRR4242136_aa_frame6,1,0.6595385304659499,NODE_2115_length_2175_cov_15.690918_SRR4242136
NODE_2158_length_792_cov_87.880597_SRR1778784_ORF.1,1,0.59,NODE_2158_length_792_cov_87.880597_SRR1778784
NODE_2158_length_792_cov_87.880597_SRR1778784_aa_frame1,1,0.5945684800474228,NODE_2158_length_792_cov_87.880597_SRR1778784
NODE_2158_length_792_cov_87.880597_SRR1778784_aa_frame2,1,0.7037717912717912,NODE_2158_length_792_cov_87.880597_SRR1778784
NODE_2158_length_792_cov_87.880597_SRR1778784_aa_frame3,1,0.5981025641025641,NODE_2158_length_792_cov_87.880597_SRR1778784
NODE_2158_length_792_cov_87.880597_SRR1778784_aa_frame4,1,0.6732889160962707,NODE_2158_length_792_cov_87.880597_SRR1778784
NODE_2158_length_792_cov_87.880597_SRR1778784_aa_frame5,1,0.6309189067208005,NODE_2158_length_792_cov_87.880597_SRR1778784
NODE_2158_length_792_cov_87.880597_SRR1778784_aa_frame6,1,0.6,NODE_2158_length_792_cov_87.880597_SRR1778784
NODE_2163_length_2724_cov_3.414387_SRR1778785_ORF.1,0,0.24,NODE_2163_length_2724_cov_3.414387_SRR1778785
NODE_2163_length_2724_cov_3.414387_SRR1778785_aa_frame1,1,0.58,NODE_2163_length_2724_cov_3.414387_SRR1778785
NODE_2163_length_2724_cov_3.414387_SRR1778785_aa_frame2,1,0.69,NODE_2163_length_2724_cov_3.414387_SRR1778785
NODE_2163_length_2724_cov_3.414387_SRR1778785_aa_frame3,0,0.44,NODE_2163_length_2724_cov_3.414387_SRR1778785
NODE_2163_length_2724_cov_3.414387_SRR1778785_aa_frame4,0,0.22,NODE_2163_length_2724_cov_3.414387_SRR1778785
NODE_2163_length_2724_cov_3.414387_SRR1778785_aa_frame5,1,0.55,NODE_2163_length_2724_cov_3.414387_SRR1778785
NODE_2163_length_2724_cov_3.414387_SRR1778785_aa_frame6,0,0.29,NODE_2163_length_2724_cov_3.414387_SRR1778785
NODE_216_length_6091_cov_154.402727_SRR4435988_ORF.1,1,0.775,NODE_216_length_6091_cov_154.402727_SRR4435988
NODE_216_length_6091_cov_154.402727_SRR4435988_ORF.2,1,0.73,NODE_216_length_6091_cov_154.402727_SRR4435988
NODE_216_length_6091_cov_154.402727_SRR4435988_ORF.3,1,0.565,NODE_216_length_6091_cov_154.402727_SRR4435988
NODE_216_length_6091_cov_154.402727_SRR4435988_ORF.4,0,0.18,NODE_216_length_6091_cov_154.402727_SRR4435988
NODE_216_length_6091_cov_154.402727_SRR4435988_ORF.5,1,0.57,NODE_216_length_6091_cov_154.402727_SRR4435988
NODE_216_length_6091_cov_154.402727_SRR4435988_ORF.6,1,0.63,NODE_216_length_6091_cov_154.402727_SRR4435988
NODE_216_length_6091_cov_154.402727_SRR4435988_aa_frame1,0,0.485,NODE_216_length_6091_cov_154.402727_SRR4435988
NODE_216_length_6091_cov_154.402727_SRR4435988_aa_frame2,1,0.92,NODE_216_length_6091_cov_154.402727_SRR4435988
NODE_216_length_6091_cov_154.402727_SRR4435988_aa_frame3,1,0.625,NODE_216_length_6091_cov_154.402727_SRR4435988
NODE_216_length_6091_cov_154.402727_SRR4435988_aa_frame4,1,0.52,NODE_216_length_6091_cov_154.402727_SRR4435988
NODE_216_length_6091_cov_154.402727_SRR4435988_aa_frame5,1,0.705,NODE_216_length_6091_cov_154.402727_SRR4435988
NODE_216_length_6091_cov_154.402727_SRR4435988_aa_frame6,1,0.555,NODE_216_length_6091_cov_154.402727_SRR4435988
NODE_2195_length_1328_cov_0.964197_SRR12904122_ORF.1,0,0.4797674418604651,NODE_2195_length_1328_cov_0.964197_SRR12904122
NODE_2195_length_1328_cov_0.964197_SRR12904122_ORF.2,1,0.56,NODE_2195_length_1328_cov_0.964197_SRR12904122
NODE_2195_length_1328_cov_0.964197_SRR12904122_ORF.3,1,0.56,NODE_2195_length_1328_cov_0.964197_SRR12904122
NODE_2195_length_1328_cov_0.964197_SRR12904122_aa_frame1,1,0.5188125,NODE_2195_length_1328_cov_0.964197_SRR12904122
NODE_2195_length_1328_cov_0.964197_SRR12904122_aa_frame2,1,0.6380066971733638,NODE_2195_length_1328_cov_0.964197_SRR12904122
NODE_2195_length_1328_cov_0.964197_SRR12904122_aa_frame3,1,0.6186590909090909,NODE_2195_length_1328_cov_0.964197_SRR12904122
NODE_2195_length_1328_cov_0.964197_SRR12904122_aa_frame4,1,0.65,NODE_2195_length_1328_cov_0.964197_SRR12904122
NODE_2195_length_1328_cov_0.964197_SRR12904122_aa_frame5,1,0.71,NODE_2195_length_1328_cov_0.964197_SRR12904122
NODE_2195_length_1328_cov_0.964197_SRR12904122_aa_frame6,1,0.5991071428571428,NODE_2195_length_1328_cov_0.964197_SRR12904122
NODE_2197_length_2116_cov_3.993967_SRR4242136_ORF.1,0,0.45,NODE_2197_length_2116_cov_3.993967_SRR4242136
NODE_2197_length_2116_cov_3.993967_SRR4242136_ORF.2,1,0.5891025641025641,NODE_2197_length_2116_cov_3.993967_SRR4242136
NODE_2197_length_2116_cov_3.993967_SRR4242136_ORF.3,1,0.505,NODE_2197_length_2116_cov_3.993967_SRR4242136
NODE_2197_length_2116_cov_3.993967_SRR4242136_ORF.4,1,0.54,NODE_2197_length_2116_cov_3.993967_SRR4242136
NODE_2197_length_2116_cov_3.993967_SRR4242136_ORF.5,1,0.565,NODE_2197_length_2116_cov_3.993967_SRR4242136
NODE_2197_length_2116_cov_3.993967_SRR4242136_ORF.6,1,0.6591025641025641,NODE_2197_length_2116_cov_3.993967_SRR4242136
NODE_2197_length_2116_cov_3.993967_SRR4242136_ORF.7,0,0.37,NODE_2197_length_2116_cov_3.993967_SRR4242136
NODE_2197_length_2116_cov_3.993967_SRR4242136_aa_frame1,1,0.57,NODE_2197_length_2116_cov_3.993967_SRR4242136
NODE_2197_length_2116_cov_3.993967_SRR4242136_aa_frame2,1,0.61,NODE_2197_length_2116_cov_3.993967_SRR4242136
NODE_2197_length_2116_cov_3.993967_SRR4242136_aa_frame3,1,0.6028893954745018,NODE_2197_length_2116_cov_3.993967_SRR4242136
NODE_2197_length_2116_cov_3.993967_SRR4242136_aa_frame4,1,0.53,NODE_2197_length_2116_cov_3.993967_SRR4242136
NODE_2197_length_2116_cov_3.993967_SRR4242136_aa_frame5,1,0.7140524193548388,NODE_2197_length_2116_cov_3.993967_SRR4242136
NODE_2197_length_2116_cov_3.993967_SRR4242136_aa_frame6,1,0.515,NODE_2197_length_2116_cov_3.993967_SRR4242136
NODE_22063_length_677_cov_0.726688_SRR1778782_ORF.1,0,0.42,NODE_22063_length_677_cov_0.726688_SRR1778782
NODE_22063_length_677_cov_0.726688_SRR1778782_aa_frame1,0,0.39,NODE_22063_length_677_cov_0.726688_SRR1778782
NODE_22063_length_677_cov_0.726688_SRR1778782_aa_frame2,1,0.6020061919504643,NODE_22063_length_677_cov_0.726688_SRR1778782
NODE_22063_length_677_cov_0.726688_SRR1778782_aa_frame3,1,0.62,NODE_22063_length_677_cov_0.726688_SRR1778782
NODE_22063_length_677_cov_0.726688_SRR1778782_aa_frame4,1,0.623969512195122,NODE_22063_length_677_cov_0.726688_SRR1778782
NODE_22063_length_677_cov_0.726688_SRR1778782_aa_frame5,1,0.6194653349001176,NODE_22063_length_677_cov_0.726688_SRR1778782
NODE_22063_length_677_cov_0.726688_SRR1778782_aa_frame6,1,0.6588313185437943,NODE_22063_length_677_cov_0.726688_SRR1778782
NODE_22097_length_774_cov_1.770445_SRR6036271_ORF.1,1,0.515,NODE_22097_length_774_cov_1.770445_SRR6036271
NODE_22097_length_774_cov_1.770445_SRR6036271_ORF.2,1,0.56,NODE_22097_length_774_cov_1.770445_SRR6036271
NODE_22097_length_774_cov_1.770445_SRR6036271_ORF.3,1,0.505,NODE_22097_length_774_cov_1.770445_SRR6036271
NODE_22097_length_774_cov_1.770445_SRR6036271_aa_frame1,1,0.7301334685009384,NODE_22097_length_774_cov_1.770445_SRR6036271
NODE_22097_length_774_cov_1.770445_SRR6036271_aa_frame2,1,0.7486463864962019,NODE_22097_length_774_cov_1.770445_SRR6036271
NODE_22097_length_774_cov_1.770445_SRR6036271_aa_frame3,1,0.515,NODE_22097_length_774_cov_1.770445_SRR6036271
NODE_22097_length_774_cov_1.770445_SRR6036271_aa_frame4,1,0.5699532710280374,NODE_22097_length_774_cov_1.770445_SRR6036271
NODE_22097_length_774_cov_1.770445_SRR6036271_aa_frame5,1,0.6849193548387098,NODE_22097_length_774_cov_1.770445_SRR6036271
NODE_22097_length_774_cov_1.770445_SRR6036271_aa_frame6,0,0.455,NODE_22097_length_774_cov_1.770445_SRR6036271
NODE_221_length_1727_cov_140.629187_SRR1778784_ORF.1,1,0.515,NODE_221_length_1727_cov_140.629187_SRR1778784
NODE_221_length_1727_cov_140.629187_SRR1778784_ORF.2,0,0.4,NODE_221_length_1727_cov_140.629187_SRR1778784
NODE_221_length_1727_cov_140.629187_SRR1778784_ORF.3,0,0.5,NODE_221_length_1727_cov_140.629187_SRR1778784
NODE_221_length_1727_cov_140.629187_SRR1778784_ORF.4,0,0.4799662162162162,NODE_221_length_1727_cov_140.629187_SRR1778784
NODE_221_length_1727_cov_140.629187_SRR1778784_aa_frame1,1,0.525,NODE_221_length_1727_cov_140.629187_SRR1778784
NODE_221_length_1727_cov_140.629187_SRR1778784_aa_frame2,1,0.54,NODE_221_length_1727_cov_140.629187_SRR1778784
NODE_221_length_1727_cov_140.629187_SRR1778784_aa_frame3,1,0.62,NODE_221_length_1727_cov_140.629187_SRR1778784
NODE_221_length_1727_cov_140.629187_SRR1778784_aa_frame4,0,0.49709219858156034,NODE_221_length_1727_cov_140.629187_SRR1778784
NODE_221_length_1727_cov_140.629187_SRR1778784_aa_frame5,1,0.5620436507936507,NODE_221_length_1727_cov_140.629187_SRR1778784
NODE_221_length_1727_cov_140.629187_SRR1778784_aa_frame6,1,0.695,NODE_221_length_1727_cov_140.629187_SRR1778784
NODE_2221_length_3561_cov_129.876497_SRR5087414_ORF.1,0,0.435,NODE_2221_length_3561_cov_129.876497_SRR5087414
NODE_2221_length_3561_cov_129.876497_SRR5087414_ORF.2,0,0.205,NODE_2221_length_3561_cov_129.876497_SRR5087414
NODE_2221_length_3561_cov_129.876497_SRR5087414_ORF.3,1,0.65,NODE_2221_length_3561_cov_129.876497_SRR5087414
NODE_2221_length_3561_cov_129.876497_SRR5087414_ORF.4,1,0.54,NODE_2221_length_3561_cov_129.876497_SRR5087414
NODE_2221_length_3561_cov_129.876497_SRR5087414_ORF.5,1,0.67,NODE_2221_length_3561_cov_129.876497_SRR5087414
NODE_2221_length_3561_cov_129.876497_SRR5087414_aa_frame1,1,0.63,NODE_2221_length_3561_cov_129.876497_SRR5087414
NODE_2221_length_3561_cov_129.876497_SRR5087414_aa_frame2,1,0.64,NODE_2221_length_3561_cov_129.876497_SRR5087414
NODE_2221_length_3561_cov_129.876497_SRR5087414_aa_frame3,1,0.56,NODE_2221_length_3561_cov_129.876497_SRR5087414
NODE_2221_length_3561_cov_129.876497_SRR5087414_aa_frame4,1,0.78,NODE_2221_length_3561_cov_129.876497_SRR5087414
NODE_2221_length_3561_cov_129.876497_SRR5087414_aa_frame5,1,0.815,NODE_2221_length_3561_cov_129.876497_SRR5087414
NODE_2221_length_3561_cov_129.876497_SRR5087414_aa_frame6,1,0.7,NODE_2221_length_3561_cov_129.876497_SRR5087414
NODE_2247_length_3126_cov_67.568870_SRR6233757_ORF.1,0,0.48,NODE_2247_length_3126_cov_67.568870_SRR6233757
NODE_2247_length_3126_cov_67.568870_SRR6233757_ORF.2,1,0.52,NODE_2247_length_3126_cov_67.568870_SRR6233757
NODE_2247_length_3126_cov_67.568870_SRR6233757_ORF.3,0,0.205,NODE_2247_length_3126_cov_67.568870_SRR6233757
NODE_2247_length_3126_cov_67.568870_SRR6233757_ORF.4,1,0.645,NODE_2247_length_3126_cov_67.568870_SRR6233757
NODE_2247_length_3126_cov_67.568870_SRR6233757_ORF.5,1,0.67,NODE_2247_length_3126_cov_67.568870_SRR6233757
NODE_2247_length_3126_cov_67.568870_SRR6233757_aa_frame1,1,0.63,NODE_2247_length_3126_cov_67.568870_SRR6233757
NODE_2247_length_3126_cov_67.568870_SRR6233757_aa_frame2,1,0.58,NODE_2247_length_3126_cov_67.568870_SRR6233757
NODE_2247_length_3126_cov_67.568870_SRR6233757_aa_frame3,1,0.56,NODE_2247_length_3126_cov_67.568870_SRR6233757
NODE_2247_length_3126_cov_67.568870_SRR6233757_aa_frame4,1,0.79,NODE_2247_length_3126_cov_67.568870_SRR6233757
NODE_2247_length_3126_cov_67.568870_SRR6233757_aa_frame5,1,0.705,NODE_2247_length_3126_cov_67.568870_SRR6233757
NODE_2247_length_3126_cov_67.568870_SRR6233757_aa_frame6,1,0.655,NODE_2247_length_3126_cov_67.568870_SRR6233757
NODE_22517_length_828_cov_2.924968_SRR1276187_ORF.1,0,0.38,NODE_22517_length_828_cov_2.924968_SRR1276187
NODE_22517_length_828_cov_2.924968_SRR1276187_aa_frame1,1,0.525,NODE_22517_length_828_cov_2.924968_SRR1276187
NODE_22517_length_828_cov_2.924968_SRR1276187_aa_frame2,1,0.6148091603053435,NODE_22517_length_828_cov_2.924968_SRR1276187
NODE_22517_length_828_cov_2.924968_SRR1276187_aa_frame3,1,0.6906647689112859,NODE_22517_length_828_cov_2.924968_SRR1276187
NODE_22517_length_828_cov_2.924968_SRR1276187_aa_frame4,0,0.39,NODE_22517_length_828_cov_2.924968_SRR1276187
NODE_22517_length_828_cov_2.924968_SRR1276187_aa_frame5,1,0.6198161764705883,NODE_22517_length_828_cov_2.924968_SRR1276187
NODE_22517_length_828_cov_2.924968_SRR1276187_aa_frame6,1,0.7124438207242341,NODE_22517_length_828_cov_2.924968_SRR1276187
NODE_22585_length_812_cov_4.129252_SRR8785184_ORF.1,0,0.485,NODE_22585_length_812_cov_4.129252_SRR8785184
NODE_22585_length_812_cov_4.129252_SRR8785184_aa_frame1,0,0.4671531531531532,NODE_22585_length_812_cov_4.129252_SRR8785184
NODE_22585_length_812_cov_4.129252_SRR8785184_aa_frame2,1,0.6927984645548153,NODE_22585_length_812_cov_4.129252_SRR8785184
NODE_22585_length_812_cov_4.129252_SRR8785184_aa_frame3,1,0.648612410982351,NODE_22585_length_812_cov_4.129252_SRR8785184
NODE_22585_length_812_cov_4.129252_SRR8785184_aa_frame4,0,0.475,NODE_22585_length_812_cov_4.129252_SRR8785184
NODE_22585_length_812_cov_4.129252_SRR8785184_aa_frame5,1,0.595,NODE_22585_length_812_cov_4.129252_SRR8785184
NODE_22585_length_812_cov_4.129252_SRR8785184_aa_frame6,1,0.72304419232992,NODE_22585_length_812_cov_4.129252_SRR8785184
NODE_22613_length_1380_cov_1.836981_SRR10030315_ORF.1,1,0.895,NODE_22613_length_1380_cov_1.836981_SRR10030315
NODE_22613_length_1380_cov_1.836981_SRR10030315_ORF.2,1,0.97,NODE_22613_length_1380_cov_1.836981_SRR10030315
NODE_22613_length_1380_cov_1.836981_SRR10030315_aa_frame1,1,0.5733333333333333,NODE_22613_length_1380_cov_1.836981_SRR10030315
NODE_22613_length_1380_cov_1.836981_SRR10030315_aa_frame2,1,0.65,NODE_22613_length_1380_cov_1.836981_SRR10030315
NODE_22613_length_1380_cov_1.836981_SRR10030315_aa_frame3,1,0.915,NODE_22613_length_1380_cov_1.836981_SRR10030315
NODE_22613_length_1380_cov_1.836981_SRR10030315_aa_frame4,1,0.6041268111429402,NODE_22613_length_1380_cov_1.836981_SRR10030315
NODE_22613_length_1380_cov_1.836981_SRR10030315_aa_frame5,1,0.555,NODE_22613_length_1380_cov_1.836981_SRR10030315
NODE_22613_length_1380_cov_1.836981_SRR10030315_aa_frame6,1,0.6492909038070329,NODE_22613_length_1380_cov_1.836981_SRR10030315
NODE_226_length_3141_cov_62.288723_SRR1276187_ORF.1,1,0.52,NODE_226_length_3141_cov_62.288723_SRR1276187
NODE_226_length_3141_cov_62.288723_SRR1276187_ORF.2,1,0.675,NODE_226_length_3141_cov_62.288723_SRR1276187
NODE_226_length_3141_cov_62.288723_SRR1276187_ORF.3,1,0.675,NODE_226_length_3141_cov_62.288723_SRR1276187
NODE_226_length_3141_cov_62.288723_SRR1276187_ORF.4,1,0.525,NODE_226_length_3141_cov_62.288723_SRR1276187
NODE_226_length_3141_cov_62.288723_SRR1276187_ORF.5,1,0.615,NODE_226_length_3141_cov_62.288723_SRR1276187
NODE_226_length_3141_cov_62.288723_SRR1276187_ORF.6,1,0.53,NODE_226_length_3141_cov_62.288723_SRR1276187
NODE_226_length_3141_cov_62.288723_SRR1276187_ORF.7,0,0.46,NODE_226_length_3141_cov_62.288723_SRR1276187
NODE_226_length_3141_cov_62.288723_SRR1276187_aa_frame1,0,0.31,NODE_226_length_3141_cov_62.288723_SRR1276187
NODE_226_length_3141_cov_62.288723_SRR1276187_aa_frame2,0,0.5,NODE_226_length_3141_cov_62.288723_SRR1276187
NODE_226_length_3141_cov_62.288723_SRR1276187_aa_frame3,1,0.735,NODE_226_length_3141_cov_62.288723_SRR1276187
NODE_226_length_3141_cov_62.288723_SRR1276187_aa_frame4,1,0.55,NODE_226_length_3141_cov_62.288723_SRR1276187
NODE_226_length_3141_cov_62.288723_SRR1276187_aa_frame5,1,0.565,NODE_226_length_3141_cov_62.288723_SRR1276187
NODE_226_length_3141_cov_62.288723_SRR1276187_aa_frame6,0,0.465,NODE_226_length_3141_cov_62.288723_SRR1276187
NODE_2282_length_1874_cov_7.528312_SRR1276187_ORF.1,0,0.49,NODE_2282_length_1874_cov_7.528312_SRR1276187
NODE_2282_length_1874_cov_7.528312_SRR1276187_ORF.2,0,0.44,NODE_2282_length_1874_cov_7.528312_SRR1276187
NODE_2282_length_1874_cov_7.528312_SRR1276187_ORF.3,1,0.55,NODE_2282_length_1874_cov_7.528312_SRR1276187
NODE_2282_length_1874_cov_7.528312_SRR1276187_ORF.4,0,0.135,NODE_2282_length_1874_cov_7.528312_SRR1276187
NODE_2282_length_1874_cov_7.528312_SRR1276187_aa_frame1,1,0.53,NODE_2282_length_1874_cov_7.528312_SRR1276187
NODE_2282_length_1874_cov_7.528312_SRR1276187_aa_frame2,0,0.4720921985815603,NODE_2282_length_1874_cov_7.528312_SRR1276187
NODE_2282_length_1874_cov_7.528312_SRR1276187_aa_frame3,1,0.5445340162857893,NODE_2282_length_1874_cov_7.528312_SRR1276187
NODE_2282_length_1874_cov_7.528312_SRR1276187_aa_frame4,0,0.3,NODE_2282_length_1874_cov_7.528312_SRR1276187
NODE_2282_length_1874_cov_7.528312_SRR1276187_aa_frame5,0,0.48,NODE_2282_length_1874_cov_7.528312_SRR1276187
NODE_2282_length_1874_cov_7.528312_SRR1276187_aa_frame6,1,0.5108011318862382,NODE_2282_length_1874_cov_7.528312_SRR1276187
NODE_22907_length_1657_cov_72.493671_SRR8455908_ORF.1,1,0.515,NODE_22907_length_1657_cov_72.493671_SRR8455908
NODE_22907_length_1657_cov_72.493671_SRR8455908_aa_frame1,1,0.6713777629431834,NODE_22907_length_1657_cov_72.493671_SRR8455908
NODE_22907_length_1657_cov_72.493671_SRR8455908_aa_frame2,0,0.475,NODE_22907_length_1657_cov_72.493671_SRR8455908
NODE_22907_length_1657_cov_72.493671_SRR8455908_aa_frame3,1,0.725,NODE_22907_length_1657_cov_72.493671_SRR8455908
NODE_22907_length_1657_cov_72.493671_SRR8455908_aa_frame4,1,0.7749382716049382,NODE_22907_length_1657_cov_72.493671_SRR8455908
NODE_22907_length_1657_cov_72.493671_SRR8455908_aa_frame5,1,0.83,NODE_22907_length_1657_cov_72.493671_SRR8455908
NODE_22907_length_1657_cov_72.493671_SRR8455908_aa_frame6,1,0.7888124999999999,NODE_22907_length_1657_cov_72.493671_SRR8455908
NODE_2320_length_1863_cov_3.863942_SRR1782604_ORF.1,1,0.995,NODE_2320_length_1863_cov_3.863942_SRR1782604
NODE_2320_length_1863_cov_3.863942_SRR1782604_ORF.2,1,0.6352707219251337,NODE_2320_length_1863_cov_3.863942_SRR1782604
NODE_2320_length_1863_cov_3.863942_SRR1782604_ORF.3,1,1.0,NODE_2320_length_1863_cov_3.863942_SRR1782604
NODE_2320_length_1863_cov_3.863942_SRR1782604_ORF.4,1,0.745,NODE_2320_length_1863_cov_3.863942_SRR1782604
NODE_2320_length_1863_cov_3.863942_SRR1782604_ORF.5,0,0.39,NODE_2320_length_1863_cov_3.863942_SRR1782604
NODE_2320_length_1863_cov_3.863942_SRR1782604_aa_frame1,1,0.97,NODE_2320_length_1863_cov_3.863942_SRR1782604
NODE_2320_length_1863_cov_3.863942_SRR1782604_aa_frame2,1,0.7282319223985891,NODE_2320_length_1863_cov_3.863942_SRR1782604
NODE_2320_length_1863_cov_3.863942_SRR1782604_aa_frame3,1,0.97,NODE_2320_length_1863_cov_3.863942_SRR1782604
NODE_2320_length_1863_cov_3.863942_SRR1782604_aa_frame4,1,0.6,NODE_2320_length_1863_cov_3.863942_SRR1782604
NODE_2320_length_1863_cov_3.863942_SRR1782604_aa_frame5,1,0.5791802536231885,NODE_2320_length_1863_cov_3.863942_SRR1782604
NODE_2320_length_1863_cov_3.863942_SRR1782604_aa_frame6,1,0.52,NODE_2320_length_1863_cov_3.863942_SRR1782604
NODE_232_length_5200_cov_31.422214_SRR8455910_ORF.1,0,0.305,NODE_232_length_5200_cov_31.422214_SRR8455910
NODE_232_length_5200_cov_31.422214_SRR8455910_ORF.2,1,0.565,NODE_232_length_5200_cov_31.422214_SRR8455910
NODE_232_length_5200_cov_31.422214_SRR8455910_aa_frame1,1,0.965,NODE_232_length_5200_cov_31.422214_SRR8455910
NODE_232_length_5200_cov_31.422214_SRR8455910_aa_frame2,1,0.99,NODE_232_length_5200_cov_31.422214_SRR8455910
NODE_232_length_5200_cov_31.422214_SRR8455910_aa_frame3,1,0.865,NODE_232_length_5200_cov_31.422214_SRR8455910
NODE_232_length_5200_cov_31.422214_SRR8455910_aa_frame4,1,0.75,NODE_232_length_5200_cov_31.422214_SRR8455910
NODE_232_length_5200_cov_31.422214_SRR8455910_aa_frame5,1,0.7,NODE_232_length_5200_cov_31.422214_SRR8455910
NODE_232_length_5200_cov_31.422214_SRR8455910_aa_frame6,0,0.47,NODE_232_length_5200_cov_31.422214_SRR8455910
NODE_2374_length_759_cov_74.265625_SRR1778784_ORF.1,1,0.605,NODE_2374_length_759_cov_74.265625_SRR1778784
NODE_2374_length_759_cov_74.265625_SRR1778784_aa_frame1,1,0.5833776412451112,NODE_2374_length_759_cov_74.265625_SRR1778784
NODE_2374_length_759_cov_74.265625_SRR1778784_aa_frame2,1,0.703037330170496,NODE_2374_length_759_cov_74.265625_SRR1778784
NODE_2374_length_759_cov_74.265625_SRR1778784_aa_frame3,1,0.615,NODE_2374_length_759_cov_74.265625_SRR1778784
NODE_2374_length_759_cov_74.265625_SRR1778784_aa_frame4,1,0.5894756701394775,NODE_2374_length_759_cov_74.265625_SRR1778784
NODE_2374_length_759_cov_74.265625_SRR1778784_aa_frame5,1,0.6782700590705669,NODE_2374_length_759_cov_74.265625_SRR1778784
NODE_2374_length_759_cov_74.265625_SRR1778784_aa_frame6,1,0.6497588540639989,NODE_2374_length_759_cov_74.265625_SRR1778784
NODE_23823_length_1505_cov_3.039216_SRR8455909_ORF.1,0,0.145,NODE_23823_length_1505_cov_3.039216_SRR8455909
NODE_23823_length_1505_cov_3.039216_SRR8455909_aa_frame1,1,0.725,NODE_23823_length_1505_cov_3.039216_SRR8455909
NODE_23823_length_1505_cov_3.039216_SRR8455909_aa_frame2,1,0.655,NODE_23823_length_1505_cov_3.039216_SRR8455909
NODE_23823_length_1505_cov_3.039216_SRR8455909_aa_frame3,1,0.72,NODE_23823_length_1505_cov_3.039216_SRR8455909
NODE_23823_length_1505_cov_3.039216_SRR8455909_aa_frame4,1,0.625,NODE_23823_length_1505_cov_3.039216_SRR8455909
NODE_23823_length_1505_cov_3.039216_SRR8455909_aa_frame5,0,0.225,NODE_23823_length_1505_cov_3.039216_SRR8455909
NODE_23823_length_1505_cov_3.039216_SRR8455909_aa_frame6,1,0.57,NODE_23823_length_1505_cov_3.039216_SRR8455909
NODE_23871_length_1274_cov_2.555556_SRR10143187_ORF.1,0,0.21,NODE_23871_length_1274_cov_2.555556_SRR10143187
NODE_23871_length_1274_cov_2.555556_SRR10143187_ORF.2,0,0.395,NODE_23871_length_1274_cov_2.555556_SRR10143187
NODE_23871_length_1274_cov_2.555556_SRR10143187_ORF.3,1,0.735,NODE_23871_length_1274_cov_2.555556_SRR10143187
NODE_23871_length_1274_cov_2.555556_SRR10143187_aa_frame1,0,0.29,NODE_23871_length_1274_cov_2.555556_SRR10143187
NODE_23871_length_1274_cov_2.555556_SRR10143187_aa_frame2,1,0.84,NODE_23871_length_1274_cov_2.555556_SRR10143187
NODE_23871_length_1274_cov_2.555556_SRR10143187_aa_frame3,1,0.74,NODE_23871_length_1274_cov_2.555556_SRR10143187
NODE_23871_length_1274_cov_2.555556_SRR10143187_aa_frame4,1,0.68,NODE_23871_length_1274_cov_2.555556_SRR10143187
NODE_23871_length_1274_cov_2.555556_SRR10143187_aa_frame5,1,0.635,NODE_23871_length_1274_cov_2.555556_SRR10143187
NODE_23871_length_1274_cov_2.555556_SRR10143187_aa_frame6,1,0.6543375576036867,NODE_23871_length_1274_cov_2.555556_SRR10143187
NODE_238_length_6528_cov_44.379731_SRR5087400_ORF.1,1,0.545,NODE_238_length_6528_cov_44.379731_SRR5087400
NODE_238_length_6528_cov_44.379731_SRR5087400_ORF.2,1,0.615,NODE_238_length_6528_cov_44.379731_SRR5087400
NODE_238_length_6528_cov_44.379731_SRR5087400_ORF.3,1,0.77,NODE_238_length_6528_cov_44.379731_SRR5087400
NODE_238_length_6528_cov_44.379731_SRR5087400_ORF.4,1,0.775,NODE_238_length_6528_cov_44.379731_SRR5087400
NODE_238_length_6528_cov_44.379731_SRR5087400_aa_frame1,1,0.915,NODE_238_length_6528_cov_44.379731_SRR5087400
NODE_238_length_6528_cov_44.379731_SRR5087400_aa_frame2,1,0.84,NODE_238_length_6528_cov_44.379731_SRR5087400
NODE_238_length_6528_cov_44.379731_SRR5087400_aa_frame3,1,0.535,NODE_238_length_6528_cov_44.379731_SRR5087400
NODE_238_length_6528_cov_44.379731_SRR5087400_aa_frame4,1,0.97,NODE_238_length_6528_cov_44.379731_SRR5087400
NODE_238_length_6528_cov_44.379731_SRR5087400_aa_frame5,1,0.77,NODE_238_length_6528_cov_44.379731_SRR5087400
NODE_238_length_6528_cov_44.379731_SRR5087400_aa_frame6,1,0.735,NODE_238_length_6528_cov_44.379731_SRR5087400
NODE_23_length_6637_cov_8.452744_SRR10064025_ORF.1,1,0.63,NODE_23_length_6637_cov_8.452744_SRR10064025
NODE_23_length_6637_cov_8.452744_SRR10064025_ORF.2,1,0.685,NODE_23_length_6637_cov_8.452744_SRR10064025
NODE_23_length_6637_cov_8.452744_SRR10064025_ORF.3,1,0.565,NODE_23_length_6637_cov_8.452744_SRR10064025
NODE_23_length_6637_cov_8.452744_SRR10064025_ORF.4,1,0.52,NODE_23_length_6637_cov_8.452744_SRR10064025
NODE_23_length_6637_cov_8.452744_SRR10064025_ORF.5,1,0.54,NODE_23_length_6637_cov_8.452744_SRR10064025
NODE_23_length_6637_cov_8.452744_SRR10064025_ORF.6,1,0.6,NODE_23_length_6637_cov_8.452744_SRR10064025
NODE_23_length_6637_cov_8.452744_SRR10064025_aa_frame1,1,0.805,NODE_23_length_6637_cov_8.452744_SRR10064025
NODE_23_length_6637_cov_8.452744_SRR10064025_aa_frame2,1,0.905,NODE_23_length_6637_cov_8.452744_SRR10064025
NODE_23_length_6637_cov_8.452744_SRR10064025_aa_frame3,1,0.945,NODE_23_length_6637_cov_8.452744_SRR10064025
NODE_23_length_6637_cov_8.452744_SRR10064025_aa_frame4,1,0.925,NODE_23_length_6637_cov_8.452744_SRR10064025
NODE_23_length_6637_cov_8.452744_SRR10064025_aa_frame5,0,0.495,NODE_23_length_6637_cov_8.452744_SRR10064025
NODE_23_length_6637_cov_8.452744_SRR10064025_aa_frame6,1,0.74,NODE_23_length_6637_cov_8.452744_SRR10064025
NODE_24086_length_636_cov_1.887299_SRR5150722_ORF.1,1,0.635,NODE_24086_length_636_cov_1.887299_SRR5150722
NODE_24086_length_636_cov_1.887299_SRR5150722_aa_frame1,1,0.64,NODE_24086_length_636_cov_1.887299_SRR5150722
NODE_24086_length_636_cov_1.887299_SRR5150722_aa_frame2,1,0.71,NODE_24086_length_636_cov_1.887299_SRR5150722
NODE_24086_length_636_cov_1.887299_SRR5150722_aa_frame3,1,0.6593638065776619,NODE_24086_length_636_cov_1.887299_SRR5150722
NODE_24086_length_636_cov_1.887299_SRR5150722_aa_frame4,1,0.6,NODE_24086_length_636_cov_1.887299_SRR5150722
NODE_24086_length_636_cov_1.887299_SRR5150722_aa_frame5,1,0.7240909090909091,NODE_24086_length_636_cov_1.887299_SRR5150722
NODE_24086_length_636_cov_1.887299_SRR5150722_aa_frame6,1,0.66,NODE_24086_length_636_cov_1.887299_SRR5150722
NODE_24115_length_1844_cov_3.553382_SRR3624128_ORF.1,1,0.505,NODE_24115_length_1844_cov_3.553382_SRR3624128
NODE_24115_length_1844_cov_3.553382_SRR3624128_ORF.2,1,0.51,NODE_24115_length_1844_cov_3.553382_SRR3624128
NODE_24115_length_1844_cov_3.553382_SRR3624128_ORF.3,0,0.185,NODE_24115_length_1844_cov_3.553382_SRR3624128
NODE_24115_length_1844_cov_3.553382_SRR3624128_ORF.4,0,0.485,NODE_24115_length_1844_cov_3.553382_SRR3624128
NODE_24115_length_1844_cov_3.553382_SRR3624128_aa_frame1,1,0.693659090909091,NODE_24115_length_1844_cov_3.553382_SRR3624128
NODE_24115_length_1844_cov_3.553382_SRR3624128_aa_frame2,1,0.755,NODE_24115_length_1844_cov_3.553382_SRR3624128
NODE_24115_length_1844_cov_3.553382_SRR3624128_aa_frame3,0,0.4128893954745018,NODE_24115_length_1844_cov_3.553382_SRR3624128
NODE_24115_length_1844_cov_3.553382_SRR3624128_aa_frame4,1,0.61,NODE_24115_length_1844_cov_3.553382_SRR3624128
NODE_24115_length_1844_cov_3.553382_SRR3624128_aa_frame5,1,0.65,NODE_24115_length_1844_cov_3.553382_SRR3624128
NODE_24115_length_1844_cov_3.553382_SRR3624128_aa_frame6,0,0.485,NODE_24115_length_1844_cov_3.553382_SRR3624128
NODE_242_length_5620_cov_498.148836_SRR8658357_ORF.1,1,0.72,NODE_242_length_5620_cov_498.148836_SRR8658357
NODE_242_length_5620_cov_498.148836_SRR8658357_ORF.2,1,0.71,NODE_242_length_5620_cov_498.148836_SRR8658357
NODE_242_length_5620_cov_498.148836_SRR8658357_ORF.3,0,0.345,NODE_242_length_5620_cov_498.148836_SRR8658357
NODE_242_length_5620_cov_498.148836_SRR8658357_ORF.4,0,0.495,NODE_242_length_5620_cov_498.148836_SRR8658357
NODE_242_length_5620_cov_498.148836_SRR8658357_ORF.5,1,0.735,NODE_242_length_5620_cov_498.148836_SRR8658357
NODE_242_length_5620_cov_498.148836_SRR8658357_aa_frame1,1,0.94,NODE_242_length_5620_cov_498.148836_SRR8658357
NODE_242_length_5620_cov_498.148836_SRR8658357_aa_frame2,1,0.905,NODE_242_length_5620_cov_498.148836_SRR8658357
NODE_242_length_5620_cov_498.148836_SRR8658357_aa_frame3,1,0.95,NODE_242_length_5620_cov_498.148836_SRR8658357
NODE_242_length_5620_cov_498.148836_SRR8658357_aa_frame4,1,0.575,NODE_242_length_5620_cov_498.148836_SRR8658357
NODE_242_length_5620_cov_498.148836_SRR8658357_aa_frame5,1,0.51,NODE_242_length_5620_cov_498.148836_SRR8658357
NODE_242_length_5620_cov_498.148836_SRR8658357_aa_frame6,1,0.925,NODE_242_length_5620_cov_498.148836_SRR8658357
NODE_2436_length_1957_cov_715.178689_SRR4242136_ORF.1,1,1.0,NODE_2436_length_1957_cov_715.178689_SRR4242136
NODE_2436_length_1957_cov_715.178689_SRR4242136_ORF.2,1,0.995,NODE_2436_length_1957_cov_715.178689_SRR4242136
NODE_2436_length_1957_cov_715.178689_SRR4242136_aa_frame1,0,0.4949382716049382,NODE_2436_length_1957_cov_715.178689_SRR4242136
NODE_2436_length_1957_cov_715.178689_SRR4242136_aa_frame2,1,0.69,NODE_2436_length_1957_cov_715.178689_SRR4242136
NODE_2436_length_1957_cov_715.178689_SRR4242136_aa_frame3,1,0.935,NODE_2436_length_1957_cov_715.178689_SRR4242136
NODE_2436_length_1957_cov_715.178689_SRR4242136_aa_frame4,1,0.525,NODE_2436_length_1957_cov_715.178689_SRR4242136
NODE_2436_length_1957_cov_715.178689_SRR4242136_aa_frame5,1,0.585,NODE_2436_length_1957_cov_715.178689_SRR4242136
NODE_2436_length_1957_cov_715.178689_SRR4242136_aa_frame6,1,0.95,NODE_2436_length_1957_cov_715.178689_SRR4242136
NODE_244_length_5617_cov_62.071480_SRR8658357_ORF.1,1,0.685,NODE_244_length_5617_cov_62.071480_SRR8658357
NODE_244_length_5617_cov_62.071480_SRR8658357_ORF.2,1,0.595,NODE_244_length_5617_cov_62.071480_SRR8658357
NODE_244_length_5617_cov_62.071480_SRR8658357_ORF.3,1,0.505,NODE_244_length_5617_cov_62.071480_SRR8658357
NODE_244_length_5617_cov_62.071480_SRR8658357_ORF.4,1,0.685,NODE_244_length_5617_cov_62.071480_SRR8658357
NODE_244_length_5617_cov_62.071480_SRR8658357_ORF.5,1,0.51,NODE_244_length_5617_cov_62.071480_SRR8658357
NODE_244_length_5617_cov_62.071480_SRR8658357_aa_frame1,1,0.93,NODE_244_length_5617_cov_62.071480_SRR8658357
NODE_244_length_5617_cov_62.071480_SRR8658357_aa_frame2,1,0.845,NODE_244_length_5617_cov_62.071480_SRR8658357
NODE_244_length_5617_cov_62.071480_SRR8658357_aa_frame3,1,0.935,NODE_244_length_5617_cov_62.071480_SRR8658357
NODE_244_length_5617_cov_62.071480_SRR8658357_aa_frame4,1,0.92,NODE_244_length_5617_cov_62.071480_SRR8658357
NODE_244_length_5617_cov_62.071480_SRR8658357_aa_frame5,1,0.52,NODE_244_length_5617_cov_62.071480_SRR8658357
NODE_244_length_5617_cov_62.071480_SRR8658357_aa_frame6,0,0.49,NODE_244_length_5617_cov_62.071480_SRR8658357
NODE_24553_length_847_cov_1.733586_ERR3010915_ORF.1,1,0.655,NODE_24553_length_847_cov_1.733586_ERR3010915
NODE_24553_length_847_cov_1.733586_ERR3010915_ORF.2,1,0.99,NODE_24553_length_847_cov_1.733586_ERR3010915
NODE_24553_length_847_cov_1.733586_ERR3010915_aa_frame1,1,0.6434879378717779,NODE_24553_length_847_cov_1.733586_ERR3010915
NODE_24553_length_847_cov_1.733586_ERR3010915_aa_frame2,1,0.53,NODE_24553_length_847_cov_1.733586_ERR3010915
NODE_24553_length_847_cov_1.733586_ERR3010915_aa_frame3,1,0.5197003745318353,NODE_24553_length_847_cov_1.733586_ERR3010915
NODE_24553_length_847_cov_1.733586_ERR3010915_aa_frame4,1,0.99,NODE_24553_length_847_cov_1.733586_ERR3010915
NODE_24553_length_847_cov_1.733586_ERR3010915_aa_frame5,1,0.7380769230769231,NODE_24553_length_847_cov_1.733586_ERR3010915
NODE_24553_length_847_cov_1.733586_ERR3010915_aa_frame6,1,0.6042383292383292,NODE_24553_length_847_cov_1.733586_ERR3010915
NODE_24615_length_742_cov_1.927220_SRR1778785_ORF.1,1,0.515,NODE_24615_length_742_cov_1.927220_SRR1778785
NODE_24615_length_742_cov_1.927220_SRR1778785_aa_frame1,1,0.6598091603053436,NODE_24615_length_742_cov_1.927220_SRR1778785
NODE_24615_length_742_cov_1.927220_SRR1778785_aa_frame2,1,0.6052780172413793,NODE_24615_length_742_cov_1.927220_SRR1778785
NODE_24615_length_742_cov_1.927220_SRR1778785_aa_frame3,1,0.6706253488507494,NODE_24615_length_742_cov_1.927220_SRR1778785
NODE_24615_length_742_cov_1.927220_SRR1778785_aa_frame4,1,0.53,NODE_24615_length_742_cov_1.927220_SRR1778785
NODE_24615_length_742_cov_1.927220_SRR1778785_aa_frame5,1,0.6066666666666667,NODE_24615_length_742_cov_1.927220_SRR1778785
NODE_24615_length_742_cov_1.927220_SRR1778785_aa_frame6,1,0.50453125,NODE_24615_length_742_cov_1.927220_SRR1778785
NODE_2497_length_2241_cov_11.267098_SRR10613610_ORF.1,1,0.67,NODE_2497_length_2241_cov_11.267098_SRR10613610
NODE_2497_length_2241_cov_11.267098_SRR10613610_ORF.2,0,0.14,NODE_2497_length_2241_cov_11.267098_SRR10613610
NODE_2497_length_2241_cov_11.267098_SRR10613610_aa_frame1,1,0.515,NODE_2497_length_2241_cov_11.267098_SRR10613610
NODE_2497_length_2241_cov_11.267098_SRR10613610_aa_frame2,1,0.684375,NODE_2497_length_2241_cov_11.267098_SRR10613610
NODE_2497_length_2241_cov_11.267098_SRR10613610_aa_frame3,1,0.7397142857142857,NODE_2497_length_2241_cov_11.267098_SRR10613610
NODE_2497_length_2241_cov_11.267098_SRR10613610_aa_frame4,1,0.735,NODE_2497_length_2241_cov_11.267098_SRR10613610
NODE_2497_length_2241_cov_11.267098_SRR10613610_aa_frame5,0,0.23,NODE_2497_length_2241_cov_11.267098_SRR10613610
NODE_2497_length_2241_cov_11.267098_SRR10613610_aa_frame6,1,0.5332936507936508,NODE_2497_length_2241_cov_11.267098_SRR10613610
NODE_251_length_6673_cov_596.344603_SRR8658359_ORF.1,1,0.715,NODE_251_length_6673_cov_596.344603_SRR8658359
NODE_251_length_6673_cov_596.344603_SRR8658359_ORF.2,1,0.705,NODE_251_length_6673_cov_596.344603_SRR8658359
NODE_251_length_6673_cov_596.344603_SRR8658359_ORF.3,0,0.495,NODE_251_length_6673_cov_596.344603_SRR8658359
NODE_251_length_6673_cov_596.344603_SRR8658359_ORF.4,1,0.725,NODE_251_length_6673_cov_596.344603_SRR8658359
NODE_251_length_6673_cov_596.344603_SRR8658359_ORF.5,1,0.56,NODE_251_length_6673_cov_596.344603_SRR8658359
NODE_251_length_6673_cov_596.344603_SRR8658359_aa_frame1,1,0.93,NODE_251_length_6673_cov_596.344603_SRR8658359
NODE_251_length_6673_cov_596.344603_SRR8658359_aa_frame2,1,0.875,NODE_251_length_6673_cov_596.344603_SRR8658359
NODE_251_length_6673_cov_596.344603_SRR8658359_aa_frame3,1,0.96,NODE_251_length_6673_cov_596.344603_SRR8658359
NODE_251_length_6673_cov_596.344603_SRR8658359_aa_frame4,1,0.945,NODE_251_length_6673_cov_596.344603_SRR8658359
NODE_251_length_6673_cov_596.344603_SRR8658359_aa_frame5,0,0.5,NODE_251_length_6673_cov_596.344603_SRR8658359
NODE_251_length_6673_cov_596.344603_SRR8658359_aa_frame6,1,0.83,NODE_251_length_6673_cov_596.344603_SRR8658359
NODE_25206_length_748_cov_0.910581_SRR1782604_ORF.1,1,1.0,NODE_25206_length_748_cov_0.910581_SRR1782604
NODE_25206_length_748_cov_0.910581_SRR1782604_aa_frame1,1,0.5244297752808988,NODE_25206_length_748_cov_0.910581_SRR1782604
NODE_25206_length_748_cov_0.910581_SRR1782604_aa_frame2,1,0.6326052631578947,NODE_25206_length_748_cov_0.910581_SRR1782604
NODE_25206_length_748_cov_0.910581_SRR1782604_aa_frame3,1,0.6390371470005091,NODE_25206_length_748_cov_0.910581_SRR1782604
NODE_25206_length_748_cov_0.910581_SRR1782604_aa_frame4,1,0.8014849487618788,NODE_25206_length_748_cov_0.910581_SRR1782604
NODE_25206_length_748_cov_0.910581_SRR1782604_aa_frame5,1,0.6706108123350856,NODE_25206_length_748_cov_0.910581_SRR1782604
NODE_25206_length_748_cov_0.910581_SRR1782604_aa_frame6,1,1.0,NODE_25206_length_748_cov_0.910581_SRR1782604
NODE_2529_length_1246_cov_0.716711_SRR12904122_ORF.1,1,0.93,NODE_2529_length_1246_cov_0.716711_SRR12904122
NODE_2529_length_1246_cov_0.716711_SRR12904122_ORF.2,1,0.56,NODE_2529_length_1246_cov_0.716711_SRR12904122
NODE_2529_length_1246_cov_0.716711_SRR12904122_ORF.3,1,0.55,NODE_2529_length_1246_cov_0.716711_SRR12904122
NODE_2529_length_1246_cov_0.716711_SRR12904122_aa_frame1,1,0.7632193745970342,NODE_2529_length_1246_cov_0.716711_SRR12904122
NODE_2529_length_1246_cov_0.716711_SRR12904122_aa_frame2,1,0.93,NODE_2529_length_1246_cov_0.716711_SRR12904122
NODE_2529_length_1246_cov_0.716711_SRR12904122_aa_frame3,1,0.6905875576036867,NODE_2529_length_1246_cov_0.716711_SRR12904122
NODE_2529_length_1246_cov_0.716711_SRR12904122_aa_frame4,1,0.7180841121495328,NODE_2529_length_1246_cov_0.716711_SRR12904122
NODE_2529_length_1246_cov_0.716711_SRR12904122_aa_frame5,1,0.68,NODE_2529_length_1246_cov_0.716711_SRR12904122
NODE_2529_length_1246_cov_0.716711_SRR12904122_aa_frame6,1,0.7985297805642633,NODE_2529_length_1246_cov_0.716711_SRR12904122
NODE_25366_length_1289_cov_2.156766_SRR7007216_ORF.1,0,0.235,NODE_25366_length_1289_cov_2.156766_SRR7007216
NODE_25366_length_1289_cov_2.156766_SRR7007216_ORF.2,1,0.715,NODE_25366_length_1289_cov_2.156766_SRR7007216
NODE_25366_length_1289_cov_2.156766_SRR7007216_aa_frame1,1,0.7973008241758243,NODE_25366_length_1289_cov_2.156766_SRR7007216
NODE_25366_length_1289_cov_2.156766_SRR7007216_aa_frame2,1,0.7185973625140292,NODE_25366_length_1289_cov_2.156766_SRR7007216
NODE_25366_length_1289_cov_2.156766_SRR7007216_aa_frame3,1,0.765,NODE_25366_length_1289_cov_2.156766_SRR7007216
NODE_25366_length_1289_cov_2.156766_SRR7007216_aa_frame4,1,0.8187619047619049,NODE_25366_length_1289_cov_2.156766_SRR7007216
NODE_25366_length_1289_cov_2.156766_SRR7007216_aa_frame5,0,0.3088125,NODE_25366_length_1289_cov_2.156766_SRR7007216
NODE_25366_length_1289_cov_2.156766_SRR7007216_aa_frame6,1,0.7887544802867384,NODE_25366_length_1289_cov_2.156766_SRR7007216
NODE_256_length_6307_cov_19.638684_SRR8554352_ORF.1,1,1.0,NODE_256_length_6307_cov_19.638684_SRR8554352
NODE_256_length_6307_cov_19.638684_SRR8554352_ORF.10,1,0.6345131086142323,NODE_256_length_6307_cov_19.638684_SRR8554352
NODE_256_length_6307_cov_19.638684_SRR8554352_ORF.2,1,1.0,NODE_256_length_6307_cov_19.638684_SRR8554352
NODE_256_length_6307_cov_19.638684_SRR8554352_ORF.3,1,0.795,NODE_256_length_6307_cov_19.638684_SRR8554352
NODE_256_length_6307_cov_19.638684_SRR8554352_ORF.4,1,1.0,NODE_256_length_6307_cov_19.638684_SRR8554352
NODE_256_length_6307_cov_19.638684_SRR8554352_ORF.5,1,0.7,NODE_256_length_6307_cov_19.638684_SRR8554352
NODE_256_length_6307_cov_19.638684_SRR8554352_ORF.6,1,0.69,NODE_256_length_6307_cov_19.638684_SRR8554352
NODE_256_length_6307_cov_19.638684_SRR8554352_ORF.7,1,0.75,NODE_256_length_6307_cov_19.638684_SRR8554352
NODE_256_length_6307_cov_19.638684_SRR8554352_ORF.8,1,0.78,NODE_256_length_6307_cov_19.638684_SRR8554352
NODE_256_length_6307_cov_19.638684_SRR8554352_ORF.9,1,0.765,NODE_256_length_6307_cov_19.638684_SRR8554352
NODE_256_length_6307_cov_19.638684_SRR8554352_aa_frame1,1,0.995,NODE_256_length_6307_cov_19.638684_SRR8554352
NODE_256_length_6307_cov_19.638684_SRR8554352_aa_frame2,1,0.89,NODE_256_length_6307_cov_19.638684_SRR8554352
NODE_256_length_6307_cov_19.638684_SRR8554352_aa_frame3,1,0.965,NODE_256_length_6307_cov_19.638684_SRR8554352
NODE_256_length_6307_cov_19.638684_SRR8554352_aa_frame4,1,0.875,NODE_256_length_6307_cov_19.638684_SRR8554352
NODE_256_length_6307_cov_19.638684_SRR8554352_aa_frame5,1,0.995,NODE_256_length_6307_cov_19.638684_SRR8554352
NODE_256_length_6307_cov_19.638684_SRR8554352_aa_frame6,1,0.945,NODE_256_length_6307_cov_19.638684_SRR8554352
NODE_2573_length_1203_cov_0.725836_SRR9317871_ORF.1,1,1.0,NODE_2573_length_1203_cov_0.725836_SRR9317871
NODE_2573_length_1203_cov_0.725836_SRR9317871_ORF.2,0,0.435,NODE_2573_length_1203_cov_0.725836_SRR9317871
NODE_2573_length_1203_cov_0.725836_SRR9317871_aa_frame1,1,0.85,NODE_2573_length_1203_cov_0.725836_SRR9317871
NODE_2573_length_1203_cov_0.725836_SRR9317871_aa_frame2,1,1.0,NODE_2573_length_1203_cov_0.725836_SRR9317871
NODE_2573_length_1203_cov_0.725836_SRR9317871_aa_frame3,1,0.7125892857142857,NODE_2573_length_1203_cov_0.725836_SRR9317871
NODE_2573_length_1203_cov_0.725836_SRR9317871_aa_frame4,1,0.765,NODE_2573_length_1203_cov_0.725836_SRR9317871
NODE_2573_length_1203_cov_0.725836_SRR9317871_aa_frame5,1,0.5942857142857143,NODE_2573_length_1203_cov_0.725836_SRR9317871
NODE_2573_length_1203_cov_0.725836_SRR9317871_aa_frame6,1,0.83,NODE_2573_length_1203_cov_0.725836_SRR9317871
NODE_25744_length_1126_cov_1.846520_SRR1777513_ORF.1,0,0.385,NODE_25744_length_1126_cov_1.846520_SRR1777513
NODE_25744_length_1126_cov_1.846520_SRR1777513_ORF.2,0,0.46,NODE_25744_length_1126_cov_1.846520_SRR1777513
NODE_25744_length_1126_cov_1.846520_SRR1777513_ORF.3,0,0.43,NODE_25744_length_1126_cov_1.846520_SRR1777513
NODE_25744_length_1126_cov_1.846520_SRR1777513_aa_frame1,1,0.5699576271186441,NODE_25744_length_1126_cov_1.846520_SRR1777513
NODE_25744_length_1126_cov_1.846520_SRR1777513_aa_frame2,1,0.525,NODE_25744_length_1126_cov_1.846520_SRR1777513
NODE_25744_length_1126_cov_1.846520_SRR1777513_aa_frame3,0,0.35,NODE_25744_length_1126_cov_1.846520_SRR1777513
NODE_25744_length_1126_cov_1.846520_SRR1777513_aa_frame4,1,0.6040798065352649,NODE_25744_length_1126_cov_1.846520_SRR1777513
NODE_25744_length_1126_cov_1.846520_SRR1777513_aa_frame5,0,0.41,NODE_25744_length_1126_cov_1.846520_SRR1777513
NODE_25744_length_1126_cov_1.846520_SRR1777513_aa_frame6,1,0.5529548018047051,NODE_25744_length_1126_cov_1.846520_SRR1777513
NODE_25839_length_1312_cov_2.855870_SRR1785350_ORF.1,1,0.995,NODE_25839_length_1312_cov_2.855870_SRR1785350
NODE_25839_length_1312_cov_2.855870_SRR1785350_ORF.2,1,0.515,NODE_25839_length_1312_cov_2.855870_SRR1785350
NODE_25839_length_1312_cov_2.855870_SRR1785350_ORF.3,0,0.325,NODE_25839_length_1312_cov_2.855870_SRR1785350
NODE_25839_length_1312_cov_2.855870_SRR1785350_aa_frame1,1,0.5499927536231884,NODE_25839_length_1312_cov_2.855870_SRR1785350
NODE_25839_length_1312_cov_2.855870_SRR1785350_aa_frame2,1,0.7741071428571428,NODE_25839_length_1312_cov_2.855870_SRR1785350
NODE_25839_length_1312_cov_2.855870_SRR1785350_aa_frame3,1,0.985,NODE_25839_length_1312_cov_2.855870_SRR1785350
NODE_25839_length_1312_cov_2.855870_SRR1785350_aa_frame4,1,0.6198717948717949,NODE_25839_length_1312_cov_2.855870_SRR1785350
NODE_25839_length_1312_cov_2.855870_SRR1785350_aa_frame5,1,0.685,NODE_25839_length_1312_cov_2.855870_SRR1785350
NODE_25839_length_1312_cov_2.855870_SRR1785350_aa_frame6,1,0.7945929118773947,NODE_25839_length_1312_cov_2.855870_SRR1785350
NODE_25957_length_1674_cov_2.835942_SRR12681654_ORF.1,0,0.325,NODE_25957_length_1674_cov_2.835942_SRR12681654
NODE_25957_length_1674_cov_2.835942_SRR12681654_ORF.2,1,1.0,NODE_25957_length_1674_cov_2.835942_SRR12681654
NODE_25957_length_1674_cov_2.835942_SRR12681654_aa_frame1,1,0.71,NODE_25957_length_1674_cov_2.835942_SRR12681654
NODE_25957_length_1674_cov_2.835942_SRR12681654_aa_frame2,1,0.62,NODE_25957_length_1674_cov_2.835942_SRR12681654
NODE_25957_length_1674_cov_2.835942_SRR12681654_aa_frame3,1,0.53,NODE_25957_length_1674_cov_2.835942_SRR12681654
NODE_25957_length_1674_cov_2.835942_SRR12681654_aa_frame4,1,0.5120921985815603,NODE_25957_length_1674_cov_2.835942_SRR12681654
NODE_25957_length_1674_cov_2.835942_SRR12681654_aa_frame5,1,0.769715909090909,NODE_25957_length_1674_cov_2.835942_SRR12681654
NODE_25957_length_1674_cov_2.835942_SRR12681654_aa_frame6,1,0.925,NODE_25957_length_1674_cov_2.835942_SRR12681654
NODE_26055_length_1542_cov_95.578157_SRR8455908_ORF.1,0,0.16,NODE_26055_length_1542_cov_95.578157_SRR8455908
NODE_26055_length_1542_cov_95.578157_SRR8455908_aa_frame1,1,0.71,NODE_26055_length_1542_cov_95.578157_SRR8455908
NODE_26055_length_1542_cov_95.578157_SRR8455908_aa_frame2,0,0.27,NODE_26055_length_1542_cov_95.578157_SRR8455908
NODE_26055_length_1542_cov_95.578157_SRR8455908_aa_frame3,0,0.4623210710710711,NODE_26055_length_1542_cov_95.578157_SRR8455908
NODE_26055_length_1542_cov_95.578157_SRR8455908_aa_frame4,1,0.5728325704736995,NODE_26055_length_1542_cov_95.578157_SRR8455908
NODE_26055_length_1542_cov_95.578157_SRR8455908_aa_frame5,1,0.5620921985815603,NODE_26055_length_1542_cov_95.578157_SRR8455908
NODE_26055_length_1542_cov_95.578157_SRR8455908_aa_frame6,1,0.64,NODE_26055_length_1542_cov_95.578157_SRR8455908
NODE_260_length_5002_cov_21.405482_SRR4435989_ORF.1,1,0.74,NODE_260_length_5002_cov_21.405482_SRR4435989
NODE_260_length_5002_cov_21.405482_SRR4435989_ORF.2,1,0.695,NODE_260_length_5002_cov_21.405482_SRR4435989
NODE_260_length_5002_cov_21.405482_SRR4435989_ORF.3,1,0.815,NODE_260_length_5002_cov_21.405482_SRR4435989
NODE_260_length_5002_cov_21.405482_SRR4435989_ORF.4,1,0.56,NODE_260_length_5002_cov_21.405482_SRR4435989
NODE_260_length_5002_cov_21.405482_SRR4435989_ORF.5,0,0.205,NODE_260_length_5002_cov_21.405482_SRR4435989
NODE_260_length_5002_cov_21.405482_SRR4435989_ORF.6,1,0.54,NODE_260_length_5002_cov_21.405482_SRR4435989
NODE_260_length_5002_cov_21.405482_SRR4435989_ORF.7,1,0.72,NODE_260_length_5002_cov_21.405482_SRR4435989
NODE_260_length_5002_cov_21.405482_SRR4435989_ORF.8,1,0.76,NODE_260_length_5002_cov_21.405482_SRR4435989
NODE_260_length_5002_cov_21.405482_SRR4435989_aa_frame1,1,0.955,NODE_260_length_5002_cov_21.405482_SRR4435989
NODE_260_length_5002_cov_21.405482_SRR4435989_aa_frame2,1,0.945,NODE_260_length_5002_cov_21.405482_SRR4435989
NODE_260_length_5002_cov_21.405482_SRR4435989_aa_frame3,1,0.99,NODE_260_length_5002_cov_21.405482_SRR4435989
NODE_260_length_5002_cov_21.405482_SRR4435989_aa_frame4,1,0.66,NODE_260_length_5002_cov_21.405482_SRR4435989
NODE_260_length_5002_cov_21.405482_SRR4435989_aa_frame5,1,0.92,NODE_260_length_5002_cov_21.405482_SRR4435989
NODE_260_length_5002_cov_21.405482_SRR4435989_aa_frame6,1,0.875,NODE_260_length_5002_cov_21.405482_SRR4435989
NODE_2635_length_2222_cov_118.392247_SRR5892088_ORF.1,1,0.68,NODE_2635_length_2222_cov_118.392247_SRR5892088
NODE_2635_length_2222_cov_118.392247_SRR5892088_ORF.2,0,0.105,NODE_2635_length_2222_cov_118.392247_SRR5892088
NODE_2635_length_2222_cov_118.392247_SRR5892088_aa_frame1,1,0.669375,NODE_2635_length_2222_cov_118.392247_SRR5892088
NODE_2635_length_2222_cov_118.392247_SRR5892088_aa_frame2,1,0.784652557319224,NODE_2635_length_2222_cov_118.392247_SRR5892088
NODE_2635_length_2222_cov_118.392247_SRR5892088_aa_frame3,0,0.445,NODE_2635_length_2222_cov_118.392247_SRR5892088
NODE_2635_length_2222_cov_118.392247_SRR5892088_aa_frame4,1,0.735,NODE_2635_length_2222_cov_118.392247_SRR5892088
NODE_2635_length_2222_cov_118.392247_SRR5892088_aa_frame5,0,0.205,NODE_2635_length_2222_cov_118.392247_SRR5892088
NODE_2635_length_2222_cov_118.392247_SRR5892088_aa_frame6,1,0.545,NODE_2635_length_2222_cov_118.392247_SRR5892088
NODE_26441_length_1102_cov_1.770732_SRR1781945_ORF.1,0,0.395,NODE_26441_length_1102_cov_1.770732_SRR1781945
NODE_26441_length_1102_cov_1.770732_SRR1781945_ORF.2,1,0.995,NODE_26441_length_1102_cov_1.770732_SRR1781945
NODE_26441_length_1102_cov_1.770732_SRR1781945_aa_frame1,1,0.59,NODE_26441_length_1102_cov_1.770732_SRR1781945
NODE_26441_length_1102_cov_1.770732_SRR1781945_aa_frame2,1,0.664375,NODE_26441_length_1102_cov_1.770732_SRR1781945
NODE_26441_length_1102_cov_1.770732_SRR1781945_aa_frame3,1,0.99,NODE_26441_length_1102_cov_1.770732_SRR1781945
NODE_26441_length_1102_cov_1.770732_SRR1781945_aa_frame4,0,0.495,NODE_26441_length_1102_cov_1.770732_SRR1781945
NODE_26441_length_1102_cov_1.770732_SRR1781945_aa_frame5,1,0.7398283167738166,NODE_26441_length_1102_cov_1.770732_SRR1781945
NODE_26441_length_1102_cov_1.770732_SRR1781945_aa_frame6,1,0.6878015276625444,NODE_26441_length_1102_cov_1.770732_SRR1781945
NODE_26446_length_1110_cov_2.914811_SRR1777513_ORF.1,1,0.6,NODE_26446_length_1110_cov_2.914811_SRR1777513
NODE_26446_length_1110_cov_2.914811_SRR1777513_ORF.2,1,0.99,NODE_26446_length_1110_cov_2.914811_SRR1777513
NODE_26446_length_1110_cov_2.914811_SRR1777513_aa_frame1,1,0.68,NODE_26446_length_1110_cov_2.914811_SRR1777513
NODE_26446_length_1110_cov_2.914811_SRR1777513_aa_frame2,1,0.95,NODE_26446_length_1110_cov_2.914811_SRR1777513
NODE_26446_length_1110_cov_2.914811_SRR1777513_aa_frame3,1,0.6199494949494949,NODE_26446_length_1110_cov_2.914811_SRR1777513
NODE_26446_length_1110_cov_2.914811_SRR1777513_aa_frame4,1,0.6725131826741996,NODE_26446_length_1110_cov_2.914811_SRR1777513
NODE_26446_length_1110_cov_2.914811_SRR1777513_aa_frame5,1,0.6491758241758242,NODE_26446_length_1110_cov_2.914811_SRR1777513
NODE_26446_length_1110_cov_2.914811_SRR1777513_aa_frame6,0,0.49,NODE_26446_length_1110_cov_2.914811_SRR1777513
NODE_26468_length_694_cov_141.517997_SRR10323722_ORF.1,0,0.495,NODE_26468_length_694_cov_141.517997_SRR10323722
NODE_26468_length_694_cov_141.517997_SRR10323722_aa_frame1,0,0.385,NODE_26468_length_694_cov_141.517997_SRR10323722
NODE_26468_length_694_cov_141.517997_SRR10323722_aa_frame2,1,0.58,NODE_26468_length_694_cov_141.517997_SRR10323722
NODE_26468_length_694_cov_141.517997_SRR10323722_aa_frame3,1,0.6695149667405765,NODE_26468_length_694_cov_141.517997_SRR10323722
NODE_26468_length_694_cov_141.517997_SRR10323722_aa_frame4,1,0.6495588235294117,NODE_26468_length_694_cov_141.517997_SRR10323722
NODE_26468_length_694_cov_141.517997_SRR10323722_aa_frame5,1,0.54,NODE_26468_length_694_cov_141.517997_SRR10323722
NODE_26468_length_694_cov_141.517997_SRR10323722_aa_frame6,1,0.6898937524481003,NODE_26468_length_694_cov_141.517997_SRR10323722
NODE_26511_length_1101_cov_1.013672_SRR1781945_ORF.1,1,0.955,NODE_26511_length_1101_cov_1.013672_SRR1781945
NODE_26511_length_1101_cov_1.013672_SRR1781945_aa_frame1,1,0.6497169811320753,NODE_26511_length_1101_cov_1.013672_SRR1781945
NODE_26511_length_1101_cov_1.013672_SRR1781945_aa_frame2,0,0.4779636302218219,NODE_26511_length_1101_cov_1.013672_SRR1781945
NODE_26511_length_1101_cov_1.013672_SRR1781945_aa_frame3,1,0.5861465306547223,NODE_26511_length_1101_cov_1.013672_SRR1781945
NODE_26511_length_1101_cov_1.013672_SRR1781945_aa_frame4,1,0.5999576271186441,NODE_26511_length_1101_cov_1.013672_SRR1781945
NODE_26511_length_1101_cov_1.013672_SRR1781945_aa_frame5,1,0.6191109595834366,NODE_26511_length_1101_cov_1.013672_SRR1781945
NODE_26511_length_1101_cov_1.013672_SRR1781945_aa_frame6,1,0.81,NODE_26511_length_1101_cov_1.013672_SRR1781945
NODE_26943_length_1092_cov_37.902463_SRR1781945_ORF.1,1,0.875,NODE_26943_length_1092_cov_37.902463_SRR1781945
NODE_26943_length_1092_cov_37.902463_SRR1781945_ORF.2,1,0.74,NODE_26943_length_1092_cov_37.902463_SRR1781945
NODE_26943_length_1092_cov_37.902463_SRR1781945_aa_frame1,1,0.83,NODE_26943_length_1092_cov_37.902463_SRR1781945
NODE_26943_length_1092_cov_37.902463_SRR1781945_aa_frame2,1,0.6999576271186442,NODE_26943_length_1092_cov_37.902463_SRR1781945
NODE_26943_length_1092_cov_37.902463_SRR1781945_aa_frame3,1,0.749294733044733,NODE_26943_length_1092_cov_37.902463_SRR1781945
NODE_26943_length_1092_cov_37.902463_SRR1781945_aa_frame4,0,0.44,NODE_26943_length_1092_cov_37.902463_SRR1781945
NODE_26943_length_1092_cov_37.902463_SRR1781945_aa_frame5,1,0.5676674454828661,NODE_26943_length_1092_cov_37.902463_SRR1781945
NODE_26943_length_1092_cov_37.902463_SRR1781945_aa_frame6,1,0.7347404761904762,NODE_26943_length_1092_cov_37.902463_SRR1781945
NODE_27276_length_808_cov_0.853625_SRR1782579_ORF.1,1,1.0,NODE_27276_length_808_cov_0.853625_SRR1782579
NODE_27276_length_808_cov_0.853625_SRR1782579_aa_frame1,1,0.7045188956547864,NODE_27276_length_808_cov_0.853625_SRR1782579
NODE_27276_length_808_cov_0.853625_SRR1782579_aa_frame2,1,0.7385736404420615,NODE_27276_length_808_cov_0.853625_SRR1782579
NODE_27276_length_808_cov_0.853625_SRR1782579_aa_frame3,1,0.5974448679443889,NODE_27276_length_808_cov_0.853625_SRR1782579
NODE_27276_length_808_cov_0.853625_SRR1782579_aa_frame4,1,0.7838891999168606,NODE_27276_length_808_cov_0.853625_SRR1782579
NODE_27276_length_808_cov_0.853625_SRR1782579_aa_frame5,1,0.6317257637485292,NODE_27276_length_808_cov_0.853625_SRR1782579
NODE_27276_length_808_cov_0.853625_SRR1782579_aa_frame6,1,1.0,NODE_27276_length_808_cov_0.853625_SRR1782579
NODE_272_length_6319_cov_68.384012_SRR8658354_ORF.1,1,0.52,NODE_272_length_6319_cov_68.384012_SRR8658354
NODE_272_length_6319_cov_68.384012_SRR8658354_ORF.2,1,0.695,NODE_272_length_6319_cov_68.384012_SRR8658354
NODE_272_length_6319_cov_68.384012_SRR8658354_ORF.3,1,0.595,NODE_272_length_6319_cov_68.384012_SRR8658354
NODE_272_length_6319_cov_68.384012_SRR8658354_ORF.4,1,0.84,NODE_272_length_6319_cov_68.384012_SRR8658354
NODE_272_length_6319_cov_68.384012_SRR8658354_ORF.5,1,0.59,NODE_272_length_6319_cov_68.384012_SRR8658354
NODE_272_length_6319_cov_68.384012_SRR8658354_ORF.6,1,0.655,NODE_272_length_6319_cov_68.384012_SRR8658354
NODE_272_length_6319_cov_68.384012_SRR8658354_aa_frame1,1,0.56,NODE_272_length_6319_cov_68.384012_SRR8658354
NODE_272_length_6319_cov_68.384012_SRR8658354_aa_frame2,1,0.81,NODE_272_length_6319_cov_68.384012_SRR8658354
NODE_272_length_6319_cov_68.384012_SRR8658354_aa_frame3,1,0.94,NODE_272_length_6319_cov_68.384012_SRR8658354
NODE_272_length_6319_cov_68.384012_SRR8658354_aa_frame4,1,0.94,NODE_272_length_6319_cov_68.384012_SRR8658354
NODE_272_length_6319_cov_68.384012_SRR8658354_aa_frame5,1,0.935,NODE_272_length_6319_cov_68.384012_SRR8658354
NODE_272_length_6319_cov_68.384012_SRR8658354_aa_frame6,1,0.905,NODE_272_length_6319_cov_68.384012_SRR8658354
NODE_2733_length_2882_cov_1214.513725_SRR8658355_ORF.1,0,0.47,NODE_2733_length_2882_cov_1214.513725_SRR8658355
NODE_2733_length_2882_cov_1214.513725_SRR8658355_ORF.2,1,0.575,NODE_2733_length_2882_cov_1214.513725_SRR8658355
NODE_2733_length_2882_cov_1214.513725_SRR8658355_ORF.3,0,0.28,NODE_2733_length_2882_cov_1214.513725_SRR8658355
NODE_2733_length_2882_cov_1214.513725_SRR8658355_ORF.4,1,0.625,NODE_2733_length_2882_cov_1214.513725_SRR8658355
NODE_2733_length_2882_cov_1214.513725_SRR8658355_aa_frame1,0,0.305,NODE_2733_length_2882_cov_1214.513725_SRR8658355
NODE_2733_length_2882_cov_1214.513725_SRR8658355_aa_frame2,1,0.77,NODE_2733_length_2882_cov_1214.513725_SRR8658355
NODE_2733_length_2882_cov_1214.513725_SRR8658355_aa_frame3,1,0.81,NODE_2733_length_2882_cov_1214.513725_SRR8658355
NODE_2733_length_2882_cov_1214.513725_SRR8658355_aa_frame4,0,0.32,NODE_2733_length_2882_cov_1214.513725_SRR8658355
NODE_2733_length_2882_cov_1214.513725_SRR8658355_aa_frame5,1,0.53,NODE_2733_length_2882_cov_1214.513725_SRR8658355
NODE_2733_length_2882_cov_1214.513725_SRR8658355_aa_frame6,1,0.65,NODE_2733_length_2882_cov_1214.513725_SRR8658355
NODE_2740_length_1201_cov_1.324953_SRR12904122_ORF.1,1,0.645,NODE_2740_length_1201_cov_1.324953_SRR12904122
NODE_2740_length_1201_cov_1.324953_SRR12904122_ORF.2,1,1.0,NODE_2740_length_1201_cov_1.324953_SRR12904122
NODE_2740_length_1201_cov_1.324953_SRR12904122_aa_frame1,1,0.71,NODE_2740_length_1201_cov_1.324953_SRR12904122
NODE_2740_length_1201_cov_1.324953_SRR12904122_aa_frame2,1,0.6546926895213185,NODE_2740_length_1201_cov_1.324953_SRR12904122
NODE_2740_length_1201_cov_1.324953_SRR12904122_aa_frame3,1,0.7726843192268723,NODE_2740_length_1201_cov_1.324953_SRR12904122
NODE_2740_length_1201_cov_1.324953_SRR12904122_aa_frame4,1,0.89,NODE_2740_length_1201_cov_1.324953_SRR12904122
NODE_2740_length_1201_cov_1.324953_SRR12904122_aa_frame5,1,0.965,NODE_2740_length_1201_cov_1.324953_SRR12904122
NODE_2740_length_1201_cov_1.324953_SRR12904122_aa_frame6,1,0.67,NODE_2740_length_1201_cov_1.324953_SRR12904122
NODE_27433_length_620_cov_1.370166_SRR5058322_ORF.1,0,0.495,NODE_27433_length_620_cov_1.370166_SRR5058322
NODE_27433_length_620_cov_1.370166_SRR5058322_aa_frame1,1,0.66,NODE_27433_length_620_cov_1.370166_SRR5058322
NODE_27433_length_620_cov_1.370166_SRR5058322_aa_frame2,1,0.6299065420560748,NODE_27433_length_620_cov_1.370166_SRR5058322
NODE_27433_length_620_cov_1.370166_SRR5058322_aa_frame3,0,0.435,NODE_27433_length_620_cov_1.370166_SRR5058322
NODE_27433_length_620_cov_1.370166_SRR5058322_aa_frame4,1,0.6741666666666667,NODE_27433_length_620_cov_1.370166_SRR5058322
NODE_27433_length_620_cov_1.370166_SRR5058322_aa_frame5,1,0.515,NODE_27433_length_620_cov_1.370166_SRR5058322
NODE_27433_length_620_cov_1.370166_SRR5058322_aa_frame6,1,0.71,NODE_27433_length_620_cov_1.370166_SRR5058322
NODE_2773_length_4038_cov_10.287974_SRR11393268_ORF.1,1,0.52,NODE_2773_length_4038_cov_10.287974_SRR11393268
NODE_2773_length_4038_cov_10.287974_SRR11393268_ORF.2,0,0.225,NODE_2773_length_4038_cov_10.287974_SRR11393268
NODE_2773_length_4038_cov_10.287974_SRR11393268_aa_frame1,1,0.545,NODE_2773_length_4038_cov_10.287974_SRR11393268
NODE_2773_length_4038_cov_10.287974_SRR11393268_aa_frame2,1,0.78,NODE_2773_length_4038_cov_10.287974_SRR11393268
NODE_2773_length_4038_cov_10.287974_SRR11393268_aa_frame3,1,0.79,NODE_2773_length_4038_cov_10.287974_SRR11393268
NODE_2773_length_4038_cov_10.287974_SRR11393268_aa_frame4,1,0.695,NODE_2773_length_4038_cov_10.287974_SRR11393268
NODE_2773_length_4038_cov_10.287974_SRR11393268_aa_frame5,1,0.665,NODE_2773_length_4038_cov_10.287974_SRR11393268
NODE_2773_length_4038_cov_10.287974_SRR11393268_aa_frame6,1,0.695,NODE_2773_length_4038_cov_10.287974_SRR11393268
NODE_278_length_4826_cov_1224.271215_SRR4435986_ORF.1,1,0.775,NODE_278_length_4826_cov_1224.271215_SRR4435986
NODE_278_length_4826_cov_1224.271215_SRR4435986_ORF.2,1,0.73,NODE_278_length_4826_cov_1224.271215_SRR4435986
NODE_278_length_4826_cov_1224.271215_SRR4435986_ORF.3,1,0.57,NODE_278_length_4826_cov_1224.271215_SRR4435986
NODE_278_length_4826_cov_1224.271215_SRR4435986_ORF.4,0,0.17,NODE_278_length_4826_cov_1224.271215_SRR4435986
NODE_278_length_4826_cov_1224.271215_SRR4435986_ORF.5,1,0.57,NODE_278_length_4826_cov_1224.271215_SRR4435986
NODE_278_length_4826_cov_1224.271215_SRR4435986_aa_frame1,1,0.915,NODE_278_length_4826_cov_1224.271215_SRR4435986
NODE_278_length_4826_cov_1224.271215_SRR4435986_aa_frame2,1,0.745,NODE_278_length_4826_cov_1224.271215_SRR4435986
NODE_278_length_4826_cov_1224.271215_SRR4435986_aa_frame3,1,0.605,NODE_278_length_4826_cov_1224.271215_SRR4435986
NODE_278_length_4826_cov_1224.271215_SRR4435986_aa_frame4,1,0.59,NODE_278_length_4826_cov_1224.271215_SRR4435986
NODE_278_length_4826_cov_1224.271215_SRR4435986_aa_frame5,1,0.61,NODE_278_length_4826_cov_1224.271215_SRR4435986
NODE_278_length_4826_cov_1224.271215_SRR4435986_aa_frame6,1,0.545,NODE_278_length_4826_cov_1224.271215_SRR4435986
NODE_28109_length_798_cov_0.911234_SRR1782579_ORF.1,1,0.87,NODE_28109_length_798_cov_0.911234_SRR1782579
NODE_28109_length_798_cov_0.911234_SRR1782579_ORF.2,1,0.565,NODE_28109_length_798_cov_0.911234_SRR1782579
NODE_28109_length_798_cov_0.911234_SRR1782579_aa_frame1,1,0.5363041036428133,NODE_28109_length_798_cov_0.911234_SRR1782579
NODE_28109_length_798_cov_0.911234_SRR1782579_aa_frame2,1,0.6834109958172457,NODE_28109_length_798_cov_0.911234_SRR1782579
NODE_28109_length_798_cov_0.911234_SRR1782579_aa_frame3,1,0.835,NODE_28109_length_798_cov_0.911234_SRR1782579
NODE_28109_length_798_cov_0.911234_SRR1782579_aa_frame4,1,0.6794372166370983,NODE_28109_length_798_cov_0.911234_SRR1782579
NODE_28109_length_798_cov_0.911234_SRR1782579_aa_frame5,1,0.7467271010165747,NODE_28109_length_798_cov_0.911234_SRR1782579
NODE_28109_length_798_cov_0.911234_SRR1782579_aa_frame6,1,0.6762226939096496,NODE_28109_length_798_cov_0.911234_SRR1782579
NODE_283_length_4719_cov_20.633994_SRR4435991_ORF.1,1,0.72,NODE_283_length_4719_cov_20.633994_SRR4435991
NODE_283_length_4719_cov_20.633994_SRR4435991_ORF.2,1,0.76,NODE_283_length_4719_cov_20.633994_SRR4435991
NODE_283_length_4719_cov_20.633994_SRR4435991_ORF.3,1,0.57,NODE_283_length_4719_cov_20.633994_SRR4435991
NODE_283_length_4719_cov_20.633994_SRR4435991_ORF.4,0,0.205,NODE_283_length_4719_cov_20.633994_SRR4435991
NODE_283_length_4719_cov_20.633994_SRR4435991_ORF.5,1,0.74,NODE_283_length_4719_cov_20.633994_SRR4435991
NODE_283_length_4719_cov_20.633994_SRR4435991_aa_frame1,1,0.82,NODE_283_length_4719_cov_20.633994_SRR4435991
NODE_283_length_4719_cov_20.633994_SRR4435991_aa_frame2,1,0.8,NODE_283_length_4719_cov_20.633994_SRR4435991
NODE_283_length_4719_cov_20.633994_SRR4435991_aa_frame3,1,0.635,NODE_283_length_4719_cov_20.633994_SRR4435991
NODE_283_length_4719_cov_20.633994_SRR4435991_aa_frame4,1,0.865,NODE_283_length_4719_cov_20.633994_SRR4435991
NODE_283_length_4719_cov_20.633994_SRR4435991_aa_frame5,1,0.89,NODE_283_length_4719_cov_20.633994_SRR4435991
NODE_283_length_4719_cov_20.633994_SRR4435991_aa_frame6,1,0.89,NODE_283_length_4719_cov_20.633994_SRR4435991
NODE_28410_length_715_cov_1.871212_SRR11613504_ORF.1,0,0.4,NODE_28410_length_715_cov_1.871212_SRR11613504
NODE_28410_length_715_cov_1.871212_SRR11613504_ORF.2,1,0.995,NODE_28410_length_715_cov_1.871212_SRR11613504
NODE_28410_length_715_cov_1.871212_SRR11613504_aa_frame1,1,0.753353539646217,NODE_28410_length_715_cov_1.871212_SRR11613504
NODE_28410_length_715_cov_1.871212_SRR11613504_aa_frame2,1,0.6294928229665071,NODE_28410_length_715_cov_1.871212_SRR11613504
NODE_28410_length_715_cov_1.871212_SRR11613504_aa_frame3,1,0.6444297752808988,NODE_28410_length_715_cov_1.871212_SRR11613504
NODE_28410_length_715_cov_1.871212_SRR11613504_aa_frame4,1,0.995,NODE_28410_length_715_cov_1.871212_SRR11613504
NODE_28410_length_715_cov_1.871212_SRR11613504_aa_frame5,1,0.7072401565076264,NODE_28410_length_715_cov_1.871212_SRR11613504
NODE_28410_length_715_cov_1.871212_SRR11613504_aa_frame6,1,0.6522414772727274,NODE_28410_length_715_cov_1.871212_SRR11613504
NODE_28458_length_1066_cov_1.435794_SRR1781945_ORF.1,1,0.98,NODE_28458_length_1066_cov_1.435794_SRR1781945
NODE_28458_length_1066_cov_1.435794_SRR1781945_aa_frame1,1,0.785,NODE_28458_length_1066_cov_1.435794_SRR1781945
NODE_28458_length_1066_cov_1.435794_SRR1781945_aa_frame2,1,0.6341802536231884,NODE_28458_length_1066_cov_1.435794_SRR1781945
NODE_28458_length_1066_cov_1.435794_SRR1781945_aa_frame3,1,0.743659090909091,NODE_28458_length_1066_cov_1.435794_SRR1781945
NODE_28458_length_1066_cov_1.435794_SRR1781945_aa_frame4,1,0.6299082568807339,NODE_28458_length_1066_cov_1.435794_SRR1781945
NODE_28458_length_1066_cov_1.435794_SRR1781945_aa_frame5,1,0.98,NODE_28458_length_1066_cov_1.435794_SRR1781945
NODE_28458_length_1066_cov_1.435794_SRR1781945_aa_frame6,1,0.6641109595834367,NODE_28458_length_1066_cov_1.435794_SRR1781945
NODE_28458_length_673_cov_0.793040_SRR9317871_ORF.1,1,1.0,NODE_28458_length_673_cov_0.793040_SRR9317871
NODE_28458_length_673_cov_0.793040_SRR9317871_ORF.2,1,0.695,NODE_28458_length_673_cov_0.793040_SRR9317871
NODE_28458_length_673_cov_0.793040_SRR9317871_aa_frame1,1,1.0,NODE_28458_length_673_cov_0.793040_SRR9317871
NODE_28458_length_673_cov_0.793040_SRR9317871_aa_frame2,1,0.6788291310791311,NODE_28458_length_673_cov_0.793040_SRR9317871
NODE_28458_length_673_cov_0.793040_SRR9317871_aa_frame3,1,0.7198157894736842,NODE_28458_length_673_cov_0.793040_SRR9317871
NODE_28458_length_673_cov_0.793040_SRR9317871_aa_frame4,1,0.5977272727272728,NODE_28458_length_673_cov_0.793040_SRR9317871
NODE_28458_length_673_cov_0.793040_SRR9317871_aa_frame5,1,0.585,NODE_28458_length_673_cov_0.793040_SRR9317871
NODE_28458_length_673_cov_0.793040_SRR9317871_aa_frame6,1,0.6199687500000001,NODE_28458_length_673_cov_0.793040_SRR9317871
NODE_2847_length_3470_cov_9.514788_ERR3010915_ORF.1,1,0.995,NODE_2847_length_3470_cov_9.514788_ERR3010915
NODE_2847_length_3470_cov_9.514788_ERR3010915_ORF.2,1,1.0,NODE_2847_length_3470_cov_9.514788_ERR3010915
NODE_2847_length_3470_cov_9.514788_ERR3010915_ORF.3,1,0.995,NODE_2847_length_3470_cov_9.514788_ERR3010915
NODE_2847_length_3470_cov_9.514788_ERR3010915_ORF.4,1,0.7949438202247191,NODE_2847_length_3470_cov_9.514788_ERR3010915
NODE_2847_length_3470_cov_9.514788_ERR3010915_ORF.5,1,0.56,NODE_2847_length_3470_cov_9.514788_ERR3010915
NODE_2847_length_3470_cov_9.514788_ERR3010915_ORF.6,1,0.525,NODE_2847_length_3470_cov_9.514788_ERR3010915
NODE_2847_length_3470_cov_9.514788_ERR3010915_ORF.7,1,0.845,NODE_2847_length_3470_cov_9.514788_ERR3010915
NODE_2847_length_3470_cov_9.514788_ERR3010915_ORF.8,1,0.52,NODE_2847_length_3470_cov_9.514788_ERR3010915
NODE_2847_length_3470_cov_9.514788_ERR3010915_ORF.9,1,0.565,NODE_2847_length_3470_cov_9.514788_ERR3010915
NODE_2847_length_3470_cov_9.514788_ERR3010915_aa_frame1,1,1.0,NODE_2847_length_3470_cov_9.514788_ERR3010915
NODE_2847_length_3470_cov_9.514788_ERR3010915_aa_frame2,1,0.76,NODE_2847_length_3470_cov_9.514788_ERR3010915
NODE_2847_length_3470_cov_9.514788_ERR3010915_aa_frame3,1,0.625,NODE_2847_length_3470_cov_9.514788_ERR3010915
NODE_2847_length_3470_cov_9.514788_ERR3010915_aa_frame4,1,0.615,NODE_2847_length_3470_cov_9.514788_ERR3010915
NODE_2847_length_3470_cov_9.514788_ERR3010915_aa_frame5,1,0.59,NODE_2847_length_3470_cov_9.514788_ERR3010915
NODE_2847_length_3470_cov_9.514788_ERR3010915_aa_frame6,1,0.78,NODE_2847_length_3470_cov_9.514788_ERR3010915
NODE_288_length_2740_cov_1.006384_SRR1785209_ORF.1,1,0.59,NODE_288_length_2740_cov_1.006384_SRR1785209
NODE_288_length_2740_cov_1.006384_SRR1785209_aa_frame1,0,0.43,NODE_288_length_2740_cov_1.006384_SRR1785209
NODE_288_length_2740_cov_1.006384_SRR1785209_aa_frame2,1,0.57,NODE_288_length_2740_cov_1.006384_SRR1785209
NODE_288_length_2740_cov_1.006384_SRR1785209_aa_frame3,1,0.59,NODE_288_length_2740_cov_1.006384_SRR1785209
NODE_288_length_2740_cov_1.006384_SRR1785209_aa_frame4,1,0.525,NODE_288_length_2740_cov_1.006384_SRR1785209
NODE_288_length_2740_cov_1.006384_SRR1785209_aa_frame5,0,0.4594140625,NODE_288_length_2740_cov_1.006384_SRR1785209
NODE_288_length_2740_cov_1.006384_SRR1785209_aa_frame6,1,0.57,NODE_288_length_2740_cov_1.006384_SRR1785209
NODE_289_length_6524_cov_57.414747_SRR5087358_ORF.1,1,0.615,NODE_289_length_6524_cov_57.414747_SRR5087358
NODE_289_length_6524_cov_57.414747_SRR5087358_ORF.2,1,0.77,NODE_289_length_6524_cov_57.414747_SRR5087358
NODE_289_length_6524_cov_57.414747_SRR5087358_ORF.3,1,0.775,NODE_289_length_6524_cov_57.414747_SRR5087358
NODE_289_length_6524_cov_57.414747_SRR5087358_ORF.4,1,0.545,NODE_289_length_6524_cov_57.414747_SRR5087358
NODE_289_length_6524_cov_57.414747_SRR5087358_aa_frame1,1,0.965,NODE_289_length_6524_cov_57.414747_SRR5087358
NODE_289_length_6524_cov_57.414747_SRR5087358_aa_frame2,1,0.785,NODE_289_length_6524_cov_57.414747_SRR5087358
NODE_289_length_6524_cov_57.414747_SRR5087358_aa_frame3,1,0.73,NODE_289_length_6524_cov_57.414747_SRR5087358
NODE_289_length_6524_cov_57.414747_SRR5087358_aa_frame4,1,0.85,NODE_289_length_6524_cov_57.414747_SRR5087358
NODE_289_length_6524_cov_57.414747_SRR5087358_aa_frame5,1,0.535,NODE_289_length_6524_cov_57.414747_SRR5087358
NODE_289_length_6524_cov_57.414747_SRR5087358_aa_frame6,1,0.92,NODE_289_length_6524_cov_57.414747_SRR5087358
NODE_2914_length_2084_cov_14.973592_SRR10613610_ORF.1,1,0.695,NODE_2914_length_2084_cov_14.973592_SRR10613610
NODE_2914_length_2084_cov_14.973592_SRR10613610_ORF.2,0,0.1,NODE_2914_length_2084_cov_14.973592_SRR10613610
NODE_2914_length_2084_cov_14.973592_SRR10613610_aa_frame1,1,0.525,NODE_2914_length_2084_cov_14.973592_SRR10613610
NODE_2914_length_2084_cov_14.973592_SRR10613610_aa_frame2,1,0.594375,NODE_2914_length_2084_cov_14.973592_SRR10613610
NODE_2914_length_2084_cov_14.973592_SRR10613610_aa_frame3,1,0.735,NODE_2914_length_2084_cov_14.973592_SRR10613610
NODE_2914_length_2084_cov_14.973592_SRR10613610_aa_frame4,0,0.17,NODE_2914_length_2084_cov_14.973592_SRR10613610
NODE_2914_length_2084_cov_14.973592_SRR10613610_aa_frame5,1,0.56,NODE_2914_length_2084_cov_14.973592_SRR10613610
NODE_2914_length_2084_cov_14.973592_SRR10613610_aa_frame6,1,0.6,NODE_2914_length_2084_cov_14.973592_SRR10613610
NODE_2917_length_2013_cov_4.558368_SRR1782579_ORF.1,1,1.0,NODE_2917_length_2013_cov_4.558368_SRR1782579
NODE_2917_length_2013_cov_4.558368_SRR1782579_ORF.2,1,0.95,NODE_2917_length_2013_cov_4.558368_SRR1782579
NODE_2917_length_2013_cov_4.558368_SRR1782579_ORF.3,1,0.7351923076923077,NODE_2917_length_2013_cov_4.558368_SRR1782579
NODE_2917_length_2013_cov_4.558368_SRR1782579_aa_frame1,1,0.99,NODE_2917_length_2013_cov_4.558368_SRR1782579
NODE_2917_length_2013_cov_4.558368_SRR1782579_aa_frame2,1,0.665,NODE_2917_length_2013_cov_4.558368_SRR1782579
NODE_2917_length_2013_cov_4.558368_SRR1782579_aa_frame3,1,0.7089707446808511,NODE_2917_length_2013_cov_4.558368_SRR1782579
NODE_2917_length_2013_cov_4.558368_SRR1782579_aa_frame4,1,0.53,NODE_2917_length_2013_cov_4.558368_SRR1782579
NODE_2917_length_2013_cov_4.558368_SRR1782579_aa_frame5,1,0.668659090909091,NODE_2917_length_2013_cov_4.558368_SRR1782579
NODE_2917_length_2013_cov_4.558368_SRR1782579_aa_frame6,1,0.5332936507936508,NODE_2917_length_2013_cov_4.558368_SRR1782579
NODE_2929_length_2368_cov_3.952443_SRR2006803_ORF.1,1,0.53,NODE_2929_length_2368_cov_3.952443_SRR2006803
NODE_2929_length_2368_cov_3.952443_SRR2006803_ORF.2,1,0.54,NODE_2929_length_2368_cov_3.952443_SRR2006803
NODE_2929_length_2368_cov_3.952443_SRR2006803_aa_frame1,1,0.51,NODE_2929_length_2368_cov_3.952443_SRR2006803
NODE_2929_length_2368_cov_3.952443_SRR2006803_aa_frame2,1,0.604375,NODE_2929_length_2368_cov_3.952443_SRR2006803
NODE_2929_length_2368_cov_3.952443_SRR2006803_aa_frame3,1,0.55,NODE_2929_length_2368_cov_3.952443_SRR2006803
NODE_2929_length_2368_cov_3.952443_SRR2006803_aa_frame4,0,0.48166666666666663,NODE_2929_length_2368_cov_3.952443_SRR2006803
NODE_2929_length_2368_cov_3.952443_SRR2006803_aa_frame5,0,0.49,NODE_2929_length_2368_cov_3.952443_SRR2006803
NODE_2929_length_2368_cov_3.952443_SRR2006803_aa_frame6,0,0.485,NODE_2929_length_2368_cov_3.952443_SRR2006803
NODE_292_length_5738_cov_31.117016_SRR6233757_ORF.1,1,0.58,NODE_292_length_5738_cov_31.117016_SRR6233757
NODE_292_length_5738_cov_31.117016_SRR6233757_ORF.2,1,0.62,NODE_292_length_5738_cov_31.117016_SRR6233757
NODE_292_length_5738_cov_31.117016_SRR6233757_ORF.3,1,0.77,NODE_292_length_5738_cov_31.117016_SRR6233757
NODE_292_length_5738_cov_31.117016_SRR6233757_ORF.4,1,0.775,NODE_292_length_5738_cov_31.117016_SRR6233757
NODE_292_length_5738_cov_31.117016_SRR6233757_aa_frame1,1,0.705,NODE_292_length_5738_cov_31.117016_SRR6233757
NODE_292_length_5738_cov_31.117016_SRR6233757_aa_frame2,1,0.87,NODE_292_length_5738_cov_31.117016_SRR6233757
NODE_292_length_5738_cov_31.117016_SRR6233757_aa_frame3,1,0.585,NODE_292_length_5738_cov_31.117016_SRR6233757
NODE_292_length_5738_cov_31.117016_SRR6233757_aa_frame4,1,0.86,NODE_292_length_5738_cov_31.117016_SRR6233757
NODE_292_length_5738_cov_31.117016_SRR6233757_aa_frame5,1,0.825,NODE_292_length_5738_cov_31.117016_SRR6233757
NODE_292_length_5738_cov_31.117016_SRR6233757_aa_frame6,1,0.805,NODE_292_length_5738_cov_31.117016_SRR6233757
NODE_296_length_3822_cov_10.632844_SRR8727441_ORF.1,1,0.695,NODE_296_length_3822_cov_10.632844_SRR8727441
NODE_296_length_3822_cov_10.632844_SRR8727441_ORF.2,1,0.57,NODE_296_length_3822_cov_10.632844_SRR8727441
NODE_296_length_3822_cov_10.632844_SRR8727441_ORF.3,1,0.51,NODE_296_length_3822_cov_10.632844_SRR8727441
NODE_296_length_3822_cov_10.632844_SRR8727441_ORF.4,0,0.48,NODE_296_length_3822_cov_10.632844_SRR8727441
NODE_296_length_3822_cov_10.632844_SRR8727441_aa_frame1,1,0.73,NODE_296_length_3822_cov_10.632844_SRR8727441
NODE_296_length_3822_cov_10.632844_SRR8727441_aa_frame2,1,0.51,NODE_296_length_3822_cov_10.632844_SRR8727441
NODE_296_length_3822_cov_10.632844_SRR8727441_aa_frame3,1,0.735,NODE_296_length_3822_cov_10.632844_SRR8727441
NODE_296_length_3822_cov_10.632844_SRR8727441_aa_frame4,1,0.765,NODE_296_length_3822_cov_10.632844_SRR8727441
NODE_296_length_3822_cov_10.632844_SRR8727441_aa_frame5,1,0.585,NODE_296_length_3822_cov_10.632844_SRR8727441
NODE_296_length_3822_cov_10.632844_SRR8727441_aa_frame6,0,0.485,NODE_296_length_3822_cov_10.632844_SRR8727441
NODE_2985_length_1998_cov_1.762103_SRR1782579_ORF.1,1,0.625,NODE_2985_length_1998_cov_1.762103_SRR1782579
NODE_2985_length_1998_cov_1.762103_SRR1782579_ORF.2,1,0.58,NODE_2985_length_1998_cov_1.762103_SRR1782579
NODE_2985_length_1998_cov_1.762103_SRR1782579_ORF.3,1,0.75,NODE_2985_length_1998_cov_1.762103_SRR1782579
NODE_2985_length_1998_cov_1.762103_SRR1782579_ORF.4,1,1.0,NODE_2985_length_1998_cov_1.762103_SRR1782579
NODE_2985_length_1998_cov_1.762103_SRR1782579_ORF.5,1,0.9,NODE_2985_length_1998_cov_1.762103_SRR1782579
NODE_2985_length_1998_cov_1.762103_SRR1782579_aa_frame1,1,0.7631874999999999,NODE_2985_length_1998_cov_1.762103_SRR1782579
NODE_2985_length_1998_cov_1.762103_SRR1782579_aa_frame2,0,0.4620949074074074,NODE_2985_length_1998_cov_1.762103_SRR1782579
NODE_2985_length_1998_cov_1.762103_SRR1782579_aa_frame3,1,0.62,NODE_2985_length_1998_cov_1.762103_SRR1782579
NODE_2985_length_1998_cov_1.762103_SRR1782579_aa_frame4,1,0.5930625278976343,NODE_2985_length_1998_cov_1.762103_SRR1782579
NODE_2985_length_1998_cov_1.762103_SRR1782579_aa_frame5,1,0.995,NODE_2985_length_1998_cov_1.762103_SRR1782579
NODE_2985_length_1998_cov_1.762103_SRR1782579_aa_frame6,1,0.5880079365079365,NODE_2985_length_1998_cov_1.762103_SRR1782579
NODE_2_length_3626_cov_0.985424_SRR9665731_ORF.1,1,1.0,NODE_2_length_3626_cov_0.985424_SRR9665731
NODE_2_length_3626_cov_0.985424_SRR9665731_ORF.2,1,0.995,NODE_2_length_3626_cov_0.985424_SRR9665731
NODE_2_length_3626_cov_0.985424_SRR9665731_ORF.3,0,0.465,NODE_2_length_3626_cov_0.985424_SRR9665731
NODE_2_length_3626_cov_0.985424_SRR9665731_ORF.4,1,0.645,NODE_2_length_3626_cov_0.985424_SRR9665731
NODE_2_length_3626_cov_0.985424_SRR9665731_aa_frame1,1,0.66,NODE_2_length_3626_cov_0.985424_SRR9665731
NODE_2_length_3626_cov_0.985424_SRR9665731_aa_frame2,1,0.985,NODE_2_length_3626_cov_0.985424_SRR9665731
NODE_2_length_3626_cov_0.985424_SRR9665731_aa_frame3,1,0.53,NODE_2_length_3626_cov_0.985424_SRR9665731
NODE_2_length_3626_cov_0.985424_SRR9665731_aa_frame4,1,0.665,NODE_2_length_3626_cov_0.985424_SRR9665731
NODE_2_length_3626_cov_0.985424_SRR9665731_aa_frame5,1,0.845,NODE_2_length_3626_cov_0.985424_SRR9665731
NODE_2_length_3626_cov_0.985424_SRR9665731_aa_frame6,1,0.715,NODE_2_length_3626_cov_0.985424_SRR9665731
NODE_2_length_5969_cov_129.087746_SRR9596414_ORF.1,1,0.62,NODE_2_length_5969_cov_129.087746_SRR9596414
NODE_2_length_5969_cov_129.087746_SRR9596414_ORF.2,1,0.705,NODE_2_length_5969_cov_129.087746_SRR9596414
NODE_2_length_5969_cov_129.087746_SRR9596414_ORF.3,1,0.53,NODE_2_length_5969_cov_129.087746_SRR9596414
NODE_2_length_5969_cov_129.087746_SRR9596414_ORF.4,0,0.385,NODE_2_length_5969_cov_129.087746_SRR9596414
NODE_2_length_5969_cov_129.087746_SRR9596414_ORF.5,0,0.315,NODE_2_length_5969_cov_129.087746_SRR9596414
NODE_2_length_5969_cov_129.087746_SRR9596414_aa_frame1,1,0.68,NODE_2_length_5969_cov_129.087746_SRR9596414
NODE_2_length_5969_cov_129.087746_SRR9596414_aa_frame2,1,0.51,NODE_2_length_5969_cov_129.087746_SRR9596414
NODE_2_length_5969_cov_129.087746_SRR9596414_aa_frame3,1,0.575,NODE_2_length_5969_cov_129.087746_SRR9596414
NODE_2_length_5969_cov_129.087746_SRR9596414_aa_frame4,1,0.66,NODE_2_length_5969_cov_129.087746_SRR9596414
NODE_2_length_5969_cov_129.087746_SRR9596414_aa_frame5,1,0.695,NODE_2_length_5969_cov_129.087746_SRR9596414
NODE_2_length_5969_cov_129.087746_SRR9596414_aa_frame6,1,0.745,NODE_2_length_5969_cov_129.087746_SRR9596414
NODE_30506_length_736_cov_496.751836_SRR5087342_ORF.1,1,0.58,NODE_30506_length_736_cov_496.751836_SRR5087342
NODE_30506_length_736_cov_496.751836_SRR5087342_aa_frame1,0,0.435,NODE_30506_length_736_cov_496.751836_SRR5087342
NODE_30506_length_736_cov_496.751836_SRR5087342_aa_frame2,1,0.6272339884840377,NODE_30506_length_736_cov_496.751836_SRR5087342
NODE_30506_length_736_cov_496.751836_SRR5087342_aa_frame3,1,0.605,NODE_30506_length_736_cov_496.751836_SRR5087342
NODE_30506_length_736_cov_496.751836_SRR5087342_aa_frame4,1,0.5939653939653939,NODE_30506_length_736_cov_496.751836_SRR5087342
NODE_30506_length_736_cov_496.751836_SRR5087342_aa_frame5,1,0.53,NODE_30506_length_736_cov_496.751836_SRR5087342
NODE_30506_length_736_cov_496.751836_SRR5087342_aa_frame6,1,0.6713394360269359,NODE_30506_length_736_cov_496.751836_SRR5087342
NODE_3054_length_1828_cov_3.599549_SRR11613515_ORF.1,1,0.51,NODE_3054_length_1828_cov_3.599549_SRR11613515
NODE_3054_length_1828_cov_3.599549_SRR11613515_ORF.2,1,0.975,NODE_3054_length_1828_cov_3.599549_SRR11613515
NODE_3054_length_1828_cov_3.599549_SRR11613515_ORF.3,1,0.995,NODE_3054_length_1828_cov_3.599549_SRR11613515
NODE_3054_length_1828_cov_3.599549_SRR11613515_ORF.4,0,0.325,NODE_3054_length_1828_cov_3.599549_SRR11613515
NODE_3054_length_1828_cov_3.599549_SRR11613515_aa_frame1,1,0.51,NODE_3054_length_1828_cov_3.599549_SRR11613515
NODE_3054_length_1828_cov_3.599549_SRR11613515_aa_frame2,1,0.715,NODE_3054_length_1828_cov_3.599549_SRR11613515
NODE_3054_length_1828_cov_3.599549_SRR11613515_aa_frame3,1,0.685,NODE_3054_length_1828_cov_3.599549_SRR11613515
NODE_3054_length_1828_cov_3.599549_SRR11613515_aa_frame4,1,0.95,NODE_3054_length_1828_cov_3.599549_SRR11613515
NODE_3054_length_1828_cov_3.599549_SRR11613515_aa_frame5,1,0.995,NODE_3054_length_1828_cov_3.599549_SRR11613515
NODE_3054_length_1828_cov_3.599549_SRR11613515_aa_frame6,1,0.53,NODE_3054_length_1828_cov_3.599549_SRR11613515
NODE_3072_length_2188_cov_2.218940_ERR1356733_ORF.1,1,0.62,NODE_3072_length_2188_cov_2.218940_ERR1356733
NODE_3072_length_2188_cov_2.218940_ERR1356733_ORF.2,0,0.47934069482112873,NODE_3072_length_2188_cov_2.218940_ERR1356733
NODE_3072_length_2188_cov_2.218940_ERR1356733_ORF.3,1,1.0,NODE_3072_length_2188_cov_2.218940_ERR1356733
NODE_3072_length_2188_cov_2.218940_ERR1356733_aa_frame1,1,0.5344568557919621,NODE_3072_length_2188_cov_2.218940_ERR1356733
NODE_3072_length_2188_cov_2.218940_ERR1356733_aa_frame2,1,0.705,NODE_3072_length_2188_cov_2.218940_ERR1356733
NODE_3072_length_2188_cov_2.218940_ERR1356733_aa_frame3,1,0.56,NODE_3072_length_2188_cov_2.218940_ERR1356733
NODE_3072_length_2188_cov_2.218940_ERR1356733_aa_frame4,1,1.0,NODE_3072_length_2188_cov_2.218940_ERR1356733
NODE_3072_length_2188_cov_2.218940_ERR1356733_aa_frame5,1,0.57,NODE_3072_length_2188_cov_2.218940_ERR1356733
NODE_3072_length_2188_cov_2.218940_ERR1356733_aa_frame6,1,0.58,NODE_3072_length_2188_cov_2.218940_ERR1356733
NODE_30913_length_1026_cov_2.102213_SRR1777513_ORF.1,0,0.345,NODE_30913_length_1026_cov_2.102213_SRR1777513
NODE_30913_length_1026_cov_2.102213_SRR1777513_ORF.2,1,0.735,NODE_30913_length_1026_cov_2.102213_SRR1777513
NODE_30913_length_1026_cov_2.102213_SRR1777513_ORF.3,1,0.995,NODE_30913_length_1026_cov_2.102213_SRR1777513
NODE_30913_length_1026_cov_2.102213_SRR1777513_aa_frame1,1,0.62,NODE_30913_length_1026_cov_2.102213_SRR1777513
NODE_30913_length_1026_cov_2.102213_SRR1777513_aa_frame2,1,0.67,NODE_30913_length_1026_cov_2.102213_SRR1777513
NODE_30913_length_1026_cov_2.102213_SRR1777513_aa_frame3,1,0.6688186813186813,NODE_30913_length_1026_cov_2.102213_SRR1777513
NODE_30913_length_1026_cov_2.102213_SRR1777513_aa_frame4,1,0.601875,NODE_30913_length_1026_cov_2.102213_SRR1777513
NODE_30913_length_1026_cov_2.102213_SRR1777513_aa_frame5,1,0.6189588399189464,NODE_30913_length_1026_cov_2.102213_SRR1777513
NODE_30913_length_1026_cov_2.102213_SRR1777513_aa_frame6,1,0.98,NODE_30913_length_1026_cov_2.102213_SRR1777513
NODE_309_length_6528_cov_12.316237_SRR6233755_ORF.1,1,0.615,NODE_309_length_6528_cov_12.316237_SRR6233755
NODE_309_length_6528_cov_12.316237_SRR6233755_ORF.2,1,0.77,NODE_309_length_6528_cov_12.316237_SRR6233755
NODE_309_length_6528_cov_12.316237_SRR6233755_ORF.3,1,0.775,NODE_309_length_6528_cov_12.316237_SRR6233755
NODE_309_length_6528_cov_12.316237_SRR6233755_ORF.4,1,0.545,NODE_309_length_6528_cov_12.316237_SRR6233755
NODE_309_length_6528_cov_12.316237_SRR6233755_aa_frame1,1,0.97,NODE_309_length_6528_cov_12.316237_SRR6233755
NODE_309_length_6528_cov_12.316237_SRR6233755_aa_frame2,1,0.77,NODE_309_length_6528_cov_12.316237_SRR6233755
NODE_309_length_6528_cov_12.316237_SRR6233755_aa_frame3,1,0.735,NODE_309_length_6528_cov_12.316237_SRR6233755
NODE_309_length_6528_cov_12.316237_SRR6233755_aa_frame4,1,0.915,NODE_309_length_6528_cov_12.316237_SRR6233755
NODE_309_length_6528_cov_12.316237_SRR6233755_aa_frame5,1,0.84,NODE_309_length_6528_cov_12.316237_SRR6233755
NODE_309_length_6528_cov_12.316237_SRR6233755_aa_frame6,1,0.535,NODE_309_length_6528_cov_12.316237_SRR6233755
NODE_31100_length_763_cov_0.969388_SRR1782579_ORF.1,1,1.0,NODE_31100_length_763_cov_0.969388_SRR1782579
NODE_31100_length_763_cov_0.969388_SRR1782579_aa_frame1,1,1.0,NODE_31100_length_763_cov_0.969388_SRR1782579
NODE_31100_length_763_cov_0.969388_SRR1782579_aa_frame2,1,0.6341364913101755,NODE_31100_length_763_cov_0.969388_SRR1782579
NODE_31100_length_763_cov_0.969388_SRR1782579_aa_frame3,1,0.6799473684210525,NODE_31100_length_763_cov_0.969388_SRR1782579
NODE_31100_length_763_cov_0.969388_SRR1782579_aa_frame4,1,0.6532795359832098,NODE_31100_length_763_cov_0.969388_SRR1782579
NODE_31100_length_763_cov_0.969388_SRR1782579_aa_frame5,1,0.5003125,NODE_31100_length_763_cov_0.969388_SRR1782579
NODE_31100_length_763_cov_0.969388_SRR1782579_aa_frame6,1,0.6088845762976861,NODE_31100_length_763_cov_0.969388_SRR1782579
NODE_3112_length_1477_cov_68.448571_SRR1785207_ORF.1,1,0.88,NODE_3112_length_1477_cov_68.448571_SRR1785207
NODE_3112_length_1477_cov_68.448571_SRR1785207_ORF.2,1,0.67,NODE_3112_length_1477_cov_68.448571_SRR1785207
NODE_3112_length_1477_cov_68.448571_SRR1785207_aa_frame1,1,0.5094927536231885,NODE_3112_length_1477_cov_68.448571_SRR1785207
NODE_3112_length_1477_cov_68.448571_SRR1785207_aa_frame2,0,0.475,NODE_3112_length_1477_cov_68.448571_SRR1785207
NODE_3112_length_1477_cov_68.448571_SRR1785207_aa_frame3,1,0.64,NODE_3112_length_1477_cov_68.448571_SRR1785207
NODE_3112_length_1477_cov_68.448571_SRR1785207_aa_frame4,1,0.805,NODE_3112_length_1477_cov_68.448571_SRR1785207
NODE_3112_length_1477_cov_68.448571_SRR1785207_aa_frame5,1,0.6155679669030732,NODE_3112_length_1477_cov_68.448571_SRR1785207
NODE_3112_length_1477_cov_68.448571_SRR1785207_aa_frame6,1,0.74,NODE_3112_length_1477_cov_68.448571_SRR1785207
NODE_313_length_4960_cov_5.742508_SRR2086712_ORF.1,1,0.725,NODE_313_length_4960_cov_5.742508_SRR2086712
NODE_313_length_4960_cov_5.742508_SRR2086712_ORF.2,1,0.7,NODE_313_length_4960_cov_5.742508_SRR2086712
NODE_313_length_4960_cov_5.742508_SRR2086712_ORF.3,0,0.455,NODE_313_length_4960_cov_5.742508_SRR2086712
NODE_313_length_4960_cov_5.742508_SRR2086712_ORF.4,1,0.715,NODE_313_length_4960_cov_5.742508_SRR2086712
NODE_313_length_4960_cov_5.742508_SRR2086712_ORF.5,1,0.75,NODE_313_length_4960_cov_5.742508_SRR2086712
NODE_313_length_4960_cov_5.742508_SRR2086712_aa_frame1,1,0.815,NODE_313_length_4960_cov_5.742508_SRR2086712
NODE_313_length_4960_cov_5.742508_SRR2086712_aa_frame2,1,0.565,NODE_313_length_4960_cov_5.742508_SRR2086712
NODE_313_length_4960_cov_5.742508_SRR2086712_aa_frame3,1,0.79,NODE_313_length_4960_cov_5.742508_SRR2086712
NODE_313_length_4960_cov_5.742508_SRR2086712_aa_frame4,1,0.52,NODE_313_length_4960_cov_5.742508_SRR2086712
NODE_313_length_4960_cov_5.742508_SRR2086712_aa_frame5,1,0.84,NODE_313_length_4960_cov_5.742508_SRR2086712
NODE_313_length_4960_cov_5.742508_SRR2086712_aa_frame6,1,0.845,NODE_313_length_4960_cov_5.742508_SRR2086712
NODE_31450_length_1016_cov_2.320554_SRR1781945_ORF.1,1,0.865,NODE_31450_length_1016_cov_2.320554_SRR1781945
NODE_31450_length_1016_cov_2.320554_SRR1781945_ORF.2,1,0.68,NODE_31450_length_1016_cov_2.320554_SRR1781945
NODE_31450_length_1016_cov_2.320554_SRR1781945_aa_frame1,1,0.6777564102564102,NODE_31450_length_1016_cov_2.320554_SRR1781945
NODE_31450_length_1016_cov_2.320554_SRR1781945_aa_frame2,1,0.7097555851250087,NODE_31450_length_1016_cov_2.320554_SRR1781945
NODE_31450_length_1016_cov_2.320554_SRR1781945_aa_frame3,1,0.85,NODE_31450_length_1016_cov_2.320554_SRR1781945
NODE_31450_length_1016_cov_2.320554_SRR1781945_aa_frame4,1,0.7435416666666665,NODE_31450_length_1016_cov_2.320554_SRR1781945
NODE_31450_length_1016_cov_2.320554_SRR1781945_aa_frame5,1,0.735,NODE_31450_length_1016_cov_2.320554_SRR1781945
NODE_31450_length_1016_cov_2.320554_SRR1781945_aa_frame6,1,0.59,NODE_31450_length_1016_cov_2.320554_SRR1781945
NODE_314_length_4508_cov_61.286391_SRR1782579_ORF.1,1,0.595,NODE_314_length_4508_cov_61.286391_SRR1782579
NODE_314_length_4508_cov_61.286391_SRR1782579_ORF.2,1,0.64,NODE_314_length_4508_cov_61.286391_SRR1782579
NODE_314_length_4508_cov_61.286391_SRR1782579_ORF.3,0,0.395,NODE_314_length_4508_cov_61.286391_SRR1782579
NODE_314_length_4508_cov_61.286391_SRR1782579_ORF.4,0,0.495,NODE_314_length_4508_cov_61.286391_SRR1782579
NODE_314_length_4508_cov_61.286391_SRR1782579_ORF.5,1,0.98,NODE_314_length_4508_cov_61.286391_SRR1782579
NODE_314_length_4508_cov_61.286391_SRR1782579_ORF.6,1,0.655,NODE_314_length_4508_cov_61.286391_SRR1782579
NODE_314_length_4508_cov_61.286391_SRR1782579_ORF.7,1,0.895,NODE_314_length_4508_cov_61.286391_SRR1782579
NODE_314_length_4508_cov_61.286391_SRR1782579_aa_frame1,1,0.735,NODE_314_length_4508_cov_61.286391_SRR1782579
NODE_314_length_4508_cov_61.286391_SRR1782579_aa_frame2,1,0.795,NODE_314_length_4508_cov_61.286391_SRR1782579
NODE_314_length_4508_cov_61.286391_SRR1782579_aa_frame3,1,0.855,NODE_314_length_4508_cov_61.286391_SRR1782579
NODE_314_length_4508_cov_61.286391_SRR1782579_aa_frame4,1,0.9,NODE_314_length_4508_cov_61.286391_SRR1782579
NODE_314_length_4508_cov_61.286391_SRR1782579_aa_frame5,1,0.795,NODE_314_length_4508_cov_61.286391_SRR1782579
NODE_314_length_4508_cov_61.286391_SRR1782579_aa_frame6,1,0.78,NODE_314_length_4508_cov_61.286391_SRR1782579
NODE_315_length_2621_cov_7.151564_SRR9317871_ORF.1,0,0.415,NODE_315_length_2621_cov_7.151564_SRR9317871
NODE_315_length_2621_cov_7.151564_SRR9317871_ORF.2,1,0.815,NODE_315_length_2621_cov_7.151564_SRR9317871
NODE_315_length_2621_cov_7.151564_SRR9317871_ORF.3,1,0.58,NODE_315_length_2621_cov_7.151564_SRR9317871
NODE_315_length_2621_cov_7.151564_SRR9317871_ORF.4,1,0.585,NODE_315_length_2621_cov_7.151564_SRR9317871
NODE_315_length_2621_cov_7.151564_SRR9317871_aa_frame1,0,0.415,NODE_315_length_2621_cov_7.151564_SRR9317871
NODE_315_length_2621_cov_7.151564_SRR9317871_aa_frame2,1,0.7094140625,NODE_315_length_2621_cov_7.151564_SRR9317871
NODE_315_length_2621_cov_7.151564_SRR9317871_aa_frame3,1,0.694009807180851,NODE_315_length_2621_cov_7.151564_SRR9317871
NODE_315_length_2621_cov_7.151564_SRR9317871_aa_frame4,0,0.35,NODE_315_length_2621_cov_7.151564_SRR9317871
NODE_315_length_2621_cov_7.151564_SRR9317871_aa_frame5,1,0.6,NODE_315_length_2621_cov_7.151564_SRR9317871
NODE_315_length_2621_cov_7.151564_SRR9317871_aa_frame6,1,0.6198161764705883,NODE_315_length_2621_cov_7.151564_SRR9317871
NODE_31983_length_1009_cov_1.195279_SRR1781945_ORF.1,0,0.465,NODE_31983_length_1009_cov_1.195279_SRR1781945
NODE_31983_length_1009_cov_1.195279_SRR1781945_ORF.2,1,0.65,NODE_31983_length_1009_cov_1.195279_SRR1781945
NODE_31983_length_1009_cov_1.195279_SRR1781945_ORF.3,1,0.91,NODE_31983_length_1009_cov_1.195279_SRR1781945
NODE_31983_length_1009_cov_1.195279_SRR1781945_aa_frame1,1,0.6550790135790134,NODE_31983_length_1009_cov_1.195279_SRR1781945
NODE_31983_length_1009_cov_1.195279_SRR1781945_aa_frame2,1,0.7802075388835027,NODE_31983_length_1009_cov_1.195279_SRR1781945
NODE_31983_length_1009_cov_1.195279_SRR1781945_aa_frame3,1,0.7136355869584358,NODE_31983_length_1009_cov_1.195279_SRR1781945
NODE_31983_length_1009_cov_1.195279_SRR1781945_aa_frame4,1,0.9,NODE_31983_length_1009_cov_1.195279_SRR1781945
NODE_31983_length_1009_cov_1.195279_SRR1781945_aa_frame5,1,0.645,NODE_31983_length_1009_cov_1.195279_SRR1781945
NODE_31983_length_1009_cov_1.195279_SRR1781945_aa_frame6,1,0.6538455598455599,NODE_31983_length_1009_cov_1.195279_SRR1781945
NODE_3217_length_4428_cov_239.721244_SRR769314_ORF.1,0,0.23,NODE_3217_length_4428_cov_239.721244_SRR769314
NODE_3217_length_4428_cov_239.721244_SRR769314_ORF.2,1,0.58,NODE_3217_length_4428_cov_239.721244_SRR769314
NODE_3217_length_4428_cov_239.721244_SRR769314_ORF.3,0,0.25,NODE_3217_length_4428_cov_239.721244_SRR769314
NODE_3217_length_4428_cov_239.721244_SRR769314_ORF.4,0,0.46,NODE_3217_length_4428_cov_239.721244_SRR769314
NODE_3217_length_4428_cov_239.721244_SRR769314_ORF.5,1,0.725,NODE_3217_length_4428_cov_239.721244_SRR769314
NODE_3217_length_4428_cov_239.721244_SRR769314_aa_frame1,1,0.96,NODE_3217_length_4428_cov_239.721244_SRR769314
NODE_3217_length_4428_cov_239.721244_SRR769314_aa_frame2,1,0.795,NODE_3217_length_4428_cov_239.721244_SRR769314
NODE_3217_length_4428_cov_239.721244_SRR769314_aa_frame3,1,0.665,NODE_3217_length_4428_cov_239.721244_SRR769314
NODE_3217_length_4428_cov_239.721244_SRR769314_aa_frame4,1,0.87,NODE_3217_length_4428_cov_239.721244_SRR769314
NODE_3217_length_4428_cov_239.721244_SRR769314_aa_frame5,1,0.83,NODE_3217_length_4428_cov_239.721244_SRR769314
NODE_3217_length_4428_cov_239.721244_SRR769314_aa_frame6,1,0.72,NODE_3217_length_4428_cov_239.721244_SRR769314
NODE_321_length_4220_cov_236.285474_SRR5892088_ORF.1,1,0.69,NODE_321_length_4220_cov_236.285474_SRR5892088
NODE_321_length_4220_cov_236.285474_SRR5892088_ORF.2,1,0.545,NODE_321_length_4220_cov_236.285474_SRR5892088
NODE_321_length_4220_cov_236.285474_SRR5892088_ORF.3,0,0.485,NODE_321_length_4220_cov_236.285474_SRR5892088
NODE_321_length_4220_cov_236.285474_SRR5892088_aa_frame1,1,0.935,NODE_321_length_4220_cov_236.285474_SRR5892088
NODE_321_length_4220_cov_236.285474_SRR5892088_aa_frame2,1,0.91,NODE_321_length_4220_cov_236.285474_SRR5892088
NODE_321_length_4220_cov_236.285474_SRR5892088_aa_frame3,1,0.845,NODE_321_length_4220_cov_236.285474_SRR5892088
NODE_321_length_4220_cov_236.285474_SRR5892088_aa_frame4,1,0.76,NODE_321_length_4220_cov_236.285474_SRR5892088
NODE_321_length_4220_cov_236.285474_SRR5892088_aa_frame5,1,0.81,NODE_321_length_4220_cov_236.285474_SRR5892088
NODE_321_length_4220_cov_236.285474_SRR5892088_aa_frame6,1,0.53,NODE_321_length_4220_cov_236.285474_SRR5892088
NODE_3224_length_2496_cov_5.112443_SRR7976660_ORF.1,1,0.63,NODE_3224_length_2496_cov_5.112443_SRR7976660
NODE_3224_length_2496_cov_5.112443_SRR7976660_ORF.2,1,0.66,NODE_3224_length_2496_cov_5.112443_SRR7976660
NODE_3224_length_2496_cov_5.112443_SRR7976660_ORF.3,1,0.53,NODE_3224_length_2496_cov_5.112443_SRR7976660
NODE_3224_length_2496_cov_5.112443_SRR7976660_ORF.4,0,0.4693975903614458,NODE_3224_length_2496_cov_5.112443_SRR7976660
NODE_3224_length_2496_cov_5.112443_SRR7976660_aa_frame1,1,0.57,NODE_3224_length_2496_cov_5.112443_SRR7976660
NODE_3224_length_2496_cov_5.112443_SRR7976660_aa_frame2,1,0.66,NODE_3224_length_2496_cov_5.112443_SRR7976660
NODE_3224_length_2496_cov_5.112443_SRR7976660_aa_frame3,1,0.63,NODE_3224_length_2496_cov_5.112443_SRR7976660
NODE_3224_length_2496_cov_5.112443_SRR7976660_aa_frame4,1,0.595,NODE_3224_length_2496_cov_5.112443_SRR7976660
NODE_3224_length_2496_cov_5.112443_SRR7976660_aa_frame5,0,0.48,NODE_3224_length_2496_cov_5.112443_SRR7976660
NODE_3224_length_2496_cov_5.112443_SRR7976660_aa_frame6,1,0.6638259836514393,NODE_3224_length_2496_cov_5.112443_SRR7976660
NODE_322_length_6896_cov_223.354451_SRR8658355_ORF.1,1,0.57,NODE_322_length_6896_cov_223.354451_SRR8658355
NODE_322_length_6896_cov_223.354451_SRR8658355_ORF.2,1,0.635,NODE_322_length_6896_cov_223.354451_SRR8658355
NODE_322_length_6896_cov_223.354451_SRR8658355_ORF.3,1,0.635,NODE_322_length_6896_cov_223.354451_SRR8658355
NODE_322_length_6896_cov_223.354451_SRR8658355_ORF.4,1,0.595,NODE_322_length_6896_cov_223.354451_SRR8658355
NODE_322_length_6896_cov_223.354451_SRR8658355_ORF.5,0,0.44,NODE_322_length_6896_cov_223.354451_SRR8658355
NODE_322_length_6896_cov_223.354451_SRR8658355_ORF.6,0,0.47,NODE_322_length_6896_cov_223.354451_SRR8658355
NODE_322_length_6896_cov_223.354451_SRR8658355_ORF.7,1,0.645,NODE_322_length_6896_cov_223.354451_SRR8658355
NODE_322_length_6896_cov_223.354451_SRR8658355_ORF.8,1,0.605,NODE_322_length_6896_cov_223.354451_SRR8658355
NODE_322_length_6896_cov_223.354451_SRR8658355_aa_frame1,0,0.19,NODE_322_length_6896_cov_223.354451_SRR8658355
NODE_322_length_6896_cov_223.354451_SRR8658355_aa_frame2,1,0.52,NODE_322_length_6896_cov_223.354451_SRR8658355
NODE_322_length_6896_cov_223.354451_SRR8658355_aa_frame3,0,0.145,NODE_322_length_6896_cov_223.354451_SRR8658355
NODE_322_length_6896_cov_223.354451_SRR8658355_aa_frame4,0,0.435,NODE_322_length_6896_cov_223.354451_SRR8658355
NODE_322_length_6896_cov_223.354451_SRR8658355_aa_frame5,0,0.255,NODE_322_length_6896_cov_223.354451_SRR8658355
NODE_322_length_6896_cov_223.354451_SRR8658355_aa_frame6,1,0.585,NODE_322_length_6896_cov_223.354451_SRR8658355
NODE_322_length_7045_cov_184.362232_SRR5087360_ORF.1,0,0.345,NODE_322_length_7045_cov_184.362232_SRR5087360
NODE_322_length_7045_cov_184.362232_SRR5087360_ORF.2,1,0.705,NODE_322_length_7045_cov_184.362232_SRR5087360
NODE_322_length_7045_cov_184.362232_SRR5087360_ORF.3,1,0.515,NODE_322_length_7045_cov_184.362232_SRR5087360
NODE_322_length_7045_cov_184.362232_SRR5087360_ORF.4,1,0.665,NODE_322_length_7045_cov_184.362232_SRR5087360
NODE_322_length_7045_cov_184.362232_SRR5087360_aa_frame1,0,0.01,NODE_322_length_7045_cov_184.362232_SRR5087360
NODE_322_length_7045_cov_184.362232_SRR5087360_aa_frame2,0,0.14,NODE_322_length_7045_cov_184.362232_SRR5087360
NODE_322_length_7045_cov_184.362232_SRR5087360_aa_frame3,0,0.33,NODE_322_length_7045_cov_184.362232_SRR5087360
NODE_322_length_7045_cov_184.362232_SRR5087360_aa_frame4,0,0.08,NODE_322_length_7045_cov_184.362232_SRR5087360
NODE_322_length_7045_cov_184.362232_SRR5087360_aa_frame5,0,0.045,NODE_322_length_7045_cov_184.362232_SRR5087360
NODE_322_length_7045_cov_184.362232_SRR5087360_aa_frame6,0,0.105,NODE_322_length_7045_cov_184.362232_SRR5087360
NODE_323_length_705_cov_6047.968858_ERR3179625_ORF.1,1,0.945,NODE_323_length_705_cov_6047.968858_ERR3179625
NODE_323_length_705_cov_6047.968858_ERR3179625_ORF.2,1,0.96,NODE_323_length_705_cov_6047.968858_ERR3179625
NODE_323_length_705_cov_6047.968858_ERR3179625_aa_frame1,1,0.6268717350746269,NODE_323_length_705_cov_6047.968858_ERR3179625
NODE_323_length_705_cov_6047.968858_ERR3179625_aa_frame2,1,1.0,NODE_323_length_705_cov_6047.968858_ERR3179625
NODE_323_length_705_cov_6047.968858_ERR3179625_aa_frame3,1,0.5866006590682348,NODE_323_length_705_cov_6047.968858_ERR3179625
NODE_323_length_705_cov_6047.968858_ERR3179625_aa_frame4,1,0.66496875,NODE_323_length_705_cov_6047.968858_ERR3179625
NODE_323_length_705_cov_6047.968858_ERR3179625_aa_frame5,1,1.0,NODE_323_length_705_cov_6047.968858_ERR3179625
NODE_323_length_705_cov_6047.968858_ERR3179625_aa_frame6,1,0.6743229907773386,NODE_323_length_705_cov_6047.968858_ERR3179625
NODE_32438_length_1190_cov_2.176999_SRR1785350_ORF.1,0,0.485,NODE_32438_length_1190_cov_2.176999_SRR1785350
NODE_32438_length_1190_cov_2.176999_SRR1785350_ORF.2,1,0.96,NODE_32438_length_1190_cov_2.176999_SRR1785350
NODE_32438_length_1190_cov_2.176999_SRR1785350_aa_frame1,1,0.6749645390070921,NODE_32438_length_1190_cov_2.176999_SRR1785350
NODE_32438_length_1190_cov_2.176999_SRR1785350_aa_frame2,1,0.975,NODE_32438_length_1190_cov_2.176999_SRR1785350
NODE_32438_length_1190_cov_2.176999_SRR1785350_aa_frame3,1,0.6495652173913044,NODE_32438_length_1190_cov_2.176999_SRR1785350
NODE_32438_length_1190_cov_2.176999_SRR1785350_aa_frame4,1,0.6451449275362319,NODE_32438_length_1190_cov_2.176999_SRR1785350
NODE_32438_length_1190_cov_2.176999_SRR1785350_aa_frame5,1,0.575,NODE_32438_length_1190_cov_2.176999_SRR1785350
NODE_32438_length_1190_cov_2.176999_SRR1785350_aa_frame6,1,0.7617406043647073,NODE_32438_length_1190_cov_2.176999_SRR1785350
NODE_324_length_2822_cov_4.816698_SRR12904122_ORF.1,1,1.0,NODE_324_length_2822_cov_4.816698_SRR12904122
NODE_324_length_2822_cov_4.816698_SRR12904122_ORF.2,0,0.45,NODE_324_length_2822_cov_4.816698_SRR12904122
NODE_324_length_2822_cov_4.816698_SRR12904122_aa_frame1,1,1.0,NODE_324_length_2822_cov_4.816698_SRR12904122
NODE_324_length_2822_cov_4.816698_SRR12904122_aa_frame2,0,0.415,NODE_324_length_2822_cov_4.816698_SRR12904122
NODE_324_length_2822_cov_4.816698_SRR12904122_aa_frame3,1,0.63,NODE_324_length_2822_cov_4.816698_SRR12904122
NODE_324_length_2822_cov_4.816698_SRR12904122_aa_frame4,1,0.7244140625,NODE_324_length_2822_cov_4.816698_SRR12904122
NODE_324_length_2822_cov_4.816698_SRR12904122_aa_frame5,0,0.4444140625,NODE_324_length_2822_cov_4.816698_SRR12904122
NODE_324_length_2822_cov_4.816698_SRR12904122_aa_frame6,1,0.705,NODE_324_length_2822_cov_4.816698_SRR12904122
NODE_3269_length_2283_cov_3.691652_SRR2006803_ORF.1,0,0.155,NODE_3269_length_2283_cov_3.691652_SRR2006803
NODE_3269_length_2283_cov_3.691652_SRR2006803_ORF.2,0,0.45,NODE_3269_length_2283_cov_3.691652_SRR2006803
NODE_3269_length_2283_cov_3.691652_SRR2006803_aa_frame1,1,0.59,NODE_3269_length_2283_cov_3.691652_SRR2006803
NODE_3269_length_2283_cov_3.691652_SRR2006803_aa_frame2,1,0.605,NODE_3269_length_2283_cov_3.691652_SRR2006803
NODE_3269_length_2283_cov_3.691652_SRR2006803_aa_frame3,0,0.255,NODE_3269_length_2283_cov_3.691652_SRR2006803
NODE_3269_length_2283_cov_3.691652_SRR2006803_aa_frame4,0,0.45,NODE_3269_length_2283_cov_3.691652_SRR2006803
NODE_3269_length_2283_cov_3.691652_SRR2006803_aa_frame5,0,0.475,NODE_3269_length_2283_cov_3.691652_SRR2006803
NODE_3269_length_2283_cov_3.691652_SRR2006803_aa_frame6,1,0.5697142857142857,NODE_3269_length_2283_cov_3.691652_SRR2006803
NODE_32776_length_998_cov_0.713355_SRR1781945_ORF.1,1,0.575,NODE_32776_length_998_cov_0.713355_SRR1781945
NODE_32776_length_998_cov_0.713355_SRR1781945_aa_frame1,1,0.6442027027027026,NODE_32776_length_998_cov_0.713355_SRR1781945
NODE_32776_length_998_cov_0.713355_SRR1781945_aa_frame2,1,0.7334761904761905,NODE_32776_length_998_cov_0.713355_SRR1781945
NODE_32776_length_998_cov_0.713355_SRR1781945_aa_frame3,1,0.57,NODE_32776_length_998_cov_0.713355_SRR1781945
NODE_32776_length_998_cov_0.713355_SRR1781945_aa_frame4,1,0.815,NODE_32776_length_998_cov_0.713355_SRR1781945
NODE_32776_length_998_cov_0.713355_SRR1781945_aa_frame5,1,0.5238331818056589,NODE_32776_length_998_cov_0.713355_SRR1781945
NODE_32776_length_998_cov_0.713355_SRR1781945_aa_frame6,1,0.745,NODE_32776_length_998_cov_0.713355_SRR1781945
NODE_32779_length_746_cov_0.724963_SRR1782579_ORF.1,1,0.525,NODE_32779_length_746_cov_0.724963_SRR1782579
NODE_32779_length_746_cov_0.724963_SRR1782579_aa_frame1,0,0.3930612244897959,NODE_32779_length_746_cov_0.724963_SRR1782579
NODE_32779_length_746_cov_0.724963_SRR1782579_aa_frame2,0,0.435,NODE_32779_length_746_cov_0.724963_SRR1782579
NODE_32779_length_746_cov_0.724963_SRR1782579_aa_frame3,1,0.51,NODE_32779_length_746_cov_0.724963_SRR1782579
NODE_32779_length_746_cov_0.724963_SRR1782579_aa_frame4,1,0.5393174603174603,NODE_32779_length_746_cov_0.724963_SRR1782579
NODE_32779_length_746_cov_0.724963_SRR1782579_aa_frame5,1,0.5641505791505792,NODE_32779_length_746_cov_0.724963_SRR1782579
NODE_32779_length_746_cov_0.724963_SRR1782579_aa_frame6,0,0.49,NODE_32779_length_746_cov_0.724963_SRR1782579
NODE_327_length_4755_cov_481.633818_SRR4435989_ORF.1,1,0.57,NODE_327_length_4755_cov_481.633818_SRR4435989
NODE_327_length_4755_cov_481.633818_SRR4435989_ORF.2,1,0.58,NODE_327_length_4755_cov_481.633818_SRR4435989
NODE_327_length_4755_cov_481.633818_SRR4435989_ORF.3,0,0.175,NODE_327_length_4755_cov_481.633818_SRR4435989
NODE_327_length_4755_cov_481.633818_SRR4435989_ORF.4,1,0.73,NODE_327_length_4755_cov_481.633818_SRR4435989
NODE_327_length_4755_cov_481.633818_SRR4435989_ORF.5,1,0.775,NODE_327_length_4755_cov_481.633818_SRR4435989
NODE_327_length_4755_cov_481.633818_SRR4435989_aa_frame1,1,0.6,NODE_327_length_4755_cov_481.633818_SRR4435989
NODE_327_length_4755_cov_481.633818_SRR4435989_aa_frame2,1,0.55,NODE_327_length_4755_cov_481.633818_SRR4435989
NODE_327_length_4755_cov_481.633818_SRR4435989_aa_frame3,1,0.61,NODE_327_length_4755_cov_481.633818_SRR4435989
NODE_327_length_4755_cov_481.633818_SRR4435989_aa_frame4,1,0.75,NODE_327_length_4755_cov_481.633818_SRR4435989
NODE_327_length_4755_cov_481.633818_SRR4435989_aa_frame5,1,0.62,NODE_327_length_4755_cov_481.633818_SRR4435989
NODE_327_length_4755_cov_481.633818_SRR4435989_aa_frame6,1,0.89,NODE_327_length_4755_cov_481.633818_SRR4435989
NODE_32917_length_1163_cov_1.919890_SRR7007216_ORF.1,0,0.335,NODE_32917_length_1163_cov_1.919890_SRR7007216
NODE_32917_length_1163_cov_1.919890_SRR7007216_aa_frame1,1,0.7218395390070921,NODE_32917_length_1163_cov_1.919890_SRR7007216
NODE_32917_length_1163_cov_1.919890_SRR7007216_aa_frame2,1,0.7171758241758242,NODE_32917_length_1163_cov_1.919890_SRR7007216
NODE_32917_length_1163_cov_1.919890_SRR7007216_aa_frame3,0,0.375,NODE_32917_length_1163_cov_1.919890_SRR7007216
NODE_32917_length_1163_cov_1.919890_SRR7007216_aa_frame4,1,0.6355357142857143,NODE_32917_length_1163_cov_1.919890_SRR7007216
NODE_32917_length_1163_cov_1.919890_SRR7007216_aa_frame5,1,0.5341758241758242,NODE_32917_length_1163_cov_1.919890_SRR7007216
NODE_32917_length_1163_cov_1.919890_SRR7007216_aa_frame6,0,0.49,NODE_32917_length_1163_cov_1.919890_SRR7007216
NODE_33091_length_669_cov_1.048986_SRR1782604_ORF.1,1,0.97,NODE_33091_length_669_cov_1.048986_SRR1782604
NODE_33091_length_669_cov_1.048986_SRR1782604_ORF.2,0,0.495,NODE_33091_length_669_cov_1.048986_SRR1782604
NODE_33091_length_669_cov_1.048986_SRR1782604_aa_frame1,1,0.95,NODE_33091_length_669_cov_1.048986_SRR1782604
NODE_33091_length_669_cov_1.048986_SRR1782604_aa_frame2,1,0.609399365022582,NODE_33091_length_669_cov_1.048986_SRR1782604
NODE_33091_length_669_cov_1.048986_SRR1782604_aa_frame3,1,0.735,NODE_33091_length_669_cov_1.048986_SRR1782604
NODE_33091_length_669_cov_1.048986_SRR1782604_aa_frame4,1,0.6897146904452345,NODE_33091_length_669_cov_1.048986_SRR1782604
NODE_33091_length_669_cov_1.048986_SRR1782604_aa_frame5,1,0.54996875,NODE_33091_length_669_cov_1.048986_SRR1782604
NODE_33091_length_669_cov_1.048986_SRR1782604_aa_frame6,0,0.49,NODE_33091_length_669_cov_1.048986_SRR1782604
NODE_33236_length_1596_cov_3.352369_SRR11393268_ORF.1,1,0.595,NODE_33236_length_1596_cov_3.352369_SRR11393268
NODE_33236_length_1596_cov_3.352369_SRR11393268_ORF.2,1,0.63,NODE_33236_length_1596_cov_3.352369_SRR11393268
NODE_33236_length_1596_cov_3.352369_SRR11393268_ORF.3,0,0.43,NODE_33236_length_1596_cov_3.352369_SRR11393268
NODE_33236_length_1596_cov_3.352369_SRR11393268_aa_frame1,1,0.8535267857142856,NODE_33236_length_1596_cov_3.352369_SRR11393268
NODE_33236_length_1596_cov_3.352369_SRR11393268_aa_frame2,1,0.545,NODE_33236_length_1596_cov_3.352369_SRR11393268
NODE_33236_length_1596_cov_3.352369_SRR11393268_aa_frame3,1,0.5707569176319176,NODE_33236_length_1596_cov_3.352369_SRR11393268
NODE_33236_length_1596_cov_3.352369_SRR11393268_aa_frame4,1,0.6797297297297297,NODE_33236_length_1596_cov_3.352369_SRR11393268
NODE_33236_length_1596_cov_3.352369_SRR11393268_aa_frame5,1,0.5720921985815604,NODE_33236_length_1596_cov_3.352369_SRR11393268
NODE_33236_length_1596_cov_3.352369_SRR11393268_aa_frame6,1,0.5870921985815604,NODE_33236_length_1596_cov_3.352369_SRR11393268
NODE_33275_length_684_cov_2.810811_SRR1276187_ORF.1,1,0.605,NODE_33275_length_684_cov_2.810811_SRR1276187
NODE_33275_length_684_cov_2.810811_SRR1276187_ORF.2,1,0.675,NODE_33275_length_684_cov_2.810811_SRR1276187
NODE_33275_length_684_cov_2.810811_SRR1276187_aa_frame1,1,0.62,NODE_33275_length_684_cov_2.810811_SRR1276187
NODE_33275_length_684_cov_2.810811_SRR1276187_aa_frame2,1,0.6982212426293706,NODE_33275_length_684_cov_2.810811_SRR1276187
NODE_33275_length_684_cov_2.810811_SRR1276187_aa_frame3,1,0.5591145833333333,NODE_33275_length_684_cov_2.810811_SRR1276187
NODE_33275_length_684_cov_2.810811_SRR1276187_aa_frame4,1,0.6245454545454545,NODE_33275_length_684_cov_2.810811_SRR1276187
NODE_33275_length_684_cov_2.810811_SRR1276187_aa_frame5,1,0.6777869725125822,NODE_33275_length_684_cov_2.810811_SRR1276187
NODE_33275_length_684_cov_2.810811_SRR1276187_aa_frame6,1,0.7277240601503759,NODE_33275_length_684_cov_2.810811_SRR1276187
NODE_3346_length_1986_cov_333.205593_DRR146906_ORF.1,1,0.55,NODE_3346_length_1986_cov_333.205593_DRR146906
NODE_3346_length_1986_cov_333.205593_DRR146906_ORF.2,1,0.6,NODE_3346_length_1986_cov_333.205593_DRR146906
NODE_3346_length_1986_cov_333.205593_DRR146906_aa_frame1,1,0.6231875,NODE_3346_length_1986_cov_333.205593_DRR146906
NODE_3346_length_1986_cov_333.205593_DRR146906_aa_frame2,1,0.57,NODE_3346_length_1986_cov_333.205593_DRR146906
NODE_3346_length_1986_cov_333.205593_DRR146906_aa_frame3,1,0.5299382716049382,NODE_3346_length_1986_cov_333.205593_DRR146906
NODE_3346_length_1986_cov_333.205593_DRR146906_aa_frame4,1,0.58,NODE_3346_length_1986_cov_333.205593_DRR146906
NODE_3346_length_1986_cov_333.205593_DRR146906_aa_frame5,1,0.7631874999999999,NODE_3346_length_1986_cov_333.205593_DRR146906
NODE_3346_length_1986_cov_333.205593_DRR146906_aa_frame6,1,0.7397142857142858,NODE_3346_length_1986_cov_333.205593_DRR146906
NODE_335_length_2789_cov_3.250188_SRR12904122_ORF.1,1,0.605,NODE_335_length_2789_cov_3.250188_SRR12904122
NODE_335_length_2789_cov_3.250188_SRR12904122_ORF.2,1,1.0,NODE_335_length_2789_cov_3.250188_SRR12904122
NODE_335_length_2789_cov_3.250188_SRR12904122_ORF.3,1,1.0,NODE_335_length_2789_cov_3.250188_SRR12904122
NODE_335_length_2789_cov_3.250188_SRR12904122_ORF.4,1,0.955,NODE_335_length_2789_cov_3.250188_SRR12904122
NODE_335_length_2789_cov_3.250188_SRR12904122_aa_frame1,1,0.81,NODE_335_length_2789_cov_3.250188_SRR12904122
NODE_335_length_2789_cov_3.250188_SRR12904122_aa_frame2,0,0.42,NODE_335_length_2789_cov_3.250188_SRR12904122
NODE_335_length_2789_cov_3.250188_SRR12904122_aa_frame3,1,0.6794140625,NODE_335_length_2789_cov_3.250188_SRR12904122
NODE_335_length_2789_cov_3.250188_SRR12904122_aa_frame4,1,0.985,NODE_335_length_2789_cov_3.250188_SRR12904122
NODE_335_length_2789_cov_3.250188_SRR12904122_aa_frame5,1,1.0,NODE_335_length_2789_cov_3.250188_SRR12904122
NODE_335_length_2789_cov_3.250188_SRR12904122_aa_frame6,0,0.4644140625,NODE_335_length_2789_cov_3.250188_SRR12904122
NODE_33915_length_1182_cov_2.059729_SRR8455904_ORF.1,0,0.26,NODE_33915_length_1182_cov_2.059729_SRR8455904
NODE_33915_length_1182_cov_2.059729_SRR8455904_aa_frame1,1,0.7499645390070921,NODE_33915_length_1182_cov_2.059729_SRR8455904
NODE_33915_length_1182_cov_2.059729_SRR8455904_aa_frame2,1,0.73,NODE_33915_length_1182_cov_2.059729_SRR8455904
NODE_33915_length_1182_cov_2.059729_SRR8455904_aa_frame3,1,0.7345569620253164,NODE_33915_length_1182_cov_2.059729_SRR8455904
NODE_33915_length_1182_cov_2.059729_SRR8455904_aa_frame4,1,0.5539645390070922,NODE_33915_length_1182_cov_2.059729_SRR8455904
NODE_33915_length_1182_cov_2.059729_SRR8455904_aa_frame5,1,0.59,NODE_33915_length_1182_cov_2.059729_SRR8455904
NODE_33915_length_1182_cov_2.059729_SRR8455904_aa_frame6,0,0.47,NODE_33915_length_1182_cov_2.059729_SRR8455904
NODE_34453_length_1159_cov_0.973198_SRR1785350_ORF.1,1,0.52,NODE_34453_length_1159_cov_0.973198_SRR1785350
NODE_34453_length_1159_cov_0.973198_SRR1785350_ORF.2,1,0.97,NODE_34453_length_1159_cov_0.973198_SRR1785350
NODE_34453_length_1159_cov_0.973198_SRR1785350_ORF.3,1,0.58,NODE_34453_length_1159_cov_0.973198_SRR1785350
NODE_34453_length_1159_cov_0.973198_SRR1785350_aa_frame1,1,0.6945238095238095,NODE_34453_length_1159_cov_0.973198_SRR1785350
NODE_34453_length_1159_cov_0.973198_SRR1785350_aa_frame2,1,1.0,NODE_34453_length_1159_cov_0.973198_SRR1785350
NODE_34453_length_1159_cov_0.973198_SRR1785350_aa_frame3,1,0.8049576271186442,NODE_34453_length_1159_cov_0.973198_SRR1785350
NODE_34453_length_1159_cov_0.973198_SRR1785350_aa_frame4,1,0.738958129268699,NODE_34453_length_1159_cov_0.973198_SRR1785350
NODE_34453_length_1159_cov_0.973198_SRR1785350_aa_frame5,1,0.69,NODE_34453_length_1159_cov_0.973198_SRR1785350
NODE_34453_length_1159_cov_0.973198_SRR1785350_aa_frame6,1,0.6439767402945114,NODE_34453_length_1159_cov_0.973198_SRR1785350
NODE_3447_length_1836_cov_746.295340_DRR146894_ORF.1,1,0.78,NODE_3447_length_1836_cov_746.295340_DRR146894
NODE_3447_length_1836_cov_746.295340_DRR146894_ORF.2,0,0.455,NODE_3447_length_1836_cov_746.295340_DRR146894
NODE_3447_length_1836_cov_746.295340_DRR146894_ORF.3,0,0.135,NODE_3447_length_1836_cov_746.295340_DRR146894
NODE_3447_length_1836_cov_746.295340_DRR146894_aa_frame1,1,0.7094456388206387,NODE_3447_length_1836_cov_746.295340_DRR146894
NODE_3447_length_1836_cov_746.295340_DRR146894_aa_frame2,1,0.5232936507936508,NODE_3447_length_1836_cov_746.295340_DRR146894
NODE_3447_length_1836_cov_746.295340_DRR146894_aa_frame3,1,0.615,NODE_3447_length_1836_cov_746.295340_DRR146894
NODE_3447_length_1836_cov_746.295340_DRR146894_aa_frame4,0,0.26,NODE_3447_length_1836_cov_746.295340_DRR146894
NODE_3447_length_1836_cov_746.295340_DRR146894_aa_frame5,1,0.7997159090909091,NODE_3447_length_1836_cov_746.295340_DRR146894
NODE_3447_length_1836_cov_746.295340_DRR146894_aa_frame6,1,0.695,NODE_3447_length_1836_cov_746.295340_DRR146894
NODE_34528_length_748_cov_7.391952_SRR9596414_ORF.1,1,0.51,NODE_34528_length_748_cov_7.391952_SRR9596414
NODE_34528_length_748_cov_7.391952_SRR9596414_ORF.2,1,0.535,NODE_34528_length_748_cov_7.391952_SRR9596414
NODE_34528_length_748_cov_7.391952_SRR9596414_aa_frame1,1,0.7086481650052098,NODE_34528_length_748_cov_7.391952_SRR9596414
NODE_34528_length_748_cov_7.391952_SRR9596414_aa_frame2,0,0.475,NODE_34528_length_748_cov_7.391952_SRR9596414
NODE_34528_length_748_cov_7.391952_SRR9596414_aa_frame3,1,0.5895131086142322,NODE_34528_length_748_cov_7.391952_SRR9596414
NODE_34528_length_748_cov_7.391952_SRR9596414_aa_frame4,1,0.6693827335631036,NODE_34528_length_748_cov_7.391952_SRR9596414
NODE_34528_length_748_cov_7.391952_SRR9596414_aa_frame5,1,0.6393421052631578,NODE_34528_length_748_cov_7.391952_SRR9596414
NODE_34528_length_748_cov_7.391952_SRR9596414_aa_frame6,0,0.455,NODE_34528_length_748_cov_7.391952_SRR9596414
NODE_345_length_3431_cov_8.403995_SRR8727443_ORF.1,1,0.55,NODE_345_length_3431_cov_8.403995_SRR8727443
NODE_345_length_3431_cov_8.403995_SRR8727443_ORF.2,0,0.5,NODE_345_length_3431_cov_8.403995_SRR8727443
NODE_345_length_3431_cov_8.403995_SRR8727443_ORF.3,0,0.485,NODE_345_length_3431_cov_8.403995_SRR8727443
NODE_345_length_3431_cov_8.403995_SRR8727443_aa_frame1,1,0.575,NODE_345_length_3431_cov_8.403995_SRR8727443
NODE_345_length_3431_cov_8.403995_SRR8727443_aa_frame2,1,0.505,NODE_345_length_3431_cov_8.403995_SRR8727443
NODE_345_length_3431_cov_8.403995_SRR8727443_aa_frame3,1,0.67,NODE_345_length_3431_cov_8.403995_SRR8727443
NODE_345_length_3431_cov_8.403995_SRR8727443_aa_frame4,1,0.555,NODE_345_length_3431_cov_8.403995_SRR8727443
NODE_345_length_3431_cov_8.403995_SRR8727443_aa_frame5,1,0.55,NODE_345_length_3431_cov_8.403995_SRR8727443
NODE_345_length_3431_cov_8.403995_SRR8727443_aa_frame6,1,0.695,NODE_345_length_3431_cov_8.403995_SRR8727443
NODE_35018_length_654_cov_0.686308_SRR1782604_ORF.1,1,0.71,NODE_35018_length_654_cov_0.686308_SRR1782604
NODE_35018_length_654_cov_0.686308_SRR1782604_ORF.2,1,0.59,NODE_35018_length_654_cov_0.686308_SRR1782604
NODE_35018_length_654_cov_0.686308_SRR1782604_aa_frame1,1,0.525,NODE_35018_length_654_cov_0.686308_SRR1782604
NODE_35018_length_654_cov_0.686308_SRR1782604_aa_frame2,1,0.645,NODE_35018_length_654_cov_0.686308_SRR1782604
NODE_35018_length_654_cov_0.686308_SRR1782604_aa_frame3,1,0.6628729166666666,NODE_35018_length_654_cov_0.686308_SRR1782604
NODE_35018_length_654_cov_0.686308_SRR1782604_aa_frame4,1,0.66996875,NODE_35018_length_654_cov_0.686308_SRR1782604
NODE_35018_length_654_cov_0.686308_SRR1782604_aa_frame5,1,0.505,NODE_35018_length_654_cov_0.686308_SRR1782604
NODE_35018_length_654_cov_0.686308_SRR1782604_aa_frame6,1,0.6042811550591707,NODE_35018_length_654_cov_0.686308_SRR1782604
NODE_35276_length_637_cov_0.605882_SRR9317871_ORF.1,1,1.0,NODE_35276_length_637_cov_0.605882_SRR9317871
NODE_35276_length_637_cov_0.605882_SRR9317871_aa_frame1,1,0.7593174603174603,NODE_35276_length_637_cov_0.605882_SRR9317871
NODE_35276_length_637_cov_0.605882_SRR9317871_aa_frame2,1,0.6091742081447964,NODE_35276_length_637_cov_0.605882_SRR9317871
NODE_35276_length_637_cov_0.605882_SRR9317871_aa_frame3,1,0.715,NODE_35276_length_637_cov_0.605882_SRR9317871
NODE_35276_length_637_cov_0.605882_SRR9317871_aa_frame4,1,1.0,NODE_35276_length_637_cov_0.605882_SRR9317871
NODE_35276_length_637_cov_0.605882_SRR9317871_aa_frame5,1,0.7060144927536232,NODE_35276_length_637_cov_0.605882_SRR9317871
NODE_35276_length_637_cov_0.605882_SRR9317871_aa_frame6,1,0.525,NODE_35276_length_637_cov_0.605882_SRR9317871
NODE_3550_length_2561_cov_10.754831_SRR1781945_ORF.1,1,1.0,NODE_3550_length_2561_cov_10.754831_SRR1781945
NODE_3550_length_2561_cov_10.754831_SRR1781945_ORF.2,1,1.0,NODE_3550_length_2561_cov_10.754831_SRR1781945
NODE_3550_length_2561_cov_10.754831_SRR1781945_ORF.3,1,0.6554630296174415,NODE_3550_length_2561_cov_10.754831_SRR1781945
NODE_3550_length_2561_cov_10.754831_SRR1781945_ORF.4,1,0.79,NODE_3550_length_2561_cov_10.754831_SRR1781945
NODE_3550_length_2561_cov_10.754831_SRR1781945_ORF.5,0,0.445,NODE_3550_length_2561_cov_10.754831_SRR1781945
NODE_3550_length_2561_cov_10.754831_SRR1781945_aa_frame1,1,0.715,NODE_3550_length_2561_cov_10.754831_SRR1781945
NODE_3550_length_2561_cov_10.754831_SRR1781945_aa_frame2,1,0.97,NODE_3550_length_2561_cov_10.754831_SRR1781945
NODE_3550_length_2561_cov_10.754831_SRR1781945_aa_frame3,1,0.97,NODE_3550_length_2561_cov_10.754831_SRR1781945
NODE_3550_length_2561_cov_10.754831_SRR1781945_aa_frame4,1,0.6944140625,NODE_3550_length_2561_cov_10.754831_SRR1781945
NODE_3550_length_2561_cov_10.754831_SRR1781945_aa_frame5,1,0.73,NODE_3550_length_2561_cov_10.754831_SRR1781945
NODE_3550_length_2561_cov_10.754831_SRR1781945_aa_frame6,1,0.6195957446808511,NODE_3550_length_2561_cov_10.754831_SRR1781945
NODE_35549_length_688_cov_2.581359_ERR1356733_ORF.1,1,1.0,NODE_35549_length_688_cov_2.581359_ERR1356733
NODE_35549_length_688_cov_2.581359_ERR1356733_ORF.2,1,0.585,NODE_35549_length_688_cov_2.581359_ERR1356733
NODE_35549_length_688_cov_2.581359_ERR1356733_aa_frame1,1,0.5845131086142322,NODE_35549_length_688_cov_2.581359_ERR1356733
NODE_35549_length_688_cov_2.581359_ERR1356733_aa_frame2,1,0.6940255530129673,NODE_35549_length_688_cov_2.581359_ERR1356733
NODE_35549_length_688_cov_2.581359_ERR1356733_aa_frame3,1,1.0,NODE_35549_length_688_cov_2.581359_ERR1356733
NODE_35549_length_688_cov_2.581359_ERR1356733_aa_frame4,1,0.5958020833333334,NODE_35549_length_688_cov_2.581359_ERR1356733
NODE_35549_length_688_cov_2.581359_ERR1356733_aa_frame5,1,0.680600813967738,NODE_35549_length_688_cov_2.581359_ERR1356733
NODE_35549_length_688_cov_2.581359_ERR1356733_aa_frame6,1,0.6194117647058823,NODE_35549_length_688_cov_2.581359_ERR1356733
NODE_3598_length_2098_cov_4439.316675_SRR8658352_ORF.1,1,0.505,NODE_3598_length_2098_cov_4439.316675_SRR8658352
NODE_3598_length_2098_cov_4439.316675_SRR8658352_aa_frame1,1,0.63,NODE_3598_length_2098_cov_4439.316675_SRR8658352
NODE_3598_length_2098_cov_4439.316675_SRR8658352_aa_frame2,1,0.604375,NODE_3598_length_2098_cov_4439.316675_SRR8658352
NODE_3598_length_2098_cov_4439.316675_SRR8658352_aa_frame3,1,0.68,NODE_3598_length_2098_cov_4439.316675_SRR8658352
NODE_3598_length_2098_cov_4439.316675_SRR8658352_aa_frame4,1,0.535,NODE_3598_length_2098_cov_4439.316675_SRR8658352
NODE_3598_length_2098_cov_4439.316675_SRR8658352_aa_frame5,1,0.62,NODE_3598_length_2098_cov_4439.316675_SRR8658352
NODE_3598_length_2098_cov_4439.316675_SRR8658352_aa_frame6,1,0.52,NODE_3598_length_2098_cov_4439.316675_SRR8658352
NODE_359_length_3885_cov_141.467624_SRR5087339_ORF.1,1,0.755,NODE_359_length_3885_cov_141.467624_SRR5087339
NODE_359_length_3885_cov_141.467624_SRR5087339_ORF.2,1,0.545,NODE_359_length_3885_cov_141.467624_SRR5087339
NODE_359_length_3885_cov_141.467624_SRR5087339_ORF.3,1,0.67,NODE_359_length_3885_cov_141.467624_SRR5087339
NODE_359_length_3885_cov_141.467624_SRR5087339_ORF.4,1,0.545,NODE_359_length_3885_cov_141.467624_SRR5087339
NODE_359_length_3885_cov_141.467624_SRR5087339_ORF.5,1,0.63,NODE_359_length_3885_cov_141.467624_SRR5087339
NODE_359_length_3885_cov_141.467624_SRR5087339_aa_frame1,1,0.73,NODE_359_length_3885_cov_141.467624_SRR5087339
NODE_359_length_3885_cov_141.467624_SRR5087339_aa_frame2,1,0.585,NODE_359_length_3885_cov_141.467624_SRR5087339
NODE_359_length_3885_cov_141.467624_SRR5087339_aa_frame3,1,0.72,NODE_359_length_3885_cov_141.467624_SRR5087339
NODE_359_length_3885_cov_141.467624_SRR5087339_aa_frame4,1,0.74,NODE_359_length_3885_cov_141.467624_SRR5087339
NODE_359_length_3885_cov_141.467624_SRR5087339_aa_frame5,1,0.62,NODE_359_length_3885_cov_141.467624_SRR5087339
NODE_359_length_3885_cov_141.467624_SRR5087339_aa_frame6,1,0.575,NODE_359_length_3885_cov_141.467624_SRR5087339
NODE_3608_length_1682_cov_2.936079_SRR1778782_ORF.1,0,0.37,NODE_3608_length_1682_cov_2.936079_SRR1778782
NODE_3608_length_1682_cov_2.936079_SRR1778782_aa_frame1,1,0.65,NODE_3608_length_1682_cov_2.936079_SRR1778782
NODE_3608_length_1682_cov_2.936079_SRR1778782_aa_frame2,1,0.7397142857142858,NODE_3608_length_1682_cov_2.936079_SRR1778782
NODE_3608_length_1682_cov_2.936079_SRR1778782_aa_frame3,1,0.63,NODE_3608_length_1682_cov_2.936079_SRR1778782
NODE_3608_length_1682_cov_2.936079_SRR1778782_aa_frame4,1,0.655,NODE_3608_length_1682_cov_2.936079_SRR1778782
NODE_3608_length_1682_cov_2.936079_SRR1778782_aa_frame5,0,0.41,NODE_3608_length_1682_cov_2.936079_SRR1778782
NODE_3608_length_1682_cov_2.936079_SRR1778782_aa_frame6,1,0.8,NODE_3608_length_1682_cov_2.936079_SRR1778782
NODE_36095_length_618_cov_1.344583_SRR11613504_ORF.1,1,0.55,NODE_36095_length_618_cov_1.344583_SRR11613504
NODE_36095_length_618_cov_1.344583_SRR11613504_ORF.2,1,1.0,NODE_36095_length_618_cov_1.344583_SRR11613504
NODE_36095_length_618_cov_1.344583_SRR11613504_aa_frame1,1,0.6745714285714286,NODE_36095_length_618_cov_1.344583_SRR11613504
NODE_36095_length_618_cov_1.344583_SRR11613504_aa_frame2,1,0.6647594832325453,NODE_36095_length_618_cov_1.344583_SRR11613504
NODE_36095_length_618_cov_1.344583_SRR11613504_aa_frame3,1,0.625,NODE_36095_length_618_cov_1.344583_SRR11613504
NODE_36095_length_618_cov_1.344583_SRR11613504_aa_frame4,1,1.0,NODE_36095_length_618_cov_1.344583_SRR11613504
NODE_36095_length_618_cov_1.344583_SRR11613504_aa_frame5,1,0.655,NODE_36095_length_618_cov_1.344583_SRR11613504
NODE_36095_length_618_cov_1.344583_SRR11613504_aa_frame6,1,0.705,NODE_36095_length_618_cov_1.344583_SRR11613504
NODE_361_length_5643_cov_18.968200_SRR8554352_ORF.1,1,0.6,NODE_361_length_5643_cov_18.968200_SRR8554352
NODE_361_length_5643_cov_18.968200_SRR8554352_ORF.2,1,0.535,NODE_361_length_5643_cov_18.968200_SRR8554352
NODE_361_length_5643_cov_18.968200_SRR8554352_ORF.3,1,1.0,NODE_361_length_5643_cov_18.968200_SRR8554352
NODE_361_length_5643_cov_18.968200_SRR8554352_ORF.4,1,1.0,NODE_361_length_5643_cov_18.968200_SRR8554352
NODE_361_length_5643_cov_18.968200_SRR8554352_ORF.5,1,0.885,NODE_361_length_5643_cov_18.968200_SRR8554352
NODE_361_length_5643_cov_18.968200_SRR8554352_aa_frame1,1,0.835,NODE_361_length_5643_cov_18.968200_SRR8554352
NODE_361_length_5643_cov_18.968200_SRR8554352_aa_frame2,1,0.84,NODE_361_length_5643_cov_18.968200_SRR8554352
NODE_361_length_5643_cov_18.968200_SRR8554352_aa_frame3,1,0.685,NODE_361_length_5643_cov_18.968200_SRR8554352
NODE_361_length_5643_cov_18.968200_SRR8554352_aa_frame4,1,0.675,NODE_361_length_5643_cov_18.968200_SRR8554352
NODE_361_length_5643_cov_18.968200_SRR8554352_aa_frame5,1,1.0,NODE_361_length_5643_cov_18.968200_SRR8554352
NODE_361_length_5643_cov_18.968200_SRR8554352_aa_frame6,1,0.63,NODE_361_length_5643_cov_18.968200_SRR8554352
NODE_366_length_5229_cov_8.771351_SRR8455912_ORF.1,0,0.3,NODE_366_length_5229_cov_8.771351_SRR8455912
NODE_366_length_5229_cov_8.771351_SRR8455912_ORF.2,1,0.565,NODE_366_length_5229_cov_8.771351_SRR8455912
NODE_366_length_5229_cov_8.771351_SRR8455912_aa_frame1,1,0.69,NODE_366_length_5229_cov_8.771351_SRR8455912
NODE_366_length_5229_cov_8.771351_SRR8455912_aa_frame2,0,0.46,NODE_366_length_5229_cov_8.771351_SRR8455912
NODE_366_length_5229_cov_8.771351_SRR8455912_aa_frame3,1,0.735,NODE_366_length_5229_cov_8.771351_SRR8455912
NODE_366_length_5229_cov_8.771351_SRR8455912_aa_frame4,1,0.97,NODE_366_length_5229_cov_8.771351_SRR8455912
NODE_366_length_5229_cov_8.771351_SRR8455912_aa_frame5,1,0.975,NODE_366_length_5229_cov_8.771351_SRR8455912
NODE_366_length_5229_cov_8.771351_SRR8455912_aa_frame6,1,0.88,NODE_366_length_5229_cov_8.771351_SRR8455912
NODE_3682_length_2205_cov_1717.799342_SRR8658354_ORF.1,0,0.13,NODE_3682_length_2205_cov_1717.799342_SRR8658354
NODE_3682_length_2205_cov_1717.799342_SRR8658354_aa_frame1,0,0.175,NODE_3682_length_2205_cov_1717.799342_SRR8658354
NODE_3682_length_2205_cov_1717.799342_SRR8658354_aa_frame2,1,0.505,NODE_3682_length_2205_cov_1717.799342_SRR8658354
NODE_3682_length_2205_cov_1717.799342_SRR8658354_aa_frame3,1,0.6732319223985891,NODE_3682_length_2205_cov_1717.799342_SRR8658354
NODE_3682_length_2205_cov_1717.799342_SRR8658354_aa_frame4,1,0.6393917050691245,NODE_3682_length_2205_cov_1717.799342_SRR8658354
NODE_3682_length_2205_cov_1717.799342_SRR8658354_aa_frame5,1,0.625,NODE_3682_length_2205_cov_1717.799342_SRR8658354
NODE_3682_length_2205_cov_1717.799342_SRR8658354_aa_frame6,1,0.79,NODE_3682_length_2205_cov_1717.799342_SRR8658354
NODE_3695_length_1494_cov_1.466715_SRR4242136_ORF.1,1,0.565,NODE_3695_length_1494_cov_1.466715_SRR4242136
NODE_3695_length_1494_cov_1.466715_SRR4242136_ORF.2,0,0.205,NODE_3695_length_1494_cov_1.466715_SRR4242136
NODE_3695_length_1494_cov_1.466715_SRR4242136_aa_frame1,1,0.615,NODE_3695_length_1494_cov_1.466715_SRR4242136
NODE_3695_length_1494_cov_1.466715_SRR4242136_aa_frame2,1,0.5316497747747748,NODE_3695_length_1494_cov_1.466715_SRR4242136
NODE_3695_length_1494_cov_1.466715_SRR4242136_aa_frame3,1,0.675,NODE_3695_length_1494_cov_1.466715_SRR4242136
NODE_3695_length_1494_cov_1.466715_SRR4242136_aa_frame4,0,0.305,NODE_3695_length_1494_cov_1.466715_SRR4242136
NODE_3695_length_1494_cov_1.466715_SRR4242136_aa_frame5,0,0.4820921985815603,NODE_3695_length_1494_cov_1.466715_SRR4242136
NODE_3695_length_1494_cov_1.466715_SRR4242136_aa_frame6,1,0.5666269841269841,NODE_3695_length_1494_cov_1.466715_SRR4242136
NODE_37074_length_673_cov_3.490291_ERR1356733_ORF.1,1,1.0,NODE_37074_length_673_cov_3.490291_ERR1356733
NODE_37074_length_673_cov_3.490291_ERR1356733_aa_frame1,1,0.7144519966015292,NODE_37074_length_673_cov_3.490291_ERR1356733
NODE_37074_length_673_cov_3.490291_ERR1356733_aa_frame2,1,0.6341632717276099,NODE_37074_length_673_cov_3.490291_ERR1356733
NODE_37074_length_673_cov_3.490291_ERR1356733_aa_frame3,1,0.6,NODE_37074_length_673_cov_3.490291_ERR1356733
NODE_37074_length_673_cov_3.490291_ERR1356733_aa_frame4,1,0.5963455615942029,NODE_37074_length_673_cov_3.490291_ERR1356733
NODE_37074_length_673_cov_3.490291_ERR1356733_aa_frame5,1,1.0,NODE_37074_length_673_cov_3.490291_ERR1356733
NODE_37074_length_673_cov_3.490291_ERR1356733_aa_frame6,1,0.7243174603174602,NODE_37074_length_673_cov_3.490291_ERR1356733
NODE_370_length_6063_cov_169.672936_SRR5087417_ORF.1,1,0.715,NODE_370_length_6063_cov_169.672936_SRR5087417
NODE_370_length_6063_cov_169.672936_SRR5087417_ORF.2,1,0.59,NODE_370_length_6063_cov_169.672936_SRR5087417
NODE_370_length_6063_cov_169.672936_SRR5087417_ORF.3,0,0.2,NODE_370_length_6063_cov_169.672936_SRR5087417
NODE_370_length_6063_cov_169.672936_SRR5087417_ORF.4,1,0.695,NODE_370_length_6063_cov_169.672936_SRR5087417
NODE_370_length_6063_cov_169.672936_SRR5087417_ORF.5,1,0.775,NODE_370_length_6063_cov_169.672936_SRR5087417
NODE_370_length_6063_cov_169.672936_SRR5087417_ORF.6,1,0.725,NODE_370_length_6063_cov_169.672936_SRR5087417
NODE_370_length_6063_cov_169.672936_SRR5087417_ORF.7,1,0.62,NODE_370_length_6063_cov_169.672936_SRR5087417
NODE_370_length_6063_cov_169.672936_SRR5087417_ORF.8,1,0.77,NODE_370_length_6063_cov_169.672936_SRR5087417
NODE_370_length_6063_cov_169.672936_SRR5087417_aa_frame1,1,0.9,NODE_370_length_6063_cov_169.672936_SRR5087417
NODE_370_length_6063_cov_169.672936_SRR5087417_aa_frame2,1,0.68,NODE_370_length_6063_cov_169.672936_SRR5087417
NODE_370_length_6063_cov_169.672936_SRR5087417_aa_frame3,1,0.685,NODE_370_length_6063_cov_169.672936_SRR5087417
NODE_370_length_6063_cov_169.672936_SRR5087417_aa_frame4,1,0.835,NODE_370_length_6063_cov_169.672936_SRR5087417
NODE_370_length_6063_cov_169.672936_SRR5087417_aa_frame5,1,0.88,NODE_370_length_6063_cov_169.672936_SRR5087417
NODE_370_length_6063_cov_169.672936_SRR5087417_aa_frame6,1,0.83,NODE_370_length_6063_cov_169.672936_SRR5087417
NODE_37247_length_627_cov_1.178000_SRR9317871_ORF.1,1,0.61,NODE_37247_length_627_cov_1.178000_SRR9317871
NODE_37247_length_627_cov_1.178000_SRR9317871_aa_frame1,1,0.6799230769230769,NODE_37247_length_627_cov_1.178000_SRR9317871
NODE_37247_length_627_cov_1.178000_SRR9317871_aa_frame2,1,0.6946288764726265,NODE_37247_length_627_cov_1.178000_SRR9317871
NODE_37247_length_627_cov_1.178000_SRR9317871_aa_frame3,1,0.595,NODE_37247_length_627_cov_1.178000_SRR9317871
NODE_37247_length_627_cov_1.178000_SRR9317871_aa_frame4,1,0.625,NODE_37247_length_627_cov_1.178000_SRR9317871
NODE_37247_length_627_cov_1.178000_SRR9317871_aa_frame5,1,0.689872758272291,NODE_37247_length_627_cov_1.178000_SRR9317871
NODE_37247_length_627_cov_1.178000_SRR9317871_aa_frame6,1,0.59,NODE_37247_length_627_cov_1.178000_SRR9317871
NODE_37416_length_670_cov_3.471545_ERR1356733_ORF.1,1,0.995,NODE_37416_length_670_cov_3.471545_ERR1356733
NODE_37416_length_670_cov_3.471545_ERR1356733_aa_frame1,1,0.6345454545454545,NODE_37416_length_670_cov_3.471545_ERR1356733
NODE_37416_length_670_cov_3.471545_ERR1356733_aa_frame2,1,0.995,NODE_37416_length_670_cov_3.471545_ERR1356733
NODE_37416_length_670_cov_3.471545_ERR1356733_aa_frame3,1,0.6249687500000001,NODE_37416_length_670_cov_3.471545_ERR1356733
NODE_37416_length_670_cov_3.471545_ERR1356733_aa_frame4,1,0.6778626742250884,NODE_37416_length_670_cov_3.471545_ERR1356733
NODE_37416_length_670_cov_3.471545_ERR1356733_aa_frame5,1,0.6849473684210525,NODE_37416_length_670_cov_3.471545_ERR1356733
NODE_37416_length_670_cov_3.471545_ERR1356733_aa_frame6,1,0.6760869565217391,NODE_37416_length_670_cov_3.471545_ERR1356733
NODE_37560_length_681_cov_5.779553_SRR2006803_ORF.1,1,0.645,NODE_37560_length_681_cov_5.779553_SRR2006803
NODE_37560_length_681_cov_5.779553_SRR2006803_ORF.2,1,0.555,NODE_37560_length_681_cov_5.779553_SRR2006803
NODE_37560_length_681_cov_5.779553_SRR2006803_aa_frame1,1,0.605,NODE_37560_length_681_cov_5.779553_SRR2006803
NODE_37560_length_681_cov_5.779553_SRR2006803_aa_frame2,1,0.585,NODE_37560_length_681_cov_5.779553_SRR2006803
NODE_37560_length_681_cov_5.779553_SRR2006803_aa_frame3,1,0.5699285285885646,NODE_37560_length_681_cov_5.779553_SRR2006803
NODE_37560_length_681_cov_5.779553_SRR2006803_aa_frame4,1,0.605,NODE_37560_length_681_cov_5.779553_SRR2006803
NODE_37560_length_681_cov_5.779553_SRR2006803_aa_frame5,1,0.595,NODE_37560_length_681_cov_5.779553_SRR2006803
NODE_37560_length_681_cov_5.779553_SRR2006803_aa_frame6,1,0.645,NODE_37560_length_681_cov_5.779553_SRR2006803
NODE_3764_length_2509_cov_2.058388_SRR1781945_ORF.1,0,0.495,NODE_3764_length_2509_cov_2.058388_SRR1781945
NODE_3764_length_2509_cov_2.058388_SRR1781945_ORF.2,1,0.58,NODE_3764_length_2509_cov_2.058388_SRR1781945
NODE_3764_length_2509_cov_2.058388_SRR1781945_ORF.3,1,0.555,NODE_3764_length_2509_cov_2.058388_SRR1781945
NODE_3764_length_2509_cov_2.058388_SRR1781945_ORF.4,1,0.975,NODE_3764_length_2509_cov_2.058388_SRR1781945
NODE_3764_length_2509_cov_2.058388_SRR1781945_aa_frame1,1,0.53,NODE_3764_length_2509_cov_2.058388_SRR1781945
NODE_3764_length_2509_cov_2.058388_SRR1781945_aa_frame2,1,0.62,NODE_3764_length_2509_cov_2.058388_SRR1781945
NODE_3764_length_2509_cov_2.058388_SRR1781945_aa_frame3,1,0.6140098071808511,NODE_3764_length_2509_cov_2.058388_SRR1781945
NODE_3764_length_2509_cov_2.058388_SRR1781945_aa_frame4,1,0.72,NODE_3764_length_2509_cov_2.058388_SRR1781945
NODE_3764_length_2509_cov_2.058388_SRR1781945_aa_frame5,1,0.84,NODE_3764_length_2509_cov_2.058388_SRR1781945
NODE_3764_length_2509_cov_2.058388_SRR1781945_aa_frame6,1,0.665,NODE_3764_length_2509_cov_2.058388_SRR1781945
NODE_37752_length_701_cov_0.576923_SRR1782579_ORF.1,0,0.46,NODE_37752_length_701_cov_0.576923_SRR1782579
NODE_37752_length_701_cov_0.576923_SRR1782579_aa_frame1,1,0.5049065420560748,NODE_37752_length_701_cov_0.576923_SRR1782579
NODE_37752_length_701_cov_0.576923_SRR1782579_aa_frame2,1,0.6494826208093543,NODE_37752_length_701_cov_0.576923_SRR1782579
NODE_37752_length_701_cov_0.576923_SRR1782579_aa_frame3,1,0.6595306543385491,NODE_37752_length_701_cov_0.576923_SRR1782579
NODE_37752_length_701_cov_0.576923_SRR1782579_aa_frame4,1,0.773021112387599,NODE_37752_length_701_cov_0.576923_SRR1782579
NODE_37752_length_701_cov_0.576923_SRR1782579_aa_frame5,1,0.7044906766714594,NODE_37752_length_701_cov_0.576923_SRR1782579
NODE_37752_length_701_cov_0.576923_SRR1782579_aa_frame6,1,0.6933932444864545,NODE_37752_length_701_cov_0.576923_SRR1782579
NODE_37799_length_700_cov_1.420546_SRR1782579_ORF.1,1,0.985,NODE_37799_length_700_cov_1.420546_SRR1782579
NODE_37799_length_700_cov_1.420546_SRR1782579_aa_frame1,1,0.6593142570281125,NODE_37799_length_700_cov_1.420546_SRR1782579
NODE_37799_length_700_cov_1.420546_SRR1782579_aa_frame2,1,0.7357964622645098,NODE_37799_length_700_cov_1.420546_SRR1782579
NODE_37799_length_700_cov_1.420546_SRR1782579_aa_frame3,1,0.6595642857142857,NODE_37799_length_700_cov_1.420546_SRR1782579
NODE_37799_length_700_cov_1.420546_SRR1782579_aa_frame4,1,0.6046052631578948,NODE_37799_length_700_cov_1.420546_SRR1782579
NODE_37799_length_700_cov_1.420546_SRR1782579_aa_frame5,1,0.69,NODE_37799_length_700_cov_1.420546_SRR1782579
NODE_37799_length_700_cov_1.420546_SRR1782579_aa_frame6,1,0.98,NODE_37799_length_700_cov_1.420546_SRR1782579
NODE_3787_length_2037_cov_2308.103061_SRR8658352_ORF.1,1,0.635,NODE_3787_length_2037_cov_2308.103061_SRR8658352
NODE_3787_length_2037_cov_2308.103061_SRR8658352_ORF.2,1,0.52,NODE_3787_length_2037_cov_2308.103061_SRR8658352
NODE_3787_length_2037_cov_2308.103061_SRR8658352_ORF.3,0,0.085,NODE_3787_length_2037_cov_2308.103061_SRR8658352
NODE_3787_length_2037_cov_2308.103061_SRR8658352_aa_frame1,1,0.7,NODE_3787_length_2037_cov_2308.103061_SRR8658352
NODE_3787_length_2037_cov_2308.103061_SRR8658352_aa_frame2,0,0.42,NODE_3787_length_2037_cov_2308.103061_SRR8658352
NODE_3787_length_2037_cov_2308.103061_SRR8658352_aa_frame3,0,0.445,NODE_3787_length_2037_cov_2308.103061_SRR8658352
NODE_3787_length_2037_cov_2308.103061_SRR8658352_aa_frame4,0,0.445,NODE_3787_length_2037_cov_2308.103061_SRR8658352
NODE_3787_length_2037_cov_2308.103061_SRR8658352_aa_frame5,1,0.598659090909091,NODE_3787_length_2037_cov_2308.103061_SRR8658352
NODE_3787_length_2037_cov_2308.103061_SRR8658352_aa_frame6,0,0.285,NODE_3787_length_2037_cov_2308.103061_SRR8658352
NODE_379_length_5238_cov_30.154234_SRR8455911_ORF.1,1,0.73,NODE_379_length_5238_cov_30.154234_SRR8455911
NODE_379_length_5238_cov_30.154234_SRR8455911_ORF.2,0,0.305,NODE_379_length_5238_cov_30.154234_SRR8455911
NODE_379_length_5238_cov_30.154234_SRR8455911_ORF.3,1,0.565,NODE_379_length_5238_cov_30.154234_SRR8455911
NODE_379_length_5238_cov_30.154234_SRR8455911_aa_frame1,1,0.875,NODE_379_length_5238_cov_30.154234_SRR8455911
NODE_379_length_5238_cov_30.154234_SRR8455911_aa_frame2,1,0.98,NODE_379_length_5238_cov_30.154234_SRR8455911
NODE_379_length_5238_cov_30.154234_SRR8455911_aa_frame3,1,0.98,NODE_379_length_5238_cov_30.154234_SRR8455911
NODE_379_length_5238_cov_30.154234_SRR8455911_aa_frame4,0,0.465,NODE_379_length_5238_cov_30.154234_SRR8455911
NODE_379_length_5238_cov_30.154234_SRR8455911_aa_frame5,1,0.77,NODE_379_length_5238_cov_30.154234_SRR8455911
NODE_379_length_5238_cov_30.154234_SRR8455911_aa_frame6,1,0.75,NODE_379_length_5238_cov_30.154234_SRR8455911
NODE_38053_length_1110_cov_0.942885_SRR1785350_ORF.1,1,0.515,NODE_38053_length_1110_cov_0.942885_SRR1785350
NODE_38053_length_1110_cov_0.942885_SRR1785350_ORF.2,1,0.98,NODE_38053_length_1110_cov_0.942885_SRR1785350
NODE_38053_length_1110_cov_0.942885_SRR1785350_aa_frame1,1,0.56,NODE_38053_length_1110_cov_0.942885_SRR1785350
NODE_38053_length_1110_cov_0.942885_SRR1785350_aa_frame2,1,0.6130417392681768,NODE_38053_length_1110_cov_0.942885_SRR1785350
NODE_38053_length_1110_cov_0.942885_SRR1785350_aa_frame3,1,0.6556214077824248,NODE_38053_length_1110_cov_0.942885_SRR1785350
NODE_38053_length_1110_cov_0.942885_SRR1785350_aa_frame4,1,0.69,NODE_38053_length_1110_cov_0.942885_SRR1785350
NODE_38053_length_1110_cov_0.942885_SRR1785350_aa_frame5,1,0.6398577518302289,NODE_38053_length_1110_cov_0.942885_SRR1785350
NODE_38053_length_1110_cov_0.942885_SRR1785350_aa_frame6,1,0.97,NODE_38053_length_1110_cov_0.942885_SRR1785350
NODE_38140_length_675_cov_1.280645_SRR2006803_ORF.1,1,0.615,NODE_38140_length_675_cov_1.280645_SRR2006803
NODE_38140_length_675_cov_1.280645_SRR2006803_ORF.2,0,0.19,NODE_38140_length_675_cov_1.280645_SRR2006803
NODE_38140_length_675_cov_1.280645_SRR2006803_aa_frame1,1,0.7042240023735351,NODE_38140_length_675_cov_1.280645_SRR2006803
NODE_38140_length_675_cov_1.280645_SRR2006803_aa_frame2,0,0.5,NODE_38140_length_675_cov_1.280645_SRR2006803
NODE_38140_length_675_cov_1.280645_SRR2006803_aa_frame3,1,0.5897222222222223,NODE_38140_length_675_cov_1.280645_SRR2006803
NODE_38140_length_675_cov_1.280645_SRR2006803_aa_frame4,1,0.6245588235294117,NODE_38140_length_675_cov_1.280645_SRR2006803
NODE_38140_length_675_cov_1.280645_SRR2006803_aa_frame5,1,0.7238268654434389,NODE_38140_length_675_cov_1.280645_SRR2006803
NODE_38140_length_675_cov_1.280645_SRR2006803_aa_frame6,0,0.185,NODE_38140_length_675_cov_1.280645_SRR2006803
NODE_38379_length_916_cov_0.899881_SRR1777513_ORF.1,1,0.675,NODE_38379_length_916_cov_0.899881_SRR1777513
NODE_38379_length_916_cov_0.899881_SRR1777513_ORF.2,1,0.985,NODE_38379_length_916_cov_0.899881_SRR1777513
NODE_38379_length_916_cov_0.899881_SRR1777513_ORF.3,1,0.72,NODE_38379_length_916_cov_0.899881_SRR1777513
NODE_38379_length_916_cov_0.899881_SRR1777513_aa_frame1,1,0.5295741239892183,NODE_38379_length_916_cov_0.899881_SRR1777513
NODE_38379_length_916_cov_0.899881_SRR1777513_aa_frame2,1,0.995,NODE_38379_length_916_cov_0.899881_SRR1777513
NODE_38379_length_916_cov_0.899881_SRR1777513_aa_frame3,1,0.715714888454859,NODE_38379_length_916_cov_0.899881_SRR1777513
NODE_38379_length_916_cov_0.899881_SRR1777513_aa_frame4,1,0.594024720893142,NODE_38379_length_916_cov_0.899881_SRR1777513
NODE_38379_length_916_cov_0.899881_SRR1777513_aa_frame5,1,0.5776037385006851,NODE_38379_length_916_cov_0.899881_SRR1777513
NODE_38379_length_916_cov_0.899881_SRR1777513_aa_frame6,1,0.595,NODE_38379_length_916_cov_0.899881_SRR1777513
NODE_384_length_5232_cov_10.187003_SRR8455913_ORF.1,0,0.3,NODE_384_length_5232_cov_10.187003_SRR8455913
NODE_384_length_5232_cov_10.187003_SRR8455913_ORF.2,1,0.565,NODE_384_length_5232_cov_10.187003_SRR8455913
NODE_384_length_5232_cov_10.187003_SRR8455913_aa_frame1,1,0.7,NODE_384_length_5232_cov_10.187003_SRR8455913
NODE_384_length_5232_cov_10.187003_SRR8455913_aa_frame2,0,0.46,NODE_384_length_5232_cov_10.187003_SRR8455913
NODE_384_length_5232_cov_10.187003_SRR8455913_aa_frame3,1,0.74,NODE_384_length_5232_cov_10.187003_SRR8455913
NODE_384_length_5232_cov_10.187003_SRR8455913_aa_frame4,1,0.965,NODE_384_length_5232_cov_10.187003_SRR8455913
NODE_384_length_5232_cov_10.187003_SRR8455913_aa_frame5,1,0.975,NODE_384_length_5232_cov_10.187003_SRR8455913
NODE_384_length_5232_cov_10.187003_SRR8455913_aa_frame6,1,0.88,NODE_384_length_5232_cov_10.187003_SRR8455913
NODE_388_length_7112_cov_160.791129_SRR5087382_ORF.1,1,0.515,NODE_388_length_7112_cov_160.791129_SRR5087382
NODE_388_length_7112_cov_160.791129_SRR5087382_ORF.2,1,0.665,NODE_388_length_7112_cov_160.791129_SRR5087382
NODE_388_length_7112_cov_160.791129_SRR5087382_ORF.3,1,0.705,NODE_388_length_7112_cov_160.791129_SRR5087382
NODE_388_length_7112_cov_160.791129_SRR5087382_ORF.4,0,0.345,NODE_388_length_7112_cov_160.791129_SRR5087382
NODE_388_length_7112_cov_160.791129_SRR5087382_aa_frame1,0,0.09,NODE_388_length_7112_cov_160.791129_SRR5087382
NODE_388_length_7112_cov_160.791129_SRR5087382_aa_frame2,0,0.08,NODE_388_length_7112_cov_160.791129_SRR5087382
NODE_388_length_7112_cov_160.791129_SRR5087382_aa_frame3,0,0.035,NODE_388_length_7112_cov_160.791129_SRR5087382
NODE_388_length_7112_cov_160.791129_SRR5087382_aa_frame4,0,0.01,NODE_388_length_7112_cov_160.791129_SRR5087382
NODE_388_length_7112_cov_160.791129_SRR5087382_aa_frame5,0,0.075,NODE_388_length_7112_cov_160.791129_SRR5087382
NODE_388_length_7112_cov_160.791129_SRR5087382_aa_frame6,0,0.33,NODE_388_length_7112_cov_160.791129_SRR5087382
NODE_3897_length_1027_cov_4.564444_SRR12904122_ORF.1,1,0.99,NODE_3897_length_1027_cov_4.564444_SRR12904122
NODE_3897_length_1027_cov_4.564444_SRR12904122_ORF.2,1,0.755,NODE_3897_length_1027_cov_4.564444_SRR12904122
NODE_3897_length_1027_cov_4.564444_SRR12904122_aa_frame1,1,0.6047368421052631,NODE_3897_length_1027_cov_4.564444_SRR12904122
NODE_3897_length_1027_cov_4.564444_SRR12904122_aa_frame2,1,0.99,NODE_3897_length_1027_cov_4.564444_SRR12904122
NODE_3897_length_1027_cov_4.564444_SRR12904122_aa_frame3,1,0.615,NODE_3897_length_1027_cov_4.564444_SRR12904122
NODE_3897_length_1027_cov_4.564444_SRR12904122_aa_frame4,1,0.695,NODE_3897_length_1027_cov_4.564444_SRR12904122
NODE_3897_length_1027_cov_4.564444_SRR12904122_aa_frame5,1,0.5997191011235955,NODE_3897_length_1027_cov_4.564444_SRR12904122
NODE_3897_length_1027_cov_4.564444_SRR12904122_aa_frame6,1,0.68,NODE_3897_length_1027_cov_4.564444_SRR12904122
NODE_389_length_5823_cov_91.492718_SRR5087380_ORF.1,1,0.72,NODE_389_length_5823_cov_91.492718_SRR5087380
NODE_389_length_5823_cov_91.492718_SRR5087380_ORF.2,1,0.57,NODE_389_length_5823_cov_91.492718_SRR5087380
NODE_389_length_5823_cov_91.492718_SRR5087380_ORF.3,0,0.2,NODE_389_length_5823_cov_91.492718_SRR5087380
NODE_389_length_5823_cov_91.492718_SRR5087380_ORF.4,1,0.695,NODE_389_length_5823_cov_91.492718_SRR5087380
NODE_389_length_5823_cov_91.492718_SRR5087380_ORF.5,1,0.775,NODE_389_length_5823_cov_91.492718_SRR5087380
NODE_389_length_5823_cov_91.492718_SRR5087380_ORF.6,1,0.725,NODE_389_length_5823_cov_91.492718_SRR5087380
NODE_389_length_5823_cov_91.492718_SRR5087380_ORF.7,1,0.62,NODE_389_length_5823_cov_91.492718_SRR5087380
NODE_389_length_5823_cov_91.492718_SRR5087380_ORF.8,1,0.77,NODE_389_length_5823_cov_91.492718_SRR5087380
NODE_389_length_5823_cov_91.492718_SRR5087380_aa_frame1,1,0.88,NODE_389_length_5823_cov_91.492718_SRR5087380
NODE_389_length_5823_cov_91.492718_SRR5087380_aa_frame2,1,0.645,NODE_389_length_5823_cov_91.492718_SRR5087380
NODE_389_length_5823_cov_91.492718_SRR5087380_aa_frame3,1,0.685,NODE_389_length_5823_cov_91.492718_SRR5087380
NODE_389_length_5823_cov_91.492718_SRR5087380_aa_frame4,1,0.895,NODE_389_length_5823_cov_91.492718_SRR5087380
NODE_389_length_5823_cov_91.492718_SRR5087380_aa_frame5,1,0.85,NODE_389_length_5823_cov_91.492718_SRR5087380
NODE_389_length_5823_cov_91.492718_SRR5087380_aa_frame6,1,0.735,NODE_389_length_5823_cov_91.492718_SRR5087380
NODE_39330_length_1094_cov_0.863324_SRR1785350_ORF.1,1,0.94,NODE_39330_length_1094_cov_0.863324_SRR1785350
NODE_39330_length_1094_cov_0.863324_SRR1785350_aa_frame1,1,0.685,NODE_39330_length_1094_cov_0.863324_SRR1785350
NODE_39330_length_1094_cov_0.863324_SRR1785350_aa_frame2,1,0.7043244949494949,NODE_39330_length_1094_cov_0.863324_SRR1785350
NODE_39330_length_1094_cov_0.863324_SRR1785350_aa_frame3,1,0.615,NODE_39330_length_1094_cov_0.863324_SRR1785350
NODE_39330_length_1094_cov_0.863324_SRR1785350_aa_frame4,1,0.5996428571428571,NODE_39330_length_1094_cov_0.863324_SRR1785350
NODE_39330_length_1094_cov_0.863324_SRR1785350_aa_frame5,1,0.685,NODE_39330_length_1094_cov_0.863324_SRR1785350
NODE_39330_length_1094_cov_0.863324_SRR1785350_aa_frame6,1,0.92,NODE_39330_length_1094_cov_0.863324_SRR1785350
NODE_3995_length_2458_cov_126.094049_SRR5087341_ORF.1,0,0.12,NODE_3995_length_2458_cov_126.094049_SRR5087341
NODE_3995_length_2458_cov_126.094049_SRR5087341_ORF.2,1,0.755,NODE_3995_length_2458_cov_126.094049_SRR5087341
NODE_3995_length_2458_cov_126.094049_SRR5087341_ORF.3,1,0.535,NODE_3995_length_2458_cov_126.094049_SRR5087341
NODE_3995_length_2458_cov_126.094049_SRR5087341_ORF.4,1,0.62,NODE_3995_length_2458_cov_126.094049_SRR5087341
NODE_3995_length_2458_cov_126.094049_SRR5087341_aa_frame1,0,0.435,NODE_3995_length_2458_cov_126.094049_SRR5087341
NODE_3995_length_2458_cov_126.094049_SRR5087341_aa_frame2,1,0.585,NODE_3995_length_2458_cov_126.094049_SRR5087341
NODE_3995_length_2458_cov_126.094049_SRR5087341_aa_frame3,0,0.18,NODE_3995_length_2458_cov_126.094049_SRR5087341
NODE_3995_length_2458_cov_126.094049_SRR5087341_aa_frame4,0,0.4395957446808511,NODE_3995_length_2458_cov_126.094049_SRR5087341
NODE_3995_length_2458_cov_126.094049_SRR5087341_aa_frame5,1,0.635,NODE_3995_length_2458_cov_126.094049_SRR5087341
NODE_3995_length_2458_cov_126.094049_SRR5087341_aa_frame6,1,0.7195957446808511,NODE_3995_length_2458_cov_126.094049_SRR5087341
NODE_399_length_5743_cov_82.950935_SRR8658354_ORF.1,1,0.51,NODE_399_length_5743_cov_82.950935_SRR8658354
NODE_399_length_5743_cov_82.950935_SRR8658354_ORF.2,1,0.735,NODE_399_length_5743_cov_82.950935_SRR8658354
NODE_399_length_5743_cov_82.950935_SRR8658354_ORF.3,1,0.655,NODE_399_length_5743_cov_82.950935_SRR8658354
NODE_399_length_5743_cov_82.950935_SRR8658354_ORF.4,1,0.625,NODE_399_length_5743_cov_82.950935_SRR8658354
NODE_399_length_5743_cov_82.950935_SRR8658354_ORF.5,1,0.615,NODE_399_length_5743_cov_82.950935_SRR8658354
NODE_399_length_5743_cov_82.950935_SRR8658354_ORF.6,1,0.685,NODE_399_length_5743_cov_82.950935_SRR8658354
NODE_399_length_5743_cov_82.950935_SRR8658354_ORF.7,1,0.705,NODE_399_length_5743_cov_82.950935_SRR8658354
NODE_399_length_5743_cov_82.950935_SRR8658354_aa_frame1,0,0.5,NODE_399_length_5743_cov_82.950935_SRR8658354
NODE_399_length_5743_cov_82.950935_SRR8658354_aa_frame2,1,0.73,NODE_399_length_5743_cov_82.950935_SRR8658354
NODE_399_length_5743_cov_82.950935_SRR8658354_aa_frame3,1,0.79,NODE_399_length_5743_cov_82.950935_SRR8658354
NODE_399_length_5743_cov_82.950935_SRR8658354_aa_frame4,1,0.855,NODE_399_length_5743_cov_82.950935_SRR8658354
NODE_399_length_5743_cov_82.950935_SRR8658354_aa_frame5,1,0.7,NODE_399_length_5743_cov_82.950935_SRR8658354
NODE_399_length_5743_cov_82.950935_SRR8658354_aa_frame6,1,0.875,NODE_399_length_5743_cov_82.950935_SRR8658354
NODE_40047_length_619_cov_4.328413_SRR1782604_ORF.1,1,0.95,NODE_40047_length_619_cov_4.328413_SRR1782604
NODE_40047_length_619_cov_4.328413_SRR1782604_aa_frame1,1,0.72,NODE_40047_length_619_cov_4.328413_SRR1782604
NODE_40047_length_619_cov_4.328413_SRR1782604_aa_frame2,1,0.6645588235294118,NODE_40047_length_619_cov_4.328413_SRR1782604
NODE_40047_length_619_cov_4.328413_SRR1782604_aa_frame3,1,0.6099687500000001,NODE_40047_length_619_cov_4.328413_SRR1782604
NODE_40047_length_619_cov_4.328413_SRR1782604_aa_frame4,1,0.975,NODE_40047_length_619_cov_4.328413_SRR1782604
NODE_40047_length_619_cov_4.328413_SRR1782604_aa_frame5,1,0.56,NODE_40047_length_619_cov_4.328413_SRR1782604
NODE_40047_length_619_cov_4.328413_SRR1782604_aa_frame6,1,0.675,NODE_40047_length_619_cov_4.328413_SRR1782604
NODE_400_length_1789_cov_39.136682_SRR1778741_ORF.1,0,0.12,NODE_400_length_1789_cov_39.136682_SRR1778741
NODE_400_length_1789_cov_39.136682_SRR1778741_aa_frame1,1,0.71,NODE_400_length_1789_cov_39.136682_SRR1778741
NODE_400_length_1789_cov_39.136682_SRR1778741_aa_frame2,1,0.78,NODE_400_length_1789_cov_39.136682_SRR1778741
NODE_400_length_1789_cov_39.136682_SRR1778741_aa_frame3,1,0.5432936507936508,NODE_400_length_1789_cov_39.136682_SRR1778741
NODE_400_length_1789_cov_39.136682_SRR1778741_aa_frame4,0,0.23,NODE_400_length_1789_cov_39.136682_SRR1778741
NODE_400_length_1789_cov_39.136682_SRR1778741_aa_frame5,1,0.6,NODE_400_length_1789_cov_39.136682_SRR1778741
NODE_400_length_1789_cov_39.136682_SRR1778741_aa_frame6,1,0.6520921985815603,NODE_400_length_1789_cov_39.136682_SRR1778741
NODE_40188_length_681_cov_1.163907_SRR1782579_ORF.1,1,0.77,NODE_40188_length_681_cov_1.163907_SRR1782579
NODE_40188_length_681_cov_1.163907_SRR1782579_aa_frame1,1,0.545,NODE_40188_length_681_cov_1.163907_SRR1782579
NODE_40188_length_681_cov_1.163907_SRR1782579_aa_frame2,1,0.6934008882895515,NODE_40188_length_681_cov_1.163907_SRR1782579
NODE_40188_length_681_cov_1.163907_SRR1782579_aa_frame3,1,0.5797473684210526,NODE_40188_length_681_cov_1.163907_SRR1782579
NODE_40188_length_681_cov_1.163907_SRR1782579_aa_frame4,1,0.5443218664130205,NODE_40188_length_681_cov_1.163907_SRR1782579
NODE_40188_length_681_cov_1.163907_SRR1782579_aa_frame5,1,0.6496884384384384,NODE_40188_length_681_cov_1.163907_SRR1782579
NODE_40188_length_681_cov_1.163907_SRR1782579_aa_frame6,1,0.71,NODE_40188_length_681_cov_1.163907_SRR1782579
NODE_4026_length_3948_cov_4.212176_SRR3624128_ORF.1,1,0.81,NODE_4026_length_3948_cov_4.212176_SRR3624128
NODE_4026_length_3948_cov_4.212176_SRR3624128_ORF.2,1,1.0,NODE_4026_length_3948_cov_4.212176_SRR3624128
NODE_4026_length_3948_cov_4.212176_SRR3624128_ORF.3,1,1.0,NODE_4026_length_3948_cov_4.212176_SRR3624128
NODE_4026_length_3948_cov_4.212176_SRR3624128_ORF.4,1,0.995,NODE_4026_length_3948_cov_4.212176_SRR3624128
NODE_4026_length_3948_cov_4.212176_SRR3624128_ORF.5,1,0.545,NODE_4026_length_3948_cov_4.212176_SRR3624128
NODE_4026_length_3948_cov_4.212176_SRR3624128_ORF.6,1,0.775,NODE_4026_length_3948_cov_4.212176_SRR3624128
NODE_4026_length_3948_cov_4.212176_SRR3624128_ORF.7,1,0.775,NODE_4026_length_3948_cov_4.212176_SRR3624128
NODE_4026_length_3948_cov_4.212176_SRR3624128_ORF.8,1,0.595,NODE_4026_length_3948_cov_4.212176_SRR3624128
NODE_4026_length_3948_cov_4.212176_SRR3624128_aa_frame1,1,0.87,NODE_4026_length_3948_cov_4.212176_SRR3624128
NODE_4026_length_3948_cov_4.212176_SRR3624128_aa_frame2,1,0.675,NODE_4026_length_3948_cov_4.212176_SRR3624128
NODE_4026_length_3948_cov_4.212176_SRR3624128_aa_frame3,1,1.0,NODE_4026_length_3948_cov_4.212176_SRR3624128
NODE_4026_length_3948_cov_4.212176_SRR3624128_aa_frame4,1,0.735,NODE_4026_length_3948_cov_4.212176_SRR3624128
NODE_4026_length_3948_cov_4.212176_SRR3624128_aa_frame5,1,0.7,NODE_4026_length_3948_cov_4.212176_SRR3624128
NODE_4026_length_3948_cov_4.212176_SRR3624128_aa_frame6,1,0.615,NODE_4026_length_3948_cov_4.212176_SRR3624128
NODE_405_length_4562_cov_1511.552285_SRR8658360_ORF.1,1,0.555,NODE_405_length_4562_cov_1511.552285_SRR8658360
NODE_405_length_4562_cov_1511.552285_SRR8658360_ORF.2,0,0.44,NODE_405_length_4562_cov_1511.552285_SRR8658360
NODE_405_length_4562_cov_1511.552285_SRR8658360_ORF.3,1,0.63,NODE_405_length_4562_cov_1511.552285_SRR8658360
NODE_405_length_4562_cov_1511.552285_SRR8658360_ORF.4,1,0.695,NODE_405_length_4562_cov_1511.552285_SRR8658360
NODE_405_length_4562_cov_1511.552285_SRR8658360_ORF.5,1,0.555,NODE_405_length_4562_cov_1511.552285_SRR8658360
NODE_405_length_4562_cov_1511.552285_SRR8658360_aa_frame1,1,0.82,NODE_405_length_4562_cov_1511.552285_SRR8658360
NODE_405_length_4562_cov_1511.552285_SRR8658360_aa_frame2,1,0.835,NODE_405_length_4562_cov_1511.552285_SRR8658360
NODE_405_length_4562_cov_1511.552285_SRR8658360_aa_frame3,1,0.505,NODE_405_length_4562_cov_1511.552285_SRR8658360
NODE_405_length_4562_cov_1511.552285_SRR8658360_aa_frame4,1,0.86,NODE_405_length_4562_cov_1511.552285_SRR8658360
NODE_405_length_4562_cov_1511.552285_SRR8658360_aa_frame5,1,0.84,NODE_405_length_4562_cov_1511.552285_SRR8658360
NODE_405_length_4562_cov_1511.552285_SRR8658360_aa_frame6,1,0.86,NODE_405_length_4562_cov_1511.552285_SRR8658360
NODE_40673_length_901_cov_1.048544_SRR1781945_ORF.1,1,0.56,NODE_40673_length_901_cov_1.048544_SRR1781945
NODE_40673_length_901_cov_1.048544_SRR1781945_ORF.2,1,1.0,NODE_40673_length_901_cov_1.048544_SRR1781945
NODE_40673_length_901_cov_1.048544_SRR1781945_aa_frame1,1,0.8242194353214474,NODE_40673_length_901_cov_1.048544_SRR1781945
NODE_40673_length_901_cov_1.048544_SRR1781945_aa_frame2,1,0.5989543722550088,NODE_40673_length_901_cov_1.048544_SRR1781945
NODE_40673_length_901_cov_1.048544_SRR1781945_aa_frame3,1,1.0,NODE_40673_length_901_cov_1.048544_SRR1781945
NODE_40673_length_901_cov_1.048544_SRR1781945_aa_frame4,1,0.6588455598455599,NODE_40673_length_901_cov_1.048544_SRR1781945
NODE_40673_length_901_cov_1.048544_SRR1781945_aa_frame5,1,0.7467578224382845,NODE_40673_length_901_cov_1.048544_SRR1781945
NODE_40673_length_901_cov_1.048544_SRR1781945_aa_frame6,1,0.7770616185775217,NODE_40673_length_901_cov_1.048544_SRR1781945
NODE_4098_length_1847_cov_1.679661_SRR8554352_ORF.1,1,0.995,NODE_4098_length_1847_cov_1.679661_SRR8554352
NODE_4098_length_1847_cov_1.679661_SRR8554352_ORF.2,1,0.755,NODE_4098_length_1847_cov_1.679661_SRR8554352
NODE_4098_length_1847_cov_1.679661_SRR8554352_ORF.3,1,0.775,NODE_4098_length_1847_cov_1.679661_SRR8554352
NODE_4098_length_1847_cov_1.679661_SRR8554352_ORF.4,1,0.555,NODE_4098_length_1847_cov_1.679661_SRR8554352
NODE_4098_length_1847_cov_1.679661_SRR8554352_aa_frame1,1,0.745,NODE_4098_length_1847_cov_1.679661_SRR8554352
NODE_4098_length_1847_cov_1.679661_SRR8554352_aa_frame2,1,0.71,NODE_4098_length_1847_cov_1.679661_SRR8554352
NODE_4098_length_1847_cov_1.679661_SRR8554352_aa_frame3,1,0.995,NODE_4098_length_1847_cov_1.679661_SRR8554352
NODE_4098_length_1847_cov_1.679661_SRR8554352_aa_frame4,1,0.7046875,NODE_4098_length_1847_cov_1.679661_SRR8554352
NODE_4098_length_1847_cov_1.679661_SRR8554352_aa_frame5,1,0.515,NODE_4098_length_1847_cov_1.679661_SRR8554352
NODE_4098_length_1847_cov_1.679661_SRR8554352_aa_frame6,1,0.61,NODE_4098_length_1847_cov_1.679661_SRR8554352
NODE_41508_length_610_cov_3.033771_SRR1782604_ORF.1,1,0.605,NODE_41508_length_610_cov_3.033771_SRR1782604
NODE_41508_length_610_cov_3.033771_SRR1782604_aa_frame1,1,0.725,NODE_41508_length_610_cov_3.033771_SRR1782604
NODE_41508_length_610_cov_3.033771_SRR1782604_aa_frame2,1,0.6,NODE_41508_length_610_cov_3.033771_SRR1782604
NODE_41508_length_610_cov_3.033771_SRR1782604_aa_frame3,1,0.655,NODE_41508_length_610_cov_3.033771_SRR1782604
NODE_41508_length_610_cov_3.033771_SRR1782604_aa_frame4,1,0.6013768115942029,NODE_41508_length_610_cov_3.033771_SRR1782604
NODE_41508_length_610_cov_3.033771_SRR1782604_aa_frame5,1,0.6799662162162161,NODE_41508_length_610_cov_3.033771_SRR1782604
NODE_41508_length_610_cov_3.033771_SRR1782604_aa_frame6,1,0.745,NODE_41508_length_610_cov_3.033771_SRR1782604
NODE_419_length_5252_cov_10.065507_SRR8455904_ORF.1,0,0.305,NODE_419_length_5252_cov_10.065507_SRR8455904
NODE_419_length_5252_cov_10.065507_SRR8455904_ORF.2,1,0.565,NODE_419_length_5252_cov_10.065507_SRR8455904
NODE_419_length_5252_cov_10.065507_SRR8455904_aa_frame1,0,0.465,NODE_419_length_5252_cov_10.065507_SRR8455904
NODE_419_length_5252_cov_10.065507_SRR8455904_aa_frame2,1,0.785,NODE_419_length_5252_cov_10.065507_SRR8455904
NODE_419_length_5252_cov_10.065507_SRR8455904_aa_frame3,1,0.715,NODE_419_length_5252_cov_10.065507_SRR8455904
NODE_419_length_5252_cov_10.065507_SRR8455904_aa_frame4,1,0.96,NODE_419_length_5252_cov_10.065507_SRR8455904
NODE_419_length_5252_cov_10.065507_SRR8455904_aa_frame5,1,0.965,NODE_419_length_5252_cov_10.065507_SRR8455904
NODE_419_length_5252_cov_10.065507_SRR8455904_aa_frame6,1,0.88,NODE_419_length_5252_cov_10.065507_SRR8455904
NODE_4220_length_2397_cov_71.700000_SRR1781945_ORF.1,1,0.54,NODE_4220_length_2397_cov_71.700000_SRR1781945
NODE_4220_length_2397_cov_71.700000_SRR1781945_ORF.2,1,0.85,NODE_4220_length_2397_cov_71.700000_SRR1781945
NODE_4220_length_2397_cov_71.700000_SRR1781945_ORF.3,1,0.995,NODE_4220_length_2397_cov_71.700000_SRR1781945
NODE_4220_length_2397_cov_71.700000_SRR1781945_aa_frame1,1,0.6495957446808511,NODE_4220_length_2397_cov_71.700000_SRR1781945
NODE_4220_length_2397_cov_71.700000_SRR1781945_aa_frame2,1,0.5975462962962963,NODE_4220_length_2397_cov_71.700000_SRR1781945
NODE_4220_length_2397_cov_71.700000_SRR1781945_aa_frame3,1,0.645,NODE_4220_length_2397_cov_71.700000_SRR1781945
NODE_4220_length_2397_cov_71.700000_SRR1781945_aa_frame4,1,0.5945957446808511,NODE_4220_length_2397_cov_71.700000_SRR1781945
NODE_4220_length_2397_cov_71.700000_SRR1781945_aa_frame5,1,0.825,NODE_4220_length_2397_cov_71.700000_SRR1781945
NODE_4220_length_2397_cov_71.700000_SRR1781945_aa_frame6,1,0.985,NODE_4220_length_2397_cov_71.700000_SRR1781945
NODE_4225_length_2800_cov_8.537705_ERR3010915_ORF.1,1,0.995,NODE_4225_length_2800_cov_8.537705_ERR3010915
NODE_4225_length_2800_cov_8.537705_ERR3010915_ORF.2,1,0.53,NODE_4225_length_2800_cov_8.537705_ERR3010915
NODE_4225_length_2800_cov_8.537705_ERR3010915_ORF.3,0,0.415,NODE_4225_length_2800_cov_8.537705_ERR3010915
NODE_4225_length_2800_cov_8.537705_ERR3010915_aa_frame1,1,0.785,NODE_4225_length_2800_cov_8.537705_ERR3010915
NODE_4225_length_2800_cov_8.537705_ERR3010915_aa_frame2,1,0.995,NODE_4225_length_2800_cov_8.537705_ERR3010915
NODE_4225_length_2800_cov_8.537705_ERR3010915_aa_frame3,1,0.6394140625,NODE_4225_length_2800_cov_8.537705_ERR3010915
NODE_4225_length_2800_cov_8.537705_ERR3010915_aa_frame4,1,0.885,NODE_4225_length_2800_cov_8.537705_ERR3010915
NODE_4225_length_2800_cov_8.537705_ERR3010915_aa_frame5,0,0.41,NODE_4225_length_2800_cov_8.537705_ERR3010915
NODE_4225_length_2800_cov_8.537705_ERR3010915_aa_frame6,1,0.56,NODE_4225_length_2800_cov_8.537705_ERR3010915
NODE_4236_length_1023_cov_0.955603_SRR1785209_ORF.1,1,0.85,NODE_4236_length_1023_cov_0.955603_SRR1785209
NODE_4236_length_1023_cov_0.955603_SRR1785209_ORF.2,0,0.49,NODE_4236_length_1023_cov_0.955603_SRR1785209
NODE_4236_length_1023_cov_0.955603_SRR1785209_aa_frame1,1,0.6173521549372614,NODE_4236_length_1023_cov_0.955603_SRR1785209
NODE_4236_length_1023_cov_0.955603_SRR1785209_aa_frame2,1,0.85,NODE_4236_length_1023_cov_0.955603_SRR1785209
NODE_4236_length_1023_cov_0.955603_SRR1785209_aa_frame3,1,0.6566375966375966,NODE_4236_length_1023_cov_0.955603_SRR1785209
NODE_4236_length_1023_cov_0.955603_SRR1785209_aa_frame4,1,0.7441865079365079,NODE_4236_length_1023_cov_0.955603_SRR1785209
NODE_4236_length_1023_cov_0.955603_SRR1785209_aa_frame5,1,0.654375,NODE_4236_length_1023_cov_0.955603_SRR1785209
NODE_4236_length_1023_cov_0.955603_SRR1785209_aa_frame6,1,0.7609419844861023,NODE_4236_length_1023_cov_0.955603_SRR1785209
NODE_423_length_2392_cov_1.083801_SRR1785209_ORF.1,1,0.775,NODE_423_length_2392_cov_1.083801_SRR1785209
NODE_423_length_2392_cov_1.083801_SRR1785209_ORF.2,1,0.985,NODE_423_length_2392_cov_1.083801_SRR1785209
NODE_423_length_2392_cov_1.083801_SRR1785209_ORF.3,0,0.45,NODE_423_length_2392_cov_1.083801_SRR1785209
NODE_423_length_2392_cov_1.083801_SRR1785209_aa_frame1,1,0.645,NODE_423_length_2392_cov_1.083801_SRR1785209
NODE_423_length_2392_cov_1.083801_SRR1785209_aa_frame2,1,0.645,NODE_423_length_2392_cov_1.083801_SRR1785209
NODE_423_length_2392_cov_1.083801_SRR1785209_aa_frame3,1,0.96,NODE_423_length_2392_cov_1.083801_SRR1785209
NODE_423_length_2392_cov_1.083801_SRR1785209_aa_frame4,1,0.61,NODE_423_length_2392_cov_1.083801_SRR1785209
NODE_423_length_2392_cov_1.083801_SRR1785209_aa_frame5,1,0.775,NODE_423_length_2392_cov_1.083801_SRR1785209
NODE_423_length_2392_cov_1.083801_SRR1785209_aa_frame6,1,0.8495957446808511,NODE_423_length_2392_cov_1.083801_SRR1785209
NODE_4292_length_2394_cov_214.544677_SRR5087342_ORF.1,0,0.14,NODE_4292_length_2394_cov_214.544677_SRR5087342
NODE_4292_length_2394_cov_214.544677_SRR5087342_ORF.2,1,0.535,NODE_4292_length_2394_cov_214.544677_SRR5087342
NODE_4292_length_2394_cov_214.544677_SRR5087342_ORF.3,1,0.62,NODE_4292_length_2394_cov_214.544677_SRR5087342
NODE_4292_length_2394_cov_214.544677_SRR5087342_ORF.4,1,0.755,NODE_4292_length_2394_cov_214.544677_SRR5087342
NODE_4292_length_2394_cov_214.544677_SRR5087342_aa_frame1,0,0.205,NODE_4292_length_2394_cov_214.544677_SRR5087342
NODE_4292_length_2394_cov_214.544677_SRR5087342_aa_frame2,0,0.49,NODE_4292_length_2394_cov_214.544677_SRR5087342
NODE_4292_length_2394_cov_214.544677_SRR5087342_aa_frame3,1,0.694375,NODE_4292_length_2394_cov_214.544677_SRR5087342
NODE_4292_length_2394_cov_214.544677_SRR5087342_aa_frame4,1,0.62,NODE_4292_length_2394_cov_214.544677_SRR5087342
NODE_4292_length_2394_cov_214.544677_SRR5087342_aa_frame5,0,0.48,NODE_4292_length_2394_cov_214.544677_SRR5087342
NODE_4292_length_2394_cov_214.544677_SRR5087342_aa_frame6,1,0.7,NODE_4292_length_2394_cov_214.544677_SRR5087342
NODE_4296_length_1497_cov_1.028873_SRR1782604_ORF.1,1,0.545,NODE_4296_length_1497_cov_1.028873_SRR1782604
NODE_4296_length_1497_cov_1.028873_SRR1782604_ORF.2,1,0.955,NODE_4296_length_1497_cov_1.028873_SRR1782604
NODE_4296_length_1497_cov_1.028873_SRR1782604_ORF.3,1,0.945,NODE_4296_length_1497_cov_1.028873_SRR1782604
NODE_4296_length_1497_cov_1.028873_SRR1782604_aa_frame1,1,0.67,NODE_4296_length_1497_cov_1.028873_SRR1782604
NODE_4296_length_1497_cov_1.028873_SRR1782604_aa_frame2,1,0.76,NODE_4296_length_1497_cov_1.028873_SRR1782604
NODE_4296_length_1497_cov_1.028873_SRR1782604_aa_frame3,1,0.611875,NODE_4296_length_1497_cov_1.028873_SRR1782604
NODE_4296_length_1497_cov_1.028873_SRR1782604_aa_frame4,1,0.665,NODE_4296_length_1497_cov_1.028873_SRR1782604
NODE_4296_length_1497_cov_1.028873_SRR1782604_aa_frame5,1,0.64,NODE_4296_length_1497_cov_1.028873_SRR1782604
NODE_4296_length_1497_cov_1.028873_SRR1782604_aa_frame6,1,0.97,NODE_4296_length_1497_cov_1.028873_SRR1782604
NODE_437_length_7157_cov_22.832723_SRR6233791_ORF.1,1,0.515,NODE_437_length_7157_cov_22.832723_SRR6233791
NODE_437_length_7157_cov_22.832723_SRR6233791_ORF.2,1,0.665,NODE_437_length_7157_cov_22.832723_SRR6233791
NODE_437_length_7157_cov_22.832723_SRR6233791_ORF.3,1,0.705,NODE_437_length_7157_cov_22.832723_SRR6233791
NODE_437_length_7157_cov_22.832723_SRR6233791_ORF.4,0,0.345,NODE_437_length_7157_cov_22.832723_SRR6233791
NODE_437_length_7157_cov_22.832723_SRR6233791_aa_frame1,0,0.1,NODE_437_length_7157_cov_22.832723_SRR6233791
NODE_437_length_7157_cov_22.832723_SRR6233791_aa_frame2,0,0.065,NODE_437_length_7157_cov_22.832723_SRR6233791
NODE_437_length_7157_cov_22.832723_SRR6233791_aa_frame3,0,0.035,NODE_437_length_7157_cov_22.832723_SRR6233791
NODE_437_length_7157_cov_22.832723_SRR6233791_aa_frame4,0,0.04,NODE_437_length_7157_cov_22.832723_SRR6233791
NODE_437_length_7157_cov_22.832723_SRR6233791_aa_frame5,0,0.075,NODE_437_length_7157_cov_22.832723_SRR6233791
NODE_437_length_7157_cov_22.832723_SRR6233791_aa_frame6,0,0.33,NODE_437_length_7157_cov_22.832723_SRR6233791
NODE_4400_length_1841_cov_728.126417_SRR8658352_ORF.1,1,0.695,NODE_4400_length_1841_cov_728.126417_SRR8658352
NODE_4400_length_1841_cov_728.126417_SRR8658352_ORF.2,1,0.76,NODE_4400_length_1841_cov_728.126417_SRR8658352
NODE_4400_length_1841_cov_728.126417_SRR8658352_ORF.3,0,0.135,NODE_4400_length_1841_cov_728.126417_SRR8658352
NODE_4400_length_1841_cov_728.126417_SRR8658352_aa_frame1,1,0.5282319223985891,NODE_4400_length_1841_cov_728.126417_SRR8658352
NODE_4400_length_1841_cov_728.126417_SRR8658352_aa_frame2,1,0.7597142857142858,NODE_4400_length_1841_cov_728.126417_SRR8658352
NODE_4400_length_1841_cov_728.126417_SRR8658352_aa_frame3,1,0.715,NODE_4400_length_1841_cov_728.126417_SRR8658352
NODE_4400_length_1841_cov_728.126417_SRR8658352_aa_frame4,0,0.265,NODE_4400_length_1841_cov_728.126417_SRR8658352
NODE_4400_length_1841_cov_728.126417_SRR8658352_aa_frame5,1,0.5070921985815603,NODE_4400_length_1841_cov_728.126417_SRR8658352
NODE_4400_length_1841_cov_728.126417_SRR8658352_aa_frame6,1,0.6049382716049382,NODE_4400_length_1841_cov_728.126417_SRR8658352
NODE_440_length_6334_cov_16.237654_SRR8658355_ORF.1,1,0.515,NODE_440_length_6334_cov_16.237654_SRR8658355
NODE_440_length_6334_cov_16.237654_SRR8658355_ORF.2,1,0.695,NODE_440_length_6334_cov_16.237654_SRR8658355
NODE_440_length_6334_cov_16.237654_SRR8658355_ORF.3,1,0.595,NODE_440_length_6334_cov_16.237654_SRR8658355
NODE_440_length_6334_cov_16.237654_SRR8658355_ORF.4,1,0.84,NODE_440_length_6334_cov_16.237654_SRR8658355
NODE_440_length_6334_cov_16.237654_SRR8658355_ORF.5,1,0.59,NODE_440_length_6334_cov_16.237654_SRR8658355
NODE_440_length_6334_cov_16.237654_SRR8658355_ORF.6,1,0.655,NODE_440_length_6334_cov_16.237654_SRR8658355
NODE_440_length_6334_cov_16.237654_SRR8658355_aa_frame1,1,0.94,NODE_440_length_6334_cov_16.237654_SRR8658355
NODE_440_length_6334_cov_16.237654_SRR8658355_aa_frame2,1,0.54,NODE_440_length_6334_cov_16.237654_SRR8658355
NODE_440_length_6334_cov_16.237654_SRR8658355_aa_frame3,1,0.87,NODE_440_length_6334_cov_16.237654_SRR8658355
NODE_440_length_6334_cov_16.237654_SRR8658355_aa_frame4,1,1.0,NODE_440_length_6334_cov_16.237654_SRR8658355
NODE_440_length_6334_cov_16.237654_SRR8658355_aa_frame5,1,0.9,NODE_440_length_6334_cov_16.237654_SRR8658355
NODE_440_length_6334_cov_16.237654_SRR8658355_aa_frame6,1,0.905,NODE_440_length_6334_cov_16.237654_SRR8658355
NODE_44727_length_649_cov_1.559441_SRR1782579_ORF.1,1,1.0,NODE_44727_length_649_cov_1.559441_SRR1782579
NODE_44727_length_649_cov_1.559441_SRR1782579_aa_frame1,1,1.0,NODE_44727_length_649_cov_1.559441_SRR1782579
NODE_44727_length_649_cov_1.559441_SRR1782579_aa_frame2,0,0.5,NODE_44727_length_649_cov_1.559441_SRR1782579
NODE_44727_length_649_cov_1.559441_SRR1782579_aa_frame3,1,0.6895588235294118,NODE_44727_length_649_cov_1.559441_SRR1782579
NODE_44727_length_649_cov_1.559441_SRR1782579_aa_frame4,1,0.6243841642228739,NODE_44727_length_649_cov_1.559441_SRR1782579
NODE_44727_length_649_cov_1.559441_SRR1782579_aa_frame5,1,0.7293890398550725,NODE_44727_length_649_cov_1.559441_SRR1782579
NODE_44727_length_649_cov_1.559441_SRR1782579_aa_frame6,1,0.515,NODE_44727_length_649_cov_1.559441_SRR1782579
NODE_45132_length_647_cov_1.068421_SRR1782579_ORF.1,1,1.0,NODE_45132_length_647_cov_1.068421_SRR1782579
NODE_45132_length_647_cov_1.068421_SRR1782579_aa_frame1,1,0.7299662162162162,NODE_45132_length_647_cov_1.068421_SRR1782579
NODE_45132_length_647_cov_1.068421_SRR1782579_aa_frame2,1,0.6592646230789613,NODE_45132_length_647_cov_1.068421_SRR1782579
NODE_45132_length_647_cov_1.068421_SRR1782579_aa_frame3,1,0.6398290598290598,NODE_45132_length_647_cov_1.068421_SRR1782579
NODE_45132_length_647_cov_1.068421_SRR1782579_aa_frame4,1,0.545,NODE_45132_length_647_cov_1.068421_SRR1782579
NODE_45132_length_647_cov_1.068421_SRR1782579_aa_frame5,1,1.0,NODE_45132_length_647_cov_1.068421_SRR1782579
NODE_45132_length_647_cov_1.068421_SRR1782579_aa_frame6,1,0.6893612440191387,NODE_45132_length_647_cov_1.068421_SRR1782579
NODE_4523_length_1853_cov_837.228604_SRR4435987_ORF.1,0,0.495,NODE_4523_length_1853_cov_837.228604_SRR4435987
NODE_4523_length_1853_cov_837.228604_SRR4435987_ORF.2,1,0.66,NODE_4523_length_1853_cov_837.228604_SRR4435987
NODE_4523_length_1853_cov_837.228604_SRR4435987_ORF.3,1,0.705,NODE_4523_length_1853_cov_837.228604_SRR4435987
NODE_4523_length_1853_cov_837.228604_SRR4435987_ORF.4,1,0.775,NODE_4523_length_1853_cov_837.228604_SRR4435987
NODE_4523_length_1853_cov_837.228604_SRR4435987_aa_frame1,0,0.49,NODE_4523_length_1853_cov_837.228604_SRR4435987
NODE_4523_length_1853_cov_837.228604_SRR4435987_aa_frame2,1,0.685,NODE_4523_length_1853_cov_837.228604_SRR4435987
NODE_4523_length_1853_cov_837.228604_SRR4435987_aa_frame3,1,0.54,NODE_4523_length_1853_cov_837.228604_SRR4435987
NODE_4523_length_1853_cov_837.228604_SRR4435987_aa_frame4,1,0.58,NODE_4523_length_1853_cov_837.228604_SRR4435987
NODE_4523_length_1853_cov_837.228604_SRR4435987_aa_frame5,1,0.625,NODE_4523_length_1853_cov_837.228604_SRR4435987
NODE_4523_length_1853_cov_837.228604_SRR4435987_aa_frame6,0,0.435,NODE_4523_length_1853_cov_837.228604_SRR4435987
NODE_452_length_6783_cov_123.234691_SRR5087338_ORF.1,1,0.605,NODE_452_length_6783_cov_123.234691_SRR5087338
NODE_452_length_6783_cov_123.234691_SRR5087338_ORF.2,1,0.775,NODE_452_length_6783_cov_123.234691_SRR5087338
NODE_452_length_6783_cov_123.234691_SRR5087338_ORF.3,1,0.765,NODE_452_length_6783_cov_123.234691_SRR5087338
NODE_452_length_6783_cov_123.234691_SRR5087338_ORF.4,0,0.48,NODE_452_length_6783_cov_123.234691_SRR5087338
NODE_452_length_6783_cov_123.234691_SRR5087338_aa_frame1,1,0.795,NODE_452_length_6783_cov_123.234691_SRR5087338
NODE_452_length_6783_cov_123.234691_SRR5087338_aa_frame2,0,0.36,NODE_452_length_6783_cov_123.234691_SRR5087338
NODE_452_length_6783_cov_123.234691_SRR5087338_aa_frame3,0,0.33,NODE_452_length_6783_cov_123.234691_SRR5087338
NODE_452_length_6783_cov_123.234691_SRR5087338_aa_frame4,1,0.52,NODE_452_length_6783_cov_123.234691_SRR5087338
NODE_452_length_6783_cov_123.234691_SRR5087338_aa_frame5,1,0.715,NODE_452_length_6783_cov_123.234691_SRR5087338
NODE_452_length_6783_cov_123.234691_SRR5087338_aa_frame6,0,0.48,NODE_452_length_6783_cov_123.234691_SRR5087338
NODE_4539_length_697_cov_0.851613_SRR1778740_ORF.1,1,0.565,NODE_4539_length_697_cov_0.851613_SRR1778740
NODE_4539_length_697_cov_0.851613_SRR1778740_aa_frame1,1,0.7287738517856581,NODE_4539_length_697_cov_0.851613_SRR1778740
NODE_4539_length_697_cov_0.851613_SRR1778740_aa_frame2,1,0.6743288980879164,NODE_4539_length_697_cov_0.851613_SRR1778740
NODE_4539_length_697_cov_0.851613_SRR1778740_aa_frame3,1,0.57,NODE_4539_length_697_cov_0.851613_SRR1778740
NODE_4539_length_697_cov_0.851613_SRR1778740_aa_frame4,1,0.5845131086142322,NODE_4539_length_697_cov_0.851613_SRR1778740
NODE_4539_length_697_cov_0.851613_SRR1778740_aa_frame5,1,0.6398561151079136,NODE_4539_length_697_cov_0.851613_SRR1778740
NODE_4539_length_697_cov_0.851613_SRR1778740_aa_frame6,1,0.71,NODE_4539_length_697_cov_0.851613_SRR1778740
NODE_45472_length_608_cov_2.251356_ERR1356733_ORF.1,1,0.99,NODE_45472_length_608_cov_2.251356_ERR1356733
NODE_45472_length_608_cov_2.251356_ERR1356733_aa_frame1,1,0.6145454545454545,NODE_45472_length_608_cov_2.251356_ERR1356733
NODE_45472_length_608_cov_2.251356_ERR1356733_aa_frame2,1,0.7297356018851346,NODE_45472_length_608_cov_2.251356_ERR1356733
NODE_45472_length_608_cov_2.251356_ERR1356733_aa_frame3,1,0.99,NODE_45472_length_608_cov_2.251356_ERR1356733
NODE_45472_length_608_cov_2.251356_ERR1356733_aa_frame4,1,0.6749065420560748,NODE_45472_length_608_cov_2.251356_ERR1356733
NODE_45472_length_608_cov_2.251356_ERR1356733_aa_frame5,1,0.7749662162162161,NODE_45472_length_608_cov_2.251356_ERR1356733
NODE_45472_length_608_cov_2.251356_ERR1356733_aa_frame6,1,0.75,NODE_45472_length_608_cov_2.251356_ERR1356733
NODE_45610_length_1041_cov_92.329876_SRR8455905_ORF.1,0,0.125,NODE_45610_length_1041_cov_92.329876_SRR8455905
NODE_45610_length_1041_cov_92.329876_SRR8455905_aa_frame1,1,0.595,NODE_45610_length_1041_cov_92.329876_SRR8455905
NODE_45610_length_1041_cov_92.329876_SRR8455905_aa_frame2,1,0.6578063993489414,NODE_45610_length_1041_cov_92.329876_SRR8455905
NODE_45610_length_1041_cov_92.329876_SRR8455905_aa_frame3,0,0.135,NODE_45610_length_1041_cov_92.329876_SRR8455905
NODE_45610_length_1041_cov_92.329876_SRR8455905_aa_frame4,1,0.56,NODE_45610_length_1041_cov_92.329876_SRR8455905
NODE_45610_length_1041_cov_92.329876_SRR8455905_aa_frame5,1,0.6806098010316876,NODE_45610_length_1041_cov_92.329876_SRR8455905
NODE_45610_length_1041_cov_92.329876_SRR8455905_aa_frame6,0,0.5,NODE_45610_length_1041_cov_92.329876_SRR8455905
NODE_4569_length_956_cov_0.474065_SRR12904122_ORF.1,0,0.405,NODE_4569_length_956_cov_0.474065_SRR12904122
NODE_4569_length_956_cov_0.474065_SRR12904122_ORF.2,0,0.44,NODE_4569_length_956_cov_0.474065_SRR12904122
NODE_4569_length_956_cov_0.474065_SRR12904122_ORF.3,1,0.515,NODE_4569_length_956_cov_0.474065_SRR12904122
NODE_4569_length_956_cov_0.474065_SRR12904122_ORF.4,1,0.7,NODE_4569_length_956_cov_0.474065_SRR12904122
NODE_4569_length_956_cov_0.474065_SRR12904122_aa_frame1,1,0.635,NODE_4569_length_956_cov_0.474065_SRR12904122
NODE_4569_length_956_cov_0.474065_SRR12904122_aa_frame2,1,0.6037169811320754,NODE_4569_length_956_cov_0.474065_SRR12904122
NODE_4569_length_956_cov_0.474065_SRR12904122_aa_frame3,1,0.64,NODE_4569_length_956_cov_0.474065_SRR12904122
NODE_4569_length_956_cov_0.474065_SRR12904122_aa_frame4,1,0.55,NODE_4569_length_956_cov_0.474065_SRR12904122
NODE_4569_length_956_cov_0.474065_SRR12904122_aa_frame5,1,0.599478354978355,NODE_4569_length_956_cov_0.474065_SRR12904122
NODE_4569_length_956_cov_0.474065_SRR12904122_aa_frame6,1,0.515,NODE_4569_length_956_cov_0.474065_SRR12904122
NODE_456_length_5167_cov_10.129077_SRR8455907_ORF.1,0,0.3,NODE_456_length_5167_cov_10.129077_SRR8455907
NODE_456_length_5167_cov_10.129077_SRR8455907_ORF.2,1,0.565,NODE_456_length_5167_cov_10.129077_SRR8455907
NODE_456_length_5167_cov_10.129077_SRR8455907_aa_frame1,0,0.465,NODE_456_length_5167_cov_10.129077_SRR8455907
NODE_456_length_5167_cov_10.129077_SRR8455907_aa_frame2,1,0.765,NODE_456_length_5167_cov_10.129077_SRR8455907
NODE_456_length_5167_cov_10.129077_SRR8455907_aa_frame3,1,0.68,NODE_456_length_5167_cov_10.129077_SRR8455907
NODE_456_length_5167_cov_10.129077_SRR8455907_aa_frame4,1,0.965,NODE_456_length_5167_cov_10.129077_SRR8455907
NODE_456_length_5167_cov_10.129077_SRR8455907_aa_frame5,1,0.88,NODE_456_length_5167_cov_10.129077_SRR8455907
NODE_456_length_5167_cov_10.129077_SRR8455907_aa_frame6,1,0.975,NODE_456_length_5167_cov_10.129077_SRR8455907
NODE_4576_length_2637_cov_1.846484_SRR1785350_ORF.1,1,0.535,NODE_4576_length_2637_cov_1.846484_SRR1785350
NODE_4576_length_2637_cov_1.846484_SRR1785350_ORF.2,0,0.435,NODE_4576_length_2637_cov_1.846484_SRR1785350
NODE_4576_length_2637_cov_1.846484_SRR1785350_aa_frame1,1,0.68,NODE_4576_length_2637_cov_1.846484_SRR1785350
NODE_4576_length_2637_cov_1.846484_SRR1785350_aa_frame2,1,0.6,NODE_4576_length_2637_cov_1.846484_SRR1785350
NODE_4576_length_2637_cov_1.846484_SRR1785350_aa_frame3,0,0.305,NODE_4576_length_2637_cov_1.846484_SRR1785350
NODE_4576_length_2637_cov_1.846484_SRR1785350_aa_frame4,1,0.53,NODE_4576_length_2637_cov_1.846484_SRR1785350
NODE_4576_length_2637_cov_1.846484_SRR1785350_aa_frame5,1,0.53,NODE_4576_length_2637_cov_1.846484_SRR1785350
NODE_4576_length_2637_cov_1.846484_SRR1785350_aa_frame6,1,0.54,NODE_4576_length_2637_cov_1.846484_SRR1785350
NODE_4578_length_1907_cov_1231.549180_SRR8658354_ORF.1,0,0.125,NODE_4578_length_1907_cov_1231.549180_SRR8658354
NODE_4578_length_1907_cov_1231.549180_SRR8658354_ORF.2,1,0.625,NODE_4578_length_1907_cov_1231.549180_SRR8658354
NODE_4578_length_1907_cov_1231.549180_SRR8658354_ORF.3,1,0.58,NODE_4578_length_1907_cov_1231.549180_SRR8658354
NODE_4578_length_1907_cov_1231.549180_SRR8658354_aa_frame1,0,0.225,NODE_4578_length_1907_cov_1231.549180_SRR8658354
NODE_4578_length_1907_cov_1231.549180_SRR8658354_aa_frame2,1,0.6179093417534278,NODE_4578_length_1907_cov_1231.549180_SRR8658354
NODE_4578_length_1907_cov_1231.549180_SRR8658354_aa_frame3,1,0.715,NODE_4578_length_1907_cov_1231.549180_SRR8658354
NODE_4578_length_1907_cov_1231.549180_SRR8658354_aa_frame4,0,0.445,NODE_4578_length_1907_cov_1231.549180_SRR8658354
NODE_4578_length_1907_cov_1231.549180_SRR8658354_aa_frame5,1,0.625,NODE_4578_length_1907_cov_1231.549180_SRR8658354
NODE_4578_length_1907_cov_1231.549180_SRR8658354_aa_frame6,1,0.6336590909090909,NODE_4578_length_1907_cov_1231.549180_SRR8658354
NODE_45866_length_642_cov_1.608850_SRR1782579_ORF.1,1,0.76,NODE_45866_length_642_cov_1.608850_SRR1782579
NODE_45866_length_642_cov_1.608850_SRR1782579_aa_frame1,1,0.65,NODE_45866_length_642_cov_1.608850_SRR1782579
NODE_45866_length_642_cov_1.608850_SRR1782579_aa_frame2,1,0.65496875,NODE_45866_length_642_cov_1.608850_SRR1782579
NODE_45866_length_642_cov_1.608850_SRR1782579_aa_frame3,1,0.7,NODE_45866_length_642_cov_1.608850_SRR1782579
NODE_45866_length_642_cov_1.608850_SRR1782579_aa_frame4,1,0.78,NODE_45866_length_642_cov_1.608850_SRR1782579
NODE_45866_length_642_cov_1.608850_SRR1782579_aa_frame5,1,0.680645780051151,NODE_45866_length_642_cov_1.608850_SRR1782579
NODE_45866_length_642_cov_1.608850_SRR1782579_aa_frame6,1,0.655,NODE_45866_length_642_cov_1.608850_SRR1782579
NODE_4592_length_2159_cov_3.376081_SRR10307214_ORF.1,1,0.765,NODE_4592_length_2159_cov_3.376081_SRR10307214
NODE_4592_length_2159_cov_3.376081_SRR10307214_ORF.2,0,0.305,NODE_4592_length_2159_cov_3.376081_SRR10307214
NODE_4592_length_2159_cov_3.376081_SRR10307214_aa_frame1,1,0.67,NODE_4592_length_2159_cov_3.376081_SRR10307214
NODE_4592_length_2159_cov_3.376081_SRR10307214_aa_frame2,1,0.7331875,NODE_4592_length_2159_cov_3.376081_SRR10307214
NODE_4592_length_2159_cov_3.376081_SRR10307214_aa_frame3,1,0.59,NODE_4592_length_2159_cov_3.376081_SRR10307214
NODE_4592_length_2159_cov_3.376081_SRR10307214_aa_frame4,0,0.405,NODE_4592_length_2159_cov_3.376081_SRR10307214
NODE_4592_length_2159_cov_3.376081_SRR10307214_aa_frame5,1,0.67,NODE_4592_length_2159_cov_3.376081_SRR10307214
NODE_4592_length_2159_cov_3.376081_SRR10307214_aa_frame6,1,0.55,NODE_4592_length_2159_cov_3.376081_SRR10307214
NODE_46345_length_849_cov_2.742228_SRR7976667_ORF.1,1,0.595,NODE_46345_length_849_cov_2.742228_SRR7976667
NODE_46345_length_849_cov_2.742228_SRR7976667_ORF.2,1,0.575,NODE_46345_length_849_cov_2.742228_SRR7976667
NODE_46345_length_849_cov_2.742228_SRR7976667_aa_frame1,1,0.52,NODE_46345_length_849_cov_2.742228_SRR7976667
NODE_46345_length_849_cov_2.742228_SRR7976667_aa_frame2,1,0.7030151557916702,NODE_46345_length_849_cov_2.742228_SRR7976667
NODE_46345_length_849_cov_2.742228_SRR7976667_aa_frame3,1,0.59,NODE_46345_length_849_cov_2.742228_SRR7976667
NODE_46345_length_849_cov_2.742228_SRR7976667_aa_frame4,1,0.6835502796222457,NODE_46345_length_849_cov_2.742228_SRR7976667
NODE_46345_length_849_cov_2.742228_SRR7976667_aa_frame5,1,0.545,NODE_46345_length_849_cov_2.742228_SRR7976667
NODE_46345_length_849_cov_2.742228_SRR7976667_aa_frame6,1,0.6244414670306735,NODE_46345_length_849_cov_2.742228_SRR7976667
NODE_4639_length_1290_cov_1011.896819_SRR4242136_ORF.1,1,0.63,NODE_4639_length_1290_cov_1011.896819_SRR4242136
NODE_4639_length_1290_cov_1011.896819_SRR4242136_ORF.2,1,0.995,NODE_4639_length_1290_cov_1011.896819_SRR4242136
NODE_4639_length_1290_cov_1011.896819_SRR4242136_ORF.3,1,0.7898026315789474,NODE_4639_length_1290_cov_1011.896819_SRR4242136
NODE_4639_length_1290_cov_1011.896819_SRR4242136_aa_frame1,1,0.59,NODE_4639_length_1290_cov_1011.896819_SRR4242136
NODE_4639_length_1290_cov_1011.896819_SRR4242136_aa_frame2,1,0.61,NODE_4639_length_1290_cov_1011.896819_SRR4242136
NODE_4639_length_1290_cov_1011.896819_SRR4242136_aa_frame3,1,0.6673750159565657,NODE_4639_length_1290_cov_1011.896819_SRR4242136
NODE_4639_length_1290_cov_1011.896819_SRR4242136_aa_frame4,1,0.7974689343166129,NODE_4639_length_1290_cov_1011.896819_SRR4242136
NODE_4639_length_1290_cov_1011.896819_SRR4242136_aa_frame5,1,0.995,NODE_4639_length_1290_cov_1011.896819_SRR4242136
NODE_4639_length_1290_cov_1011.896819_SRR4242136_aa_frame6,1,0.725,NODE_4639_length_1290_cov_1011.896819_SRR4242136
NODE_4640_length_1452_cov_3.072000_SRR1782604_ORF.1,1,0.7198026315789474,NODE_4640_length_1452_cov_3.072000_SRR1782604
NODE_4640_length_1452_cov_3.072000_SRR1782604_ORF.2,1,0.935,NODE_4640_length_1452_cov_3.072000_SRR1782604
NODE_4640_length_1452_cov_3.072000_SRR1782604_ORF.3,1,0.705,NODE_4640_length_1452_cov_3.072000_SRR1782604
NODE_4640_length_1452_cov_3.072000_SRR1782604_ORF.4,1,0.535,NODE_4640_length_1452_cov_3.072000_SRR1782604
NODE_4640_length_1452_cov_3.072000_SRR1782604_ORF.5,1,0.66,NODE_4640_length_1452_cov_3.072000_SRR1782604
NODE_4640_length_1452_cov_3.072000_SRR1782604_aa_frame1,1,0.595,NODE_4640_length_1452_cov_3.072000_SRR1782604
NODE_4640_length_1452_cov_3.072000_SRR1782604_aa_frame2,1,0.675,NODE_4640_length_1452_cov_3.072000_SRR1782604
NODE_4640_length_1452_cov_3.072000_SRR1782604_aa_frame3,1,0.925,NODE_4640_length_1452_cov_3.072000_SRR1782604
NODE_4640_length_1452_cov_3.072000_SRR1782604_aa_frame4,1,0.6405161290322581,NODE_4640_length_1452_cov_3.072000_SRR1782604
NODE_4640_length_1452_cov_3.072000_SRR1782604_aa_frame5,1,0.545,NODE_4640_length_1452_cov_3.072000_SRR1782604
NODE_4640_length_1452_cov_3.072000_SRR1782604_aa_frame6,1,0.595,NODE_4640_length_1452_cov_3.072000_SRR1782604
NODE_4647_length_947_cov_3.689024_SRR12904122_ORF.1,1,1.0,NODE_4647_length_947_cov_3.689024_SRR12904122
NODE_4647_length_947_cov_3.689024_SRR12904122_ORF.2,1,0.64,NODE_4647_length_947_cov_3.689024_SRR12904122
NODE_4647_length_947_cov_3.689024_SRR12904122_aa_frame1,1,0.54,NODE_4647_length_947_cov_3.689024_SRR12904122
NODE_4647_length_947_cov_3.689024_SRR12904122_aa_frame2,1,0.6775412513842747,NODE_4647_length_947_cov_3.689024_SRR12904122
NODE_4647_length_947_cov_3.689024_SRR12904122_aa_frame3,1,1.0,NODE_4647_length_947_cov_3.689024_SRR12904122
NODE_4647_length_947_cov_3.689024_SRR12904122_aa_frame4,1,0.66,NODE_4647_length_947_cov_3.689024_SRR12904122
NODE_4647_length_947_cov_3.689024_SRR12904122_aa_frame5,1,0.52,NODE_4647_length_947_cov_3.689024_SRR12904122
NODE_4647_length_947_cov_3.689024_SRR12904122_aa_frame6,1,0.5999082568807339,NODE_4647_length_947_cov_3.689024_SRR12904122
NODE_46573_length_846_cov_1.862159_SRR1781945_ORF.1,1,0.61,NODE_46573_length_846_cov_1.862159_SRR1781945
NODE_46573_length_846_cov_1.862159_SRR1781945_aa_frame1,1,0.5929961138802061,NODE_46573_length_846_cov_1.862159_SRR1781945
NODE_46573_length_846_cov_1.862159_SRR1781945_aa_frame2,1,0.61,NODE_46573_length_846_cov_1.862159_SRR1781945
NODE_46573_length_846_cov_1.862159_SRR1781945_aa_frame3,1,0.729408917233379,NODE_46573_length_846_cov_1.862159_SRR1781945
NODE_46573_length_846_cov_1.862159_SRR1781945_aa_frame4,0,0.49,NODE_46573_length_846_cov_1.862159_SRR1781945
NODE_46573_length_846_cov_1.862159_SRR1781945_aa_frame5,1,0.7640276049880979,NODE_46573_length_846_cov_1.862159_SRR1781945
NODE_46573_length_846_cov_1.862159_SRR1781945_aa_frame6,1,0.6996373362848183,NODE_46573_length_846_cov_1.862159_SRR1781945
NODE_468_length_3245_cov_8.832386_SRR8727442_ORF.1,1,0.57,NODE_468_length_3245_cov_8.832386_SRR8727442
NODE_468_length_3245_cov_8.832386_SRR8727442_ORF.2,0,0.5,NODE_468_length_3245_cov_8.832386_SRR8727442
NODE_468_length_3245_cov_8.832386_SRR8727442_ORF.3,0,0.465,NODE_468_length_3245_cov_8.832386_SRR8727442
NODE_468_length_3245_cov_8.832386_SRR8727442_aa_frame1,1,0.76,NODE_468_length_3245_cov_8.832386_SRR8727442
NODE_468_length_3245_cov_8.832386_SRR8727442_aa_frame2,1,0.625,NODE_468_length_3245_cov_8.832386_SRR8727442
NODE_468_length_3245_cov_8.832386_SRR8727442_aa_frame3,1,0.515,NODE_468_length_3245_cov_8.832386_SRR8727442
NODE_468_length_3245_cov_8.832386_SRR8727442_aa_frame4,0,0.47,NODE_468_length_3245_cov_8.832386_SRR8727442
NODE_468_length_3245_cov_8.832386_SRR8727442_aa_frame5,1,0.695,NODE_468_length_3245_cov_8.832386_SRR8727442
NODE_468_length_3245_cov_8.832386_SRR8727442_aa_frame6,1,0.635,NODE_468_length_3245_cov_8.832386_SRR8727442
NODE_469_length_3964_cov_4.766915_SRR1782579_ORF.1,1,0.695,NODE_469_length_3964_cov_4.766915_SRR1782579
NODE_469_length_3964_cov_4.766915_SRR1782579_ORF.2,0,0.485,NODE_469_length_3964_cov_4.766915_SRR1782579
NODE_469_length_3964_cov_4.766915_SRR1782579_ORF.3,1,0.63,NODE_469_length_3964_cov_4.766915_SRR1782579
NODE_469_length_3964_cov_4.766915_SRR1782579_ORF.4,0,0.47,NODE_469_length_3964_cov_4.766915_SRR1782579
NODE_469_length_3964_cov_4.766915_SRR1782579_ORF.5,1,0.65,NODE_469_length_3964_cov_4.766915_SRR1782579
NODE_469_length_3964_cov_4.766915_SRR1782579_ORF.6,1,1.0,NODE_469_length_3964_cov_4.766915_SRR1782579
NODE_469_length_3964_cov_4.766915_SRR1782579_ORF.7,1,1.0,NODE_469_length_3964_cov_4.766915_SRR1782579
NODE_469_length_3964_cov_4.766915_SRR1782579_ORF.8,1,1.0,NODE_469_length_3964_cov_4.766915_SRR1782579
NODE_469_length_3964_cov_4.766915_SRR1782579_ORF.9,1,0.6598161764705882,NODE_469_length_3964_cov_4.766915_SRR1782579
NODE_469_length_3964_cov_4.766915_SRR1782579_aa_frame1,1,0.725,NODE_469_length_3964_cov_4.766915_SRR1782579
NODE_469_length_3964_cov_4.766915_SRR1782579_aa_frame2,1,0.645,NODE_469_length_3964_cov_4.766915_SRR1782579
NODE_469_length_3964_cov_4.766915_SRR1782579_aa_frame3,1,0.65,NODE_469_length_3964_cov_4.766915_SRR1782579
NODE_469_length_3964_cov_4.766915_SRR1782579_aa_frame4,1,0.665,NODE_469_length_3964_cov_4.766915_SRR1782579
NODE_469_length_3964_cov_4.766915_SRR1782579_aa_frame5,1,0.95,NODE_469_length_3964_cov_4.766915_SRR1782579
NODE_469_length_3964_cov_4.766915_SRR1782579_aa_frame6,1,1.0,NODE_469_length_3964_cov_4.766915_SRR1782579
NODE_46_length_7255_cov_4.852187_SRR6660821_ORF.1,1,0.51,NODE_46_length_7255_cov_4.852187_SRR6660821
NODE_46_length_7255_cov_4.852187_SRR6660821_ORF.10,1,0.55,NODE_46_length_7255_cov_4.852187_SRR6660821
NODE_46_length_7255_cov_4.852187_SRR6660821_ORF.2,1,0.65,NODE_46_length_7255_cov_4.852187_SRR6660821
NODE_46_length_7255_cov_4.852187_SRR6660821_ORF.3,1,0.73,NODE_46_length_7255_cov_4.852187_SRR6660821
NODE_46_length_7255_cov_4.852187_SRR6660821_ORF.4,0,0.47,NODE_46_length_7255_cov_4.852187_SRR6660821
NODE_46_length_7255_cov_4.852187_SRR6660821_ORF.5,1,0.67,NODE_46_length_7255_cov_4.852187_SRR6660821
NODE_46_length_7255_cov_4.852187_SRR6660821_ORF.6,1,0.575,NODE_46_length_7255_cov_4.852187_SRR6660821
NODE_46_length_7255_cov_4.852187_SRR6660821_ORF.7,0,0.35,NODE_46_length_7255_cov_4.852187_SRR6660821
NODE_46_length_7255_cov_4.852187_SRR6660821_ORF.8,0,0.455,NODE_46_length_7255_cov_4.852187_SRR6660821
NODE_46_length_7255_cov_4.852187_SRR6660821_ORF.9,0,0.445,NODE_46_length_7255_cov_4.852187_SRR6660821
NODE_46_length_7255_cov_4.852187_SRR6660821_aa_frame1,0,0.03,NODE_46_length_7255_cov_4.852187_SRR6660821
NODE_46_length_7255_cov_4.852187_SRR6660821_aa_frame2,0,0.045,NODE_46_length_7255_cov_4.852187_SRR6660821
NODE_46_length_7255_cov_4.852187_SRR6660821_aa_frame3,0,0.07,NODE_46_length_7255_cov_4.852187_SRR6660821
NODE_46_length_7255_cov_4.852187_SRR6660821_aa_frame4,0,0.14,NODE_46_length_7255_cov_4.852187_SRR6660821
NODE_46_length_7255_cov_4.852187_SRR6660821_aa_frame5,0,0.33,NODE_46_length_7255_cov_4.852187_SRR6660821
NODE_46_length_7255_cov_4.852187_SRR6660821_aa_frame6,0,0.005,NODE_46_length_7255_cov_4.852187_SRR6660821
NODE_47224_length_841_cov_0.680628_SRR1781945_ORF.1,1,0.86,NODE_47224_length_841_cov_0.680628_SRR1781945
NODE_47224_length_841_cov_0.680628_SRR1781945_aa_frame1,1,0.6087996898278364,NODE_47224_length_841_cov_0.680628_SRR1781945
NODE_47224_length_841_cov_0.680628_SRR1781945_aa_frame2,1,0.82,NODE_47224_length_841_cov_0.680628_SRR1781945
NODE_47224_length_841_cov_0.680628_SRR1781945_aa_frame3,1,0.6971606176395604,NODE_47224_length_841_cov_0.680628_SRR1781945
NODE_47224_length_841_cov_0.680628_SRR1781945_aa_frame4,1,0.6896627805468728,NODE_47224_length_841_cov_0.680628_SRR1781945
NODE_47224_length_841_cov_0.680628_SRR1781945_aa_frame5,1,0.6339135656064485,NODE_47224_length_841_cov_0.680628_SRR1781945
NODE_47224_length_841_cov_0.680628_SRR1781945_aa_frame6,1,0.635,NODE_47224_length_841_cov_0.680628_SRR1781945
NODE_4755_length_1547_cov_49.162869_DRR146906_ORF.1,0,0.43,NODE_4755_length_1547_cov_49.162869_DRR146906
NODE_4755_length_1547_cov_49.162869_DRR146906_ORF.2,0,0.485,NODE_4755_length_1547_cov_49.162869_DRR146906
NODE_4755_length_1547_cov_49.162869_DRR146906_ORF.3,1,0.505,NODE_4755_length_1547_cov_49.162869_DRR146906
NODE_4755_length_1547_cov_49.162869_DRR146906_aa_frame1,0,0.45,NODE_4755_length_1547_cov_49.162869_DRR146906
NODE_4755_length_1547_cov_49.162869_DRR146906_aa_frame2,0,0.5,NODE_4755_length_1547_cov_49.162869_DRR146906
NODE_4755_length_1547_cov_49.162869_DRR146906_aa_frame3,1,0.713659090909091,NODE_4755_length_1547_cov_49.162869_DRR146906
NODE_4755_length_1547_cov_49.162869_DRR146906_aa_frame4,1,0.6370921985815603,NODE_4755_length_1547_cov_49.162869_DRR146906
NODE_4755_length_1547_cov_49.162869_DRR146906_aa_frame5,1,0.643659090909091,NODE_4755_length_1547_cov_49.162869_DRR146906
NODE_4755_length_1547_cov_49.162869_DRR146906_aa_frame6,1,0.8538125,NODE_4755_length_1547_cov_49.162869_DRR146906
NODE_47591_length_742_cov_2.082707_SRR7755089_ORF.1,0,0.42,NODE_47591_length_742_cov_2.082707_SRR7755089
NODE_47591_length_742_cov_2.082707_SRR7755089_aa_frame1,0,0.435,NODE_47591_length_742_cov_2.082707_SRR7755089
NODE_47591_length_742_cov_2.082707_SRR7755089_aa_frame2,1,0.605,NODE_47591_length_742_cov_2.082707_SRR7755089
NODE_47591_length_742_cov_2.082707_SRR7755089_aa_frame3,1,0.6594029850746268,NODE_47591_length_742_cov_2.082707_SRR7755089
NODE_47591_length_742_cov_2.082707_SRR7755089_aa_frame4,1,0.6903653095498933,NODE_47591_length_742_cov_2.082707_SRR7755089
NODE_47591_length_742_cov_2.082707_SRR7755089_aa_frame5,1,0.6499136877648114,NODE_47591_length_742_cov_2.082707_SRR7755089
NODE_47591_length_742_cov_2.082707_SRR7755089_aa_frame6,1,0.6273051703333302,NODE_47591_length_742_cov_2.082707_SRR7755089
NODE_47603_length_815_cov_2.918699_SRR1777513_ORF.1,0,0.365,NODE_47603_length_815_cov_2.918699_SRR1777513
NODE_47603_length_815_cov_2.918699_SRR1777513_ORF.2,0,0.465,NODE_47603_length_815_cov_2.918699_SRR1777513
NODE_47603_length_815_cov_2.918699_SRR1777513_aa_frame1,0,0.345,NODE_47603_length_815_cov_2.918699_SRR1777513
NODE_47603_length_815_cov_2.918699_SRR1777513_aa_frame2,1,0.6509445606320605,NODE_47603_length_815_cov_2.918699_SRR1777513
NODE_47603_length_815_cov_2.918699_SRR1777513_aa_frame3,1,0.6261033334003259,NODE_47603_length_815_cov_2.918699_SRR1777513
NODE_47603_length_815_cov_2.918699_SRR1777513_aa_frame4,1,0.8336426705664682,NODE_47603_length_815_cov_2.918699_SRR1777513
NODE_47603_length_815_cov_2.918699_SRR1777513_aa_frame5,1,0.6698817608537473,NODE_47603_length_815_cov_2.918699_SRR1777513
NODE_47603_length_815_cov_2.918699_SRR1777513_aa_frame6,1,0.6492961192126863,NODE_47603_length_815_cov_2.918699_SRR1777513
NODE_47941_length_1003_cov_0.847732_SRR1785350_ORF.1,1,0.585,NODE_47941_length_1003_cov_0.847732_SRR1785350
NODE_47941_length_1003_cov_0.847732_SRR1785350_ORF.2,1,0.585,NODE_47941_length_1003_cov_0.847732_SRR1785350
NODE_47941_length_1003_cov_0.847732_SRR1785350_ORF.3,1,0.91,NODE_47941_length_1003_cov_0.847732_SRR1785350
NODE_47941_length_1003_cov_0.847732_SRR1785350_aa_frame1,1,0.764375,NODE_47941_length_1003_cov_0.847732_SRR1785350
NODE_47941_length_1003_cov_0.847732_SRR1785350_aa_frame2,1,0.675,NODE_47941_length_1003_cov_0.847732_SRR1785350
NODE_47941_length_1003_cov_0.847732_SRR1785350_aa_frame3,1,0.5548000000000001,NODE_47941_length_1003_cov_0.847732_SRR1785350
NODE_47941_length_1003_cov_0.847732_SRR1785350_aa_frame4,1,0.54,NODE_47941_length_1003_cov_0.847732_SRR1785350
NODE_47941_length_1003_cov_0.847732_SRR1785350_aa_frame5,1,0.6093910155014236,NODE_47941_length_1003_cov_0.847732_SRR1785350
NODE_47941_length_1003_cov_0.847732_SRR1785350_aa_frame6,1,0.9,NODE_47941_length_1003_cov_0.847732_SRR1785350
NODE_47960_length_1002_cov_4.861622_SRR1785350_ORF.1,1,0.55,NODE_47960_length_1002_cov_4.861622_SRR1785350
NODE_47960_length_1002_cov_4.861622_SRR1785350_ORF.2,1,0.955,NODE_47960_length_1002_cov_4.861622_SRR1785350
NODE_47960_length_1002_cov_4.861622_SRR1785350_ORF.3,1,0.8,NODE_47960_length_1002_cov_4.861622_SRR1785350
NODE_47960_length_1002_cov_4.861622_SRR1785350_aa_frame1,1,0.6184178997863209,NODE_47960_length_1002_cov_4.861622_SRR1785350
NODE_47960_length_1002_cov_4.861622_SRR1785350_aa_frame2,1,0.6524886877828053,NODE_47960_length_1002_cov_4.861622_SRR1785350
NODE_47960_length_1002_cov_4.861622_SRR1785350_aa_frame3,1,0.905,NODE_47960_length_1002_cov_4.861622_SRR1785350
NODE_47960_length_1002_cov_4.861622_SRR1785350_aa_frame4,1,0.665,NODE_47960_length_1002_cov_4.861622_SRR1785350
NODE_47960_length_1002_cov_4.861622_SRR1785350_aa_frame5,1,0.689531746031746,NODE_47960_length_1002_cov_4.861622_SRR1785350
NODE_47960_length_1002_cov_4.861622_SRR1785350_aa_frame6,1,0.7340916437186152,NODE_47960_length_1002_cov_4.861622_SRR1785350
NODE_4806_length_2288_cov_12.626413_SRR10861970_ORF.1,1,0.76,NODE_4806_length_2288_cov_12.626413_SRR10861970
NODE_4806_length_2288_cov_12.626413_SRR10861970_ORF.2,1,0.7,NODE_4806_length_2288_cov_12.626413_SRR10861970
NODE_4806_length_2288_cov_12.626413_SRR10861970_ORF.3,1,0.59,NODE_4806_length_2288_cov_12.626413_SRR10861970
NODE_4806_length_2288_cov_12.626413_SRR10861970_aa_frame1,1,0.68,NODE_4806_length_2288_cov_12.626413_SRR10861970
NODE_4806_length_2288_cov_12.626413_SRR10861970_aa_frame2,1,0.745,NODE_4806_length_2288_cov_12.626413_SRR10861970
NODE_4806_length_2288_cov_12.626413_SRR10861970_aa_frame3,1,0.599375,NODE_4806_length_2288_cov_12.626413_SRR10861970
NODE_4806_length_2288_cov_12.626413_SRR10861970_aa_frame4,1,0.804375,NODE_4806_length_2288_cov_12.626413_SRR10861970
NODE_4806_length_2288_cov_12.626413_SRR10861970_aa_frame5,1,0.555,NODE_4806_length_2288_cov_12.626413_SRR10861970
NODE_4806_length_2288_cov_12.626413_SRR10861970_aa_frame6,1,0.69,NODE_4806_length_2288_cov_12.626413_SRR10861970
NODE_4811_length_4052_cov_5.863899_SRR10143187_ORF.1,1,0.6,NODE_4811_length_4052_cov_5.863899_SRR10143187
NODE_4811_length_4052_cov_5.863899_SRR10143187_ORF.2,1,0.52,NODE_4811_length_4052_cov_5.863899_SRR10143187
NODE_4811_length_4052_cov_5.863899_SRR10143187_ORF.3,0,0.475,NODE_4811_length_4052_cov_5.863899_SRR10143187
NODE_4811_length_4052_cov_5.863899_SRR10143187_ORF.4,1,0.62,NODE_4811_length_4052_cov_5.863899_SRR10143187
NODE_4811_length_4052_cov_5.863899_SRR10143187_aa_frame1,1,0.905,NODE_4811_length_4052_cov_5.863899_SRR10143187
NODE_4811_length_4052_cov_5.863899_SRR10143187_aa_frame2,1,0.595,NODE_4811_length_4052_cov_5.863899_SRR10143187
NODE_4811_length_4052_cov_5.863899_SRR10143187_aa_frame3,1,0.685,NODE_4811_length_4052_cov_5.863899_SRR10143187
NODE_4811_length_4052_cov_5.863899_SRR10143187_aa_frame4,1,0.825,NODE_4811_length_4052_cov_5.863899_SRR10143187
NODE_4811_length_4052_cov_5.863899_SRR10143187_aa_frame5,1,0.945,NODE_4811_length_4052_cov_5.863899_SRR10143187
NODE_4811_length_4052_cov_5.863899_SRR10143187_aa_frame6,1,0.745,NODE_4811_length_4052_cov_5.863899_SRR10143187
NODE_48216_length_628_cov_1.125227_SRR1782579_ORF.1,1,0.995,NODE_48216_length_628_cov_1.125227_SRR1782579
NODE_48216_length_628_cov_1.125227_SRR1782579_ORF.2,1,0.57,NODE_48216_length_628_cov_1.125227_SRR1782579
NODE_48216_length_628_cov_1.125227_SRR1782579_aa_frame1,1,0.65,NODE_48216_length_628_cov_1.125227_SRR1782579
NODE_48216_length_628_cov_1.125227_SRR1782579_aa_frame2,1,0.995,NODE_48216_length_628_cov_1.125227_SRR1782579
NODE_48216_length_628_cov_1.125227_SRR1782579_aa_frame3,1,0.7099065420560748,NODE_48216_length_628_cov_1.125227_SRR1782579
NODE_48216_length_628_cov_1.125227_SRR1782579_aa_frame4,1,0.6308275862068966,NODE_48216_length_628_cov_1.125227_SRR1782579
NODE_48216_length_628_cov_1.125227_SRR1782579_aa_frame5,1,0.615,NODE_48216_length_628_cov_1.125227_SRR1782579
NODE_48216_length_628_cov_1.125227_SRR1782579_aa_frame6,1,0.5999065420560747,NODE_48216_length_628_cov_1.125227_SRR1782579
NODE_48752_length_828_cov_4.448735_SRR1781945_ORF.1,1,0.67,NODE_48752_length_828_cov_4.448735_SRR1781945
NODE_48752_length_828_cov_4.448735_SRR1781945_ORF.2,1,0.925,NODE_48752_length_828_cov_4.448735_SRR1781945
NODE_48752_length_828_cov_4.448735_SRR1781945_ORF.3,1,0.635,NODE_48752_length_828_cov_4.448735_SRR1781945
NODE_48752_length_828_cov_4.448735_SRR1781945_aa_frame1,1,0.54,NODE_48752_length_828_cov_4.448735_SRR1781945
NODE_48752_length_828_cov_4.448735_SRR1781945_aa_frame2,1,0.895,NODE_48752_length_828_cov_4.448735_SRR1781945
NODE_48752_length_828_cov_4.448735_SRR1781945_aa_frame3,1,0.515,NODE_48752_length_828_cov_4.448735_SRR1781945
NODE_48752_length_828_cov_4.448735_SRR1781945_aa_frame4,1,0.6778068024318026,NODE_48752_length_828_cov_4.448735_SRR1781945
NODE_48752_length_828_cov_4.448735_SRR1781945_aa_frame5,1,0.6140316061040721,NODE_48752_length_828_cov_4.448735_SRR1781945
NODE_48752_length_828_cov_4.448735_SRR1781945_aa_frame6,0,0.4199624060150376,NODE_48752_length_828_cov_4.448735_SRR1781945
NODE_48949_length_624_cov_0.809872_SRR1782579_ORF.1,1,1.0,NODE_48949_length_624_cov_0.809872_SRR1782579
NODE_48949_length_624_cov_0.809872_SRR1782579_aa_frame1,1,1.0,NODE_48949_length_624_cov_0.809872_SRR1782579
NODE_48949_length_624_cov_0.809872_SRR1782579_aa_frame2,1,0.6547978098290599,NODE_48949_length_624_cov_0.809872_SRR1782579
NODE_48949_length_624_cov_0.809872_SRR1782579_aa_frame3,1,0.77,NODE_48949_length_624_cov_0.809872_SRR1782579
NODE_48949_length_624_cov_0.809872_SRR1782579_aa_frame4,1,0.68,NODE_48949_length_624_cov_0.809872_SRR1782579
NODE_48949_length_624_cov_0.809872_SRR1782579_aa_frame5,1,0.645,NODE_48949_length_624_cov_0.809872_SRR1782579
NODE_48949_length_624_cov_0.809872_SRR1782579_aa_frame6,1,0.7148290598290598,NODE_48949_length_624_cov_0.809872_SRR1782579
NODE_489_length_4001_cov_9.803345_SRR2086716_ORF.1,1,0.525,NODE_489_length_4001_cov_9.803345_SRR2086716
NODE_489_length_4001_cov_9.803345_SRR2086716_ORF.2,1,0.645,NODE_489_length_4001_cov_9.803345_SRR2086716
NODE_489_length_4001_cov_9.803345_SRR2086716_ORF.3,1,0.79,NODE_489_length_4001_cov_9.803345_SRR2086716
NODE_489_length_4001_cov_9.803345_SRR2086716_aa_frame1,1,0.65,NODE_489_length_4001_cov_9.803345_SRR2086716
NODE_489_length_4001_cov_9.803345_SRR2086716_aa_frame2,1,0.61,NODE_489_length_4001_cov_9.803345_SRR2086716
NODE_489_length_4001_cov_9.803345_SRR2086716_aa_frame3,0,0.47,NODE_489_length_4001_cov_9.803345_SRR2086716
NODE_489_length_4001_cov_9.803345_SRR2086716_aa_frame4,1,0.55,NODE_489_length_4001_cov_9.803345_SRR2086716
NODE_489_length_4001_cov_9.803345_SRR2086716_aa_frame5,1,0.665,NODE_489_length_4001_cov_9.803345_SRR2086716
NODE_489_length_4001_cov_9.803345_SRR2086716_aa_frame6,1,0.675,NODE_489_length_4001_cov_9.803345_SRR2086716
NODE_4915_length_1670_cov_1.727558_SRR8554352_ORF.1,1,1.0,NODE_4915_length_1670_cov_1.727558_SRR8554352
NODE_4915_length_1670_cov_1.727558_SRR8554352_aa_frame1,1,0.565,NODE_4915_length_1670_cov_1.727558_SRR8554352
NODE_4915_length_1670_cov_1.727558_SRR8554352_aa_frame2,1,0.7844456388206388,NODE_4915_length_1670_cov_1.727558_SRR8554352
NODE_4915_length_1670_cov_1.727558_SRR8554352_aa_frame3,1,0.89,NODE_4915_length_1670_cov_1.727558_SRR8554352
NODE_4915_length_1670_cov_1.727558_SRR8554352_aa_frame4,1,1.0,NODE_4915_length_1670_cov_1.727558_SRR8554352
NODE_4915_length_1670_cov_1.727558_SRR8554352_aa_frame5,1,0.59,NODE_4915_length_1670_cov_1.727558_SRR8554352
NODE_4915_length_1670_cov_1.727558_SRR8554352_aa_frame6,1,0.6440730203888099,NODE_4915_length_1670_cov_1.727558_SRR8554352
NODE_492_length_1392_cov_121.002244_SRR1778784_ORF.1,0,0.445,NODE_492_length_1392_cov_121.002244_SRR1778784
NODE_492_length_1392_cov_121.002244_SRR1778784_aa_frame1,1,0.6568429773977598,NODE_492_length_1392_cov_121.002244_SRR1778784
NODE_492_length_1392_cov_121.002244_SRR1778784_aa_frame2,1,0.565,NODE_492_length_1392_cov_121.002244_SRR1778784
NODE_492_length_1392_cov_121.002244_SRR1778784_aa_frame3,1,0.504298245614035,NODE_492_length_1392_cov_121.002244_SRR1778784
NODE_492_length_1392_cov_121.002244_SRR1778784_aa_frame4,1,0.55,NODE_492_length_1392_cov_121.002244_SRR1778784
NODE_492_length_1392_cov_121.002244_SRR1778784_aa_frame5,1,0.695,NODE_492_length_1392_cov_121.002244_SRR1778784
NODE_492_length_1392_cov_121.002244_SRR1778784_aa_frame6,0,0.475,NODE_492_length_1392_cov_121.002244_SRR1778784
NODE_49540_length_798_cov_0.665742_SRR1777513_ORF.1,1,1.0,NODE_49540_length_798_cov_0.665742_SRR1777513
NODE_49540_length_798_cov_0.665742_SRR1777513_aa_frame1,1,0.6158712121212121,NODE_49540_length_798_cov_0.665742_SRR1777513
NODE_49540_length_798_cov_0.665742_SRR1777513_aa_frame2,1,0.5646212121212121,NODE_49540_length_798_cov_0.665742_SRR1777513
NODE_49540_length_798_cov_0.665742_SRR1777513_aa_frame3,1,0.5846842819861758,NODE_49540_length_798_cov_0.665742_SRR1777513
NODE_49540_length_798_cov_0.665742_SRR1777513_aa_frame4,1,0.5793174603174603,NODE_49540_length_798_cov_0.665742_SRR1777513
NODE_49540_length_798_cov_0.665742_SRR1777513_aa_frame5,1,1.0,NODE_49540_length_798_cov_0.665742_SRR1777513
NODE_49540_length_798_cov_0.665742_SRR1777513_aa_frame6,1,0.6155337078651686,NODE_49540_length_798_cov_0.665742_SRR1777513
NODE_49_length_6528_cov_15.603121_SRR2086713_ORF.1,1,0.685,NODE_49_length_6528_cov_15.603121_SRR2086713
NODE_49_length_6528_cov_15.603121_SRR2086713_ORF.2,1,0.72,NODE_49_length_6528_cov_15.603121_SRR2086713
NODE_49_length_6528_cov_15.603121_SRR2086713_ORF.3,1,0.735,NODE_49_length_6528_cov_15.603121_SRR2086713
NODE_49_length_6528_cov_15.603121_SRR2086713_ORF.4,1,0.7,NODE_49_length_6528_cov_15.603121_SRR2086713
NODE_49_length_6528_cov_15.603121_SRR2086713_ORF.5,0,0.47,NODE_49_length_6528_cov_15.603121_SRR2086713
NODE_49_length_6528_cov_15.603121_SRR2086713_ORF.6,1,0.71,NODE_49_length_6528_cov_15.603121_SRR2086713
NODE_49_length_6528_cov_15.603121_SRR2086713_ORF.7,0,0.355,NODE_49_length_6528_cov_15.603121_SRR2086713
NODE_49_length_6528_cov_15.603121_SRR2086713_ORF.8,1,0.75,NODE_49_length_6528_cov_15.603121_SRR2086713
NODE_49_length_6528_cov_15.603121_SRR2086713_aa_frame1,1,0.865,NODE_49_length_6528_cov_15.603121_SRR2086713
NODE_49_length_6528_cov_15.603121_SRR2086713_aa_frame2,1,0.835,NODE_49_length_6528_cov_15.603121_SRR2086713
NODE_49_length_6528_cov_15.603121_SRR2086713_aa_frame3,1,0.915,NODE_49_length_6528_cov_15.603121_SRR2086713
NODE_49_length_6528_cov_15.603121_SRR2086713_aa_frame4,1,0.57,NODE_49_length_6528_cov_15.603121_SRR2086713
NODE_49_length_6528_cov_15.603121_SRR2086713_aa_frame5,1,0.805,NODE_49_length_6528_cov_15.603121_SRR2086713
NODE_49_length_6528_cov_15.603121_SRR2086713_aa_frame6,1,0.73,NODE_49_length_6528_cov_15.603121_SRR2086713
NODE_50134_length_817_cov_1.225676_SRR1781945_ORF.1,0,0.415,NODE_50134_length_817_cov_1.225676_SRR1781945
NODE_50134_length_817_cov_1.225676_SRR1781945_ORF.2,1,0.965,NODE_50134_length_817_cov_1.225676_SRR1781945
NODE_50134_length_817_cov_1.225676_SRR1781945_aa_frame1,1,0.6119438929615054,NODE_50134_length_817_cov_1.225676_SRR1781945
NODE_50134_length_817_cov_1.225676_SRR1781945_aa_frame2,1,0.7078103188077722,NODE_50134_length_817_cov_1.225676_SRR1781945
NODE_50134_length_817_cov_1.225676_SRR1781945_aa_frame3,1,0.68,NODE_50134_length_817_cov_1.225676_SRR1781945
NODE_50134_length_817_cov_1.225676_SRR1781945_aa_frame4,1,0.98,NODE_50134_length_817_cov_1.225676_SRR1781945
NODE_50134_length_817_cov_1.225676_SRR1781945_aa_frame5,1,0.6549624060150375,NODE_50134_length_817_cov_1.225676_SRR1781945
NODE_50134_length_817_cov_1.225676_SRR1781945_aa_frame6,1,0.6833870440313271,NODE_50134_length_817_cov_1.225676_SRR1781945
NODE_502_length_5687_cov_67.722479_SRR4934799_ORF.1,1,0.775,NODE_502_length_5687_cov_67.722479_SRR4934799
NODE_502_length_5687_cov_67.722479_SRR4934799_ORF.2,1,0.725,NODE_502_length_5687_cov_67.722479_SRR4934799
NODE_502_length_5687_cov_67.722479_SRR4934799_ORF.3,1,0.62,NODE_502_length_5687_cov_67.722479_SRR4934799
NODE_502_length_5687_cov_67.722479_SRR4934799_ORF.4,1,0.77,NODE_502_length_5687_cov_67.722479_SRR4934799
NODE_502_length_5687_cov_67.722479_SRR4934799_ORF.5,1,0.565,NODE_502_length_5687_cov_67.722479_SRR4934799
NODE_502_length_5687_cov_67.722479_SRR4934799_ORF.6,0,0.2,NODE_502_length_5687_cov_67.722479_SRR4934799
NODE_502_length_5687_cov_67.722479_SRR4934799_ORF.7,1,0.695,NODE_502_length_5687_cov_67.722479_SRR4934799
NODE_502_length_5687_cov_67.722479_SRR4934799_ORF.8,1,0.72,NODE_502_length_5687_cov_67.722479_SRR4934799
NODE_502_length_5687_cov_67.722479_SRR4934799_aa_frame1,1,0.815,NODE_502_length_5687_cov_67.722479_SRR4934799
NODE_502_length_5687_cov_67.722479_SRR4934799_aa_frame2,1,0.88,NODE_502_length_5687_cov_67.722479_SRR4934799
NODE_502_length_5687_cov_67.722479_SRR4934799_aa_frame3,1,0.74,NODE_502_length_5687_cov_67.722479_SRR4934799
NODE_502_length_5687_cov_67.722479_SRR4934799_aa_frame4,1,0.645,NODE_502_length_5687_cov_67.722479_SRR4934799
NODE_502_length_5687_cov_67.722479_SRR4934799_aa_frame5,1,0.76,NODE_502_length_5687_cov_67.722479_SRR4934799
NODE_502_length_5687_cov_67.722479_SRR4934799_aa_frame6,1,0.91,NODE_502_length_5687_cov_67.722479_SRR4934799
NODE_50431_length_814_cov_2.242877_SRR1781945_ORF.1,1,1.0,NODE_50431_length_814_cov_2.242877_SRR1781945
NODE_50431_length_814_cov_2.242877_SRR1781945_aa_frame1,1,0.5947772208298524,NODE_50431_length_814_cov_2.242877_SRR1781945
NODE_50431_length_814_cov_2.242877_SRR1781945_aa_frame2,0,0.44,NODE_50431_length_814_cov_2.242877_SRR1781945
NODE_50431_length_814_cov_2.242877_SRR1781945_aa_frame3,1,0.6671502530033083,NODE_50431_length_814_cov_2.242877_SRR1781945
NODE_50431_length_814_cov_2.242877_SRR1781945_aa_frame4,1,0.6774076156074975,NODE_50431_length_814_cov_2.242877_SRR1781945
NODE_50431_length_814_cov_2.242877_SRR1781945_aa_frame5,1,0.778960137388627,NODE_50431_length_814_cov_2.242877_SRR1781945
NODE_50431_length_814_cov_2.242877_SRR1781945_aa_frame6,1,1.0,NODE_50431_length_814_cov_2.242877_SRR1781945
NODE_51504_length_610_cov_0.754221_SRR1782579_ORF.1,1,0.955,NODE_51504_length_610_cov_0.754221_SRR1782579
NODE_51504_length_610_cov_0.754221_SRR1782579_aa_frame1,1,0.675,NODE_51504_length_610_cov_0.754221_SRR1782579
NODE_51504_length_610_cov_0.754221_SRR1782579_aa_frame2,1,0.735,NODE_51504_length_610_cov_0.754221_SRR1782579
NODE_51504_length_610_cov_0.754221_SRR1782579_aa_frame3,1,0.585,NODE_51504_length_610_cov_0.754221_SRR1782579
NODE_51504_length_610_cov_0.754221_SRR1782579_aa_frame4,1,1.0,NODE_51504_length_610_cov_0.754221_SRR1782579
NODE_51504_length_610_cov_0.754221_SRR1782579_aa_frame5,1,0.625,NODE_51504_length_610_cov_0.754221_SRR1782579
NODE_51504_length_610_cov_0.754221_SRR1782579_aa_frame6,1,0.625,NODE_51504_length_610_cov_0.754221_SRR1782579
NODE_5166_length_1535_cov_295.375000_SRR11613515_ORF.1,1,0.71,NODE_5166_length_1535_cov_295.375000_SRR11613515
NODE_5166_length_1535_cov_295.375000_SRR11613515_ORF.2,0,0.47,NODE_5166_length_1535_cov_295.375000_SRR11613515
NODE_5166_length_1535_cov_295.375000_SRR11613515_aa_frame1,1,0.7747297297297296,NODE_5166_length_1535_cov_295.375000_SRR11613515
NODE_5166_length_1535_cov_295.375000_SRR11613515_aa_frame2,0,0.48,NODE_5166_length_1535_cov_295.375000_SRR11613515
NODE_5166_length_1535_cov_295.375000_SRR11613515_aa_frame3,1,0.7220304701864986,NODE_5166_length_1535_cov_295.375000_SRR11613515
NODE_5166_length_1535_cov_295.375000_SRR11613515_aa_frame4,1,0.7297747747747748,NODE_5166_length_1535_cov_295.375000_SRR11613515
NODE_5166_length_1535_cov_295.375000_SRR11613515_aa_frame5,1,0.815,NODE_5166_length_1535_cov_295.375000_SRR11613515
NODE_5166_length_1535_cov_295.375000_SRR11613515_aa_frame6,1,0.755,NODE_5166_length_1535_cov_295.375000_SRR11613515
NODE_51748_length_608_cov_1.497175_SRR1782579_ORF.1,1,0.94,NODE_51748_length_608_cov_1.497175_SRR1782579
NODE_51748_length_608_cov_1.497175_SRR1782579_aa_frame1,1,0.945,NODE_51748_length_608_cov_1.497175_SRR1782579
NODE_51748_length_608_cov_1.497175_SRR1782579_aa_frame2,1,0.575,NODE_51748_length_608_cov_1.497175_SRR1782579
NODE_51748_length_608_cov_1.497175_SRR1782579_aa_frame3,1,0.595,NODE_51748_length_608_cov_1.497175_SRR1782579
NODE_51748_length_608_cov_1.497175_SRR1782579_aa_frame4,1,0.545,NODE_51748_length_608_cov_1.497175_SRR1782579
NODE_51748_length_608_cov_1.497175_SRR1782579_aa_frame5,1,0.68,NODE_51748_length_608_cov_1.497175_SRR1782579
NODE_51748_length_608_cov_1.497175_SRR1782579_aa_frame6,1,0.6545588235294117,NODE_51748_length_608_cov_1.497175_SRR1782579
NODE_5310_length_687_cov_0.885714_SRR13215577_ORF.1,0,0.365,NODE_5310_length_687_cov_0.885714_SRR13215577
NODE_5310_length_687_cov_0.885714_SRR13215577_aa_frame1,1,0.645,NODE_5310_length_687_cov_0.885714_SRR13215577
NODE_5310_length_687_cov_0.885714_SRR13215577_aa_frame2,1,0.7480080543118095,NODE_5310_length_687_cov_0.885714_SRR13215577
NODE_5310_length_687_cov_0.885714_SRR13215577_aa_frame3,0,0.36,NODE_5310_length_687_cov_0.885714_SRR13215577
NODE_5310_length_687_cov_0.885714_SRR13215577_aa_frame4,1,0.535,NODE_5310_length_687_cov_0.885714_SRR13215577
NODE_5310_length_687_cov_0.885714_SRR13215577_aa_frame5,1,0.6149473684210526,NODE_5310_length_687_cov_0.885714_SRR13215577
NODE_5310_length_687_cov_0.885714_SRR13215577_aa_frame6,1,0.6676237902699882,NODE_5310_length_687_cov_0.885714_SRR13215577
NODE_53569_length_764_cov_0.794760_SRR1777513_ORF.1,1,1.0,NODE_53569_length_764_cov_0.794760_SRR1777513
NODE_53569_length_764_cov_0.794760_SRR1777513_aa_frame1,1,0.7233418872916951,NODE_53569_length_764_cov_0.794760_SRR1777513
NODE_53569_length_764_cov_0.794760_SRR1777513_aa_frame2,1,1.0,NODE_53569_length_764_cov_0.794760_SRR1777513
NODE_53569_length_764_cov_0.794760_SRR1777513_aa_frame3,1,0.5430467617485137,NODE_53569_length_764_cov_0.794760_SRR1777513
NODE_53569_length_764_cov_0.794760_SRR1777513_aa_frame4,1,0.6111819931556773,NODE_53569_length_764_cov_0.794760_SRR1777513
NODE_53569_length_764_cov_0.794760_SRR1777513_aa_frame5,1,0.6395448574381946,NODE_53569_length_764_cov_0.794760_SRR1777513
NODE_53569_length_764_cov_0.794760_SRR1777513_aa_frame6,1,0.619338141025641,NODE_53569_length_764_cov_0.794760_SRR1777513
NODE_535_length_5799_cov_52.077574_SRR4242136_ORF.1,1,0.625,NODE_535_length_5799_cov_52.077574_SRR4242136
NODE_535_length_5799_cov_52.077574_SRR4242136_ORF.2,1,1.0,NODE_535_length_5799_cov_52.077574_SRR4242136
NODE_535_length_5799_cov_52.077574_SRR4242136_ORF.3,1,0.995,NODE_535_length_5799_cov_52.077574_SRR4242136
NODE_535_length_5799_cov_52.077574_SRR4242136_ORF.4,1,1.0,NODE_535_length_5799_cov_52.077574_SRR4242136
NODE_535_length_5799_cov_52.077574_SRR4242136_ORF.5,1,0.985,NODE_535_length_5799_cov_52.077574_SRR4242136
NODE_535_length_5799_cov_52.077574_SRR4242136_aa_frame1,1,0.93,NODE_535_length_5799_cov_52.077574_SRR4242136
NODE_535_length_5799_cov_52.077574_SRR4242136_aa_frame2,1,0.93,NODE_535_length_5799_cov_52.077574_SRR4242136
NODE_535_length_5799_cov_52.077574_SRR4242136_aa_frame3,1,0.845,NODE_535_length_5799_cov_52.077574_SRR4242136
NODE_535_length_5799_cov_52.077574_SRR4242136_aa_frame4,1,0.935,NODE_535_length_5799_cov_52.077574_SRR4242136
NODE_535_length_5799_cov_52.077574_SRR4242136_aa_frame5,1,1.0,NODE_535_length_5799_cov_52.077574_SRR4242136
NODE_535_length_5799_cov_52.077574_SRR4242136_aa_frame6,1,0.735,NODE_535_length_5799_cov_52.077574_SRR4242136
NODE_536_length_3035_cov_17.189993_SRR1785207_ORF.1,1,0.94,NODE_536_length_3035_cov_17.189993_SRR1785207
NODE_536_length_3035_cov_17.189993_SRR1785207_ORF.2,1,0.99,NODE_536_length_3035_cov_17.189993_SRR1785207
NODE_536_length_3035_cov_17.189993_SRR1785207_ORF.3,1,0.66,NODE_536_length_3035_cov_17.189993_SRR1785207
NODE_536_length_3035_cov_17.189993_SRR1785207_ORF.4,1,0.54,NODE_536_length_3035_cov_17.189993_SRR1785207
NODE_536_length_3035_cov_17.189993_SRR1785207_ORF.5,1,0.61,NODE_536_length_3035_cov_17.189993_SRR1785207
NODE_536_length_3035_cov_17.189993_SRR1785207_aa_frame1,1,0.68,NODE_536_length_3035_cov_17.189993_SRR1785207
NODE_536_length_3035_cov_17.189993_SRR1785207_aa_frame2,1,0.98,NODE_536_length_3035_cov_17.189993_SRR1785207
NODE_536_length_3035_cov_17.189993_SRR1785207_aa_frame3,1,0.59,NODE_536_length_3035_cov_17.189993_SRR1785207
NODE_536_length_3035_cov_17.189993_SRR1785207_aa_frame4,1,0.815,NODE_536_length_3035_cov_17.189993_SRR1785207
NODE_536_length_3035_cov_17.189993_SRR1785207_aa_frame5,1,0.645,NODE_536_length_3035_cov_17.189993_SRR1785207
NODE_536_length_3035_cov_17.189993_SRR1785207_aa_frame6,1,0.63,NODE_536_length_3035_cov_17.189993_SRR1785207
NODE_53708_length_790_cov_0.687237_SRR1781945_ORF.1,1,0.915,NODE_53708_length_790_cov_0.687237_SRR1781945
NODE_53708_length_790_cov_0.687237_SRR1781945_aa_frame1,1,0.915,NODE_53708_length_790_cov_0.687237_SRR1781945
NODE_53708_length_790_cov_0.687237_SRR1781945_aa_frame2,1,0.555,NODE_53708_length_790_cov_0.687237_SRR1781945
NODE_53708_length_790_cov_0.687237_SRR1781945_aa_frame3,1,0.6446212121212122,NODE_53708_length_790_cov_0.687237_SRR1781945
NODE_53708_length_790_cov_0.687237_SRR1781945_aa_frame4,1,0.7111483921931244,NODE_53708_length_790_cov_0.687237_SRR1781945
NODE_53708_length_790_cov_0.687237_SRR1781945_aa_frame5,1,0.5017383292383293,NODE_53708_length_790_cov_0.687237_SRR1781945
NODE_53708_length_790_cov_0.687237_SRR1781945_aa_frame6,1,0.6593939640551484,NODE_53708_length_790_cov_0.687237_SRR1781945
NODE_54041_length_795_cov_1.502786_SRR8455912_ORF.1,0,0.46,NODE_54041_length_795_cov_1.502786_SRR8455912
NODE_54041_length_795_cov_1.502786_SRR8455912_aa_frame1,1,0.6012867482867483,NODE_54041_length_795_cov_1.502786_SRR8455912
NODE_54041_length_795_cov_1.502786_SRR8455912_aa_frame2,1,0.5897692307692308,NODE_54041_length_795_cov_1.502786_SRR8455912
NODE_54041_length_795_cov_1.502786_SRR8455912_aa_frame3,1,0.5024695121951219,NODE_54041_length_795_cov_1.502786_SRR8455912
NODE_54041_length_795_cov_1.502786_SRR8455912_aa_frame4,1,0.6524199750939037,NODE_54041_length_795_cov_1.502786_SRR8455912
NODE_54041_length_795_cov_1.502786_SRR8455912_aa_frame5,1,0.6683052668052667,NODE_54041_length_795_cov_1.502786_SRR8455912
NODE_54041_length_795_cov_1.502786_SRR8455912_aa_frame6,1,0.6929241702148943,NODE_54041_length_795_cov_1.502786_SRR8455912
NODE_5482_length_1499_cov_531.392405_SRR8658353_ORF.1,0,0.175,NODE_5482_length_1499_cov_531.392405_SRR8658353
NODE_5482_length_1499_cov_531.392405_SRR8658353_ORF.2,0,0.42,NODE_5482_length_1499_cov_531.392405_SRR8658353
NODE_5482_length_1499_cov_531.392405_SRR8658353_aa_frame1,1,0.63,NODE_5482_length_1499_cov_531.392405_SRR8658353
NODE_5482_length_1499_cov_531.392405_SRR8658353_aa_frame2,1,0.6491791979949875,NODE_5482_length_1499_cov_531.392405_SRR8658353
NODE_5482_length_1499_cov_531.392405_SRR8658353_aa_frame3,1,0.7147747747747748,NODE_5482_length_1499_cov_531.392405_SRR8658353
NODE_5482_length_1499_cov_531.392405_SRR8658353_aa_frame4,0,0.31,NODE_5482_length_1499_cov_531.392405_SRR8658353
NODE_5482_length_1499_cov_531.392405_SRR8658353_aa_frame5,0,0.456875,NODE_5482_length_1499_cov_531.392405_SRR8658353
NODE_5482_length_1499_cov_531.392405_SRR8658353_aa_frame6,1,0.6116497747747748,NODE_5482_length_1499_cov_531.392405_SRR8658353
NODE_5487_length_1536_cov_1313.235093_SRR8658356_ORF.1,0,0.22,NODE_5487_length_1536_cov_1313.235093_SRR8658356
NODE_5487_length_1536_cov_1313.235093_SRR8658356_ORF.2,1,0.625,NODE_5487_length_1536_cov_1313.235093_SRR8658356
NODE_5487_length_1536_cov_1313.235093_SRR8658356_ORF.3,1,0.58,NODE_5487_length_1536_cov_1313.235093_SRR8658356
NODE_5487_length_1536_cov_1313.235093_SRR8658356_aa_frame1,0,0.29,NODE_5487_length_1536_cov_1313.235093_SRR8658356
NODE_5487_length_1536_cov_1313.235093_SRR8658356_aa_frame2,1,0.795,NODE_5487_length_1536_cov_1313.235093_SRR8658356
NODE_5487_length_1536_cov_1313.235093_SRR8658356_aa_frame3,1,0.7785416666666666,NODE_5487_length_1536_cov_1313.235093_SRR8658356
NODE_5487_length_1536_cov_1313.235093_SRR8658356_aa_frame4,1,0.8135416666666667,NODE_5487_length_1536_cov_1313.235093_SRR8658356
NODE_5487_length_1536_cov_1313.235093_SRR8658356_aa_frame5,1,0.67,NODE_5487_length_1536_cov_1313.235093_SRR8658356
NODE_5487_length_1536_cov_1313.235093_SRR8658356_aa_frame6,1,0.6785416666666666,NODE_5487_length_1536_cov_1313.235093_SRR8658356
NODE_552_length_1643_cov_205.173691_SRR1778741_ORF.1,1,0.56,NODE_552_length_1643_cov_205.173691_SRR1778741
NODE_552_length_1643_cov_205.173691_SRR1778741_ORF.2,0,0.455,NODE_552_length_1643_cov_205.173691_SRR1778741
NODE_552_length_1643_cov_205.173691_SRR1778741_aa_frame1,1,0.695,NODE_552_length_1643_cov_205.173691_SRR1778741
NODE_552_length_1643_cov_205.173691_SRR1778741_aa_frame2,1,0.605,NODE_552_length_1643_cov_205.173691_SRR1778741
NODE_552_length_1643_cov_205.173691_SRR1778741_aa_frame3,1,0.7809999999999999,NODE_552_length_1643_cov_205.173691_SRR1778741
NODE_552_length_1643_cov_205.173691_SRR1778741_aa_frame4,0,0.49,NODE_552_length_1643_cov_205.173691_SRR1778741
NODE_552_length_1643_cov_205.173691_SRR1778741_aa_frame5,1,0.7797297297297296,NODE_552_length_1643_cov_205.173691_SRR1778741
NODE_552_length_1643_cov_205.173691_SRR1778741_aa_frame6,1,0.685,NODE_552_length_1643_cov_205.173691_SRR1778741
NODE_553_length_1643_cov_108.355045_SRR1778741_ORF.1,0,0.445,NODE_553_length_1643_cov_108.355045_SRR1778741
NODE_553_length_1643_cov_108.355045_SRR1778741_aa_frame1,0,0.485,NODE_553_length_1643_cov_108.355045_SRR1778741
NODE_553_length_1643_cov_108.355045_SRR1778741_aa_frame2,1,0.611875,NODE_553_length_1643_cov_108.355045_SRR1778741
NODE_553_length_1643_cov_108.355045_SRR1778741_aa_frame3,1,0.79,NODE_553_length_1643_cov_108.355045_SRR1778741
NODE_553_length_1643_cov_108.355045_SRR1778741_aa_frame4,1,0.745,NODE_553_length_1643_cov_108.355045_SRR1778741
NODE_553_length_1643_cov_108.355045_SRR1778741_aa_frame5,1,0.665,NODE_553_length_1643_cov_108.355045_SRR1778741
NODE_553_length_1643_cov_108.355045_SRR1778741_aa_frame6,1,0.7538125,NODE_553_length_1643_cov_108.355045_SRR1778741
NODE_5549_length_1520_cov_772.702010_SRR8658360_ORF.1,0,0.11,NODE_5549_length_1520_cov_772.702010_SRR8658360
NODE_5549_length_1520_cov_772.702010_SRR8658360_ORF.2,1,0.645,NODE_5549_length_1520_cov_772.702010_SRR8658360
NODE_5549_length_1520_cov_772.702010_SRR8658360_aa_frame1,1,0.575,NODE_5549_length_1520_cov_772.702010_SRR8658360
NODE_5549_length_1520_cov_772.702010_SRR8658360_aa_frame2,1,0.68,NODE_5549_length_1520_cov_772.702010_SRR8658360
NODE_5549_length_1520_cov_772.702010_SRR8658360_aa_frame3,1,0.565,NODE_5549_length_1520_cov_772.702010_SRR8658360
NODE_5549_length_1520_cov_772.702010_SRR8658360_aa_frame4,0,0.215,NODE_5549_length_1520_cov_772.702010_SRR8658360
NODE_5549_length_1520_cov_772.702010_SRR8658360_aa_frame5,1,0.6262577160493827,NODE_5549_length_1520_cov_772.702010_SRR8658360
NODE_5549_length_1520_cov_772.702010_SRR8658360_aa_frame6,1,0.5697747747747748,NODE_5549_length_1520_cov_772.702010_SRR8658360
NODE_5562_length_2140_cov_6.087736_SRR1781945_ORF.1,1,0.7351923076923077,NODE_5562_length_2140_cov_6.087736_SRR1781945
NODE_5562_length_2140_cov_6.087736_SRR1781945_ORF.2,1,0.905,NODE_5562_length_2140_cov_6.087736_SRR1781945
NODE_5562_length_2140_cov_6.087736_SRR1781945_ORF.3,1,0.95,NODE_5562_length_2140_cov_6.087736_SRR1781945
NODE_5562_length_2140_cov_6.087736_SRR1781945_aa_frame1,1,0.728990690959777,NODE_5562_length_2140_cov_6.087736_SRR1781945
NODE_5562_length_2140_cov_6.087736_SRR1781945_aa_frame2,1,0.7490524193548387,NODE_5562_length_2140_cov_6.087736_SRR1781945
NODE_5562_length_2140_cov_6.087736_SRR1781945_aa_frame3,1,0.96,NODE_5562_length_2140_cov_6.087736_SRR1781945
NODE_5562_length_2140_cov_6.087736_SRR1781945_aa_frame4,1,0.61,NODE_5562_length_2140_cov_6.087736_SRR1781945
NODE_5562_length_2140_cov_6.087736_SRR1781945_aa_frame5,1,0.524652557319224,NODE_5562_length_2140_cov_6.087736_SRR1781945
NODE_5562_length_2140_cov_6.087736_SRR1781945_aa_frame6,1,0.54,NODE_5562_length_2140_cov_6.087736_SRR1781945
NODE_5581_length_1353_cov_1.107367_SRR1782604_ORF.1,1,0.98,NODE_5581_length_1353_cov_1.107367_SRR1782604
NODE_5581_length_1353_cov_1.107367_SRR1782604_ORF.2,0,0.485,NODE_5581_length_1353_cov_1.107367_SRR1782604
NODE_5581_length_1353_cov_1.107367_SRR1782604_ORF.3,1,0.56,NODE_5581_length_1353_cov_1.107367_SRR1782604
NODE_5581_length_1353_cov_1.107367_SRR1782604_aa_frame1,1,0.9,NODE_5581_length_1353_cov_1.107367_SRR1782604
NODE_5581_length_1353_cov_1.107367_SRR1782604_aa_frame2,1,0.75,NODE_5581_length_1353_cov_1.107367_SRR1782604
NODE_5581_length_1353_cov_1.107367_SRR1782604_aa_frame3,1,0.66,NODE_5581_length_1353_cov_1.107367_SRR1782604
NODE_5581_length_1353_cov_1.107367_SRR1782604_aa_frame4,1,0.685,NODE_5581_length_1353_cov_1.107367_SRR1782604
NODE_5581_length_1353_cov_1.107367_SRR1782604_aa_frame5,1,0.59,NODE_5581_length_1353_cov_1.107367_SRR1782604
NODE_5581_length_1353_cov_1.107367_SRR1782604_aa_frame6,1,0.7082506313131313,NODE_5581_length_1353_cov_1.107367_SRR1782604
NODE_5591_length_2813_cov_4.461929_SRR3193092_ORF.1,1,0.5198275862068966,NODE_5591_length_2813_cov_4.461929_SRR3193092
NODE_5591_length_2813_cov_4.461929_SRR3193092_ORF.2,1,0.535,NODE_5591_length_2813_cov_4.461929_SRR3193092
NODE_5591_length_2813_cov_4.461929_SRR3193092_ORF.3,0,0.485,NODE_5591_length_2813_cov_4.461929_SRR3193092
NODE_5591_length_2813_cov_4.461929_SRR3193092_aa_frame1,0,0.47,NODE_5591_length_2813_cov_4.461929_SRR3193092
NODE_5591_length_2813_cov_4.461929_SRR3193092_aa_frame2,1,0.555,NODE_5591_length_2813_cov_4.461929_SRR3193092
NODE_5591_length_2813_cov_4.461929_SRR3193092_aa_frame3,1,0.67,NODE_5591_length_2813_cov_4.461929_SRR3193092
NODE_5591_length_2813_cov_4.461929_SRR3193092_aa_frame4,0,0.415,NODE_5591_length_2813_cov_4.461929_SRR3193092
NODE_5591_length_2813_cov_4.461929_SRR3193092_aa_frame5,1,0.535,NODE_5591_length_2813_cov_4.461929_SRR3193092
NODE_5591_length_2813_cov_4.461929_SRR3193092_aa_frame6,1,0.635,NODE_5591_length_2813_cov_4.461929_SRR3193092
NODE_559_length_5462_cov_32.688394_SRR5186269_ORF.1,1,0.585,NODE_559_length_5462_cov_32.688394_SRR5186269
NODE_559_length_5462_cov_32.688394_SRR5186269_ORF.2,1,0.515,NODE_559_length_5462_cov_32.688394_SRR5186269
NODE_559_length_5462_cov_32.688394_SRR5186269_ORF.3,0,0.485,NODE_559_length_5462_cov_32.688394_SRR5186269
NODE_559_length_5462_cov_32.688394_SRR5186269_ORF.4,1,0.745,NODE_559_length_5462_cov_32.688394_SRR5186269
NODE_559_length_5462_cov_32.688394_SRR5186269_ORF.5,1,0.7,NODE_559_length_5462_cov_32.688394_SRR5186269
NODE_559_length_5462_cov_32.688394_SRR5186269_ORF.6,1,0.515,NODE_559_length_5462_cov_32.688394_SRR5186269
NODE_559_length_5462_cov_32.688394_SRR5186269_ORF.7,1,0.625,NODE_559_length_5462_cov_32.688394_SRR5186269
NODE_559_length_5462_cov_32.688394_SRR5186269_ORF.8,1,0.525,NODE_559_length_5462_cov_32.688394_SRR5186269
NODE_559_length_5462_cov_32.688394_SRR5186269_aa_frame1,1,0.96,NODE_559_length_5462_cov_32.688394_SRR5186269
NODE_559_length_5462_cov_32.688394_SRR5186269_aa_frame2,1,0.89,NODE_559_length_5462_cov_32.688394_SRR5186269
NODE_559_length_5462_cov_32.688394_SRR5186269_aa_frame3,1,0.95,NODE_559_length_5462_cov_32.688394_SRR5186269
NODE_559_length_5462_cov_32.688394_SRR5186269_aa_frame4,1,0.915,NODE_559_length_5462_cov_32.688394_SRR5186269
NODE_559_length_5462_cov_32.688394_SRR5186269_aa_frame5,1,0.56,NODE_559_length_5462_cov_32.688394_SRR5186269
NODE_559_length_5462_cov_32.688394_SRR5186269_aa_frame6,1,0.895,NODE_559_length_5462_cov_32.688394_SRR5186269
NODE_56071_length_745_cov_0.354790_SRR1777513_ORF.1,1,0.565,NODE_56071_length_745_cov_0.354790_SRR1777513
NODE_56071_length_745_cov_0.354790_SRR1777513_ORF.2,1,1.0,NODE_56071_length_745_cov_0.354790_SRR1777513
NODE_56071_length_745_cov_0.354790_SRR1777513_aa_frame1,1,0.73939375,NODE_56071_length_745_cov_0.354790_SRR1777513
NODE_56071_length_745_cov_0.354790_SRR1777513_aa_frame2,1,0.5264680394680394,NODE_56071_length_745_cov_0.354790_SRR1777513
NODE_56071_length_745_cov_0.354790_SRR1777513_aa_frame3,1,0.663875,NODE_56071_length_745_cov_0.354790_SRR1777513
NODE_56071_length_745_cov_0.354790_SRR1777513_aa_frame4,1,1.0,NODE_56071_length_745_cov_0.354790_SRR1777513
NODE_56071_length_745_cov_0.354790_SRR1777513_aa_frame5,1,0.5545197510128724,NODE_56071_length_745_cov_0.354790_SRR1777513
NODE_56071_length_745_cov_0.354790_SRR1777513_aa_frame6,1,0.7385436542377306,NODE_56071_length_745_cov_0.354790_SRR1777513
NODE_5647_length_2275_cov_1.320291_SRR1777513_ORF.1,0,0.44,NODE_5647_length_2275_cov_1.320291_SRR1777513
NODE_5647_length_2275_cov_1.320291_SRR1777513_ORF.2,1,0.96,NODE_5647_length_2275_cov_1.320291_SRR1777513
NODE_5647_length_2275_cov_1.320291_SRR1777513_ORF.3,1,1.0,NODE_5647_length_2275_cov_1.320291_SRR1777513
NODE_5647_length_2275_cov_1.320291_SRR1777513_aa_frame1,1,0.69,NODE_5647_length_2275_cov_1.320291_SRR1777513
NODE_5647_length_2275_cov_1.320291_SRR1777513_aa_frame2,1,0.655,NODE_5647_length_2275_cov_1.320291_SRR1777513
NODE_5647_length_2275_cov_1.320291_SRR1777513_aa_frame3,1,1.0,NODE_5647_length_2275_cov_1.320291_SRR1777513
NODE_5647_length_2275_cov_1.320291_SRR1777513_aa_frame4,1,0.7548611111111111,NODE_5647_length_2275_cov_1.320291_SRR1777513
NODE_5647_length_2275_cov_1.320291_SRR1777513_aa_frame5,1,0.784375,NODE_5647_length_2275_cov_1.320291_SRR1777513
NODE_5647_length_2275_cov_1.320291_SRR1777513_aa_frame6,1,0.7348076923076923,NODE_5647_length_2275_cov_1.320291_SRR1777513
NODE_56558_length_770_cov_0.874459_SRR1781945_ORF.1,1,0.62,NODE_56558_length_770_cov_0.874459_SRR1781945
NODE_56558_length_770_cov_0.874459_SRR1781945_aa_frame1,1,0.885,NODE_56558_length_770_cov_0.874459_SRR1781945
NODE_56558_length_770_cov_0.874459_SRR1781945_aa_frame2,1,0.7087390571373529,NODE_56558_length_770_cov_0.874459_SRR1781945
NODE_56558_length_770_cov_0.874459_SRR1781945_aa_frame3,1,0.6716095873301359,NODE_56558_length_770_cov_0.874459_SRR1781945
NODE_56558_length_770_cov_0.874459_SRR1781945_aa_frame4,1,0.7339309653679211,NODE_56558_length_770_cov_0.874459_SRR1781945
NODE_56558_length_770_cov_0.874459_SRR1781945_aa_frame5,1,0.5145149667405765,NODE_56558_length_770_cov_0.874459_SRR1781945
NODE_56558_length_770_cov_0.874459_SRR1781945_aa_frame6,1,0.7632064055833913,NODE_56558_length_770_cov_0.874459_SRR1781945
NODE_5665_length_2236_cov_2.581288_SRR7007216_ORF.1,1,0.53,NODE_5665_length_2236_cov_2.581288_SRR7007216
NODE_5665_length_2236_cov_2.581288_SRR7007216_ORF.2,1,0.52,NODE_5665_length_2236_cov_2.581288_SRR7007216
NODE_5665_length_2236_cov_2.581288_SRR7007216_ORF.3,1,0.52,NODE_5665_length_2236_cov_2.581288_SRR7007216
NODE_5665_length_2236_cov_2.581288_SRR7007216_ORF.4,0,0.135,NODE_5665_length_2236_cov_2.581288_SRR7007216
NODE_5665_length_2236_cov_2.581288_SRR7007216_ORF.5,0,0.365,NODE_5665_length_2236_cov_2.581288_SRR7007216
NODE_5665_length_2236_cov_2.581288_SRR7007216_aa_frame1,1,0.714375,NODE_5665_length_2236_cov_2.581288_SRR7007216
NODE_5665_length_2236_cov_2.581288_SRR7007216_aa_frame2,1,0.565,NODE_5665_length_2236_cov_2.581288_SRR7007216
NODE_5665_length_2236_cov_2.581288_SRR7007216_aa_frame3,1,0.715,NODE_5665_length_2236_cov_2.581288_SRR7007216
NODE_5665_length_2236_cov_2.581288_SRR7007216_aa_frame4,1,0.565,NODE_5665_length_2236_cov_2.581288_SRR7007216
NODE_5665_length_2236_cov_2.581288_SRR7007216_aa_frame5,0,0.245,NODE_5665_length_2236_cov_2.581288_SRR7007216
NODE_5665_length_2236_cov_2.581288_SRR7007216_aa_frame6,1,0.595,NODE_5665_length_2236_cov_2.581288_SRR7007216
NODE_56754_length_740_cov_1.131222_SRR1777513_ORF.1,1,0.98,NODE_56754_length_740_cov_1.131222_SRR1777513
NODE_56754_length_740_cov_1.131222_SRR1777513_aa_frame1,1,0.659601706970128,NODE_56754_length_740_cov_1.131222_SRR1777513
NODE_56754_length_740_cov_1.131222_SRR1777513_aa_frame2,1,0.724544086871902,NODE_56754_length_740_cov_1.131222_SRR1777513
NODE_56754_length_740_cov_1.131222_SRR1777513_aa_frame3,1,0.985,NODE_56754_length_740_cov_1.131222_SRR1777513
NODE_56754_length_740_cov_1.131222_SRR1777513_aa_frame4,1,0.655107330182138,NODE_56754_length_740_cov_1.131222_SRR1777513
NODE_56754_length_740_cov_1.131222_SRR1777513_aa_frame5,1,0.5780156585857601,NODE_56754_length_740_cov_1.131222_SRR1777513
NODE_56754_length_740_cov_1.131222_SRR1777513_aa_frame6,1,0.7983694333425825,NODE_56754_length_740_cov_1.131222_SRR1777513
NODE_56_length_2529_cov_12.695635_SRR1778784_ORF.1,0,0.335,NODE_56_length_2529_cov_12.695635_SRR1778784
NODE_56_length_2529_cov_12.695635_SRR1778784_ORF.2,1,0.52,NODE_56_length_2529_cov_12.695635_SRR1778784
NODE_56_length_2529_cov_12.695635_SRR1778784_aa_frame1,0,0.475,NODE_56_length_2529_cov_12.695635_SRR1778784
NODE_56_length_2529_cov_12.695635_SRR1778784_aa_frame2,1,0.5170921985815603,NODE_56_length_2529_cov_12.695635_SRR1778784
NODE_56_length_2529_cov_12.695635_SRR1778784_aa_frame3,0,0.4,NODE_56_length_2529_cov_12.695635_SRR1778784
NODE_56_length_2529_cov_12.695635_SRR1778784_aa_frame4,1,0.505,NODE_56_length_2529_cov_12.695635_SRR1778784
NODE_56_length_2529_cov_12.695635_SRR1778784_aa_frame5,1,0.595,NODE_56_length_2529_cov_12.695635_SRR1778784
NODE_56_length_2529_cov_12.695635_SRR1778784_aa_frame6,1,0.5698161764705882,NODE_56_length_2529_cov_12.695635_SRR1778784
NODE_57156_length_737_cov_1.200000_SRR1777513_ORF.1,1,0.92,NODE_57156_length_737_cov_1.200000_SRR1777513
NODE_57156_length_737_cov_1.200000_SRR1777513_ORF.2,1,0.535,NODE_57156_length_737_cov_1.200000_SRR1777513
NODE_57156_length_737_cov_1.200000_SRR1777513_aa_frame1,1,0.855,NODE_57156_length_737_cov_1.200000_SRR1777513
NODE_57156_length_737_cov_1.200000_SRR1777513_aa_frame2,1,0.6241504571095118,NODE_57156_length_737_cov_1.200000_SRR1777513
NODE_57156_length_737_cov_1.200000_SRR1777513_aa_frame3,1,0.6596643783371472,NODE_57156_length_737_cov_1.200000_SRR1777513
NODE_57156_length_737_cov_1.200000_SRR1777513_aa_frame4,1,0.7592303459798921,NODE_57156_length_737_cov_1.200000_SRR1777513
NODE_57156_length_737_cov_1.200000_SRR1777513_aa_frame5,1,0.595,NODE_57156_length_737_cov_1.200000_SRR1777513
NODE_57156_length_737_cov_1.200000_SRR1777513_aa_frame6,1,0.6495131086142323,NODE_57156_length_737_cov_1.200000_SRR1777513
NODE_5757_length_2778_cov_5.645611_SRR3193092_ORF.1,1,0.66,NODE_5757_length_2778_cov_5.645611_SRR3193092
NODE_5757_length_2778_cov_5.645611_SRR3193092_ORF.2,1,0.72,NODE_5757_length_2778_cov_5.645611_SRR3193092
NODE_5757_length_2778_cov_5.645611_SRR3193092_aa_frame1,0,0.47,NODE_5757_length_2778_cov_5.645611_SRR3193092
NODE_5757_length_2778_cov_5.645611_SRR3193092_aa_frame2,1,0.645,NODE_5757_length_2778_cov_5.645611_SRR3193092
NODE_5757_length_2778_cov_5.645611_SRR3193092_aa_frame3,1,0.6,NODE_5757_length_2778_cov_5.645611_SRR3193092
NODE_5757_length_2778_cov_5.645611_SRR3193092_aa_frame4,0,0.45,NODE_5757_length_2778_cov_5.645611_SRR3193092
NODE_5757_length_2778_cov_5.645611_SRR3193092_aa_frame5,0,0.45,NODE_5757_length_2778_cov_5.645611_SRR3193092
NODE_5757_length_2778_cov_5.645611_SRR3193092_aa_frame6,0,0.49,NODE_5757_length_2778_cov_5.645611_SRR3193092
NODE_575_length_2942_cov_1.290052_SRR1785207_ORF.1,1,0.645,NODE_575_length_2942_cov_1.290052_SRR1785207
NODE_575_length_2942_cov_1.290052_SRR1785207_ORF.2,1,0.65,NODE_575_length_2942_cov_1.290052_SRR1785207
NODE_575_length_2942_cov_1.290052_SRR1785207_aa_frame1,1,0.815,NODE_575_length_2942_cov_1.290052_SRR1785207
NODE_575_length_2942_cov_1.290052_SRR1785207_aa_frame2,1,0.76,NODE_575_length_2942_cov_1.290052_SRR1785207
NODE_575_length_2942_cov_1.290052_SRR1785207_aa_frame3,1,0.655,NODE_575_length_2942_cov_1.290052_SRR1785207
NODE_575_length_2942_cov_1.290052_SRR1785207_aa_frame4,1,0.615,NODE_575_length_2942_cov_1.290052_SRR1785207
NODE_575_length_2942_cov_1.290052_SRR1785207_aa_frame5,1,0.63,NODE_575_length_2942_cov_1.290052_SRR1785207
NODE_575_length_2942_cov_1.290052_SRR1785207_aa_frame6,1,0.525,NODE_575_length_2942_cov_1.290052_SRR1785207
NODE_578_length_4219_cov_4.005553_SRR10861970_ORF.1,0,0.49,NODE_578_length_4219_cov_4.005553_SRR10861970
NODE_578_length_4219_cov_4.005553_SRR10861970_ORF.2,0,0.435,NODE_578_length_4219_cov_4.005553_SRR10861970
NODE_578_length_4219_cov_4.005553_SRR10861970_aa_frame1,1,0.8,NODE_578_length_4219_cov_4.005553_SRR10861970
NODE_578_length_4219_cov_4.005553_SRR10861970_aa_frame2,1,0.8,NODE_578_length_4219_cov_4.005553_SRR10861970
NODE_578_length_4219_cov_4.005553_SRR10861970_aa_frame3,1,0.78,NODE_578_length_4219_cov_4.005553_SRR10861970
NODE_578_length_4219_cov_4.005553_SRR10861970_aa_frame4,1,0.88,NODE_578_length_4219_cov_4.005553_SRR10861970
NODE_578_length_4219_cov_4.005553_SRR10861970_aa_frame5,1,0.855,NODE_578_length_4219_cov_4.005553_SRR10861970
NODE_578_length_4219_cov_4.005553_SRR10861970_aa_frame6,1,0.89,NODE_578_length_4219_cov_4.005553_SRR10861970
NODE_5800_length_1478_cov_657.333333_SRR8658360_ORF.1,1,0.62,NODE_5800_length_1478_cov_657.333333_SRR8658360
NODE_5800_length_1478_cov_657.333333_SRR8658360_ORF.2,1,0.675,NODE_5800_length_1478_cov_657.333333_SRR8658360
NODE_5800_length_1478_cov_657.333333_SRR8658360_aa_frame1,1,0.52,NODE_5800_length_1478_cov_657.333333_SRR8658360
NODE_5800_length_1478_cov_657.333333_SRR8658360_aa_frame2,1,0.77,NODE_5800_length_1478_cov_657.333333_SRR8658360
NODE_5800_length_1478_cov_657.333333_SRR8658360_aa_frame3,1,0.75,NODE_5800_length_1478_cov_657.333333_SRR8658360
NODE_5800_length_1478_cov_657.333333_SRR8658360_aa_frame4,1,0.62,NODE_5800_length_1478_cov_657.333333_SRR8658360
NODE_5800_length_1478_cov_657.333333_SRR8658360_aa_frame5,1,0.6597747747747748,NODE_5800_length_1478_cov_657.333333_SRR8658360
NODE_5800_length_1478_cov_657.333333_SRR8658360_aa_frame6,1,0.58,NODE_5800_length_1478_cov_657.333333_SRR8658360
NODE_5816_length_1652_cov_2.914214_ERR1356733_ORF.1,1,0.53,NODE_5816_length_1652_cov_2.914214_ERR1356733
NODE_5816_length_1652_cov_2.914214_ERR1356733_ORF.2,0,0.4099230769230769,NODE_5816_length_1652_cov_2.914214_ERR1356733
NODE_5816_length_1652_cov_2.914214_ERR1356733_ORF.3,1,1.0,NODE_5816_length_1652_cov_2.914214_ERR1356733
NODE_5816_length_1652_cov_2.914214_ERR1356733_aa_frame1,1,0.7797297297297296,NODE_5816_length_1652_cov_2.914214_ERR1356733
NODE_5816_length_1652_cov_2.914214_ERR1356733_aa_frame2,1,0.7237845622119815,NODE_5816_length_1652_cov_2.914214_ERR1356733
NODE_5816_length_1652_cov_2.914214_ERR1356733_aa_frame3,1,0.685,NODE_5816_length_1652_cov_2.914214_ERR1356733
NODE_5816_length_1652_cov_2.914214_ERR1356733_aa_frame4,1,0.6278769841269841,NODE_5816_length_1652_cov_2.914214_ERR1356733
NODE_5816_length_1652_cov_2.914214_ERR1356733_aa_frame5,1,1.0,NODE_5816_length_1652_cov_2.914214_ERR1356733
NODE_5816_length_1652_cov_2.914214_ERR1356733_aa_frame6,1,0.7732936507936508,NODE_5816_length_1652_cov_2.914214_ERR1356733
NODE_58917_length_771_cov_1.197406_SRR7976667_ORF.1,0,0.425,NODE_58917_length_771_cov_1.197406_SRR7976667
NODE_58917_length_771_cov_1.197406_SRR7976667_ORF.2,1,0.685,NODE_58917_length_771_cov_1.197406_SRR7976667
NODE_58917_length_771_cov_1.197406_SRR7976667_ORF.3,1,0.555,NODE_58917_length_771_cov_1.197406_SRR7976667
NODE_58917_length_771_cov_1.197406_SRR7976667_ORF.4,1,0.625,NODE_58917_length_771_cov_1.197406_SRR7976667
NODE_58917_length_771_cov_1.197406_SRR7976667_ORF.5,0,0.47,NODE_58917_length_771_cov_1.197406_SRR7976667
NODE_58917_length_771_cov_1.197406_SRR7976667_aa_frame1,0,0.45981617647058826,NODE_58917_length_771_cov_1.197406_SRR7976667
NODE_58917_length_771_cov_1.197406_SRR7976667_aa_frame2,0,0.48,NODE_58917_length_771_cov_1.197406_SRR7976667
NODE_58917_length_771_cov_1.197406_SRR7976667_aa_frame3,1,0.5371505791505791,NODE_58917_length_771_cov_1.197406_SRR7976667
NODE_58917_length_771_cov_1.197406_SRR7976667_aa_frame4,0,0.365,NODE_58917_length_771_cov_1.197406_SRR7976667
NODE_58917_length_771_cov_1.197406_SRR7976667_aa_frame5,1,0.6448681055155876,NODE_58917_length_771_cov_1.197406_SRR7976667
NODE_58917_length_771_cov_1.197406_SRR7976667_aa_frame6,1,0.5437653446494369,NODE_58917_length_771_cov_1.197406_SRR7976667
NODE_5984_length_875_cov_2.992481_SRR1785209_ORF.1,1,0.93,NODE_5984_length_875_cov_2.992481_SRR1785209
NODE_5984_length_875_cov_2.992481_SRR1785209_ORF.2,1,0.75,NODE_5984_length_875_cov_2.992481_SRR1785209
NODE_5984_length_875_cov_2.992481_SRR1785209_ORF.3,1,0.625,NODE_5984_length_875_cov_2.992481_SRR1785209
NODE_5984_length_875_cov_2.992481_SRR1785209_aa_frame1,1,0.6625,NODE_5984_length_875_cov_2.992481_SRR1785209
NODE_5984_length_875_cov_2.992481_SRR1785209_aa_frame2,1,0.895,NODE_5984_length_875_cov_2.992481_SRR1785209
NODE_5984_length_875_cov_2.992481_SRR1785209_aa_frame3,1,0.6446815071386331,NODE_5984_length_875_cov_2.992481_SRR1785209
NODE_5984_length_875_cov_2.992481_SRR1785209_aa_frame4,1,0.6689395448079659,NODE_5984_length_875_cov_2.992481_SRR1785209
NODE_5984_length_875_cov_2.992481_SRR1785209_aa_frame5,1,0.7294623655913978,NODE_5984_length_875_cov_2.992481_SRR1785209
NODE_5984_length_875_cov_2.992481_SRR1785209_aa_frame6,1,0.6148571428571429,NODE_5984_length_875_cov_2.992481_SRR1785209
NODE_60100_length_717_cov_0.743750_SRR1777513_ORF.1,1,0.89,NODE_60100_length_717_cov_0.743750_SRR1777513
NODE_60100_length_717_cov_0.743750_SRR1777513_aa_frame1,1,0.7234793551974282,NODE_60100_length_717_cov_0.743750_SRR1777513
NODE_60100_length_717_cov_0.743750_SRR1777513_aa_frame2,1,0.7428803206695278,NODE_60100_length_717_cov_0.743750_SRR1777513
NODE_60100_length_717_cov_0.743750_SRR1777513_aa_frame3,1,0.6442965410027206,NODE_60100_length_717_cov_0.743750_SRR1777513
NODE_60100_length_717_cov_0.743750_SRR1777513_aa_frame4,1,0.84,NODE_60100_length_717_cov_0.743750_SRR1777513
NODE_60100_length_717_cov_0.743750_SRR1777513_aa_frame5,1,0.6738023290525913,NODE_60100_length_717_cov_0.743750_SRR1777513
NODE_60100_length_717_cov_0.743750_SRR1777513_aa_frame6,1,0.634465208343907,NODE_60100_length_717_cov_0.743750_SRR1777513
NODE_6025_length_873_cov_0.732412_SRR1785209_ORF.1,1,0.675,NODE_6025_length_873_cov_0.732412_SRR1785209
NODE_6025_length_873_cov_0.732412_SRR1785209_ORF.2,1,1.0,NODE_6025_length_873_cov_0.732412_SRR1785209
NODE_6025_length_873_cov_0.732412_SRR1785209_aa_frame1,1,0.7446171171171172,NODE_6025_length_873_cov_0.732412_SRR1785209
NODE_6025_length_873_cov_0.732412_SRR1785209_aa_frame2,1,0.5649166666666666,NODE_6025_length_873_cov_0.732412_SRR1785209
NODE_6025_length_873_cov_0.732412_SRR1785209_aa_frame3,1,0.5027564102564103,NODE_6025_length_873_cov_0.732412_SRR1785209
NODE_6025_length_873_cov_0.732412_SRR1785209_aa_frame4,1,1.0,NODE_6025_length_873_cov_0.732412_SRR1785209
NODE_6025_length_873_cov_0.732412_SRR1785209_aa_frame5,1,0.7184265327695561,NODE_6025_length_873_cov_0.732412_SRR1785209
NODE_6025_length_873_cov_0.732412_SRR1785209_aa_frame6,1,0.62,NODE_6025_length_873_cov_0.732412_SRR1785209
NODE_6037_length_1449_cov_186.744169_SRR8658356_ORF.1,0,0.16,NODE_6037_length_1449_cov_186.744169_SRR8658356
NODE_6037_length_1449_cov_186.744169_SRR8658356_ORF.2,1,0.62,NODE_6037_length_1449_cov_186.744169_SRR8658356
NODE_6037_length_1449_cov_186.744169_SRR8658356_aa_frame1,1,0.6692982456140351,NODE_6037_length_1449_cov_186.744169_SRR8658356
NODE_6037_length_1449_cov_186.744169_SRR8658356_aa_frame2,0,0.19,NODE_6037_length_1449_cov_186.744169_SRR8658356
NODE_6037_length_1449_cov_186.744169_SRR8658356_aa_frame3,1,0.505,NODE_6037_length_1449_cov_186.744169_SRR8658356
NODE_6037_length_1449_cov_186.744169_SRR8658356_aa_frame4,1,0.58,NODE_6037_length_1449_cov_186.744169_SRR8658356
NODE_6037_length_1449_cov_186.744169_SRR8658356_aa_frame5,1,0.595,NODE_6037_length_1449_cov_186.744169_SRR8658356
NODE_6037_length_1449_cov_186.744169_SRR8658356_aa_frame6,0,0.375,NODE_6037_length_1449_cov_186.744169_SRR8658356
NODE_6038_length_1550_cov_1929.965377_SRR8658355_ORF.1,0,0.38,NODE_6038_length_1550_cov_1929.965377_SRR8658355
NODE_6038_length_1550_cov_1929.965377_SRR8658355_aa_frame1,1,0.635,NODE_6038_length_1550_cov_1929.965377_SRR8658355
NODE_6038_length_1550_cov_1929.965377_SRR8658355_aa_frame2,1,0.6879196428571429,NODE_6038_length_1550_cov_1929.965377_SRR8658355
NODE_6038_length_1550_cov_1929.965377_SRR8658355_aa_frame3,1,0.805,NODE_6038_length_1550_cov_1929.965377_SRR8658355
NODE_6038_length_1550_cov_1929.965377_SRR8658355_aa_frame4,0,0.395,NODE_6038_length_1550_cov_1929.965377_SRR8658355
NODE_6038_length_1550_cov_1929.965377_SRR8658355_aa_frame5,1,0.7232936507936507,NODE_6038_length_1550_cov_1929.965377_SRR8658355
NODE_6038_length_1550_cov_1929.965377_SRR8658355_aa_frame6,1,0.7,NODE_6038_length_1550_cov_1929.965377_SRR8658355
NODE_610_length_3777_cov_6.934865_SRR6973926_ORF.1,0,0.185,NODE_610_length_3777_cov_6.934865_SRR6973926
NODE_610_length_3777_cov_6.934865_SRR6973926_ORF.2,0,0.475,NODE_610_length_3777_cov_6.934865_SRR6973926
NODE_610_length_3777_cov_6.934865_SRR6973926_ORF.3,1,0.5043975903614458,NODE_610_length_3777_cov_6.934865_SRR6973926
NODE_610_length_3777_cov_6.934865_SRR6973926_ORF.4,1,0.74,NODE_610_length_3777_cov_6.934865_SRR6973926
NODE_610_length_3777_cov_6.934865_SRR6973926_ORF.5,1,0.795,NODE_610_length_3777_cov_6.934865_SRR6973926
NODE_610_length_3777_cov_6.934865_SRR6973926_aa_frame1,1,0.63,NODE_610_length_3777_cov_6.934865_SRR6973926
NODE_610_length_3777_cov_6.934865_SRR6973926_aa_frame2,1,0.555,NODE_610_length_3777_cov_6.934865_SRR6973926
NODE_610_length_3777_cov_6.934865_SRR6973926_aa_frame3,1,0.7,NODE_610_length_3777_cov_6.934865_SRR6973926
NODE_610_length_3777_cov_6.934865_SRR6973926_aa_frame4,1,0.81,NODE_610_length_3777_cov_6.934865_SRR6973926
NODE_610_length_3777_cov_6.934865_SRR6973926_aa_frame5,1,0.76,NODE_610_length_3777_cov_6.934865_SRR6973926
NODE_610_length_3777_cov_6.934865_SRR6973926_aa_frame6,1,0.62,NODE_610_length_3777_cov_6.934865_SRR6973926
NODE_611_length_5373_cov_56.411245_SRR5087414_ORF.1,1,0.62,NODE_611_length_5373_cov_56.411245_SRR5087414
NODE_611_length_5373_cov_56.411245_SRR5087414_ORF.2,1,0.77,NODE_611_length_5373_cov_56.411245_SRR5087414
NODE_611_length_5373_cov_56.411245_SRR5087414_ORF.3,1,0.775,NODE_611_length_5373_cov_56.411245_SRR5087414
NODE_611_length_5373_cov_56.411245_SRR5087414_ORF.4,1,0.68,NODE_611_length_5373_cov_56.411245_SRR5087414
NODE_611_length_5373_cov_56.411245_SRR5087414_aa_frame1,1,0.92,NODE_611_length_5373_cov_56.411245_SRR5087414
NODE_611_length_5373_cov_56.411245_SRR5087414_aa_frame2,1,0.87,NODE_611_length_5373_cov_56.411245_SRR5087414
NODE_611_length_5373_cov_56.411245_SRR5087414_aa_frame3,1,0.835,NODE_611_length_5373_cov_56.411245_SRR5087414
NODE_611_length_5373_cov_56.411245_SRR5087414_aa_frame4,1,0.58,NODE_611_length_5373_cov_56.411245_SRR5087414
NODE_611_length_5373_cov_56.411245_SRR5087414_aa_frame5,1,0.8,NODE_611_length_5373_cov_56.411245_SRR5087414
NODE_611_length_5373_cov_56.411245_SRR5087414_aa_frame6,1,0.685,NODE_611_length_5373_cov_56.411245_SRR5087414
NODE_6194_length_1512_cov_1.921254_SRR1782579_ORF.1,1,0.74,NODE_6194_length_1512_cov_1.921254_SRR1782579
NODE_6194_length_1512_cov_1.921254_SRR1782579_aa_frame1,1,0.6,NODE_6194_length_1512_cov_1.921254_SRR1782579
NODE_6194_length_1512_cov_1.921254_SRR1782579_aa_frame2,1,0.765,NODE_6194_length_1512_cov_1.921254_SRR1782579
NODE_6194_length_1512_cov_1.921254_SRR1782579_aa_frame3,1,0.586875,NODE_6194_length_1512_cov_1.921254_SRR1782579
NODE_6194_length_1512_cov_1.921254_SRR1782579_aa_frame4,1,0.56,NODE_6194_length_1512_cov_1.921254_SRR1782579
NODE_6194_length_1512_cov_1.921254_SRR1782579_aa_frame5,1,0.5893917050691244,NODE_6194_length_1512_cov_1.921254_SRR1782579
NODE_6194_length_1512_cov_1.921254_SRR1782579_aa_frame6,1,0.6220921985815603,NODE_6194_length_1512_cov_1.921254_SRR1782579
NODE_6241_length_1479_cov_34.328103_SRR4435989_ORF.1,0,0.195,NODE_6241_length_1479_cov_34.328103_SRR4435989
NODE_6241_length_1479_cov_34.328103_SRR4435989_aa_frame1,1,0.526875,NODE_6241_length_1479_cov_34.328103_SRR4435989
NODE_6241_length_1479_cov_34.328103_SRR4435989_aa_frame2,1,0.52,NODE_6241_length_1479_cov_34.328103_SRR4435989
NODE_6241_length_1479_cov_34.328103_SRR4435989_aa_frame3,0,0.46,NODE_6241_length_1479_cov_34.328103_SRR4435989
NODE_6241_length_1479_cov_34.328103_SRR4435989_aa_frame4,1,0.5782936507936508,NODE_6241_length_1479_cov_34.328103_SRR4435989
NODE_6241_length_1479_cov_34.328103_SRR4435989_aa_frame5,1,0.605,NODE_6241_length_1479_cov_34.328103_SRR4435989
NODE_6241_length_1479_cov_34.328103_SRR4435989_aa_frame6,1,0.715,NODE_6241_length_1479_cov_34.328103_SRR4435989
NODE_6262_length_1402_cov_3093.972830_SRR8658352_ORF.1,1,0.675,NODE_6262_length_1402_cov_3093.972830_SRR8658352
NODE_6262_length_1402_cov_3093.972830_SRR8658352_ORF.2,0,0.34,NODE_6262_length_1402_cov_3093.972830_SRR8658352
NODE_6262_length_1402_cov_3093.972830_SRR8658352_ORF.3,0,0.155,NODE_6262_length_1402_cov_3093.972830_SRR8658352
NODE_6262_length_1402_cov_3093.972830_SRR8658352_aa_frame1,1,0.545,NODE_6262_length_1402_cov_3093.972830_SRR8658352
NODE_6262_length_1402_cov_3093.972830_SRR8658352_aa_frame2,1,0.5899382716049382,NODE_6262_length_1402_cov_3093.972830_SRR8658352
NODE_6262_length_1402_cov_3093.972830_SRR8658352_aa_frame3,1,0.754715909090909,NODE_6262_length_1402_cov_3093.972830_SRR8658352
NODE_6262_length_1402_cov_3093.972830_SRR8658352_aa_frame4,0,0.4248809523809524,NODE_6262_length_1402_cov_3093.972830_SRR8658352
NODE_6262_length_1402_cov_3093.972830_SRR8658352_aa_frame5,0,0.24881250000000002,NODE_6262_length_1402_cov_3093.972830_SRR8658352
NODE_6262_length_1402_cov_3093.972830_SRR8658352_aa_frame6,1,0.5294927536231885,NODE_6262_length_1402_cov_3093.972830_SRR8658352
NODE_62810_length_887_cov_1.750617_SRR1785350_ORF.1,1,0.895,NODE_62810_length_887_cov_1.750617_SRR1785350
NODE_62810_length_887_cov_1.750617_SRR1785350_aa_frame1,1,0.8037487051133092,NODE_62810_length_887_cov_1.750617_SRR1785350
NODE_62810_length_887_cov_1.750617_SRR1785350_aa_frame2,1,0.895,NODE_62810_length_887_cov_1.750617_SRR1785350
NODE_62810_length_887_cov_1.750617_SRR1785350_aa_frame3,1,0.6133184800474227,NODE_62810_length_887_cov_1.750617_SRR1785350
NODE_62810_length_887_cov_1.750617_SRR1785350_aa_frame4,1,0.6838057999348323,NODE_62810_length_887_cov_1.750617_SRR1785350
NODE_62810_length_887_cov_1.750617_SRR1785350_aa_frame5,1,0.6047590361445784,NODE_62810_length_887_cov_1.750617_SRR1785350
NODE_62810_length_887_cov_1.750617_SRR1785350_aa_frame6,0,0.4691968864468865,NODE_62810_length_887_cov_1.750617_SRR1785350
NODE_629_length_4829_cov_4541.470328_SRR4435988_ORF.1,1,0.515,NODE_629_length_4829_cov_4541.470328_SRR4435988
NODE_629_length_4829_cov_4541.470328_SRR4435988_ORF.2,1,0.56,NODE_629_length_4829_cov_4541.470328_SRR4435988
NODE_629_length_4829_cov_4541.470328_SRR4435988_ORF.3,1,0.565,NODE_629_length_4829_cov_4541.470328_SRR4435988
NODE_629_length_4829_cov_4541.470328_SRR4435988_ORF.4,1,0.815,NODE_629_length_4829_cov_4541.470328_SRR4435988
NODE_629_length_4829_cov_4541.470328_SRR4435988_ORF.5,1,0.72,NODE_629_length_4829_cov_4541.470328_SRR4435988
NODE_629_length_4829_cov_4541.470328_SRR4435988_aa_frame1,1,0.925,NODE_629_length_4829_cov_4541.470328_SRR4435988
NODE_629_length_4829_cov_4541.470328_SRR4435988_aa_frame2,1,0.92,NODE_629_length_4829_cov_4541.470328_SRR4435988
NODE_629_length_4829_cov_4541.470328_SRR4435988_aa_frame3,1,0.83,NODE_629_length_4829_cov_4541.470328_SRR4435988
NODE_629_length_4829_cov_4541.470328_SRR4435988_aa_frame4,1,0.915,NODE_629_length_4829_cov_4541.470328_SRR4435988
NODE_629_length_4829_cov_4541.470328_SRR4435988_aa_frame5,1,0.735,NODE_629_length_4829_cov_4541.470328_SRR4435988
NODE_629_length_4829_cov_4541.470328_SRR4435988_aa_frame6,1,0.545,NODE_629_length_4829_cov_4541.470328_SRR4435988
NODE_630_length_4507_cov_2.832280_SRR8554352_ORF.1,1,0.535,NODE_630_length_4507_cov_2.832280_SRR8554352
NODE_630_length_4507_cov_2.832280_SRR8554352_ORF.2,1,0.77,NODE_630_length_4507_cov_2.832280_SRR8554352
NODE_630_length_4507_cov_2.832280_SRR8554352_ORF.3,1,0.775,NODE_630_length_4507_cov_2.832280_SRR8554352
NODE_630_length_4507_cov_2.832280_SRR8554352_ORF.4,1,1.0,NODE_630_length_4507_cov_2.832280_SRR8554352
NODE_630_length_4507_cov_2.832280_SRR8554352_ORF.5,1,1.0,NODE_630_length_4507_cov_2.832280_SRR8554352
NODE_630_length_4507_cov_2.832280_SRR8554352_aa_frame1,1,0.895,NODE_630_length_4507_cov_2.832280_SRR8554352
NODE_630_length_4507_cov_2.832280_SRR8554352_aa_frame2,1,0.83,NODE_630_length_4507_cov_2.832280_SRR8554352
NODE_630_length_4507_cov_2.832280_SRR8554352_aa_frame3,1,0.865,NODE_630_length_4507_cov_2.832280_SRR8554352
NODE_630_length_4507_cov_2.832280_SRR8554352_aa_frame4,1,0.945,NODE_630_length_4507_cov_2.832280_SRR8554352
NODE_630_length_4507_cov_2.832280_SRR8554352_aa_frame5,1,1.0,NODE_630_length_4507_cov_2.832280_SRR8554352
NODE_630_length_4507_cov_2.832280_SRR8554352_aa_frame6,1,0.715,NODE_630_length_4507_cov_2.832280_SRR8554352
NODE_6364_length_1522_cov_2.003408_SRR5892088_ORF.1,0,0.445,NODE_6364_length_1522_cov_2.003408_SRR5892088
NODE_6364_length_1522_cov_2.003408_SRR5892088_aa_frame1,1,0.6,NODE_6364_length_1522_cov_2.003408_SRR5892088
NODE_6364_length_1522_cov_2.003408_SRR5892088_aa_frame2,1,0.745,NODE_6364_length_1522_cov_2.003408_SRR5892088
NODE_6364_length_1522_cov_2.003408_SRR5892088_aa_frame3,0,0.47,NODE_6364_length_1522_cov_2.003408_SRR5892088
NODE_6364_length_1522_cov_2.003408_SRR5892088_aa_frame4,1,0.6347297297297297,NODE_6364_length_1522_cov_2.003408_SRR5892088
NODE_6364_length_1522_cov_2.003408_SRR5892088_aa_frame5,1,0.7185416666666665,NODE_6364_length_1522_cov_2.003408_SRR5892088
NODE_6364_length_1522_cov_2.003408_SRR5892088_aa_frame6,1,0.775,NODE_6364_length_1522_cov_2.003408_SRR5892088
NODE_63887_length_727_cov_0.724615_SRR1781945_ORF.1,1,0.975,NODE_63887_length_727_cov_0.724615_SRR1781945
NODE_63887_length_727_cov_0.724615_SRR1781945_aa_frame1,1,0.615,NODE_63887_length_727_cov_0.724615_SRR1781945
NODE_63887_length_727_cov_0.724615_SRR1781945_aa_frame2,1,0.97,NODE_63887_length_727_cov_0.724615_SRR1781945
NODE_63887_length_727_cov_0.724615_SRR1781945_aa_frame3,1,0.7293690007703455,NODE_63887_length_727_cov_0.724615_SRR1781945
NODE_63887_length_727_cov_0.724615_SRR1781945_aa_frame4,1,0.5889897518959623,NODE_63887_length_727_cov_0.724615_SRR1781945
NODE_63887_length_727_cov_0.724615_SRR1781945_aa_frame5,1,0.5742895368643447,NODE_63887_length_727_cov_0.724615_SRR1781945
NODE_63887_length_727_cov_0.724615_SRR1781945_aa_frame6,1,0.662738915065845,NODE_63887_length_727_cov_0.724615_SRR1781945
NODE_64186_length_1174_cov_1.633546_SRR12681654_ORF.1,0,0.41,NODE_64186_length_1174_cov_1.633546_SRR12681654
NODE_64186_length_1174_cov_1.633546_SRR12681654_aa_frame1,1,0.6675696767001115,NODE_64186_length_1174_cov_1.633546_SRR12681654
NODE_64186_length_1174_cov_1.633546_SRR12681654_aa_frame2,1,0.6276250726015101,NODE_64186_length_1174_cov_1.633546_SRR12681654
NODE_64186_length_1174_cov_1.633546_SRR12681654_aa_frame3,1,0.614516129032258,NODE_64186_length_1174_cov_1.633546_SRR12681654
NODE_64186_length_1174_cov_1.633546_SRR12681654_aa_frame4,0,0.49982142857142864,NODE_64186_length_1174_cov_1.633546_SRR12681654
NODE_64186_length_1174_cov_1.633546_SRR12681654_aa_frame5,1,0.5749576271186441,NODE_64186_length_1174_cov_1.633546_SRR12681654
NODE_64186_length_1174_cov_1.633546_SRR12681654_aa_frame6,1,0.7646666666666667,NODE_64186_length_1174_cov_1.633546_SRR12681654
NODE_642_length_5647_cov_125.487840_SRR5087332_ORF.1,1,0.62,NODE_642_length_5647_cov_125.487840_SRR5087332
NODE_642_length_5647_cov_125.487840_SRR5087332_ORF.2,1,0.77,NODE_642_length_5647_cov_125.487840_SRR5087332
NODE_642_length_5647_cov_125.487840_SRR5087332_ORF.3,1,0.775,NODE_642_length_5647_cov_125.487840_SRR5087332
NODE_642_length_5647_cov_125.487840_SRR5087332_ORF.4,1,0.65,NODE_642_length_5647_cov_125.487840_SRR5087332
NODE_642_length_5647_cov_125.487840_SRR5087332_aa_frame1,1,0.8,NODE_642_length_5647_cov_125.487840_SRR5087332
NODE_642_length_5647_cov_125.487840_SRR5087332_aa_frame2,1,0.76,NODE_642_length_5647_cov_125.487840_SRR5087332
NODE_642_length_5647_cov_125.487840_SRR5087332_aa_frame3,1,0.825,NODE_642_length_5647_cov_125.487840_SRR5087332
NODE_642_length_5647_cov_125.487840_SRR5087332_aa_frame4,1,0.85,NODE_642_length_5647_cov_125.487840_SRR5087332
NODE_642_length_5647_cov_125.487840_SRR5087332_aa_frame5,1,0.65,NODE_642_length_5647_cov_125.487840_SRR5087332
NODE_642_length_5647_cov_125.487840_SRR5087332_aa_frame6,1,0.545,NODE_642_length_5647_cov_125.487840_SRR5087332
NODE_64879_length_721_cov_1.360248_SRR1781945_ORF.1,1,0.52,NODE_64879_length_721_cov_1.360248_SRR1781945
NODE_64879_length_721_cov_1.360248_SRR1781945_ORF.2,1,1.0,NODE_64879_length_721_cov_1.360248_SRR1781945
NODE_64879_length_721_cov_1.360248_SRR1781945_aa_frame1,1,0.7043596205541769,NODE_64879_length_721_cov_1.360248_SRR1781945
NODE_64879_length_721_cov_1.360248_SRR1781945_aa_frame2,1,0.54,NODE_64879_length_721_cov_1.360248_SRR1781945
NODE_64879_length_721_cov_1.360248_SRR1781945_aa_frame3,1,0.5839071078769753,NODE_64879_length_721_cov_1.360248_SRR1781945
NODE_64879_length_721_cov_1.360248_SRR1781945_aa_frame4,1,0.6341016253606437,NODE_64879_length_721_cov_1.360248_SRR1781945
NODE_64879_length_721_cov_1.360248_SRR1781945_aa_frame5,1,0.5797083333333334,NODE_64879_length_721_cov_1.360248_SRR1781945
NODE_64879_length_721_cov_1.360248_SRR1781945_aa_frame6,1,1.0,NODE_64879_length_721_cov_1.360248_SRR1781945
NODE_6506_length_2639_cov_7.442724_SRR3193092_ORF.1,0,0.195,NODE_6506_length_2639_cov_7.442724_SRR3193092
NODE_6506_length_2639_cov_7.442724_SRR3193092_aa_frame1,0,0.41,NODE_6506_length_2639_cov_7.442724_SRR3193092
NODE_6506_length_2639_cov_7.442724_SRR3193092_aa_frame2,0,0.4995957446808511,NODE_6506_length_2639_cov_7.442724_SRR3193092
NODE_6506_length_2639_cov_7.442724_SRR3193092_aa_frame3,1,0.67,NODE_6506_length_2639_cov_7.442724_SRR3193092
NODE_6506_length_2639_cov_7.442724_SRR3193092_aa_frame4,1,0.53,NODE_6506_length_2639_cov_7.442724_SRR3193092
NODE_6506_length_2639_cov_7.442724_SRR3193092_aa_frame5,1,0.63,NODE_6506_length_2639_cov_7.442724_SRR3193092
NODE_6506_length_2639_cov_7.442724_SRR3193092_aa_frame6,0,0.305,NODE_6506_length_2639_cov_7.442724_SRR3193092
NODE_6529_length_3310_cov_8.273740_SRR10255703_ORF.1,0,0.23,NODE_6529_length_3310_cov_8.273740_SRR10255703
NODE_6529_length_3310_cov_8.273740_SRR10255703_ORF.2,1,0.825,NODE_6529_length_3310_cov_8.273740_SRR10255703
NODE_6529_length_3310_cov_8.273740_SRR10255703_aa_frame1,0,0.33,NODE_6529_length_3310_cov_8.273740_SRR10255703
NODE_6529_length_3310_cov_8.273740_SRR10255703_aa_frame2,1,0.595,NODE_6529_length_3310_cov_8.273740_SRR10255703
NODE_6529_length_3310_cov_8.273740_SRR10255703_aa_frame3,1,0.785,NODE_6529_length_3310_cov_8.273740_SRR10255703
NODE_6529_length_3310_cov_8.273740_SRR10255703_aa_frame4,1,0.51,NODE_6529_length_3310_cov_8.273740_SRR10255703
NODE_6529_length_3310_cov_8.273740_SRR10255703_aa_frame5,1,0.635,NODE_6529_length_3310_cov_8.273740_SRR10255703
NODE_6529_length_3310_cov_8.273740_SRR10255703_aa_frame6,1,0.555,NODE_6529_length_3310_cov_8.273740_SRR10255703
NODE_6559_length_1348_cov_1022.131393_SRR8658352_ORF.1,0,0.285,NODE_6559_length_1348_cov_1022.131393_SRR8658352
NODE_6559_length_1348_cov_1022.131393_SRR8658352_aa_frame1,1,0.6434278846153846,NODE_6559_length_1348_cov_1022.131393_SRR8658352
NODE_6559_length_1348_cov_1022.131393_SRR8658352_aa_frame2,1,0.765,NODE_6559_length_1348_cov_1022.131393_SRR8658352
NODE_6559_length_1348_cov_1022.131393_SRR8658352_aa_frame3,1,0.589516129032258,NODE_6559_length_1348_cov_1022.131393_SRR8658352
NODE_6559_length_1348_cov_1022.131393_SRR8658352_aa_frame4,1,0.5120921985815603,NODE_6559_length_1348_cov_1022.131393_SRR8658352
NODE_6559_length_1348_cov_1022.131393_SRR8658352_aa_frame5,1,0.8192149758454107,NODE_6559_length_1348_cov_1022.131393_SRR8658352
NODE_6559_length_1348_cov_1022.131393_SRR8658352_aa_frame6,0,0.385,NODE_6559_length_1348_cov_1022.131393_SRR8658352
NODE_6590_length_1491_cov_2.602368_SRR5892088_ORF.1,1,0.56,NODE_6590_length_1491_cov_2.602368_SRR5892088
NODE_6590_length_1491_cov_2.602368_SRR5892088_ORF.2,1,0.78,NODE_6590_length_1491_cov_2.602368_SRR5892088
NODE_6590_length_1491_cov_2.602368_SRR5892088_ORF.3,0,0.15,NODE_6590_length_1491_cov_2.602368_SRR5892088
NODE_6590_length_1491_cov_2.602368_SRR5892088_aa_frame1,1,0.614375,NODE_6590_length_1491_cov_2.602368_SRR5892088
NODE_6590_length_1491_cov_2.602368_SRR5892088_aa_frame2,1,0.6897142857142857,NODE_6590_length_1491_cov_2.602368_SRR5892088
NODE_6590_length_1491_cov_2.602368_SRR5892088_aa_frame3,1,0.575,NODE_6590_length_1491_cov_2.602368_SRR5892088
NODE_6590_length_1491_cov_2.602368_SRR5892088_aa_frame4,1,0.57,NODE_6590_length_1491_cov_2.602368_SRR5892088
NODE_6590_length_1491_cov_2.602368_SRR5892088_aa_frame5,1,0.6349553872053872,NODE_6590_length_1491_cov_2.602368_SRR5892088
NODE_6590_length_1491_cov_2.602368_SRR5892088_aa_frame6,0,0.2888125,NODE_6590_length_1491_cov_2.602368_SRR5892088
NODE_6622_length_1410_cov_1.214554_SRR8554352_ORF.1,1,1.0,NODE_6622_length_1410_cov_1.214554_SRR8554352
NODE_6622_length_1410_cov_1.214554_SRR8554352_aa_frame1,1,0.63,NODE_6622_length_1410_cov_1.214554_SRR8554352
NODE_6622_length_1410_cov_1.214554_SRR8554352_aa_frame2,0,0.4520921985815603,NODE_6622_length_1410_cov_1.214554_SRR8554352
NODE_6622_length_1410_cov_1.214554_SRR8554352_aa_frame3,1,0.6097747747747748,NODE_6622_length_1410_cov_1.214554_SRR8554352
NODE_6622_length_1410_cov_1.214554_SRR8554352_aa_frame4,1,1.0,NODE_6622_length_1410_cov_1.214554_SRR8554352
NODE_6622_length_1410_cov_1.214554_SRR8554352_aa_frame5,1,0.625,NODE_6622_length_1410_cov_1.214554_SRR8554352
NODE_6622_length_1410_cov_1.214554_SRR8554352_aa_frame6,1,0.5929034090909091,NODE_6622_length_1410_cov_1.214554_SRR8554352
NODE_667_length_5644_cov_11.809089_SRR3193092_ORF.1,0,0.375,NODE_667_length_5644_cov_11.809089_SRR3193092
NODE_667_length_5644_cov_11.809089_SRR3193092_ORF.2,0,0.175,NODE_667_length_5644_cov_11.809089_SRR3193092
NODE_667_length_5644_cov_11.809089_SRR3193092_ORF.3,1,0.7648214285714287,NODE_667_length_5644_cov_11.809089_SRR3193092
NODE_667_length_5644_cov_11.809089_SRR3193092_ORF.4,1,0.55,NODE_667_length_5644_cov_11.809089_SRR3193092
NODE_667_length_5644_cov_11.809089_SRR3193092_aa_frame1,1,0.66,NODE_667_length_5644_cov_11.809089_SRR3193092
NODE_667_length_5644_cov_11.809089_SRR3193092_aa_frame2,1,0.62,NODE_667_length_5644_cov_11.809089_SRR3193092
NODE_667_length_5644_cov_11.809089_SRR3193092_aa_frame3,1,0.765,NODE_667_length_5644_cov_11.809089_SRR3193092
NODE_667_length_5644_cov_11.809089_SRR3193092_aa_frame4,1,0.56,NODE_667_length_5644_cov_11.809089_SRR3193092
NODE_667_length_5644_cov_11.809089_SRR3193092_aa_frame5,0,0.41,NODE_667_length_5644_cov_11.809089_SRR3193092
NODE_667_length_5644_cov_11.809089_SRR3193092_aa_frame6,0,0.44,NODE_667_length_5644_cov_11.809089_SRR3193092
NODE_67416_length_1127_cov_1.616604_SRR3624128_ORF.1,0,0.31,NODE_67416_length_1127_cov_1.616604_SRR3624128
NODE_67416_length_1127_cov_1.616604_SRR3624128_aa_frame1,1,0.5536590909090909,NODE_67416_length_1127_cov_1.616604_SRR3624128
NODE_67416_length_1127_cov_1.616604_SRR3624128_aa_frame2,1,0.733,NODE_67416_length_1127_cov_1.616604_SRR3624128
NODE_67416_length_1127_cov_1.616604_SRR3624128_aa_frame3,0,0.39,NODE_67416_length_1127_cov_1.616604_SRR3624128
NODE_67416_length_1127_cov_1.616604_SRR3624128_aa_frame4,1,0.7228214285714286,NODE_67416_length_1127_cov_1.616604_SRR3624128
NODE_67416_length_1127_cov_1.616604_SRR3624128_aa_frame5,1,0.6920957446808511,NODE_67416_length_1127_cov_1.616604_SRR3624128
NODE_67416_length_1127_cov_1.616604_SRR3624128_aa_frame6,1,0.7987591575091575,NODE_67416_length_1127_cov_1.616604_SRR3624128
NODE_67422_length_708_cov_0.973059_SRR1781945_ORF.1,1,0.57,NODE_67422_length_708_cov_0.973059_SRR1781945
NODE_67422_length_708_cov_0.973059_SRR1781945_aa_frame1,1,0.56,NODE_67422_length_708_cov_0.973059_SRR1781945
NODE_67422_length_708_cov_0.973059_SRR1781945_aa_frame2,1,0.674969512195122,NODE_67422_length_708_cov_0.973059_SRR1781945
NODE_67422_length_708_cov_0.973059_SRR1781945_aa_frame3,1,0.6162435186365761,NODE_67422_length_708_cov_0.973059_SRR1781945
NODE_67422_length_708_cov_0.973059_SRR1781945_aa_frame4,1,0.65,NODE_67422_length_708_cov_0.973059_SRR1781945
NODE_67422_length_708_cov_0.973059_SRR1781945_aa_frame5,1,0.7210450675271716,NODE_67422_length_708_cov_0.973059_SRR1781945
NODE_67422_length_708_cov_0.973059_SRR1781945_aa_frame6,1,0.555,NODE_67422_length_708_cov_0.973059_SRR1781945
NODE_67485_length_672_cov_1.154622_SRR1777513_ORF.1,1,1.0,NODE_67485_length_672_cov_1.154622_SRR1777513
NODE_67485_length_672_cov_1.154622_SRR1777513_aa_frame1,1,0.6715257936507936,NODE_67485_length_672_cov_1.154622_SRR1777513
NODE_67485_length_672_cov_1.154622_SRR1777513_aa_frame2,1,1.0,NODE_67485_length_672_cov_1.154622_SRR1777513
NODE_67485_length_672_cov_1.154622_SRR1777513_aa_frame3,1,0.605,NODE_67485_length_672_cov_1.154622_SRR1777513
NODE_67485_length_672_cov_1.154622_SRR1777513_aa_frame4,1,0.5449065420560748,NODE_67485_length_672_cov_1.154622_SRR1777513
NODE_67485_length_672_cov_1.154622_SRR1777513_aa_frame5,1,0.6646052631578948,NODE_67485_length_672_cov_1.154622_SRR1777513
NODE_67485_length_672_cov_1.154622_SRR1777513_aa_frame6,1,0.6529685979198675,NODE_67485_length_672_cov_1.154622_SRR1777513
NODE_6843_length_1382_cov_1.714943_SRR8554352_ORF.1,1,1.0,NODE_6843_length_1382_cov_1.714943_SRR8554352
NODE_6843_length_1382_cov_1.714943_SRR8554352_ORF.2,1,0.6695131086142322,NODE_6843_length_1382_cov_1.714943_SRR8554352
NODE_6843_length_1382_cov_1.714943_SRR8554352_aa_frame1,1,0.665,NODE_6843_length_1382_cov_1.714943_SRR8554352
NODE_6843_length_1382_cov_1.714943_SRR8554352_aa_frame2,1,0.6000625,NODE_6843_length_1382_cov_1.714943_SRR8554352
NODE_6843_length_1382_cov_1.714943_SRR8554352_aa_frame3,1,0.619,NODE_6843_length_1382_cov_1.714943_SRR8554352
NODE_6843_length_1382_cov_1.714943_SRR8554352_aa_frame4,1,0.68,NODE_6843_length_1382_cov_1.714943_SRR8554352
NODE_6843_length_1382_cov_1.714943_SRR8554352_aa_frame5,1,1.0,NODE_6843_length_1382_cov_1.714943_SRR8554352
NODE_6843_length_1382_cov_1.714943_SRR8554352_aa_frame6,1,0.5328588869243075,NODE_6843_length_1382_cov_1.714943_SRR8554352
NODE_69039_length_664_cov_0.804089_SRR1777513_ORF.1,1,0.995,NODE_69039_length_664_cov_0.804089_SRR1777513
NODE_69039_length_664_cov_0.804089_SRR1777513_aa_frame1,1,0.6638728331244778,NODE_69039_length_664_cov_0.804089_SRR1777513
NODE_69039_length_664_cov_0.804089_SRR1777513_aa_frame2,1,1.0,NODE_69039_length_664_cov_0.804089_SRR1777513
NODE_69039_length_664_cov_0.804089_SRR1777513_aa_frame3,1,0.6,NODE_69039_length_664_cov_0.804089_SRR1777513
NODE_69039_length_664_cov_0.804089_SRR1777513_aa_frame4,1,0.7443174603174603,NODE_69039_length_664_cov_0.804089_SRR1777513
NODE_69039_length_664_cov_0.804089_SRR1777513_aa_frame5,1,0.5844139566395664,NODE_69039_length_664_cov_0.804089_SRR1777513
NODE_69039_length_664_cov_0.804089_SRR1777513_aa_frame6,1,0.7041042780748663,NODE_69039_length_664_cov_0.804089_SRR1777513
NODE_69123_length_849_cov_0.801813_SRR1785350_ORF.1,1,0.61,NODE_69123_length_849_cov_0.801813_SRR1785350
NODE_69123_length_849_cov_0.801813_SRR1785350_aa_frame1,1,0.625,NODE_69123_length_849_cov_0.801813_SRR1785350
NODE_69123_length_849_cov_0.801813_SRR1785350_aa_frame2,1,0.6346212121212121,NODE_69123_length_849_cov_0.801813_SRR1785350
NODE_69123_length_849_cov_0.801813_SRR1785350_aa_frame3,1,0.6142984560638236,NODE_69123_length_849_cov_0.801813_SRR1785350
NODE_69123_length_849_cov_0.801813_SRR1785350_aa_frame4,1,0.6994916483025261,NODE_69123_length_849_cov_0.801813_SRR1785350
NODE_69123_length_849_cov_0.801813_SRR1785350_aa_frame5,1,0.7525886069890332,NODE_69123_length_849_cov_0.801813_SRR1785350
NODE_69123_length_849_cov_0.801813_SRR1785350_aa_frame6,1,0.5996212121212121,NODE_69123_length_849_cov_0.801813_SRR1785350
NODE_6974_length_3327_cov_4.830462_SRR10143185_ORF.1,0,0.4,NODE_6974_length_3327_cov_4.830462_SRR10143185
NODE_6974_length_3327_cov_4.830462_SRR10143185_ORF.2,1,0.54,NODE_6974_length_3327_cov_4.830462_SRR10143185
NODE_6974_length_3327_cov_4.830462_SRR10143185_ORF.3,1,0.505,NODE_6974_length_3327_cov_4.830462_SRR10143185
NODE_6974_length_3327_cov_4.830462_SRR10143185_ORF.4,1,0.745,NODE_6974_length_3327_cov_4.830462_SRR10143185
NODE_6974_length_3327_cov_4.830462_SRR10143185_ORF.5,0,0.465,NODE_6974_length_3327_cov_4.830462_SRR10143185
NODE_6974_length_3327_cov_4.830462_SRR10143185_aa_frame1,1,0.705,NODE_6974_length_3327_cov_4.830462_SRR10143185
NODE_6974_length_3327_cov_4.830462_SRR10143185_aa_frame2,1,0.74,NODE_6974_length_3327_cov_4.830462_SRR10143185
NODE_6974_length_3327_cov_4.830462_SRR10143185_aa_frame3,0,0.5,NODE_6974_length_3327_cov_4.830462_SRR10143185
NODE_6974_length_3327_cov_4.830462_SRR10143185_aa_frame4,1,0.79,NODE_6974_length_3327_cov_4.830462_SRR10143185
NODE_6974_length_3327_cov_4.830462_SRR10143185_aa_frame5,0,0.5,NODE_6974_length_3327_cov_4.830462_SRR10143185
NODE_6974_length_3327_cov_4.830462_SRR10143185_aa_frame6,1,0.7,NODE_6974_length_3327_cov_4.830462_SRR10143185
NODE_69911_length_695_cov_2.503236_SRR1781945_ORF.1,1,0.96,NODE_69911_length_695_cov_2.503236_SRR1781945
NODE_69911_length_695_cov_2.503236_SRR1781945_aa_frame1,1,0.6139338235294117,NODE_69911_length_695_cov_2.503236_SRR1781945
NODE_69911_length_695_cov_2.503236_SRR1781945_aa_frame2,1,0.5548,NODE_69911_length_695_cov_2.503236_SRR1781945
NODE_69911_length_695_cov_2.503236_SRR1781945_aa_frame3,1,0.6894653655854864,NODE_69911_length_695_cov_2.503236_SRR1781945
NODE_69911_length_695_cov_2.503236_SRR1781945_aa_frame4,1,0.7242857142857143,NODE_69911_length_695_cov_2.503236_SRR1781945
NODE_69911_length_695_cov_2.503236_SRR1781945_aa_frame5,1,0.96,NODE_69911_length_695_cov_2.503236_SRR1781945
NODE_69911_length_695_cov_2.503236_SRR1781945_aa_frame6,1,0.62,NODE_69911_length_695_cov_2.503236_SRR1781945
NODE_70268_length_694_cov_0.745543_SRR1781945_ORF.1,1,0.945,NODE_70268_length_694_cov_0.745543_SRR1781945
NODE_70268_length_694_cov_0.745543_SRR1781945_aa_frame1,1,0.6378602369926106,NODE_70268_length_694_cov_0.745543_SRR1781945
NODE_70268_length_694_cov_0.745543_SRR1781945_aa_frame2,1,0.734086691086691,NODE_70268_length_694_cov_0.745543_SRR1781945
NODE_70268_length_694_cov_0.745543_SRR1781945_aa_frame3,1,0.6643174603174603,NODE_70268_length_694_cov_0.745543_SRR1781945
NODE_70268_length_694_cov_0.745543_SRR1781945_aa_frame4,1,0.945,NODE_70268_length_694_cov_0.745543_SRR1781945
NODE_70268_length_694_cov_0.745543_SRR1781945_aa_frame5,1,0.7694088235294118,NODE_70268_length_694_cov_0.745543_SRR1781945
NODE_70268_length_694_cov_0.745543_SRR1781945_aa_frame6,1,0.624090909090909,NODE_70268_length_694_cov_0.745543_SRR1781945
NODE_70607_length_656_cov_1.077720_SRR1777513_ORF.1,1,0.99,NODE_70607_length_656_cov_1.077720_SRR1777513
NODE_70607_length_656_cov_1.077720_SRR1777513_aa_frame1,1,0.62,NODE_70607_length_656_cov_1.077720_SRR1777513
NODE_70607_length_656_cov_1.077720_SRR1777513_aa_frame2,1,0.93,NODE_70607_length_656_cov_1.077720_SRR1777513
NODE_70607_length_656_cov_1.077720_SRR1777513_aa_frame3,1,0.6585714285714286,NODE_70607_length_656_cov_1.077720_SRR1777513
NODE_70607_length_656_cov_1.077720_SRR1777513_aa_frame4,1,0.64,NODE_70607_length_656_cov_1.077720_SRR1777513
NODE_70607_length_656_cov_1.077720_SRR1777513_aa_frame5,1,0.6443174603174603,NODE_70607_length_656_cov_1.077720_SRR1777513
NODE_70607_length_656_cov_1.077720_SRR1777513_aa_frame6,1,0.51496875,NODE_70607_length_656_cov_1.077720_SRR1777513
NODE_70_length_6749_cov_867.399281_SRR8749691_ORF.1,0,0.5,NODE_70_length_6749_cov_867.399281_SRR8749691
NODE_70_length_6749_cov_867.399281_SRR8749691_ORF.2,1,0.725,NODE_70_length_6749_cov_867.399281_SRR8749691
NODE_70_length_6749_cov_867.399281_SRR8749691_ORF.3,1,0.56,NODE_70_length_6749_cov_867.399281_SRR8749691
NODE_70_length_6749_cov_867.399281_SRR8749691_ORF.4,1,0.715,NODE_70_length_6749_cov_867.399281_SRR8749691
NODE_70_length_6749_cov_867.399281_SRR8749691_ORF.5,1,0.705,NODE_70_length_6749_cov_867.399281_SRR8749691
NODE_70_length_6749_cov_867.399281_SRR8749691_aa_frame1,1,0.84,NODE_70_length_6749_cov_867.399281_SRR8749691
NODE_70_length_6749_cov_867.399281_SRR8749691_aa_frame2,0,0.495,NODE_70_length_6749_cov_867.399281_SRR8749691
NODE_70_length_6749_cov_867.399281_SRR8749691_aa_frame3,1,0.55,NODE_70_length_6749_cov_867.399281_SRR8749691
NODE_70_length_6749_cov_867.399281_SRR8749691_aa_frame4,1,0.88,NODE_70_length_6749_cov_867.399281_SRR8749691
NODE_70_length_6749_cov_867.399281_SRR8749691_aa_frame5,1,0.84,NODE_70_length_6749_cov_867.399281_SRR8749691
NODE_70_length_6749_cov_867.399281_SRR8749691_aa_frame6,1,0.645,NODE_70_length_6749_cov_867.399281_SRR8749691
NODE_7104_length_1501_cov_4.732365_ERR1356733_ORF.1,1,1.0,NODE_7104_length_1501_cov_4.732365_ERR1356733
NODE_7104_length_1501_cov_4.732365_ERR1356733_aa_frame1,1,0.86,NODE_7104_length_1501_cov_4.732365_ERR1356733
NODE_7104_length_1501_cov_4.732365_ERR1356733_aa_frame2,1,0.745,NODE_7104_length_1501_cov_4.732365_ERR1356733
NODE_7104_length_1501_cov_4.732365_ERR1356733_aa_frame3,1,0.69,NODE_7104_length_1501_cov_4.732365_ERR1356733
NODE_7104_length_1501_cov_4.732365_ERR1356733_aa_frame4,1,0.64,NODE_7104_length_1501_cov_4.732365_ERR1356733
NODE_7104_length_1501_cov_4.732365_ERR1356733_aa_frame5,1,1.0,NODE_7104_length_1501_cov_4.732365_ERR1356733
NODE_7104_length_1501_cov_4.732365_ERR1356733_aa_frame6,1,0.575,NODE_7104_length_1501_cov_4.732365_ERR1356733
NODE_71077_length_838_cov_1.311432_SRR1785350_ORF.1,1,0.96,NODE_71077_length_838_cov_1.311432_SRR1785350
NODE_71077_length_838_cov_1.311432_SRR1785350_ORF.2,1,0.56,NODE_71077_length_838_cov_1.311432_SRR1785350
NODE_71077_length_838_cov_1.311432_SRR1785350_ORF.3,1,0.56,NODE_71077_length_838_cov_1.311432_SRR1785350
NODE_71077_length_838_cov_1.311432_SRR1785350_aa_frame1,1,0.96,NODE_71077_length_838_cov_1.311432_SRR1785350
NODE_71077_length_838_cov_1.311432_SRR1785350_aa_frame2,1,0.522682436611008,NODE_71077_length_838_cov_1.311432_SRR1785350
NODE_71077_length_838_cov_1.311432_SRR1785350_aa_frame3,1,0.7337711827501255,NODE_71077_length_838_cov_1.311432_SRR1785350
NODE_71077_length_838_cov_1.311432_SRR1785350_aa_frame4,1,0.6345095348371788,NODE_71077_length_838_cov_1.311432_SRR1785350
NODE_71077_length_838_cov_1.311432_SRR1785350_aa_frame5,1,0.6890409608172766,NODE_71077_length_838_cov_1.311432_SRR1785350
NODE_71077_length_838_cov_1.311432_SRR1785350_aa_frame6,1,0.6295684800474227,NODE_71077_length_838_cov_1.311432_SRR1785350
NODE_71303_length_652_cov_1.697391_SRR1777513_ORF.1,1,0.605,NODE_71303_length_652_cov_1.697391_SRR1777513
NODE_71303_length_652_cov_1.697391_SRR1777513_ORF.2,1,0.59,NODE_71303_length_652_cov_1.697391_SRR1777513
NODE_71303_length_652_cov_1.697391_SRR1777513_aa_frame1,1,0.69,NODE_71303_length_652_cov_1.697391_SRR1777513
NODE_71303_length_652_cov_1.697391_SRR1777513_aa_frame2,1,0.5897692307692308,NODE_71303_length_652_cov_1.697391_SRR1777513
NODE_71303_length_652_cov_1.697391_SRR1777513_aa_frame3,1,0.565,NODE_71303_length_652_cov_1.697391_SRR1777513
NODE_71303_length_652_cov_1.697391_SRR1777513_aa_frame4,1,0.6693174603174603,NODE_71303_length_652_cov_1.697391_SRR1777513
NODE_71303_length_652_cov_1.697391_SRR1777513_aa_frame5,1,0.7338161487398329,NODE_71303_length_652_cov_1.697391_SRR1777513
NODE_71303_length_652_cov_1.697391_SRR1777513_aa_frame6,1,0.5183783783783784,NODE_71303_length_652_cov_1.697391_SRR1777513
NODE_71405_length_652_cov_0.603478_SRR1777513_ORF.1,1,0.925,NODE_71405_length_652_cov_0.603478_SRR1777513
NODE_71405_length_652_cov_0.603478_SRR1777513_aa_frame1,1,0.65496875,NODE_71405_length_652_cov_0.603478_SRR1777513
NODE_71405_length_652_cov_0.603478_SRR1777513_aa_frame2,1,0.6202133226805153,NODE_71405_length_652_cov_0.603478_SRR1777513
NODE_71405_length_652_cov_0.603478_SRR1777513_aa_frame3,1,0.6299687500000001,NODE_71405_length_652_cov_0.603478_SRR1777513
NODE_71405_length_652_cov_0.603478_SRR1777513_aa_frame4,1,0.68375,NODE_71405_length_652_cov_0.603478_SRR1777513
NODE_71405_length_652_cov_0.603478_SRR1777513_aa_frame5,1,0.701086956521739,NODE_71405_length_652_cov_0.603478_SRR1777513
NODE_71405_length_652_cov_0.603478_SRR1777513_aa_frame6,1,0.975,NODE_71405_length_652_cov_0.603478_SRR1777513
NODE_715_length_2832_cov_33.205082_SRR1782604_ORF.1,1,0.85,NODE_715_length_2832_cov_33.205082_SRR1782604
NODE_715_length_2832_cov_33.205082_SRR1782604_ORF.2,1,1.0,NODE_715_length_2832_cov_33.205082_SRR1782604
NODE_715_length_2832_cov_33.205082_SRR1782604_ORF.3,1,0.645,NODE_715_length_2832_cov_33.205082_SRR1782604
NODE_715_length_2832_cov_33.205082_SRR1782604_aa_frame1,1,0.81,NODE_715_length_2832_cov_33.205082_SRR1782604
NODE_715_length_2832_cov_33.205082_SRR1782604_aa_frame2,1,1.0,NODE_715_length_2832_cov_33.205082_SRR1782604
NODE_715_length_2832_cov_33.205082_SRR1782604_aa_frame3,1,0.62,NODE_715_length_2832_cov_33.205082_SRR1782604
NODE_715_length_2832_cov_33.205082_SRR1782604_aa_frame4,1,0.63,NODE_715_length_2832_cov_33.205082_SRR1782604
NODE_715_length_2832_cov_33.205082_SRR1782604_aa_frame5,1,0.595,NODE_715_length_2832_cov_33.205082_SRR1782604
NODE_715_length_2832_cov_33.205082_SRR1782604_aa_frame6,1,0.545,NODE_715_length_2832_cov_33.205082_SRR1782604
NODE_71_length_6076_cov_12.863977_SRR7976667_ORF.1,0,0.29,NODE_71_length_6076_cov_12.863977_SRR7976667
NODE_71_length_6076_cov_12.863977_SRR7976667_ORF.2,0,0.48,NODE_71_length_6076_cov_12.863977_SRR7976667
NODE_71_length_6076_cov_12.863977_SRR7976667_ORF.3,1,0.675,NODE_71_length_6076_cov_12.863977_SRR7976667
NODE_71_length_6076_cov_12.863977_SRR7976667_ORF.4,1,0.62,NODE_71_length_6076_cov_12.863977_SRR7976667
NODE_71_length_6076_cov_12.863977_SRR7976667_ORF.5,1,0.77,NODE_71_length_6076_cov_12.863977_SRR7976667
NODE_71_length_6076_cov_12.863977_SRR7976667_ORF.6,1,0.61,NODE_71_length_6076_cov_12.863977_SRR7976667
NODE_71_length_6076_cov_12.863977_SRR7976667_ORF.7,1,0.795,NODE_71_length_6076_cov_12.863977_SRR7976667
NODE_71_length_6076_cov_12.863977_SRR7976667_ORF.8,0,0.45,NODE_71_length_6076_cov_12.863977_SRR7976667
NODE_71_length_6076_cov_12.863977_SRR7976667_aa_frame1,1,0.51,NODE_71_length_6076_cov_12.863977_SRR7976667
NODE_71_length_6076_cov_12.863977_SRR7976667_aa_frame2,1,0.73,NODE_71_length_6076_cov_12.863977_SRR7976667
NODE_71_length_6076_cov_12.863977_SRR7976667_aa_frame3,1,0.745,NODE_71_length_6076_cov_12.863977_SRR7976667
NODE_71_length_6076_cov_12.863977_SRR7976667_aa_frame4,1,0.75,NODE_71_length_6076_cov_12.863977_SRR7976667
NODE_71_length_6076_cov_12.863977_SRR7976667_aa_frame5,1,0.75,NODE_71_length_6076_cov_12.863977_SRR7976667
NODE_71_length_6076_cov_12.863977_SRR7976667_aa_frame6,1,0.725,NODE_71_length_6076_cov_12.863977_SRR7976667
NODE_72146_length_685_cov_0.838816_SRR1781945_ORF.1,1,0.955,NODE_72146_length_685_cov_0.838816_SRR1781945
NODE_72146_length_685_cov_0.838816_SRR1781945_aa_frame1,1,0.6506491228070175,NODE_72146_length_685_cov_0.838816_SRR1781945
NODE_72146_length_685_cov_0.838816_SRR1781945_aa_frame2,1,0.6696517203061874,NODE_72146_length_685_cov_0.838816_SRR1781945
NODE_72146_length_685_cov_0.838816_SRR1781945_aa_frame3,1,0.525,NODE_72146_length_685_cov_0.838816_SRR1781945
NODE_72146_length_685_cov_0.838816_SRR1781945_aa_frame4,1,0.7349590163934425,NODE_72146_length_685_cov_0.838816_SRR1781945
NODE_72146_length_685_cov_0.838816_SRR1781945_aa_frame5,1,0.6193745143745144,NODE_72146_length_685_cov_0.838816_SRR1781945
NODE_72146_length_685_cov_0.838816_SRR1781945_aa_frame6,1,0.945,NODE_72146_length_685_cov_0.838816_SRR1781945
NODE_72195_length_647_cov_2.831579_SRR1777513_ORF.1,1,0.875,NODE_72195_length_647_cov_2.831579_SRR1777513
NODE_72195_length_647_cov_2.831579_SRR1777513_aa_frame1,1,0.6195454545454545,NODE_72195_length_647_cov_2.831579_SRR1777513
NODE_72195_length_647_cov_2.831579_SRR1777513_aa_frame2,1,0.5647051140802566,NODE_72195_length_647_cov_2.831579_SRR1777513
NODE_72195_length_647_cov_2.831579_SRR1777513_aa_frame3,1,0.7244202898550725,NODE_72195_length_647_cov_2.831579_SRR1777513
NODE_72195_length_647_cov_2.831579_SRR1777513_aa_frame4,1,0.625,NODE_72195_length_647_cov_2.831579_SRR1777513
NODE_72195_length_647_cov_2.831579_SRR1777513_aa_frame5,1,0.635,NODE_72195_length_647_cov_2.831579_SRR1777513
NODE_72195_length_647_cov_2.831579_SRR1777513_aa_frame6,1,0.8813768115942028,NODE_72195_length_647_cov_2.831579_SRR1777513
NODE_72195_length_684_cov_3.845140_SRR1781945_ORF.1,1,0.94,NODE_72195_length_684_cov_3.845140_SRR1781945
NODE_72195_length_684_cov_3.845140_SRR1781945_aa_frame1,1,0.985,NODE_72195_length_684_cov_3.845140_SRR1781945
NODE_72195_length_684_cov_3.845140_SRR1781945_aa_frame2,1,0.70435,NODE_72195_length_684_cov_3.845140_SRR1781945
NODE_72195_length_684_cov_3.845140_SRR1781945_aa_frame3,1,0.6691507177033492,NODE_72195_length_684_cov_3.845140_SRR1781945
NODE_72195_length_684_cov_3.845140_SRR1781945_aa_frame4,1,0.5498026315789474,NODE_72195_length_684_cov_3.845140_SRR1781945
NODE_72195_length_684_cov_3.845140_SRR1781945_aa_frame5,1,0.6208601398601399,NODE_72195_length_684_cov_3.845140_SRR1781945
NODE_72195_length_684_cov_3.845140_SRR1781945_aa_frame6,1,0.6943376068376068,NODE_72195_length_684_cov_3.845140_SRR1781945
NODE_7249_length_1433_cov_3.153846_SRR1778783_ORF.1,0,0.455,NODE_7249_length_1433_cov_3.153846_SRR1778783
NODE_7249_length_1433_cov_3.153846_SRR1778783_aa_frame1,1,0.71,NODE_7249_length_1433_cov_3.153846_SRR1778783
NODE_7249_length_1433_cov_3.153846_SRR1778783_aa_frame2,0,0.465,NODE_7249_length_1433_cov_3.153846_SRR1778783
NODE_7249_length_1433_cov_3.153846_SRR1778783_aa_frame3,1,0.63,NODE_7249_length_1433_cov_3.153846_SRR1778783
NODE_7249_length_1433_cov_3.153846_SRR1778783_aa_frame4,1,0.6,NODE_7249_length_1433_cov_3.153846_SRR1778783
NODE_7249_length_1433_cov_3.153846_SRR1778783_aa_frame5,1,0.59,NODE_7249_length_1433_cov_3.153846_SRR1778783
NODE_7249_length_1433_cov_3.153846_SRR1778783_aa_frame6,0,0.45,NODE_7249_length_1433_cov_3.153846_SRR1778783
NODE_733_length_913_cov_24.148019_SRR6038364_ORF.1,0,0.4603464419475655,NODE_733_length_913_cov_24.148019_SRR6038364
NODE_733_length_913_cov_24.148019_SRR6038364_ORF.2,1,1.0,NODE_733_length_913_cov_24.148019_SRR6038364
NODE_733_length_913_cov_24.148019_SRR6038364_aa_frame1,1,0.7469852226327046,NODE_733_length_913_cov_24.148019_SRR6038364
NODE_733_length_913_cov_24.148019_SRR6038364_aa_frame2,1,0.565,NODE_733_length_913_cov_24.148019_SRR6038364
NODE_733_length_913_cov_24.148019_SRR6038364_aa_frame3,1,0.6993120541355836,NODE_733_length_913_cov_24.148019_SRR6038364
NODE_733_length_913_cov_24.148019_SRR6038364_aa_frame4,1,0.7343285866110754,NODE_733_length_913_cov_24.148019_SRR6038364
NODE_733_length_913_cov_24.148019_SRR6038364_aa_frame5,1,1.0,NODE_733_length_913_cov_24.148019_SRR6038364
NODE_733_length_913_cov_24.148019_SRR6038364_aa_frame6,1,0.664593170678277,NODE_733_length_913_cov_24.148019_SRR6038364
NODE_7350_length_2031_cov_9.782497_SRR1777513_ORF.1,1,0.685,NODE_7350_length_2031_cov_9.782497_SRR1777513
NODE_7350_length_2031_cov_9.782497_SRR1777513_ORF.2,1,0.975,NODE_7350_length_2031_cov_9.782497_SRR1777513
NODE_7350_length_2031_cov_9.782497_SRR1777513_ORF.3,1,0.995,NODE_7350_length_2031_cov_9.782497_SRR1777513
NODE_7350_length_2031_cov_9.782497_SRR1777513_aa_frame1,1,0.625,NODE_7350_length_2031_cov_9.782497_SRR1777513
NODE_7350_length_2031_cov_9.782497_SRR1777513_aa_frame2,1,0.64,NODE_7350_length_2031_cov_9.782497_SRR1777513
NODE_7350_length_2031_cov_9.782497_SRR1777513_aa_frame3,0,0.475,NODE_7350_length_2031_cov_9.782497_SRR1777513
NODE_7350_length_2031_cov_9.782497_SRR1777513_aa_frame4,1,0.5480079365079366,NODE_7350_length_2031_cov_9.782497_SRR1777513
NODE_7350_length_2031_cov_9.782497_SRR1777513_aa_frame5,1,0.895,NODE_7350_length_2031_cov_9.782497_SRR1777513
NODE_7350_length_2031_cov_9.782497_SRR1777513_aa_frame6,1,0.96,NODE_7350_length_2031_cov_9.782497_SRR1777513
NODE_73625_length_628_cov_2.041885_SRR3193092_ORF.1,1,0.53,NODE_73625_length_628_cov_2.041885_SRR3193092
NODE_73625_length_628_cov_2.041885_SRR3193092_aa_frame1,1,0.565,NODE_73625_length_628_cov_2.041885_SRR3193092
NODE_73625_length_628_cov_2.041885_SRR3193092_aa_frame2,1,0.655,NODE_73625_length_628_cov_2.041885_SRR3193092
NODE_73625_length_628_cov_2.041885_SRR3193092_aa_frame3,1,0.5893174603174604,NODE_73625_length_628_cov_2.041885_SRR3193092
NODE_73625_length_628_cov_2.041885_SRR3193092_aa_frame4,1,0.515,NODE_73625_length_628_cov_2.041885_SRR3193092
NODE_73625_length_628_cov_2.041885_SRR3193092_aa_frame5,1,0.645,NODE_73625_length_628_cov_2.041885_SRR3193092
NODE_73625_length_628_cov_2.041885_SRR3193092_aa_frame6,1,0.525,NODE_73625_length_628_cov_2.041885_SRR3193092
NODE_7363_length_2030_cov_1.763953_SRR1777513_ORF.1,1,0.995,NODE_7363_length_2030_cov_1.763953_SRR1777513
NODE_7363_length_2030_cov_1.763953_SRR1777513_ORF.2,1,0.95,NODE_7363_length_2030_cov_1.763953_SRR1777513
NODE_7363_length_2030_cov_1.763953_SRR1777513_ORF.3,1,0.6724143676952665,NODE_7363_length_2030_cov_1.763953_SRR1777513
NODE_7363_length_2030_cov_1.763953_SRR1777513_ORF.4,1,0.69,NODE_7363_length_2030_cov_1.763953_SRR1777513
NODE_7363_length_2030_cov_1.763953_SRR1777513_aa_frame1,1,0.97,NODE_7363_length_2030_cov_1.763953_SRR1777513
NODE_7363_length_2030_cov_1.763953_SRR1777513_aa_frame2,1,0.97,NODE_7363_length_2030_cov_1.763953_SRR1777513
NODE_7363_length_2030_cov_1.763953_SRR1777513_aa_frame3,1,0.618231922398589,NODE_7363_length_2030_cov_1.763953_SRR1777513
NODE_7363_length_2030_cov_1.763953_SRR1777513_aa_frame4,1,0.645,NODE_7363_length_2030_cov_1.763953_SRR1777513
NODE_7363_length_2030_cov_1.763953_SRR1777513_aa_frame5,1,0.6409234863835929,NODE_7363_length_2030_cov_1.763953_SRR1777513
NODE_7363_length_2030_cov_1.763953_SRR1777513_aa_frame6,1,0.5549382716049382,NODE_7363_length_2030_cov_1.763953_SRR1777513
NODE_741_length_2079_cov_0.858094_SRR12904122_ORF.1,0,0.43,NODE_741_length_2079_cov_0.858094_SRR12904122
NODE_741_length_2079_cov_0.858094_SRR12904122_ORF.2,0,0.42,NODE_741_length_2079_cov_0.858094_SRR12904122
NODE_741_length_2079_cov_0.858094_SRR12904122_ORF.3,0,0.46,NODE_741_length_2079_cov_0.858094_SRR12904122
NODE_741_length_2079_cov_0.858094_SRR12904122_ORF.4,1,0.54,NODE_741_length_2079_cov_0.858094_SRR12904122
NODE_741_length_2079_cov_0.858094_SRR12904122_ORF.5,1,0.665,NODE_741_length_2079_cov_0.858094_SRR12904122
NODE_741_length_2079_cov_0.858094_SRR12904122_aa_frame1,1,0.6182936507936507,NODE_741_length_2079_cov_0.858094_SRR12904122
NODE_741_length_2079_cov_0.858094_SRR12904122_aa_frame2,1,0.57,NODE_741_length_2079_cov_0.858094_SRR12904122
NODE_741_length_2079_cov_0.858094_SRR12904122_aa_frame3,1,0.6,NODE_741_length_2079_cov_0.858094_SRR12904122
NODE_741_length_2079_cov_0.858094_SRR12904122_aa_frame4,1,0.629375,NODE_741_length_2079_cov_0.858094_SRR12904122
NODE_741_length_2079_cov_0.858094_SRR12904122_aa_frame5,1,0.5729462081128748,NODE_741_length_2079_cov_0.858094_SRR12904122
NODE_741_length_2079_cov_0.858094_SRR12904122_aa_frame6,1,0.56,NODE_741_length_2079_cov_0.858094_SRR12904122
NODE_7447_length_1910_cov_0.860884_SRR1781945_ORF.1,1,0.76,NODE_7447_length_1910_cov_0.860884_SRR1781945
NODE_7447_length_1910_cov_0.860884_SRR1781945_ORF.2,1,0.925,NODE_7447_length_1910_cov_0.860884_SRR1781945
NODE_7447_length_1910_cov_0.860884_SRR1781945_ORF.3,1,0.61,NODE_7447_length_1910_cov_0.860884_SRR1781945
NODE_7447_length_1910_cov_0.860884_SRR1781945_ORF.4,1,0.99,NODE_7447_length_1910_cov_0.860884_SRR1781945
NODE_7447_length_1910_cov_0.860884_SRR1781945_aa_frame1,0,0.45,NODE_7447_length_1910_cov_0.860884_SRR1781945
NODE_7447_length_1910_cov_0.860884_SRR1781945_aa_frame2,0,0.44829365079365074,NODE_7447_length_1910_cov_0.860884_SRR1781945
NODE_7447_length_1910_cov_0.860884_SRR1781945_aa_frame3,1,0.58,NODE_7447_length_1910_cov_0.860884_SRR1781945
NODE_7447_length_1910_cov_0.860884_SRR1781945_aa_frame4,1,0.61375,NODE_7447_length_1910_cov_0.860884_SRR1781945
NODE_7447_length_1910_cov_0.860884_SRR1781945_aa_frame5,1,0.985,NODE_7447_length_1910_cov_0.860884_SRR1781945
NODE_7447_length_1910_cov_0.860884_SRR1781945_aa_frame6,1,0.955,NODE_7447_length_1910_cov_0.860884_SRR1781945
NODE_75_length_6147_cov_733.997199_SRR4435991_ORF.1,1,0.58,NODE_75_length_6147_cov_733.997199_SRR4435991
NODE_75_length_6147_cov_733.997199_SRR4435991_ORF.2,0,0.225,NODE_75_length_6147_cov_733.997199_SRR4435991
NODE_75_length_6147_cov_733.997199_SRR4435991_ORF.3,1,0.57,NODE_75_length_6147_cov_733.997199_SRR4435991
NODE_75_length_6147_cov_733.997199_SRR4435991_ORF.4,1,0.63,NODE_75_length_6147_cov_733.997199_SRR4435991
NODE_75_length_6147_cov_733.997199_SRR4435991_ORF.5,1,0.775,NODE_75_length_6147_cov_733.997199_SRR4435991
NODE_75_length_6147_cov_733.997199_SRR4435991_ORF.6,1,0.73,NODE_75_length_6147_cov_733.997199_SRR4435991
NODE_75_length_6147_cov_733.997199_SRR4435991_aa_frame1,1,0.72,NODE_75_length_6147_cov_733.997199_SRR4435991
NODE_75_length_6147_cov_733.997199_SRR4435991_aa_frame2,1,0.56,NODE_75_length_6147_cov_733.997199_SRR4435991
NODE_75_length_6147_cov_733.997199_SRR4435991_aa_frame3,1,0.58,NODE_75_length_6147_cov_733.997199_SRR4435991
NODE_75_length_6147_cov_733.997199_SRR4435991_aa_frame4,0,0.47,NODE_75_length_6147_cov_733.997199_SRR4435991
NODE_75_length_6147_cov_733.997199_SRR4435991_aa_frame5,1,0.92,NODE_75_length_6147_cov_733.997199_SRR4435991
NODE_75_length_6147_cov_733.997199_SRR4435991_aa_frame6,1,0.575,NODE_75_length_6147_cov_733.997199_SRR4435991
NODE_7602_length_1298_cov_1.528256_SRR8554352_ORF.1,0,0.46,NODE_7602_length_1298_cov_1.528256_SRR8554352
NODE_7602_length_1298_cov_1.528256_SRR8554352_ORF.2,1,0.8695650323459313,NODE_7602_length_1298_cov_1.528256_SRR8554352
NODE_7602_length_1298_cov_1.528256_SRR8554352_aa_frame1,1,0.78,NODE_7602_length_1298_cov_1.528256_SRR8554352
NODE_7602_length_1298_cov_1.528256_SRR8554352_aa_frame2,1,0.8691071428571427,NODE_7602_length_1298_cov_1.528256_SRR8554352
NODE_7602_length_1298_cov_1.528256_SRR8554352_aa_frame3,1,0.7734610215053763,NODE_7602_length_1298_cov_1.528256_SRR8554352
NODE_7602_length_1298_cov_1.528256_SRR8554352_aa_frame4,1,0.7645405296950242,NODE_7602_length_1298_cov_1.528256_SRR8554352
NODE_7602_length_1298_cov_1.528256_SRR8554352_aa_frame5,1,0.99,NODE_7602_length_1298_cov_1.528256_SRR8554352
NODE_7602_length_1298_cov_1.528256_SRR8554352_aa_frame6,1,0.705,NODE_7602_length_1298_cov_1.528256_SRR8554352
NODE_7654_length_1230_cov_2242.191674_SRR8658356_ORF.1,0,0.46,NODE_7654_length_1230_cov_2242.191674_SRR8658356
NODE_7654_length_1230_cov_2242.191674_SRR8658356_aa_frame1,1,0.8649404761904762,NODE_7654_length_1230_cov_2242.191674_SRR8658356
NODE_7654_length_1230_cov_2242.191674_SRR8658356_aa_frame2,1,0.8888625854051386,NODE_7654_length_1230_cov_2242.191674_SRR8658356
NODE_7654_length_1230_cov_2242.191674_SRR8658356_aa_frame3,1,0.8316666666666667,NODE_7654_length_1230_cov_2242.191674_SRR8658356
NODE_7654_length_1230_cov_2242.191674_SRR8658356_aa_frame4,0,0.475,NODE_7654_length_1230_cov_2242.191674_SRR8658356
NODE_7654_length_1230_cov_2242.191674_SRR8658356_aa_frame5,1,0.7349645390070921,NODE_7654_length_1230_cov_2242.191674_SRR8658356
NODE_7654_length_1230_cov_2242.191674_SRR8658356_aa_frame6,1,0.8394444444444444,NODE_7654_length_1230_cov_2242.191674_SRR8658356
NODE_7666_length_1381_cov_1.534509_SRR1782579_ORF.1,0,0.495,NODE_7666_length_1381_cov_1.534509_SRR1782579
NODE_7666_length_1381_cov_1.534509_SRR1782579_ORF.2,0,0.28,NODE_7666_length_1381_cov_1.534509_SRR1782579
NODE_7666_length_1381_cov_1.534509_SRR1782579_ORF.3,1,0.6094029850746269,NODE_7666_length_1381_cov_1.534509_SRR1782579
NODE_7666_length_1381_cov_1.534509_SRR1782579_ORF.4,1,0.625,NODE_7666_length_1381_cov_1.534509_SRR1782579
NODE_7666_length_1381_cov_1.534509_SRR1782579_ORF.5,1,0.545,NODE_7666_length_1381_cov_1.534509_SRR1782579
NODE_7666_length_1381_cov_1.534509_SRR1782579_aa_frame1,1,0.74,NODE_7666_length_1381_cov_1.534509_SRR1782579
NODE_7666_length_1381_cov_1.534509_SRR1782579_aa_frame2,0,0.435,NODE_7666_length_1381_cov_1.534509_SRR1782579
NODE_7666_length_1381_cov_1.534509_SRR1782579_aa_frame3,1,0.56,NODE_7666_length_1381_cov_1.534509_SRR1782579
NODE_7666_length_1381_cov_1.534509_SRR1782579_aa_frame4,1,0.57,NODE_7666_length_1381_cov_1.534509_SRR1782579
NODE_7666_length_1381_cov_1.534509_SRR1782579_aa_frame5,1,0.65,NODE_7666_length_1381_cov_1.534509_SRR1782579
NODE_7666_length_1381_cov_1.534509_SRR1782579_aa_frame6,1,0.61,NODE_7666_length_1381_cov_1.534509_SRR1782579
NODE_769_length_1207_cov_80.491319_SRR1778784_ORF.1,1,0.51,NODE_769_length_1207_cov_80.491319_SRR1778784
NODE_769_length_1207_cov_80.491319_SRR1778784_aa_frame1,1,0.715,NODE_769_length_1207_cov_80.491319_SRR1778784
NODE_769_length_1207_cov_80.491319_SRR1778784_aa_frame2,1,0.645,NODE_769_length_1207_cov_80.491319_SRR1778784
NODE_769_length_1207_cov_80.491319_SRR1778784_aa_frame3,1,0.515,NODE_769_length_1207_cov_80.491319_SRR1778784
NODE_769_length_1207_cov_80.491319_SRR1778784_aa_frame4,1,0.7298214285714286,NODE_769_length_1207_cov_80.491319_SRR1778784
NODE_769_length_1207_cov_80.491319_SRR1778784_aa_frame5,1,0.5257142857142857,NODE_769_length_1207_cov_80.491319_SRR1778784
NODE_769_length_1207_cov_80.491319_SRR1778784_aa_frame6,1,0.634375,NODE_769_length_1207_cov_80.491319_SRR1778784
NODE_769_length_4549_cov_5.440295_SRR1781945_ORF.1,1,0.65,NODE_769_length_4549_cov_5.440295_SRR1781945
NODE_769_length_4549_cov_5.440295_SRR1781945_ORF.2,0,0.36,NODE_769_length_4549_cov_5.440295_SRR1781945
NODE_769_length_4549_cov_5.440295_SRR1781945_ORF.3,1,0.605,NODE_769_length_4549_cov_5.440295_SRR1781945
NODE_769_length_4549_cov_5.440295_SRR1781945_ORF.4,1,0.995,NODE_769_length_4549_cov_5.440295_SRR1781945
NODE_769_length_4549_cov_5.440295_SRR1781945_aa_frame1,1,0.685,NODE_769_length_4549_cov_5.440295_SRR1781945
NODE_769_length_4549_cov_5.440295_SRR1781945_aa_frame2,1,0.905,NODE_769_length_4549_cov_5.440295_SRR1781945
NODE_769_length_4549_cov_5.440295_SRR1781945_aa_frame3,1,0.75,NODE_769_length_4549_cov_5.440295_SRR1781945
NODE_769_length_4549_cov_5.440295_SRR1781945_aa_frame4,1,0.84,NODE_769_length_4549_cov_5.440295_SRR1781945
NODE_769_length_4549_cov_5.440295_SRR1781945_aa_frame5,1,0.835,NODE_769_length_4549_cov_5.440295_SRR1781945
NODE_769_length_4549_cov_5.440295_SRR1781945_aa_frame6,1,0.95,NODE_769_length_4549_cov_5.440295_SRR1781945
NODE_769_length_4587_cov_148.347970_SRR5087388_ORF.1,1,0.59,NODE_769_length_4587_cov_148.347970_SRR5087388
NODE_769_length_4587_cov_148.347970_SRR5087388_ORF.2,0,0.195,NODE_769_length_4587_cov_148.347970_SRR5087388
NODE_769_length_4587_cov_148.347970_SRR5087388_ORF.3,1,0.69,NODE_769_length_4587_cov_148.347970_SRR5087388
NODE_769_length_4587_cov_148.347970_SRR5087388_ORF.4,1,0.695,NODE_769_length_4587_cov_148.347970_SRR5087388
NODE_769_length_4587_cov_148.347970_SRR5087388_ORF.5,1,0.62,NODE_769_length_4587_cov_148.347970_SRR5087388
NODE_769_length_4587_cov_148.347970_SRR5087388_ORF.6,1,0.775,NODE_769_length_4587_cov_148.347970_SRR5087388
NODE_769_length_4587_cov_148.347970_SRR5087388_ORF.7,1,0.725,NODE_769_length_4587_cov_148.347970_SRR5087388
NODE_769_length_4587_cov_148.347970_SRR5087388_aa_frame1,1,0.695,NODE_769_length_4587_cov_148.347970_SRR5087388
NODE_769_length_4587_cov_148.347970_SRR5087388_aa_frame2,1,0.71,NODE_769_length_4587_cov_148.347970_SRR5087388
NODE_769_length_4587_cov_148.347970_SRR5087388_aa_frame3,1,0.805,NODE_769_length_4587_cov_148.347970_SRR5087388
NODE_769_length_4587_cov_148.347970_SRR5087388_aa_frame4,1,0.865,NODE_769_length_4587_cov_148.347970_SRR5087388
NODE_769_length_4587_cov_148.347970_SRR5087388_aa_frame5,1,0.94,NODE_769_length_4587_cov_148.347970_SRR5087388
NODE_769_length_4587_cov_148.347970_SRR5087388_aa_frame6,1,0.87,NODE_769_length_4587_cov_148.347970_SRR5087388
NODE_77169_length_806_cov_1.721536_SRR1785350_ORF.1,1,0.98,NODE_77169_length_806_cov_1.721536_SRR1785350
NODE_77169_length_806_cov_1.721536_SRR1785350_ORF.2,0,0.485,NODE_77169_length_806_cov_1.721536_SRR1785350
NODE_77169_length_806_cov_1.721536_SRR1785350_aa_frame1,1,0.6537291173861621,NODE_77169_length_806_cov_1.721536_SRR1785350
NODE_77169_length_806_cov_1.721536_SRR1785350_aa_frame2,1,0.6515292639578354,NODE_77169_length_806_cov_1.721536_SRR1785350
NODE_77169_length_806_cov_1.721536_SRR1785350_aa_frame3,1,0.98,NODE_77169_length_806_cov_1.721536_SRR1785350
NODE_77169_length_806_cov_1.721536_SRR1785350_aa_frame4,1,0.54,NODE_77169_length_806_cov_1.721536_SRR1785350
NODE_77169_length_806_cov_1.721536_SRR1785350_aa_frame5,1,0.6496049476208506,NODE_77169_length_806_cov_1.721536_SRR1785350
NODE_77169_length_806_cov_1.721536_SRR1785350_aa_frame6,1,0.61869359382802,NODE_77169_length_806_cov_1.721536_SRR1785350
NODE_7773_length_953_cov_1580.687651_SRR4242136_ORF.1,1,1.0,NODE_7773_length_953_cov_1580.687651_SRR4242136
NODE_7773_length_953_cov_1580.687651_SRR4242136_aa_frame1,1,0.5342027027027028,NODE_7773_length_953_cov_1580.687651_SRR4242136
NODE_7773_length_953_cov_1580.687651_SRR4242136_aa_frame2,1,0.6280437811912631,NODE_7773_length_953_cov_1580.687651_SRR4242136
NODE_7773_length_953_cov_1580.687651_SRR4242136_aa_frame3,1,1.0,NODE_7773_length_953_cov_1580.687651_SRR4242136
NODE_7773_length_953_cov_1580.687651_SRR4242136_aa_frame4,1,0.6592743371145293,NODE_7773_length_953_cov_1580.687651_SRR4242136
NODE_7773_length_953_cov_1580.687651_SRR4242136_aa_frame5,1,0.6140789393985281,NODE_7773_length_953_cov_1580.687651_SRR4242136
NODE_7773_length_953_cov_1580.687651_SRR4242136_aa_frame6,1,0.7070212355212355,NODE_7773_length_953_cov_1580.687651_SRR4242136
NODE_7830_length_1746_cov_266.167948_SRR5087341_ORF.1,0,0.445,NODE_7830_length_1746_cov_266.167948_SRR5087341
NODE_7830_length_1746_cov_266.167948_SRR5087341_aa_frame1,1,0.635,NODE_7830_length_1746_cov_266.167948_SRR5087341
NODE_7830_length_1746_cov_266.167948_SRR5087341_aa_frame2,1,0.6747747747747748,NODE_7830_length_1746_cov_266.167948_SRR5087341
NODE_7830_length_1746_cov_266.167948_SRR5087341_aa_frame3,0,0.455,NODE_7830_length_1746_cov_266.167948_SRR5087341
NODE_7830_length_1746_cov_266.167948_SRR5087341_aa_frame4,1,0.6897159090909091,NODE_7830_length_1746_cov_266.167948_SRR5087341
NODE_7830_length_1746_cov_266.167948_SRR5087341_aa_frame5,1,0.74,NODE_7830_length_1746_cov_266.167948_SRR5087341
NODE_7830_length_1746_cov_266.167948_SRR5087341_aa_frame6,1,0.755,NODE_7830_length_1746_cov_266.167948_SRR5087341
NODE_78964_length_797_cov_6.047222_SRR1785350_ORF.1,1,0.99,NODE_78964_length_797_cov_6.047222_SRR1785350
NODE_78964_length_797_cov_6.047222_SRR1785350_aa_frame1,1,0.6316934281722103,NODE_78964_length_797_cov_6.047222_SRR1785350
NODE_78964_length_797_cov_6.047222_SRR1785350_aa_frame2,1,0.6493835905902143,NODE_78964_length_797_cov_6.047222_SRR1785350
NODE_78964_length_797_cov_6.047222_SRR1785350_aa_frame3,1,0.925,NODE_78964_length_797_cov_6.047222_SRR1785350
NODE_78964_length_797_cov_6.047222_SRR1785350_aa_frame4,1,0.5695080253826055,NODE_78964_length_797_cov_6.047222_SRR1785350
NODE_78964_length_797_cov_6.047222_SRR1785350_aa_frame5,1,0.6381054820777304,NODE_78964_length_797_cov_6.047222_SRR1785350
NODE_78964_length_797_cov_6.047222_SRR1785350_aa_frame6,1,0.5630900894668881,NODE_78964_length_797_cov_6.047222_SRR1785350
NODE_7897_length_900_cov_0.536869_SRR9317871_ORF.1,1,0.915,NODE_7897_length_900_cov_0.536869_SRR9317871
NODE_7897_length_900_cov_0.536869_SRR9317871_ORF.2,1,0.77,NODE_7897_length_900_cov_0.536869_SRR9317871
NODE_7897_length_900_cov_0.536869_SRR9317871_aa_frame1,1,0.6390490429589741,NODE_7897_length_900_cov_0.536869_SRR9317871
NODE_7897_length_900_cov_0.536869_SRR9317871_aa_frame2,1,0.743582401950823,NODE_7897_length_900_cov_0.536869_SRR9317871
NODE_7897_length_900_cov_0.536869_SRR9317871_aa_frame3,1,0.72,NODE_7897_length_900_cov_0.536869_SRR9317871
NODE_7897_length_900_cov_0.536869_SRR9317871_aa_frame4,1,0.629936974789916,NODE_7897_length_900_cov_0.536869_SRR9317871
NODE_7897_length_900_cov_0.536869_SRR9317871_aa_frame5,1,0.6835625409776352,NODE_7897_length_900_cov_0.536869_SRR9317871
NODE_7897_length_900_cov_0.536869_SRR9317871_aa_frame6,1,0.6810366352591123,NODE_7897_length_900_cov_0.536869_SRR9317871
NODE_791_length_3911_cov_3.261346_SRR10357997_ORF.1,0,0.29,NODE_791_length_3911_cov_3.261346_SRR10357997
NODE_791_length_3911_cov_3.261346_SRR10357997_ORF.2,1,0.725,NODE_791_length_3911_cov_3.261346_SRR10357997
NODE_791_length_3911_cov_3.261346_SRR10357997_ORF.3,0,0.495,NODE_791_length_3911_cov_3.261346_SRR10357997
NODE_791_length_3911_cov_3.261346_SRR10357997_ORF.4,1,0.655,NODE_791_length_3911_cov_3.261346_SRR10357997
NODE_791_length_3911_cov_3.261346_SRR10357997_aa_frame1,0,0.365,NODE_791_length_3911_cov_3.261346_SRR10357997
NODE_791_length_3911_cov_3.261346_SRR10357997_aa_frame2,1,0.53,NODE_791_length_3911_cov_3.261346_SRR10357997
NODE_791_length_3911_cov_3.261346_SRR10357997_aa_frame3,1,0.715,NODE_791_length_3911_cov_3.261346_SRR10357997
NODE_791_length_3911_cov_3.261346_SRR10357997_aa_frame4,1,0.615,NODE_791_length_3911_cov_3.261346_SRR10357997
NODE_791_length_3911_cov_3.261346_SRR10357997_aa_frame5,1,0.81,NODE_791_length_3911_cov_3.261346_SRR10357997
NODE_791_length_3911_cov_3.261346_SRR10357997_aa_frame6,1,0.835,NODE_791_length_3911_cov_3.261346_SRR10357997
NODE_7959_length_1426_cov_3.619256_ERR1356733_ORF.1,1,1.0,NODE_7959_length_1426_cov_3.619256_ERR1356733
NODE_7959_length_1426_cov_3.619256_ERR1356733_ORF.2,0,0.47,NODE_7959_length_1426_cov_3.619256_ERR1356733
NODE_7959_length_1426_cov_3.619256_ERR1356733_aa_frame1,1,0.615,NODE_7959_length_1426_cov_3.619256_ERR1356733
NODE_7959_length_1426_cov_3.619256_ERR1356733_aa_frame2,1,1.0,NODE_7959_length_1426_cov_3.619256_ERR1356733
NODE_7959_length_1426_cov_3.619256_ERR1356733_aa_frame3,1,0.675,NODE_7959_length_1426_cov_3.619256_ERR1356733
NODE_7959_length_1426_cov_3.619256_ERR1356733_aa_frame4,1,0.645,NODE_7959_length_1426_cov_3.619256_ERR1356733
NODE_7959_length_1426_cov_3.619256_ERR1356733_aa_frame5,1,0.51,NODE_7959_length_1426_cov_3.619256_ERR1356733
NODE_7959_length_1426_cov_3.619256_ERR1356733_aa_frame6,1,0.645,NODE_7959_length_1426_cov_3.619256_ERR1356733
NODE_8049_length_1418_cov_3.901687_ERR1356733_ORF.1,1,0.66,NODE_8049_length_1418_cov_3.901687_ERR1356733
NODE_8049_length_1418_cov_3.901687_ERR1356733_ORF.2,1,0.55,NODE_8049_length_1418_cov_3.901687_ERR1356733
NODE_8049_length_1418_cov_3.901687_ERR1356733_ORF.3,1,0.995,NODE_8049_length_1418_cov_3.901687_ERR1356733
NODE_8049_length_1418_cov_3.901687_ERR1356733_ORF.4,1,0.78,NODE_8049_length_1418_cov_3.901687_ERR1356733
NODE_8049_length_1418_cov_3.901687_ERR1356733_aa_frame1,1,0.7381875,NODE_8049_length_1418_cov_3.901687_ERR1356733
NODE_8049_length_1418_cov_3.901687_ERR1356733_aa_frame2,1,0.695,NODE_8049_length_1418_cov_3.901687_ERR1356733
NODE_8049_length_1418_cov_3.901687_ERR1356733_aa_frame3,1,0.6286398176291793,NODE_8049_length_1418_cov_3.901687_ERR1356733
NODE_8049_length_1418_cov_3.901687_ERR1356733_aa_frame4,1,0.98,NODE_8049_length_1418_cov_3.901687_ERR1356733
NODE_8049_length_1418_cov_3.901687_ERR1356733_aa_frame5,1,0.6577165133679554,NODE_8049_length_1418_cov_3.901687_ERR1356733
NODE_8049_length_1418_cov_3.901687_ERR1356733_aa_frame6,1,0.71,NODE_8049_length_1418_cov_3.901687_ERR1356733
NODE_812_length_3876_cov_106.614372_SRR4435987_ORF.1,0,0.265,NODE_812_length_3876_cov_106.614372_SRR4435987
NODE_812_length_3876_cov_106.614372_SRR4435987_ORF.2,1,0.745,NODE_812_length_3876_cov_106.614372_SRR4435987
NODE_812_length_3876_cov_106.614372_SRR4435987_aa_frame1,1,0.59,NODE_812_length_3876_cov_106.614372_SRR4435987
NODE_812_length_3876_cov_106.614372_SRR4435987_aa_frame2,0,0.29,NODE_812_length_3876_cov_106.614372_SRR4435987
NODE_812_length_3876_cov_106.614372_SRR4435987_aa_frame3,0,0.415,NODE_812_length_3876_cov_106.614372_SRR4435987
NODE_812_length_3876_cov_106.614372_SRR4435987_aa_frame4,1,0.715,NODE_812_length_3876_cov_106.614372_SRR4435987
NODE_812_length_3876_cov_106.614372_SRR4435987_aa_frame5,0,0.45,NODE_812_length_3876_cov_106.614372_SRR4435987
NODE_812_length_3876_cov_106.614372_SRR4435987_aa_frame6,0,0.485,NODE_812_length_3876_cov_106.614372_SRR4435987
NODE_8166_length_1155_cov_358.012987_SRR8658360_ORF.1,0,0.315,NODE_8166_length_1155_cov_358.012987_SRR8658360
NODE_8166_length_1155_cov_358.012987_SRR8658360_ORF.2,1,0.695,NODE_8166_length_1155_cov_358.012987_SRR8658360
NODE_8166_length_1155_cov_358.012987_SRR8658360_aa_frame1,0,0.4457142857142857,NODE_8166_length_1155_cov_358.012987_SRR8658360
NODE_8166_length_1155_cov_358.012987_SRR8658360_aa_frame2,0,0.36,NODE_8166_length_1155_cov_358.012987_SRR8658360
NODE_8166_length_1155_cov_358.012987_SRR8658360_aa_frame3,1,0.7043438037865749,NODE_8166_length_1155_cov_358.012987_SRR8658360
NODE_8166_length_1155_cov_358.012987_SRR8658360_aa_frame4,1,0.535,NODE_8166_length_1155_cov_358.012987_SRR8658360
NODE_8166_length_1155_cov_358.012987_SRR8658360_aa_frame5,1,0.6543395390070921,NODE_8166_length_1155_cov_358.012987_SRR8658360
NODE_8166_length_1155_cov_358.012987_SRR8658360_aa_frame6,1,0.7449645390070921,NODE_8166_length_1155_cov_358.012987_SRR8658360
NODE_820_length_7832_cov_28.015990_SRR10143187_ORF.1,0,0.5,NODE_820_length_7832_cov_28.015990_SRR10143187
NODE_820_length_7832_cov_28.015990_SRR10143187_ORF.2,0,0.305,NODE_820_length_7832_cov_28.015990_SRR10143187
NODE_820_length_7832_cov_28.015990_SRR10143187_ORF.3,1,0.665,NODE_820_length_7832_cov_28.015990_SRR10143187
NODE_820_length_7832_cov_28.015990_SRR10143187_ORF.4,1,0.725,NODE_820_length_7832_cov_28.015990_SRR10143187
NODE_820_length_7832_cov_28.015990_SRR10143187_aa_frame1,0,0.025,NODE_820_length_7832_cov_28.015990_SRR10143187
NODE_820_length_7832_cov_28.015990_SRR10143187_aa_frame2,0,0.04,NODE_820_length_7832_cov_28.015990_SRR10143187
NODE_820_length_7832_cov_28.015990_SRR10143187_aa_frame3,0,0.31,NODE_820_length_7832_cov_28.015990_SRR10143187
NODE_820_length_7832_cov_28.015990_SRR10143187_aa_frame4,0,0.085,NODE_820_length_7832_cov_28.015990_SRR10143187
NODE_820_length_7832_cov_28.015990_SRR10143187_aa_frame5,0,0.05,NODE_820_length_7832_cov_28.015990_SRR10143187
NODE_820_length_7832_cov_28.015990_SRR10143187_aa_frame6,0,0.075,NODE_820_length_7832_cov_28.015990_SRR10143187
NODE_82_length_1552_cov_1.965614_ERR3179625_ORF.1,0,0.17,NODE_82_length_1552_cov_1.965614_ERR3179625
NODE_82_length_1552_cov_1.965614_ERR3179625_aa_frame1,0,0.32,NODE_82_length_1552_cov_1.965614_ERR3179625
NODE_82_length_1552_cov_1.965614_ERR3179625_aa_frame2,1,0.6,NODE_82_length_1552_cov_1.965614_ERR3179625
NODE_82_length_1552_cov_1.965614_ERR3179625_aa_frame3,1,0.5316497747747748,NODE_82_length_1552_cov_1.965614_ERR3179625
NODE_82_length_1552_cov_1.965614_ERR3179625_aa_frame4,1,0.71,NODE_82_length_1552_cov_1.965614_ERR3179625
NODE_82_length_1552_cov_1.965614_ERR3179625_aa_frame5,1,0.7997297297297297,NODE_82_length_1552_cov_1.965614_ERR3179625
NODE_82_length_1552_cov_1.965614_ERR3179625_aa_frame6,0,0.49209219858156034,NODE_82_length_1552_cov_1.965614_ERR3179625
NODE_8333_length_996_cov_1.980413_SRR1778742_ORF.1,1,0.615,NODE_8333_length_996_cov_1.980413_SRR1778742
NODE_8333_length_996_cov_1.980413_SRR1778742_aa_frame1,1,0.6136590909090909,NODE_8333_length_996_cov_1.980413_SRR1778742
NODE_8333_length_996_cov_1.980413_SRR1778742_aa_frame2,1,0.7047082568807339,NODE_8333_length_996_cov_1.980413_SRR1778742
NODE_8333_length_996_cov_1.980413_SRR1778742_aa_frame3,1,0.625,NODE_8333_length_996_cov_1.980413_SRR1778742
NODE_8333_length_996_cov_1.980413_SRR1778742_aa_frame4,1,0.7142650657689701,NODE_8333_length_996_cov_1.980413_SRR1778742
NODE_8333_length_996_cov_1.980413_SRR1778742_aa_frame5,1,0.79,NODE_8333_length_996_cov_1.980413_SRR1778742
NODE_8333_length_996_cov_1.980413_SRR1778742_aa_frame6,1,0.5873065015479876,NODE_8333_length_996_cov_1.980413_SRR1778742
NODE_8338_length_881_cov_2605.500000_SRR3401303_ORF.1,1,0.63,NODE_8338_length_881_cov_2605.500000_SRR3401303
NODE_8338_length_881_cov_2605.500000_SRR3401303_ORF.2,1,0.71,NODE_8338_length_881_cov_2605.500000_SRR3401303
NODE_8338_length_881_cov_2605.500000_SRR3401303_aa_frame1,1,0.5848648648648649,NODE_8338_length_881_cov_2605.500000_SRR3401303
NODE_8338_length_881_cov_2605.500000_SRR3401303_aa_frame2,1,0.700932085932086,NODE_8338_length_881_cov_2605.500000_SRR3401303
NODE_8338_length_881_cov_2605.500000_SRR3401303_aa_frame3,1,0.6695652393967001,NODE_8338_length_881_cov_2605.500000_SRR3401303
NODE_8338_length_881_cov_2605.500000_SRR3401303_aa_frame4,1,0.654079482708515,NODE_8338_length_881_cov_2605.500000_SRR3401303
NODE_8338_length_881_cov_2605.500000_SRR3401303_aa_frame5,1,0.5879125177809388,NODE_8338_length_881_cov_2605.500000_SRR3401303
NODE_8338_length_881_cov_2605.500000_SRR3401303_aa_frame6,1,0.5225425728234717,NODE_8338_length_881_cov_2605.500000_SRR3401303
NODE_836_length_7143_cov_21.835073_SRR3624128_ORF.1,0,0.475,NODE_836_length_7143_cov_21.835073_SRR3624128
NODE_836_length_7143_cov_21.835073_SRR3624128_ORF.10,1,0.55,NODE_836_length_7143_cov_21.835073_SRR3624128
NODE_836_length_7143_cov_21.835073_SRR3624128_ORF.11,1,0.68,NODE_836_length_7143_cov_21.835073_SRR3624128
NODE_836_length_7143_cov_21.835073_SRR3624128_ORF.12,0,0.315,NODE_836_length_7143_cov_21.835073_SRR3624128
NODE_836_length_7143_cov_21.835073_SRR3624128_ORF.13,0,0.3,NODE_836_length_7143_cov_21.835073_SRR3624128
NODE_836_length_7143_cov_21.835073_SRR3624128_ORF.2,1,0.6,NODE_836_length_7143_cov_21.835073_SRR3624128
NODE_836_length_7143_cov_21.835073_SRR3624128_ORF.3,1,0.54,NODE_836_length_7143_cov_21.835073_SRR3624128
NODE_836_length_7143_cov_21.835073_SRR3624128_ORF.4,1,0.6395131086142323,NODE_836_length_7143_cov_21.835073_SRR3624128
NODE_836_length_7143_cov_21.835073_SRR3624128_ORF.5,0,0.48,NODE_836_length_7143_cov_21.835073_SRR3624128
NODE_836_length_7143_cov_21.835073_SRR3624128_ORF.6,1,0.57,NODE_836_length_7143_cov_21.835073_SRR3624128
NODE_836_length_7143_cov_21.835073_SRR3624128_ORF.7,1,0.61,NODE_836_length_7143_cov_21.835073_SRR3624128
NODE_836_length_7143_cov_21.835073_SRR3624128_ORF.8,1,0.575,NODE_836_length_7143_cov_21.835073_SRR3624128
NODE_836_length_7143_cov_21.835073_SRR3624128_ORF.9,0,0.395,NODE_836_length_7143_cov_21.835073_SRR3624128
NODE_836_length_7143_cov_21.835073_SRR3624128_aa_frame1,0,0.08,NODE_836_length_7143_cov_21.835073_SRR3624128
NODE_836_length_7143_cov_21.835073_SRR3624128_aa_frame2,0,0.08,NODE_836_length_7143_cov_21.835073_SRR3624128
NODE_836_length_7143_cov_21.835073_SRR3624128_aa_frame3,0,0.075,NODE_836_length_7143_cov_21.835073_SRR3624128
NODE_836_length_7143_cov_21.835073_SRR3624128_aa_frame4,0,0.31,NODE_836_length_7143_cov_21.835073_SRR3624128
NODE_836_length_7143_cov_21.835073_SRR3624128_aa_frame5,0,0.035,NODE_836_length_7143_cov_21.835073_SRR3624128
NODE_836_length_7143_cov_21.835073_SRR3624128_aa_frame6,0,0.275,NODE_836_length_7143_cov_21.835073_SRR3624128
NODE_83_length_1545_cov_832.384344_ERR3179625_ORF.1,1,0.565,NODE_83_length_1545_cov_832.384344_ERR3179625
NODE_83_length_1545_cov_832.384344_ERR3179625_ORF.2,0,0.325,NODE_83_length_1545_cov_832.384344_ERR3179625
NODE_83_length_1545_cov_832.384344_ERR3179625_ORF.3,0,0.445,NODE_83_length_1545_cov_832.384344_ERR3179625
NODE_83_length_1545_cov_832.384344_ERR3179625_ORF.4,1,0.735,NODE_83_length_1545_cov_832.384344_ERR3179625
NODE_83_length_1545_cov_832.384344_ERR3179625_ORF.5,1,0.74,NODE_83_length_1545_cov_832.384344_ERR3179625
NODE_83_length_1545_cov_832.384344_ERR3179625_aa_frame1,1,0.6155555555555555,NODE_83_length_1545_cov_832.384344_ERR3179625
NODE_83_length_1545_cov_832.384344_ERR3179625_aa_frame2,1,0.6044927536231884,NODE_83_length_1545_cov_832.384344_ERR3179625
NODE_83_length_1545_cov_832.384344_ERR3179625_aa_frame3,1,0.62,NODE_83_length_1545_cov_832.384344_ERR3179625
NODE_83_length_1545_cov_832.384344_ERR3179625_aa_frame4,1,0.6577777777777777,NODE_83_length_1545_cov_832.384344_ERR3179625
NODE_83_length_1545_cov_832.384344_ERR3179625_aa_frame5,1,0.575,NODE_83_length_1545_cov_832.384344_ERR3179625
NODE_83_length_1545_cov_832.384344_ERR3179625_aa_frame6,1,0.7830841121495327,NODE_83_length_1545_cov_832.384344_ERR3179625
NODE_8428_length_2071_cov_1.313942_SRR1785350_ORF.1,0,0.425,NODE_8428_length_2071_cov_1.313942_SRR1785350
NODE_8428_length_2071_cov_1.313942_SRR1785350_ORF.2,1,0.575,NODE_8428_length_2071_cov_1.313942_SRR1785350
NODE_8428_length_2071_cov_1.313942_SRR1785350_ORF.3,1,0.575,NODE_8428_length_2071_cov_1.313942_SRR1785350
NODE_8428_length_2071_cov_1.313942_SRR1785350_ORF.4,1,1.0,NODE_8428_length_2071_cov_1.313942_SRR1785350
NODE_8428_length_2071_cov_1.313942_SRR1785350_aa_frame1,1,0.7332319223985891,NODE_8428_length_2071_cov_1.313942_SRR1785350
NODE_8428_length_2071_cov_1.313942_SRR1785350_aa_frame2,1,0.635,NODE_8428_length_2071_cov_1.313942_SRR1785350
NODE_8428_length_2071_cov_1.313942_SRR1785350_aa_frame3,1,0.5575462962962964,NODE_8428_length_2071_cov_1.313942_SRR1785350
NODE_8428_length_2071_cov_1.313942_SRR1785350_aa_frame4,1,1.0,NODE_8428_length_2071_cov_1.313942_SRR1785350
NODE_8428_length_2071_cov_1.313942_SRR1785350_aa_frame5,1,0.515,NODE_8428_length_2071_cov_1.313942_SRR1785350
NODE_8428_length_2071_cov_1.313942_SRR1785350_aa_frame6,1,0.739375,NODE_8428_length_2071_cov_1.313942_SRR1785350
NODE_8568_length_1555_cov_3.031123_SRR10307240_ORF.1,1,0.715,NODE_8568_length_1555_cov_3.031123_SRR10307240
NODE_8568_length_1555_cov_3.031123_SRR10307240_ORF.2,1,0.59,NODE_8568_length_1555_cov_3.031123_SRR10307240
NODE_8568_length_1555_cov_3.031123_SRR10307240_aa_frame1,1,0.69,NODE_8568_length_1555_cov_3.031123_SRR10307240
NODE_8568_length_1555_cov_3.031123_SRR10307240_aa_frame2,1,0.775,NODE_8568_length_1555_cov_3.031123_SRR10307240
NODE_8568_length_1555_cov_3.031123_SRR10307240_aa_frame3,1,0.7065691296134844,NODE_8568_length_1555_cov_3.031123_SRR10307240
NODE_8568_length_1555_cov_3.031123_SRR10307240_aa_frame4,1,0.8190730203888098,NODE_8568_length_1555_cov_3.031123_SRR10307240
NODE_8568_length_1555_cov_3.031123_SRR10307240_aa_frame5,1,0.6,NODE_8568_length_1555_cov_3.031123_SRR10307240
NODE_8568_length_1555_cov_3.031123_SRR10307240_aa_frame6,1,0.58,NODE_8568_length_1555_cov_3.031123_SRR10307240
NODE_85_length_6361_cov_532.734564_SRR8658356_ORF.1,1,0.595,NODE_85_length_6361_cov_532.734564_SRR8658356
NODE_85_length_6361_cov_532.734564_SRR8658356_ORF.2,1,0.84,NODE_85_length_6361_cov_532.734564_SRR8658356
NODE_85_length_6361_cov_532.734564_SRR8658356_ORF.3,1,0.59,NODE_85_length_6361_cov_532.734564_SRR8658356
NODE_85_length_6361_cov_532.734564_SRR8658356_ORF.4,1,0.655,NODE_85_length_6361_cov_532.734564_SRR8658356
NODE_85_length_6361_cov_532.734564_SRR8658356_ORF.5,1,0.53,NODE_85_length_6361_cov_532.734564_SRR8658356
NODE_85_length_6361_cov_532.734564_SRR8658356_ORF.6,1,0.695,NODE_85_length_6361_cov_532.734564_SRR8658356
NODE_85_length_6361_cov_532.734564_SRR8658356_aa_frame1,1,0.935,NODE_85_length_6361_cov_532.734564_SRR8658356
NODE_85_length_6361_cov_532.734564_SRR8658356_aa_frame2,1,0.925,NODE_85_length_6361_cov_532.734564_SRR8658356
NODE_85_length_6361_cov_532.734564_SRR8658356_aa_frame3,1,0.925,NODE_85_length_6361_cov_532.734564_SRR8658356
NODE_85_length_6361_cov_532.734564_SRR8658356_aa_frame4,1,0.915,NODE_85_length_6361_cov_532.734564_SRR8658356
NODE_85_length_6361_cov_532.734564_SRR8658356_aa_frame5,1,0.555,NODE_85_length_6361_cov_532.734564_SRR8658356
NODE_85_length_6361_cov_532.734564_SRR8658356_aa_frame6,1,0.9,NODE_85_length_6361_cov_532.734564_SRR8658356
NODE_85_length_7730_cov_44.295505_SRR5087374_ORF.1,1,0.595,NODE_85_length_7730_cov_44.295505_SRR5087374
NODE_85_length_7730_cov_44.295505_SRR5087374_ORF.2,0,0.345,NODE_85_length_7730_cov_44.295505_SRR5087374
NODE_85_length_7730_cov_44.295505_SRR5087374_ORF.3,1,0.725,NODE_85_length_7730_cov_44.295505_SRR5087374
NODE_85_length_7730_cov_44.295505_SRR5087374_ORF.4,1,0.515,NODE_85_length_7730_cov_44.295505_SRR5087374
NODE_85_length_7730_cov_44.295505_SRR5087374_ORF.5,1,0.665,NODE_85_length_7730_cov_44.295505_SRR5087374
NODE_85_length_7730_cov_44.295505_SRR5087374_ORF.6,1,0.705,NODE_85_length_7730_cov_44.295505_SRR5087374
NODE_85_length_7730_cov_44.295505_SRR5087374_aa_frame1,0,0.07,NODE_85_length_7730_cov_44.295505_SRR5087374
NODE_85_length_7730_cov_44.295505_SRR5087374_aa_frame2,0,0.025,NODE_85_length_7730_cov_44.295505_SRR5087374
NODE_85_length_7730_cov_44.295505_SRR5087374_aa_frame3,0,0.32,NODE_85_length_7730_cov_44.295505_SRR5087374
NODE_85_length_7730_cov_44.295505_SRR5087374_aa_frame4,0,0.11,NODE_85_length_7730_cov_44.295505_SRR5087374
NODE_85_length_7730_cov_44.295505_SRR5087374_aa_frame5,0,0.09,NODE_85_length_7730_cov_44.295505_SRR5087374
NODE_85_length_7730_cov_44.295505_SRR5087374_aa_frame6,0,0.045,NODE_85_length_7730_cov_44.295505_SRR5087374
NODE_8645_length_900_cov_2.270375_SRR4242136_ORF.1,1,0.7245131086142322,NODE_8645_length_900_cov_2.270375_SRR4242136
NODE_8645_length_900_cov_2.270375_SRR4242136_aa_frame1,1,0.6629673423423423,NODE_8645_length_900_cov_2.270375_SRR4242136
NODE_8645_length_900_cov_2.270375_SRR4242136_aa_frame2,1,0.6404096881142182,NODE_8645_length_900_cov_2.270375_SRR4242136
NODE_8645_length_900_cov_2.270375_SRR4242136_aa_frame3,1,0.565,NODE_8645_length_900_cov_2.270375_SRR4242136
NODE_8645_length_900_cov_2.270375_SRR4242136_aa_frame4,1,0.6270179721379312,NODE_8645_length_900_cov_2.270375_SRR4242136
NODE_8645_length_900_cov_2.270375_SRR4242136_aa_frame5,1,0.707926478926479,NODE_8645_length_900_cov_2.270375_SRR4242136
NODE_8645_length_900_cov_2.270375_SRR4242136_aa_frame6,1,0.885,NODE_8645_length_900_cov_2.270375_SRR4242136
NODE_8659_length_1658_cov_82.336245_SRR5087388_ORF.1,1,0.61,NODE_8659_length_1658_cov_82.336245_SRR5087388
NODE_8659_length_1658_cov_82.336245_SRR5087388_ORF.2,0,0.185,NODE_8659_length_1658_cov_82.336245_SRR5087388
NODE_8659_length_1658_cov_82.336245_SRR5087388_aa_frame1,1,0.82,NODE_8659_length_1658_cov_82.336245_SRR5087388
NODE_8659_length_1658_cov_82.336245_SRR5087388_aa_frame2,1,0.7,NODE_8659_length_1658_cov_82.336245_SRR5087388
NODE_8659_length_1658_cov_82.336245_SRR5087388_aa_frame3,1,0.665,NODE_8659_length_1658_cov_82.336245_SRR5087388
NODE_8659_length_1658_cov_82.336245_SRR5087388_aa_frame4,1,0.7470921985815603,NODE_8659_length_1658_cov_82.336245_SRR5087388
NODE_8659_length_1658_cov_82.336245_SRR5087388_aa_frame5,0,0.285,NODE_8659_length_1658_cov_82.336245_SRR5087388
NODE_8659_length_1658_cov_82.336245_SRR5087388_aa_frame6,1,0.525,NODE_8659_length_1658_cov_82.336245_SRR5087388
NODE_867_length_5267_cov_11.128131_SRR8455902_ORF.1,0,0.315,NODE_867_length_5267_cov_11.128131_SRR8455902
NODE_867_length_5267_cov_11.128131_SRR8455902_ORF.2,1,0.565,NODE_867_length_5267_cov_11.128131_SRR8455902
NODE_867_length_5267_cov_11.128131_SRR8455902_aa_frame1,1,0.71,NODE_867_length_5267_cov_11.128131_SRR8455902
NODE_867_length_5267_cov_11.128131_SRR8455902_aa_frame2,1,0.7,NODE_867_length_5267_cov_11.128131_SRR8455902
NODE_867_length_5267_cov_11.128131_SRR8455902_aa_frame3,0,0.475,NODE_867_length_5267_cov_11.128131_SRR8455902
NODE_867_length_5267_cov_11.128131_SRR8455902_aa_frame4,1,0.845,NODE_867_length_5267_cov_11.128131_SRR8455902
NODE_867_length_5267_cov_11.128131_SRR8455902_aa_frame5,1,0.96,NODE_867_length_5267_cov_11.128131_SRR8455902
NODE_867_length_5267_cov_11.128131_SRR8455902_aa_frame6,1,0.975,NODE_867_length_5267_cov_11.128131_SRR8455902
NODE_87_length_6701_cov_659.017814_SRR8749692_ORF.1,1,0.715,NODE_87_length_6701_cov_659.017814_SRR8749692
NODE_87_length_6701_cov_659.017814_SRR8749692_ORF.2,1,0.705,NODE_87_length_6701_cov_659.017814_SRR8749692
NODE_87_length_6701_cov_659.017814_SRR8749692_ORF.3,0,0.495,NODE_87_length_6701_cov_659.017814_SRR8749692
NODE_87_length_6701_cov_659.017814_SRR8749692_ORF.4,1,0.725,NODE_87_length_6701_cov_659.017814_SRR8749692
NODE_87_length_6701_cov_659.017814_SRR8749692_ORF.5,1,0.56,NODE_87_length_6701_cov_659.017814_SRR8749692
NODE_87_length_6701_cov_659.017814_SRR8749692_aa_frame1,1,0.855,NODE_87_length_6701_cov_659.017814_SRR8749692
NODE_87_length_6701_cov_659.017814_SRR8749692_aa_frame2,1,0.87,NODE_87_length_6701_cov_659.017814_SRR8749692
NODE_87_length_6701_cov_659.017814_SRR8749692_aa_frame3,1,0.79,NODE_87_length_6701_cov_659.017814_SRR8749692
NODE_87_length_6701_cov_659.017814_SRR8749692_aa_frame4,1,0.835,NODE_87_length_6701_cov_659.017814_SRR8749692
NODE_87_length_6701_cov_659.017814_SRR8749692_aa_frame5,0,0.5,NODE_87_length_6701_cov_659.017814_SRR8749692
NODE_87_length_6701_cov_659.017814_SRR8749692_aa_frame6,1,0.77,NODE_87_length_6701_cov_659.017814_SRR8749692
NODE_88505_length_620_cov_0.732965_SRR1781945_ORF.1,1,0.55,NODE_88505_length_620_cov_0.732965_SRR1781945
NODE_88505_length_620_cov_0.732965_SRR1781945_aa_frame1,1,0.784795276045276,NODE_88505_length_620_cov_0.732965_SRR1781945
NODE_88505_length_620_cov_0.732965_SRR1781945_aa_frame2,1,0.6045588235294117,NODE_88505_length_620_cov_0.732965_SRR1781945
NODE_88505_length_620_cov_0.732965_SRR1781945_aa_frame3,1,0.74,NODE_88505_length_620_cov_0.732965_SRR1781945
NODE_88505_length_620_cov_0.732965_SRR1781945_aa_frame4,1,0.68996875,NODE_88505_length_620_cov_0.732965_SRR1781945
NODE_88505_length_620_cov_0.732965_SRR1781945_aa_frame5,1,0.53,NODE_88505_length_620_cov_0.732965_SRR1781945
NODE_88505_length_620_cov_0.732965_SRR1781945_aa_frame6,1,0.645,NODE_88505_length_620_cov_0.732965_SRR1781945
NODE_890_length_4032_cov_4.295322_SRR12855025_ORF.1,1,0.58,NODE_890_length_4032_cov_4.295322_SRR12855025
NODE_890_length_4032_cov_4.295322_SRR12855025_ORF.2,1,0.51,NODE_890_length_4032_cov_4.295322_SRR12855025
NODE_890_length_4032_cov_4.295322_SRR12855025_aa_frame1,1,0.515,NODE_890_length_4032_cov_4.295322_SRR12855025
NODE_890_length_4032_cov_4.295322_SRR12855025_aa_frame2,1,0.78,NODE_890_length_4032_cov_4.295322_SRR12855025
NODE_890_length_4032_cov_4.295322_SRR12855025_aa_frame3,1,0.56,NODE_890_length_4032_cov_4.295322_SRR12855025
NODE_890_length_4032_cov_4.295322_SRR12855025_aa_frame4,1,0.83,NODE_890_length_4032_cov_4.295322_SRR12855025
NODE_890_length_4032_cov_4.295322_SRR12855025_aa_frame5,1,0.765,NODE_890_length_4032_cov_4.295322_SRR12855025
NODE_890_length_4032_cov_4.295322_SRR12855025_aa_frame6,1,0.895,NODE_890_length_4032_cov_4.295322_SRR12855025
NODE_89260_length_617_cov_1.264815_SRR1781945_ORF.1,1,1.0,NODE_89260_length_617_cov_1.264815_SRR1781945
NODE_89260_length_617_cov_1.264815_SRR1781945_aa_frame1,1,0.7345588235294117,NODE_89260_length_617_cov_1.264815_SRR1781945
NODE_89260_length_617_cov_1.264815_SRR1781945_aa_frame2,1,0.705,NODE_89260_length_617_cov_1.264815_SRR1781945
NODE_89260_length_617_cov_1.264815_SRR1781945_aa_frame3,1,0.6749065420560748,NODE_89260_length_617_cov_1.264815_SRR1781945
NODE_89260_length_617_cov_1.264815_SRR1781945_aa_frame4,1,0.625,NODE_89260_length_617_cov_1.264815_SRR1781945
NODE_89260_length_617_cov_1.264815_SRR1781945_aa_frame5,1,1.0,NODE_89260_length_617_cov_1.264815_SRR1781945
NODE_89260_length_617_cov_1.264815_SRR1781945_aa_frame6,1,0.5769498069498069,NODE_89260_length_617_cov_1.264815_SRR1781945
NODE_89351_length_617_cov_0.842593_SRR1781945_ORF.1,1,0.925,NODE_89351_length_617_cov_0.842593_SRR1781945
NODE_89351_length_617_cov_0.842593_SRR1781945_aa_frame1,1,0.6498529411764706,NODE_89351_length_617_cov_0.842593_SRR1781945
NODE_89351_length_617_cov_0.842593_SRR1781945_aa_frame2,1,0.93,NODE_89351_length_617_cov_0.842593_SRR1781945
NODE_89351_length_617_cov_0.842593_SRR1781945_aa_frame3,1,0.6693174603174603,NODE_89351_length_617_cov_0.842593_SRR1781945
NODE_89351_length_617_cov_0.842593_SRR1781945_aa_frame4,1,0.6649065420560748,NODE_89351_length_617_cov_0.842593_SRR1781945
NODE_89351_length_617_cov_0.842593_SRR1781945_aa_frame5,1,0.699872758272291,NODE_89351_length_617_cov_0.842593_SRR1781945
NODE_89351_length_617_cov_0.842593_SRR1781945_aa_frame6,1,0.585,NODE_89351_length_617_cov_0.842593_SRR1781945
NODE_8972_length_1179_cov_4.742883_SRR1778782_ORF.1,1,0.51,NODE_8972_length_1179_cov_4.742883_SRR1778782
NODE_8972_length_1179_cov_4.742883_SRR1778782_aa_frame1,1,0.6594572926302805,NODE_8972_length_1179_cov_4.742883_SRR1778782
NODE_8972_length_1179_cov_4.742883_SRR1778782_aa_frame2,1,0.6441603298213469,NODE_8972_length_1179_cov_4.742883_SRR1778782
NODE_8972_length_1179_cov_4.742883_SRR1778782_aa_frame3,1,0.515,NODE_8972_length_1179_cov_4.742883_SRR1778782
NODE_8972_length_1179_cov_4.742883_SRR1778782_aa_frame4,0,0.395,NODE_8972_length_1179_cov_4.742883_SRR1778782
NODE_8972_length_1179_cov_4.742883_SRR1778782_aa_frame5,1,0.71,NODE_8972_length_1179_cov_4.742883_SRR1778782
NODE_8972_length_1179_cov_4.742883_SRR1778782_aa_frame6,1,0.5992857142857143,NODE_8972_length_1179_cov_4.742883_SRR1778782
NODE_8999_length_1578_cov_4.350624_SRR1778785_ORF.1,1,0.55,NODE_8999_length_1578_cov_4.350624_SRR1778785
NODE_8999_length_1578_cov_4.350624_SRR1778785_ORF.2,0,0.415,NODE_8999_length_1578_cov_4.350624_SRR1778785
NODE_8999_length_1578_cov_4.350624_SRR1778785_aa_frame1,1,0.65,NODE_8999_length_1578_cov_4.350624_SRR1778785
NODE_8999_length_1578_cov_4.350624_SRR1778785_aa_frame2,1,0.72,NODE_8999_length_1578_cov_4.350624_SRR1778785
NODE_8999_length_1578_cov_4.350624_SRR1778785_aa_frame3,1,0.5574074074074074,NODE_8999_length_1578_cov_4.350624_SRR1778785
NODE_8999_length_1578_cov_4.350624_SRR1778785_aa_frame4,1,0.605,NODE_8999_length_1578_cov_4.350624_SRR1778785
NODE_8999_length_1578_cov_4.350624_SRR1778785_aa_frame5,1,0.725,NODE_8999_length_1578_cov_4.350624_SRR1778785
NODE_8999_length_1578_cov_4.350624_SRR1778785_aa_frame6,0,0.445,NODE_8999_length_1578_cov_4.350624_SRR1778785
NODE_8_length_6734_cov_16.234317_SRR7516198_ORF.1,1,0.53,NODE_8_length_6734_cov_16.234317_SRR7516198
NODE_8_length_6734_cov_16.234317_SRR7516198_ORF.2,1,0.585,NODE_8_length_6734_cov_16.234317_SRR7516198
NODE_8_length_6734_cov_16.234317_SRR7516198_ORF.3,1,0.71,NODE_8_length_6734_cov_16.234317_SRR7516198
NODE_8_length_6734_cov_16.234317_SRR7516198_ORF.4,1,0.65,NODE_8_length_6734_cov_16.234317_SRR7516198
NODE_8_length_6734_cov_16.234317_SRR7516198_ORF.5,1,0.515,NODE_8_length_6734_cov_16.234317_SRR7516198
NODE_8_length_6734_cov_16.234317_SRR7516198_ORF.6,1,0.655,NODE_8_length_6734_cov_16.234317_SRR7516198
NODE_8_length_6734_cov_16.234317_SRR7516198_ORF.7,1,0.675,NODE_8_length_6734_cov_16.234317_SRR7516198
NODE_8_length_6734_cov_16.234317_SRR7516198_aa_frame1,1,0.82,NODE_8_length_6734_cov_16.234317_SRR7516198
NODE_8_length_6734_cov_16.234317_SRR7516198_aa_frame2,1,0.535,NODE_8_length_6734_cov_16.234317_SRR7516198
NODE_8_length_6734_cov_16.234317_SRR7516198_aa_frame3,1,0.785,NODE_8_length_6734_cov_16.234317_SRR7516198
NODE_8_length_6734_cov_16.234317_SRR7516198_aa_frame4,1,0.735,NODE_8_length_6734_cov_16.234317_SRR7516198
NODE_8_length_6734_cov_16.234317_SRR7516198_aa_frame5,1,0.62,NODE_8_length_6734_cov_16.234317_SRR7516198
NODE_8_length_6734_cov_16.234317_SRR7516198_aa_frame6,0,0.315,NODE_8_length_6734_cov_16.234317_SRR7516198
NODE_9002_length_1578_cov_2.740643_SRR1778785_ORF.1,0,0.21,NODE_9002_length_1578_cov_2.740643_SRR1778785
NODE_9002_length_1578_cov_2.740643_SRR1778785_ORF.2,1,0.57,NODE_9002_length_1578_cov_2.740643_SRR1778785
NODE_9002_length_1578_cov_2.740643_SRR1778785_aa_frame1,0,0.315,NODE_9002_length_1578_cov_2.740643_SRR1778785
NODE_9002_length_1578_cov_2.740643_SRR1778785_aa_frame2,1,0.639298245614035,NODE_9002_length_1578_cov_2.740643_SRR1778785
NODE_9002_length_1578_cov_2.740643_SRR1778785_aa_frame3,1,0.66,NODE_9002_length_1578_cov_2.740643_SRR1778785
NODE_9002_length_1578_cov_2.740643_SRR1778785_aa_frame4,1,0.705,NODE_9002_length_1578_cov_2.740643_SRR1778785
NODE_9002_length_1578_cov_2.740643_SRR1778785_aa_frame5,1,0.685,NODE_9002_length_1578_cov_2.740643_SRR1778785
NODE_9002_length_1578_cov_2.740643_SRR1778785_aa_frame6,1,0.72,NODE_9002_length_1578_cov_2.740643_SRR1778785
NODE_9112_length_1566_cov_11.048974_SRR1778785_ORF.1,0,0.425,NODE_9112_length_1566_cov_11.048974_SRR1778785
NODE_9112_length_1566_cov_11.048974_SRR1778785_aa_frame1,1,0.58,NODE_9112_length_1566_cov_11.048974_SRR1778785
NODE_9112_length_1566_cov_11.048974_SRR1778785_aa_frame2,1,0.75,NODE_9112_length_1566_cov_11.048974_SRR1778785
NODE_9112_length_1566_cov_11.048974_SRR1778785_aa_frame3,1,0.5885416666666666,NODE_9112_length_1566_cov_11.048974_SRR1778785
NODE_9112_length_1566_cov_11.048974_SRR1778785_aa_frame4,1,0.66,NODE_9112_length_1566_cov_11.048974_SRR1778785
NODE_9112_length_1566_cov_11.048974_SRR1778785_aa_frame5,1,0.585,NODE_9112_length_1566_cov_11.048974_SRR1778785
NODE_9112_length_1566_cov_11.048974_SRR1778785_aa_frame6,0,0.45,NODE_9112_length_1566_cov_11.048974_SRR1778785
NODE_9133_length_875_cov_68.219251_SRR4242136_ORF.1,1,0.985,NODE_9133_length_875_cov_68.219251_SRR4242136
NODE_9133_length_875_cov_68.219251_SRR4242136_ORF.2,1,0.93,NODE_9133_length_875_cov_68.219251_SRR4242136
NODE_9133_length_875_cov_68.219251_SRR4242136_aa_frame1,1,0.6473885374736439,NODE_9133_length_875_cov_68.219251_SRR4242136
NODE_9133_length_875_cov_68.219251_SRR4242136_aa_frame2,1,0.5612466877362059,NODE_9133_length_875_cov_68.219251_SRR4242136
NODE_9133_length_875_cov_68.219251_SRR4242136_aa_frame3,1,1.0,NODE_9133_length_875_cov_68.219251_SRR4242136
NODE_9133_length_875_cov_68.219251_SRR4242136_aa_frame4,1,0.6488449084644443,NODE_9133_length_875_cov_68.219251_SRR4242136
NODE_9133_length_875_cov_68.219251_SRR4242136_aa_frame5,1,1.0,NODE_9133_length_875_cov_68.219251_SRR4242136
NODE_9133_length_875_cov_68.219251_SRR4242136_aa_frame6,1,0.6669995904995905,NODE_9133_length_875_cov_68.219251_SRR4242136
NODE_9139_length_1236_cov_1.884843_SRR5892088_ORF.1,0,0.195,NODE_9139_length_1236_cov_1.884843_SRR5892088
NODE_9139_length_1236_cov_1.884843_SRR5892088_aa_frame1,1,0.589516129032258,NODE_9139_length_1236_cov_1.884843_SRR5892088
NODE_9139_length_1236_cov_1.884843_SRR5892088_aa_frame2,1,0.855,NODE_9139_length_1236_cov_1.884843_SRR5892088
NODE_9139_length_1236_cov_1.884843_SRR5892088_aa_frame3,1,0.79,NODE_9139_length_1236_cov_1.884843_SRR5892088
NODE_9139_length_1236_cov_1.884843_SRR5892088_aa_frame4,1,0.6999645390070921,NODE_9139_length_1236_cov_1.884843_SRR5892088
NODE_9139_length_1236_cov_1.884843_SRR5892088_aa_frame5,0,0.275,NODE_9139_length_1236_cov_1.884843_SRR5892088
NODE_9139_length_1236_cov_1.884843_SRR5892088_aa_frame6,1,0.6526002411817907,NODE_9139_length_1236_cov_1.884843_SRR5892088
NODE_914_length_5302_cov_97.892632_SRR8455906_ORF.1,0,0.305,NODE_914_length_5302_cov_97.892632_SRR8455906
NODE_914_length_5302_cov_97.892632_SRR8455906_ORF.2,1,0.565,NODE_914_length_5302_cov_97.892632_SRR8455906
NODE_914_length_5302_cov_97.892632_SRR8455906_aa_frame1,1,0.825,NODE_914_length_5302_cov_97.892632_SRR8455906
NODE_914_length_5302_cov_97.892632_SRR8455906_aa_frame2,1,0.915,NODE_914_length_5302_cov_97.892632_SRR8455906
NODE_914_length_5302_cov_97.892632_SRR8455906_aa_frame3,1,0.98,NODE_914_length_5302_cov_97.892632_SRR8455906
NODE_914_length_5302_cov_97.892632_SRR8455906_aa_frame4,1,0.68,NODE_914_length_5302_cov_97.892632_SRR8455906
NODE_914_length_5302_cov_97.892632_SRR8455906_aa_frame5,0,0.475,NODE_914_length_5302_cov_97.892632_SRR8455906
NODE_914_length_5302_cov_97.892632_SRR8455906_aa_frame6,1,0.78,NODE_914_length_5302_cov_97.892632_SRR8455906
NODE_9167_length_868_cov_0.627530_SRR9317871_ORF.1,1,0.995,NODE_9167_length_868_cov_0.627530_SRR9317871
NODE_9167_length_868_cov_0.627530_SRR9317871_aa_frame1,1,0.7420561693912758,NODE_9167_length_868_cov_0.627530_SRR9317871
NODE_9167_length_868_cov_0.627530_SRR9317871_aa_frame2,1,0.7138070352039818,NODE_9167_length_868_cov_0.627530_SRR9317871
NODE_9167_length_868_cov_0.627530_SRR9317871_aa_frame3,1,0.6740353200474064,NODE_9167_length_868_cov_0.627530_SRR9317871
NODE_9167_length_868_cov_0.627530_SRR9317871_aa_frame4,1,0.975,NODE_9167_length_868_cov_0.627530_SRR9317871
NODE_9167_length_868_cov_0.627530_SRR9317871_aa_frame5,1,0.6647738095238096,NODE_9167_length_868_cov_0.627530_SRR9317871
NODE_9167_length_868_cov_0.627530_SRR9317871_aa_frame6,1,0.7775467873020457,NODE_9167_length_868_cov_0.627530_SRR9317871
NODE_916_length_3714_cov_7.049740_ERR1356733_ORF.1,1,1.0,NODE_916_length_3714_cov_7.049740_ERR1356733
NODE_916_length_3714_cov_7.049740_ERR1356733_ORF.2,1,1.0,NODE_916_length_3714_cov_7.049740_ERR1356733
NODE_916_length_3714_cov_7.049740_ERR1356733_ORF.3,1,0.9042948717948718,NODE_916_length_3714_cov_7.049740_ERR1356733
NODE_916_length_3714_cov_7.049740_ERR1356733_ORF.4,1,0.995,NODE_916_length_3714_cov_7.049740_ERR1356733
NODE_916_length_3714_cov_7.049740_ERR1356733_ORF.5,1,0.665,NODE_916_length_3714_cov_7.049740_ERR1356733
NODE_916_length_3714_cov_7.049740_ERR1356733_ORF.6,1,0.655,NODE_916_length_3714_cov_7.049740_ERR1356733
NODE_916_length_3714_cov_7.049740_ERR1356733_aa_frame1,1,1.0,NODE_916_length_3714_cov_7.049740_ERR1356733
NODE_916_length_3714_cov_7.049740_ERR1356733_aa_frame2,1,0.6,NODE_916_length_3714_cov_7.049740_ERR1356733
NODE_916_length_3714_cov_7.049740_ERR1356733_aa_frame3,1,0.94,NODE_916_length_3714_cov_7.049740_ERR1356733
NODE_916_length_3714_cov_7.049740_ERR1356733_aa_frame4,1,0.815,NODE_916_length_3714_cov_7.049740_ERR1356733
NODE_916_length_3714_cov_7.049740_ERR1356733_aa_frame5,1,0.625,NODE_916_length_3714_cov_7.049740_ERR1356733
NODE_916_length_3714_cov_7.049740_ERR1356733_aa_frame6,1,0.595,NODE_916_length_3714_cov_7.049740_ERR1356733
NODE_92097_length_960_cov_2.735912_SRR3624128_ORF.1,0,0.42,NODE_92097_length_960_cov_2.735912_SRR3624128
NODE_92097_length_960_cov_2.735912_SRR3624128_aa_frame1,0,0.4726452991452992,NODE_92097_length_960_cov_2.735912_SRR3624128
NODE_92097_length_960_cov_2.735912_SRR3624128_aa_frame2,1,0.51,NODE_92097_length_960_cov_2.735912_SRR3624128
NODE_92097_length_960_cov_2.735912_SRR3624128_aa_frame3,1,0.655,NODE_92097_length_960_cov_2.735912_SRR3624128
NODE_92097_length_960_cov_2.735912_SRR3624128_aa_frame4,1,0.6631756756756757,NODE_92097_length_960_cov_2.735912_SRR3624128
NODE_92097_length_960_cov_2.735912_SRR3624128_aa_frame5,0,0.38,NODE_92097_length_960_cov_2.735912_SRR3624128
NODE_92097_length_960_cov_2.735912_SRR3624128_aa_frame6,1,0.6331756756756757,NODE_92097_length_960_cov_2.735912_SRR3624128
NODE_9362_length_1156_cov_1.714551_SRR8554352_ORF.1,1,1.0,NODE_9362_length_1156_cov_1.714551_SRR8554352
NODE_9362_length_1156_cov_1.714551_SRR8554352_ORF.2,1,0.61,NODE_9362_length_1156_cov_1.714551_SRR8554352
NODE_9362_length_1156_cov_1.714551_SRR8554352_ORF.3,1,0.545,NODE_9362_length_1156_cov_1.714551_SRR8554352
NODE_9362_length_1156_cov_1.714551_SRR8554352_aa_frame1,1,0.6506098010316876,NODE_9362_length_1156_cov_1.714551_SRR8554352
NODE_9362_length_1156_cov_1.714551_SRR8554352_aa_frame2,1,0.7043395390070921,NODE_9362_length_1156_cov_1.714551_SRR8554352
NODE_9362_length_1156_cov_1.714551_SRR8554352_aa_frame3,1,1.0,NODE_9362_length_1156_cov_1.714551_SRR8554352
NODE_9362_length_1156_cov_1.714551_SRR8554352_aa_frame4,1,0.515,NODE_9362_length_1156_cov_1.714551_SRR8554352
NODE_9362_length_1156_cov_1.714551_SRR8554352_aa_frame5,1,0.6894572926302805,NODE_9362_length_1156_cov_1.714551_SRR8554352
NODE_9362_length_1156_cov_1.714551_SRR8554352_aa_frame6,1,0.7299645390070921,NODE_9362_length_1156_cov_1.714551_SRR8554352
NODE_9391_length_2399_cov_2.087855_SRR12681654_ORF.1,0,0.2,NODE_9391_length_2399_cov_2.087855_SRR12681654
NODE_9391_length_2399_cov_2.087855_SRR12681654_aa_frame1,0,0.435,NODE_9391_length_2399_cov_2.087855_SRR12681654
NODE_9391_length_2399_cov_2.087855_SRR12681654_aa_frame2,0,0.34,NODE_9391_length_2399_cov_2.087855_SRR12681654
NODE_9391_length_2399_cov_2.087855_SRR12681654_aa_frame3,0,0.42,NODE_9391_length_2399_cov_2.087855_SRR12681654
NODE_9391_length_2399_cov_2.087855_SRR12681654_aa_frame4,0,0.25,NODE_9391_length_2399_cov_2.087855_SRR12681654
NODE_9391_length_2399_cov_2.087855_SRR12681654_aa_frame5,0,0.405,NODE_9391_length_2399_cov_2.087855_SRR12681654
NODE_9391_length_2399_cov_2.087855_SRR12681654_aa_frame6,0,0.43,NODE_9391_length_2399_cov_2.087855_SRR12681654
NODE_93_length_6589_cov_4.952549_SRR7976660_ORF.1,1,0.61,NODE_93_length_6589_cov_4.952549_SRR7976660
NODE_93_length_6589_cov_4.952549_SRR7976660_ORF.2,1,0.735,NODE_93_length_6589_cov_4.952549_SRR7976660
NODE_93_length_6589_cov_4.952549_SRR7976660_ORF.3,1,0.625,NODE_93_length_6589_cov_4.952549_SRR7976660
NODE_93_length_6589_cov_4.952549_SRR7976660_ORF.4,1,0.55,NODE_93_length_6589_cov_4.952549_SRR7976660
NODE_93_length_6589_cov_4.952549_SRR7976660_ORF.5,1,0.74,NODE_93_length_6589_cov_4.952549_SRR7976660
NODE_93_length_6589_cov_4.952549_SRR7976660_ORF.6,0,0.265,NODE_93_length_6589_cov_4.952549_SRR7976660
NODE_93_length_6589_cov_4.952549_SRR7976660_aa_frame1,1,0.925,NODE_93_length_6589_cov_4.952549_SRR7976660
NODE_93_length_6589_cov_4.952549_SRR7976660_aa_frame2,0,0.465,NODE_93_length_6589_cov_4.952549_SRR7976660
NODE_93_length_6589_cov_4.952549_SRR7976660_aa_frame3,1,0.935,NODE_93_length_6589_cov_4.952549_SRR7976660
NODE_93_length_6589_cov_4.952549_SRR7976660_aa_frame4,1,0.925,NODE_93_length_6589_cov_4.952549_SRR7976660
NODE_93_length_6589_cov_4.952549_SRR7976660_aa_frame5,0,0.245,NODE_93_length_6589_cov_4.952549_SRR7976660
NODE_93_length_6589_cov_4.952549_SRR7976660_aa_frame6,1,0.855,NODE_93_length_6589_cov_4.952549_SRR7976660
NODE_9417_length_1153_cov_0.999071_SRR8554352_ORF.1,1,1.0,NODE_9417_length_1153_cov_0.999071_SRR8554352
NODE_9417_length_1153_cov_0.999071_SRR8554352_ORF.2,1,0.685,NODE_9417_length_1153_cov_0.999071_SRR8554352
NODE_9417_length_1153_cov_0.999071_SRR8554352_aa_frame1,1,1.0,NODE_9417_length_1153_cov_0.999071_SRR8554352
NODE_9417_length_1153_cov_0.999071_SRR8554352_aa_frame2,1,0.666546184738956,NODE_9417_length_1153_cov_0.999071_SRR8554352
NODE_9417_length_1153_cov_0.999071_SRR8554352_aa_frame3,1,0.7335508241758242,NODE_9417_length_1153_cov_0.999071_SRR8554352
NODE_9417_length_1153_cov_0.999071_SRR8554352_aa_frame4,1,0.814949494949495,NODE_9417_length_1153_cov_0.999071_SRR8554352
NODE_9417_length_1153_cov_0.999071_SRR8554352_aa_frame5,1,0.7648352286622645,NODE_9417_length_1153_cov_0.999071_SRR8554352
NODE_9417_length_1153_cov_0.999071_SRR8554352_aa_frame6,1,0.5845986191958847,NODE_9417_length_1153_cov_0.999071_SRR8554352
NODE_9460_length_1737_cov_5.053012_SRR1781945_ORF.1,1,0.585,NODE_9460_length_1737_cov_5.053012_SRR1781945
NODE_9460_length_1737_cov_5.053012_SRR1781945_ORF.2,1,0.725,NODE_9460_length_1737_cov_5.053012_SRR1781945
NODE_9460_length_1737_cov_5.053012_SRR1781945_ORF.3,1,0.535,NODE_9460_length_1737_cov_5.053012_SRR1781945
NODE_9460_length_1737_cov_5.053012_SRR1781945_ORF.4,1,0.6944758269720103,NODE_9460_length_1737_cov_5.053012_SRR1781945
NODE_9460_length_1737_cov_5.053012_SRR1781945_ORF.5,1,0.965,NODE_9460_length_1737_cov_5.053012_SRR1781945
NODE_9460_length_1737_cov_5.053012_SRR1781945_ORF.6,1,0.935,NODE_9460_length_1737_cov_5.053012_SRR1781945
NODE_9460_length_1737_cov_5.053012_SRR1781945_aa_frame1,1,0.7238125,NODE_9460_length_1737_cov_5.053012_SRR1781945
NODE_9460_length_1737_cov_5.053012_SRR1781945_aa_frame2,1,0.75,NODE_9460_length_1737_cov_5.053012_SRR1781945
NODE_9460_length_1737_cov_5.053012_SRR1781945_aa_frame3,1,0.645,NODE_9460_length_1737_cov_5.053012_SRR1781945
NODE_9460_length_1737_cov_5.053012_SRR1781945_aa_frame4,1,0.6,NODE_9460_length_1737_cov_5.053012_SRR1781945
NODE_9460_length_1737_cov_5.053012_SRR1781945_aa_frame5,1,0.99,NODE_9460_length_1737_cov_5.053012_SRR1781945
NODE_9460_length_1737_cov_5.053012_SRR1781945_aa_frame6,1,0.57,NODE_9460_length_1737_cov_5.053012_SRR1781945
NODE_9482_length_1165_cov_3580.831801_SRR4435987_ORF.1,0,0.4196212121212121,NODE_9482_length_1165_cov_3580.831801_SRR4435987
NODE_9482_length_1165_cov_3580.831801_SRR4435987_aa_frame1,1,0.72,NODE_9482_length_1165_cov_3580.831801_SRR4435987
NODE_9482_length_1165_cov_3580.831801_SRR4435987_aa_frame2,1,0.7298352286622645,NODE_9482_length_1165_cov_3580.831801_SRR4435987
NODE_9482_length_1165_cov_3580.831801_SRR4435987_aa_frame3,1,0.614375,NODE_9482_length_1165_cov_3580.831801_SRR4435987
NODE_9482_length_1165_cov_3580.831801_SRR4435987_aa_frame4,1,0.6498706896551724,NODE_9482_length_1165_cov_3580.831801_SRR4435987
NODE_9482_length_1165_cov_3580.831801_SRR4435987_aa_frame5,1,0.515,NODE_9482_length_1165_cov_3580.831801_SRR4435987
NODE_9482_length_1165_cov_3580.831801_SRR4435987_aa_frame6,1,0.6248201846046674,NODE_9482_length_1165_cov_3580.831801_SRR4435987
NODE_9544_length_684_cov_0.732496_SRR12904122_ORF.1,1,0.96,NODE_9544_length_684_cov_0.732496_SRR12904122
NODE_9544_length_684_cov_0.732496_SRR12904122_aa_frame1,1,0.7092744499731218,NODE_9544_length_684_cov_0.732496_SRR12904122
NODE_9544_length_684_cov_0.732496_SRR12904122_aa_frame2,1,0.975,NODE_9544_length_684_cov_0.732496_SRR12904122
NODE_9544_length_684_cov_0.732496_SRR12904122_aa_frame3,1,0.6547668806161746,NODE_9544_length_684_cov_0.732496_SRR12904122
NODE_9544_length_684_cov_0.732496_SRR12904122_aa_frame4,1,0.56,NODE_9544_length_684_cov_0.732496_SRR12904122
NODE_9544_length_684_cov_0.732496_SRR12904122_aa_frame5,1,0.714969512195122,NODE_9544_length_684_cov_0.732496_SRR12904122
NODE_9544_length_684_cov_0.732496_SRR12904122_aa_frame6,1,0.6142702898550725,NODE_9544_length_684_cov_0.732496_SRR12904122
NODE_9562_length_2589_cov_93.538279_SRR769314_ORF.1,1,0.595,NODE_9562_length_2589_cov_93.538279_SRR769314
NODE_9562_length_2589_cov_93.538279_SRR769314_ORF.2,0,0.355,NODE_9562_length_2589_cov_93.538279_SRR769314
NODE_9562_length_2589_cov_93.538279_SRR769314_aa_frame1,1,0.73,NODE_9562_length_2589_cov_93.538279_SRR769314
NODE_9562_length_2589_cov_93.538279_SRR769314_aa_frame2,1,0.61,NODE_9562_length_2589_cov_93.538279_SRR769314
NODE_9562_length_2589_cov_93.538279_SRR769314_aa_frame3,1,0.625,NODE_9562_length_2589_cov_93.538279_SRR769314
NODE_9562_length_2589_cov_93.538279_SRR769314_aa_frame4,0,0.395,NODE_9562_length_2589_cov_93.538279_SRR769314
NODE_9562_length_2589_cov_93.538279_SRR769314_aa_frame5,1,0.51,NODE_9562_length_2589_cov_93.538279_SRR769314
NODE_9562_length_2589_cov_93.538279_SRR769314_aa_frame6,1,0.62,NODE_9562_length_2589_cov_93.538279_SRR769314
NODE_9608_length_2629_cov_6.756270_SRR10143187_ORF.1,0,0.46,NODE_9608_length_2629_cov_6.756270_SRR10143187
NODE_9608_length_2629_cov_6.756270_SRR10143187_ORF.2,0,0.43,NODE_9608_length_2629_cov_6.756270_SRR10143187
NODE_9608_length_2629_cov_6.756270_SRR10143187_ORF.3,0,0.49,NODE_9608_length_2629_cov_6.756270_SRR10143187
NODE_9608_length_2629_cov_6.756270_SRR10143187_aa_frame1,0,0.445,NODE_9608_length_2629_cov_6.756270_SRR10143187
NODE_9608_length_2629_cov_6.756270_SRR10143187_aa_frame2,1,0.565,NODE_9608_length_2629_cov_6.756270_SRR10143187
NODE_9608_length_2629_cov_6.756270_SRR10143187_aa_frame3,1,0.575,NODE_9608_length_2629_cov_6.756270_SRR10143187
NODE_9608_length_2629_cov_6.756270_SRR10143187_aa_frame4,1,0.58,NODE_9608_length_2629_cov_6.756270_SRR10143187
NODE_9608_length_2629_cov_6.756270_SRR10143187_aa_frame5,1,0.585,NODE_9608_length_2629_cov_6.756270_SRR10143187
NODE_9608_length_2629_cov_6.756270_SRR10143187_aa_frame6,1,0.5194140625,NODE_9608_length_2629_cov_6.756270_SRR10143187
NODE_9819_length_675_cov_2.186131_SRR12904122_ORF.1,1,0.995,NODE_9819_length_675_cov_2.186131_SRR12904122
NODE_9819_length_675_cov_2.186131_SRR12904122_aa_frame1,1,0.61,NODE_9819_length_675_cov_2.186131_SRR12904122
NODE_9819_length_675_cov_2.186131_SRR12904122_aa_frame2,1,0.6240948930296757,NODE_9819_length_675_cov_2.186131_SRR12904122
NODE_9819_length_675_cov_2.186131_SRR12904122_aa_frame3,1,0.955,NODE_9819_length_675_cov_2.186131_SRR12904122
NODE_9819_length_675_cov_2.186131_SRR12904122_aa_frame4,1,0.5957142857142856,NODE_9819_length_675_cov_2.186131_SRR12904122
NODE_9819_length_675_cov_2.186131_SRR12904122_aa_frame5,1,0.6347999999999999,NODE_9819_length_675_cov_2.186131_SRR12904122
NODE_9819_length_675_cov_2.186131_SRR12904122_aa_frame6,1,0.6439928664067218,NODE_9819_length_675_cov_2.186131_SRR12904122
NODE_9835_length_2717_cov_4.322727_SRR10255703_ORF.1,1,0.56,NODE_9835_length_2717_cov_4.322727_SRR10255703
NODE_9835_length_2717_cov_4.322727_SRR10255703_ORF.2,0,0.325,NODE_9835_length_2717_cov_4.322727_SRR10255703
NODE_9835_length_2717_cov_4.322727_SRR10255703_ORF.3,0,0.38,NODE_9835_length_2717_cov_4.322727_SRR10255703
NODE_9835_length_2717_cov_4.322727_SRR10255703_aa_frame1,1,0.66,NODE_9835_length_2717_cov_4.322727_SRR10255703
NODE_9835_length_2717_cov_4.322727_SRR10255703_aa_frame2,1,0.7694140625,NODE_9835_length_2717_cov_4.322727_SRR10255703
NODE_9835_length_2717_cov_4.322727_SRR10255703_aa_frame3,1,0.61,NODE_9835_length_2717_cov_4.322727_SRR10255703
NODE_9835_length_2717_cov_4.322727_SRR10255703_aa_frame4,1,0.65,NODE_9835_length_2717_cov_4.322727_SRR10255703
NODE_9835_length_2717_cov_4.322727_SRR10255703_aa_frame5,1,0.5794140625,NODE_9835_length_2717_cov_4.322727_SRR10255703
NODE_9835_length_2717_cov_4.322727_SRR10255703_aa_frame6,1,0.665,NODE_9835_length_2717_cov_4.322727_SRR10255703
NODE_9883_length_1244_cov_0.772922_SRR1782579_ORF.1,0,0.29,NODE_9883_length_1244_cov_0.772922_SRR1782579
NODE_9883_length_1244_cov_0.772922_SRR1782579_aa_frame1,1,0.797564780188883,NODE_9883_length_1244_cov_0.772922_SRR1782579
NODE_9883_length_1244_cov_0.772922_SRR1782579_aa_frame2,0,0.32,NODE_9883_length_1244_cov_0.772922_SRR1782579
NODE_9883_length_1244_cov_0.772922_SRR1782579_aa_frame3,1,0.8341758241758243,NODE_9883_length_1244_cov_0.772922_SRR1782579
NODE_9883_length_1244_cov_0.772922_SRR1782579_aa_frame4,1,0.674378390596745,NODE_9883_length_1244_cov_0.772922_SRR1782579
NODE_9883_length_1244_cov_0.772922_SRR1782579_aa_frame5,1,0.715,NODE_9883_length_1244_cov_0.772922_SRR1782579
NODE_9883_length_1244_cov_0.772922_SRR1782579_aa_frame6,1,0.7637953132797968,NODE_9883_length_1244_cov_0.772922_SRR1782579
k119_47794_flag_1_multi_143.0000_len_5109_SRR5087336_ORF.1,1,0.62,k119_47794_flag_1_multi_143.0000_len_5109_SRR5087336
k119_47794_flag_1_multi_143.0000_len_5109_SRR5087336_ORF.2,1,0.77,k119_47794_flag_1_multi_143.0000_len_5109_SRR5087336
k119_47794_flag_1_multi_143.0000_len_5109_SRR5087336_ORF.3,1,0.775,k119_47794_flag_1_multi_143.0000_len_5109_SRR5087336
k119_47794_flag_1_multi_143.0000_len_5109_SRR5087336_ORF.4,1,0.515,k119_47794_flag_1_multi_143.0000_len_5109_SRR5087336
k119_47794_flag_1_multi_143.0000_len_5109_SRR5087336_ORF.5,1,0.53,k119_47794_flag_1_multi_143.0000_len_5109_SRR5087336
k119_47794_flag_1_multi_143.0000_len_5109_SRR5087336_aa_frame1,1,0.96,k119_47794_flag_1_multi_143.0000_len_5109_SRR5087336
k119_47794_flag_1_multi_143.0000_len_5109_SRR5087336_aa_frame2,1,0.9,k119_47794_flag_1_multi_143.0000_len_5109_SRR5087336
k119_47794_flag_1_multi_143.0000_len_5109_SRR5087336_aa_frame3,1,0.895,k119_47794_flag_1_multi_143.0000_len_5109_SRR5087336
k119_47794_flag_1_multi_143.0000_len_5109_SRR5087336_aa_frame4,1,0.895,k119_47794_flag_1_multi_143.0000_len_5109_SRR5087336
k119_47794_flag_1_multi_143.0000_len_5109_SRR5087336_aa_frame5,1,0.89,k119_47794_flag_1_multi_143.0000_len_5109_SRR5087336
k119_47794_flag_1_multi_143.0000_len_5109_SRR5087336_aa_frame6,1,0.64,k119_47794_flag_1_multi_143.0000_len_5109_SRR5087336
k141_112743_flag_1_multi_2.0000_len_612_SRR7288019_ORF.1,1,1.0,k141_112743_flag_1_multi_2.0000_len_612_SRR7288019
k141_112743_flag_1_multi_2.0000_len_612_SRR7288019_aa_frame1,1,0.6748290598290597,k141_112743_flag_1_multi_2.0000_len_612_SRR7288019
k141_112743_flag_1_multi_2.0000_len_612_SRR7288019_aa_frame2,1,1.0,k141_112743_flag_1_multi_2.0000_len_612_SRR7288019
k141_112743_flag_1_multi_2.0000_len_612_SRR7288019_aa_frame3,1,0.645,k141_112743_flag_1_multi_2.0000_len_612_SRR7288019
k141_112743_flag_1_multi_2.0000_len_612_SRR7288019_aa_frame4,1,0.7447356018851345,k141_112743_flag_1_multi_2.0000_len_612_SRR7288019
k141_112743_flag_1_multi_2.0000_len_612_SRR7288019_aa_frame5,1,0.7299532710280374,k141_112743_flag_1_multi_2.0000_len_612_SRR7288019
k141_112743_flag_1_multi_2.0000_len_612_SRR7288019_aa_frame6,1,0.7196148753894082,k141_112743_flag_1_multi_2.0000_len_612_SRR7288019
k141_1210_flag_1_multi_2.0000_len_787_SRR1784304_ORF.1,1,0.955,k141_1210_flag_1_multi_2.0000_len_787_SRR1784304
k141_1210_flag_1_multi_2.0000_len_787_SRR1784304_aa_frame1,1,0.6300742866004962,k141_1210_flag_1_multi_2.0000_len_787_SRR1784304
k141_1210_flag_1_multi_2.0000_len_787_SRR1784304_aa_frame2,1,0.97,k141_1210_flag_1_multi_2.0000_len_787_SRR1784304
k141_1210_flag_1_multi_2.0000_len_787_SRR1784304_aa_frame3,1,0.5746212121212121,k141_1210_flag_1_multi_2.0000_len_787_SRR1784304
k141_1210_flag_1_multi_2.0000_len_787_SRR1784304_aa_frame4,1,0.51,k141_1210_flag_1_multi_2.0000_len_787_SRR1784304
k141_1210_flag_1_multi_2.0000_len_787_SRR1784304_aa_frame5,1,0.6947999999999999,k141_1210_flag_1_multi_2.0000_len_787_SRR1784304
k141_1210_flag_1_multi_2.0000_len_787_SRR1784304_aa_frame6,1,0.629421212121212,k141_1210_flag_1_multi_2.0000_len_787_SRR1784304
k141_12174_flag_1_multi_7.0000_len_1106_SRR1784304_ORF.1,0,0.435,k141_12174_flag_1_multi_7.0000_len_1106_SRR1784304
k141_12174_flag_1_multi_7.0000_len_1106_SRR1784304_ORF.2,1,1.0,k141_12174_flag_1_multi_7.0000_len_1106_SRR1784304
k141_12174_flag_1_multi_7.0000_len_1106_SRR1784304_ORF.3,0,0.475,k141_12174_flag_1_multi_7.0000_len_1106_SRR1784304
k141_12174_flag_1_multi_7.0000_len_1106_SRR1784304_aa_frame1,1,0.5983813131313132,k141_12174_flag_1_multi_7.0000_len_1106_SRR1784304
k141_12174_flag_1_multi_7.0000_len_1106_SRR1784304_aa_frame2,1,0.6659626637486806,k141_12174_flag_1_multi_7.0000_len_1106_SRR1784304
k141_12174_flag_1_multi_7.0000_len_1106_SRR1784304_aa_frame3,1,0.6020220177147888,k141_12174_flag_1_multi_7.0000_len_1106_SRR1784304
k141_12174_flag_1_multi_7.0000_len_1106_SRR1784304_aa_frame4,1,0.995,k141_12174_flag_1_multi_7.0000_len_1106_SRR1784304
k141_12174_flag_1_multi_7.0000_len_1106_SRR1784304_aa_frame5,1,0.5999494949494949,k141_12174_flag_1_multi_7.0000_len_1106_SRR1784304
k141_12174_flag_1_multi_7.0000_len_1106_SRR1784304_aa_frame6,1,0.695,k141_12174_flag_1_multi_7.0000_len_1106_SRR1784304
k141_135785_flag_1_multi_5.0000_len_1201_SRR7288019_ORF.1,1,1.0,k141_135785_flag_1_multi_5.0000_len_1201_SRR7288019
k141_135785_flag_1_multi_5.0000_len_1201_SRR7288019_ORF.2,1,0.645,k141_135785_flag_1_multi_5.0000_len_1201_SRR7288019
k141_135785_flag_1_multi_5.0000_len_1201_SRR7288019_aa_frame1,1,0.87,k141_135785_flag_1_multi_5.0000_len_1201_SRR7288019
k141_135785_flag_1_multi_5.0000_len_1201_SRR7288019_aa_frame2,1,0.965,k141_135785_flag_1_multi_5.0000_len_1201_SRR7288019
k141_135785_flag_1_multi_5.0000_len_1201_SRR7288019_aa_frame3,1,0.66875,k141_135785_flag_1_multi_5.0000_len_1201_SRR7288019
k141_135785_flag_1_multi_5.0000_len_1201_SRR7288019_aa_frame4,1,0.749375,k141_135785_flag_1_multi_5.0000_len_1201_SRR7288019
k141_135785_flag_1_multi_5.0000_len_1201_SRR7288019_aa_frame5,1,0.6546926895213185,k141_135785_flag_1_multi_5.0000_len_1201_SRR7288019
k141_135785_flag_1_multi_5.0000_len_1201_SRR7288019_aa_frame6,1,0.8096428571428571,k141_135785_flag_1_multi_5.0000_len_1201_SRR7288019
k141_144373_flag_1_multi_35.0000_len_5656_SRR7288019_ORF.1,1,0.79,k141_144373_flag_1_multi_35.0000_len_5656_SRR7288019
k141_144373_flag_1_multi_35.0000_len_5656_SRR7288019_ORF.10,1,0.7,k141_144373_flag_1_multi_35.0000_len_5656_SRR7288019
k141_144373_flag_1_multi_35.0000_len_5656_SRR7288019_ORF.2,1,0.765,k141_144373_flag_1_multi_35.0000_len_5656_SRR7288019
k141_144373_flag_1_multi_35.0000_len_5656_SRR7288019_ORF.3,1,0.6345131086142323,k141_144373_flag_1_multi_35.0000_len_5656_SRR7288019
k141_144373_flag_1_multi_35.0000_len_5656_SRR7288019_ORF.4,1,0.97,k141_144373_flag_1_multi_35.0000_len_5656_SRR7288019
k141_144373_flag_1_multi_35.0000_len_5656_SRR7288019_ORF.5,1,0.79,k141_144373_flag_1_multi_35.0000_len_5656_SRR7288019
k141_144373_flag_1_multi_35.0000_len_5656_SRR7288019_ORF.6,1,0.635,k141_144373_flag_1_multi_35.0000_len_5656_SRR7288019
k141_144373_flag_1_multi_35.0000_len_5656_SRR7288019_ORF.7,1,0.75,k141_144373_flag_1_multi_35.0000_len_5656_SRR7288019
k141_144373_flag_1_multi_35.0000_len_5656_SRR7288019_ORF.8,1,1.0,k141_144373_flag_1_multi_35.0000_len_5656_SRR7288019
k141_144373_flag_1_multi_35.0000_len_5656_SRR7288019_ORF.9,1,1.0,k141_144373_flag_1_multi_35.0000_len_5656_SRR7288019
k141_144373_flag_1_multi_35.0000_len_5656_SRR7288019_aa_frame1,1,0.805,k141_144373_flag_1_multi_35.0000_len_5656_SRR7288019
k141_144373_flag_1_multi_35.0000_len_5656_SRR7288019_aa_frame2,1,0.65,k141_144373_flag_1_multi_35.0000_len_5656_SRR7288019
k141_144373_flag_1_multi_35.0000_len_5656_SRR7288019_aa_frame3,1,0.895,k141_144373_flag_1_multi_35.0000_len_5656_SRR7288019
k141_144373_flag_1_multi_35.0000_len_5656_SRR7288019_aa_frame4,1,0.845,k141_144373_flag_1_multi_35.0000_len_5656_SRR7288019
k141_144373_flag_1_multi_35.0000_len_5656_SRR7288019_aa_frame5,1,0.9,k141_144373_flag_1_multi_35.0000_len_5656_SRR7288019
k141_144373_flag_1_multi_35.0000_len_5656_SRR7288019_aa_frame6,1,0.995,k141_144373_flag_1_multi_35.0000_len_5656_SRR7288019
k141_154710_flag_1_multi_10.8361_len_1727_SRR7288019_ORF.1,1,0.56,k141_154710_flag_1_multi_10.8361_len_1727_SRR7288019
k141_154710_flag_1_multi_10.8361_len_1727_SRR7288019_ORF.2,1,0.64,k141_154710_flag_1_multi_10.8361_len_1727_SRR7288019
k141_154710_flag_1_multi_10.8361_len_1727_SRR7288019_ORF.3,1,0.505,k141_154710_flag_1_multi_10.8361_len_1727_SRR7288019
k141_154710_flag_1_multi_10.8361_len_1727_SRR7288019_ORF.4,0,0.38,k141_154710_flag_1_multi_10.8361_len_1727_SRR7288019
k141_154710_flag_1_multi_10.8361_len_1727_SRR7288019_ORF.5,1,0.6243222689195757,k141_154710_flag_1_multi_10.8361_len_1727_SRR7288019
k141_154710_flag_1_multi_10.8361_len_1727_SRR7288019_aa_frame1,0,0.45,k141_154710_flag_1_multi_10.8361_len_1727_SRR7288019
k141_154710_flag_1_multi_10.8361_len_1727_SRR7288019_aa_frame2,1,0.6,k141_154710_flag_1_multi_10.8361_len_1727_SRR7288019
k141_154710_flag_1_multi_10.8361_len_1727_SRR7288019_aa_frame3,1,0.5682936507936508,k141_154710_flag_1_multi_10.8361_len_1727_SRR7288019
k141_154710_flag_1_multi_10.8361_len_1727_SRR7288019_aa_frame4,1,0.773659090909091,k141_154710_flag_1_multi_10.8361_len_1727_SRR7288019
k141_154710_flag_1_multi_10.8361_len_1727_SRR7288019_aa_frame5,1,0.695,k141_154710_flag_1_multi_10.8361_len_1727_SRR7288019
k141_154710_flag_1_multi_10.8361_len_1727_SRR7288019_aa_frame6,1,0.655,k141_154710_flag_1_multi_10.8361_len_1727_SRR7288019
k141_20647_flag_1_multi_3.0000_len_1328_SRR7288019_ORF.1,0,0.4797674418604651,k141_20647_flag_1_multi_3.0000_len_1328_SRR7288019
k141_20647_flag_1_multi_3.0000_len_1328_SRR7288019_ORF.2,1,0.52,k141_20647_flag_1_multi_3.0000_len_1328_SRR7288019
k141_20647_flag_1_multi_3.0000_len_1328_SRR7288019_ORF.3,1,0.56,k141_20647_flag_1_multi_3.0000_len_1328_SRR7288019
k141_20647_flag_1_multi_3.0000_len_1328_SRR7288019_aa_frame1,1,0.65,k141_20647_flag_1_multi_3.0000_len_1328_SRR7288019
k141_20647_flag_1_multi_3.0000_len_1328_SRR7288019_aa_frame2,1,0.7191758241758243,k141_20647_flag_1_multi_3.0000_len_1328_SRR7288019
k141_20647_flag_1_multi_3.0000_len_1328_SRR7288019_aa_frame3,1,0.62,k141_20647_flag_1_multi_3.0000_len_1328_SRR7288019
k141_20647_flag_1_multi_3.0000_len_1328_SRR7288019_aa_frame4,0,0.48381250000000003,k141_20647_flag_1_multi_3.0000_len_1328_SRR7288019
k141_20647_flag_1_multi_3.0000_len_1328_SRR7288019_aa_frame5,1,0.626875,k141_20647_flag_1_multi_3.0000_len_1328_SRR7288019
k141_20647_flag_1_multi_3.0000_len_1328_SRR7288019_aa_frame6,1,0.678659090909091,k141_20647_flag_1_multi_3.0000_len_1328_SRR7288019
k141_25901_flag_1_multi_2.0000_len_669_SRR7288019_ORF.1,1,1.0,k141_25901_flag_1_multi_2.0000_len_669_SRR7288019
k141_25901_flag_1_multi_2.0000_len_669_SRR7288019_aa_frame1,1,1.0,k141_25901_flag_1_multi_2.0000_len_669_SRR7288019
k141_25901_flag_1_multi_2.0000_len_669_SRR7288019_aa_frame2,1,0.7190028535193406,k141_25901_flag_1_multi_2.0000_len_669_SRR7288019
k141_25901_flag_1_multi_2.0000_len_669_SRR7288019_aa_frame3,1,0.6895588235294118,k141_25901_flag_1_multi_2.0000_len_669_SRR7288019
k141_25901_flag_1_multi_2.0000_len_669_SRR7288019_aa_frame4,1,0.7195588235294117,k141_25901_flag_1_multi_2.0000_len_669_SRR7288019
k141_25901_flag_1_multi_2.0000_len_669_SRR7288019_aa_frame5,1,0.585,k141_25901_flag_1_multi_2.0000_len_669_SRR7288019
k141_25901_flag_1_multi_2.0000_len_669_SRR7288019_aa_frame6,1,0.5905300751879698,k141_25901_flag_1_multi_2.0000_len_669_SRR7288019
k141_28952_flag_1_multi_1.0000_len_646_SRR1784304_ORF.1,1,0.965,k141_28952_flag_1_multi_1.0000_len_646_SRR1784304
k141_28952_flag_1_multi_1.0000_len_646_SRR1784304_ORF.2,1,0.595,k141_28952_flag_1_multi_1.0000_len_646_SRR1784304
k141_28952_flag_1_multi_1.0000_len_646_SRR1784304_aa_frame1,1,0.595,k141_28952_flag_1_multi_1.0000_len_646_SRR1784304
k141_28952_flag_1_multi_1.0000_len_646_SRR1784304_aa_frame2,1,0.5713768115942028,k141_28952_flag_1_multi_1.0000_len_646_SRR1784304
k141_28952_flag_1_multi_1.0000_len_646_SRR1784304_aa_frame3,1,0.995,k141_28952_flag_1_multi_1.0000_len_646_SRR1784304
k141_28952_flag_1_multi_1.0000_len_646_SRR1784304_aa_frame4,1,0.5699695121951219,k141_28952_flag_1_multi_1.0000_len_646_SRR1784304
k141_28952_flag_1_multi_1.0000_len_646_SRR1784304_aa_frame5,1,0.6493174603174603,k141_28952_flag_1_multi_1.0000_len_646_SRR1784304
k141_28952_flag_1_multi_1.0000_len_646_SRR1784304_aa_frame6,1,0.6249687500000001,k141_28952_flag_1_multi_1.0000_len_646_SRR1784304
k141_33254_flag_1_multi_3.9093_len_637_SRR1784304_ORF.1,1,0.945,k141_33254_flag_1_multi_3.9093_len_637_SRR1784304
k141_33254_flag_1_multi_3.9093_len_637_SRR1784304_aa_frame1,1,0.91,k141_33254_flag_1_multi_3.9093_len_637_SRR1784304
k141_33254_flag_1_multi_3.9093_len_637_SRR1784304_aa_frame2,1,0.63,k141_33254_flag_1_multi_3.9093_len_637_SRR1784304
k141_33254_flag_1_multi_3.9093_len_637_SRR1784304_aa_frame3,1,0.595,k141_33254_flag_1_multi_3.9093_len_637_SRR1784304
k141_33254_flag_1_multi_3.9093_len_637_SRR1784304_aa_frame4,0,0.485,k141_33254_flag_1_multi_3.9093_len_637_SRR1784304
k141_33254_flag_1_multi_3.9093_len_637_SRR1784304_aa_frame5,1,0.6538420348058902,k141_33254_flag_1_multi_3.9093_len_637_SRR1784304
k141_33254_flag_1_multi_3.9093_len_637_SRR1784304_aa_frame6,1,0.695,k141_33254_flag_1_multi_3.9093_len_637_SRR1784304
k141_33900_flag_1_multi_6.0000_len_2289_SRR7288019_ORF.1,1,0.67,k141_33900_flag_1_multi_6.0000_len_2289_SRR7288019
k141_33900_flag_1_multi_6.0000_len_2289_SRR7288019_ORF.2,1,0.51,k141_33900_flag_1_multi_6.0000_len_2289_SRR7288019
k141_33900_flag_1_multi_6.0000_len_2289_SRR7288019_ORF.3,0,0.37,k141_33900_flag_1_multi_6.0000_len_2289_SRR7288019
k141_33900_flag_1_multi_6.0000_len_2289_SRR7288019_ORF.4,1,0.535,k141_33900_flag_1_multi_6.0000_len_2289_SRR7288019
k141_33900_flag_1_multi_6.0000_len_2289_SRR7288019_ORF.5,0,0.45,k141_33900_flag_1_multi_6.0000_len_2289_SRR7288019
k141_33900_flag_1_multi_6.0000_len_2289_SRR7288019_ORF.6,1,0.635,k141_33900_flag_1_multi_6.0000_len_2289_SRR7288019
k141_33900_flag_1_multi_6.0000_len_2289_SRR7288019_aa_frame1,1,0.7099382716049383,k141_33900_flag_1_multi_6.0000_len_2289_SRR7288019
k141_33900_flag_1_multi_6.0000_len_2289_SRR7288019_aa_frame2,1,0.7665524193548388,k141_33900_flag_1_multi_6.0000_len_2289_SRR7288019
k141_33900_flag_1_multi_6.0000_len_2289_SRR7288019_aa_frame3,1,0.6146774193548388,k141_33900_flag_1_multi_6.0000_len_2289_SRR7288019
k141_33900_flag_1_multi_6.0000_len_2289_SRR7288019_aa_frame4,1,0.6490524193548387,k141_33900_flag_1_multi_6.0000_len_2289_SRR7288019
k141_33900_flag_1_multi_6.0000_len_2289_SRR7288019_aa_frame5,1,0.765,k141_33900_flag_1_multi_6.0000_len_2289_SRR7288019
k141_33900_flag_1_multi_6.0000_len_2289_SRR7288019_aa_frame6,1,0.799595744680851,k141_33900_flag_1_multi_6.0000_len_2289_SRR7288019
k141_34437_flag_1_multi_4.0000_len_688_SRR7288019_ORF.1,1,1.0,k141_34437_flag_1_multi_4.0000_len_688_SRR7288019
k141_34437_flag_1_multi_4.0000_len_688_SRR7288019_aa_frame1,1,0.72,k141_34437_flag_1_multi_4.0000_len_688_SRR7288019
k141_34437_flag_1_multi_4.0000_len_688_SRR7288019_aa_frame2,1,0.699486951754386,k141_34437_flag_1_multi_4.0000_len_688_SRR7288019
k141_34437_flag_1_multi_4.0000_len_688_SRR7288019_aa_frame3,1,0.6632151843163078,k141_34437_flag_1_multi_4.0000_len_688_SRR7288019
k141_34437_flag_1_multi_4.0000_len_688_SRR7288019_aa_frame4,1,0.6695131086142322,k141_34437_flag_1_multi_4.0000_len_688_SRR7288019
k141_34437_flag_1_multi_4.0000_len_688_SRR7288019_aa_frame5,1,0.7187993189316926,k141_34437_flag_1_multi_4.0000_len_688_SRR7288019
k141_34437_flag_1_multi_4.0000_len_688_SRR7288019_aa_frame6,1,1.0,k141_34437_flag_1_multi_4.0000_len_688_SRR7288019
k141_35394_flag_1_multi_3.0000_len_1067_SRR1784304_ORF.1,1,0.52,k141_35394_flag_1_multi_3.0000_len_1067_SRR1784304
k141_35394_flag_1_multi_3.0000_len_1067_SRR1784304_ORF.2,0,0.47,k141_35394_flag_1_multi_3.0000_len_1067_SRR1784304
k141_35394_flag_1_multi_3.0000_len_1067_SRR1784304_ORF.3,1,0.755,k141_35394_flag_1_multi_3.0000_len_1067_SRR1784304
k141_35394_flag_1_multi_3.0000_len_1067_SRR1784304_aa_frame1,1,0.6624733913884857,k141_35394_flag_1_multi_3.0000_len_1067_SRR1784304
k141_35394_flag_1_multi_3.0000_len_1067_SRR1784304_aa_frame2,1,0.545,k141_35394_flag_1_multi_3.0000_len_1067_SRR1784304
k141_35394_flag_1_multi_3.0000_len_1067_SRR1784304_aa_frame3,1,0.595,k141_35394_flag_1_multi_3.0000_len_1067_SRR1784304
k141_35394_flag_1_multi_3.0000_len_1067_SRR1784304_aa_frame4,1,0.5425,k141_35394_flag_1_multi_3.0000_len_1067_SRR1784304
k141_35394_flag_1_multi_3.0000_len_1067_SRR1784304_aa_frame5,1,0.6647222222222223,k141_35394_flag_1_multi_3.0000_len_1067_SRR1784304
k141_35394_flag_1_multi_3.0000_len_1067_SRR1784304_aa_frame6,1,0.7335271976521978,k141_35394_flag_1_multi_3.0000_len_1067_SRR1784304
k141_37653_flag_1_multi_6.0000_len_808_SRR1784304_ORF.1,1,0.965,k141_37653_flag_1_multi_6.0000_len_808_SRR1784304
k141_37653_flag_1_multi_6.0000_len_808_SRR1784304_aa_frame1,1,0.6859362311812136,k141_37653_flag_1_multi_6.0000_len_808_SRR1784304
k141_37653_flag_1_multi_6.0000_len_808_SRR1784304_aa_frame2,1,0.7487321735291155,k141_37653_flag_1_multi_6.0000_len_808_SRR1784304
k141_37653_flag_1_multi_6.0000_len_808_SRR1784304_aa_frame3,1,0.5947003745318352,k141_37653_flag_1_multi_6.0000_len_808_SRR1784304
k141_37653_flag_1_multi_6.0000_len_808_SRR1784304_aa_frame4,1,0.965,k141_37653_flag_1_multi_6.0000_len_808_SRR1784304
k141_37653_flag_1_multi_6.0000_len_808_SRR1784304_aa_frame5,1,0.6527530842113078,k141_37653_flag_1_multi_6.0000_len_808_SRR1784304
k141_37653_flag_1_multi_6.0000_len_808_SRR1784304_aa_frame6,1,0.662583889828988,k141_37653_flag_1_multi_6.0000_len_808_SRR1784304
k141_70364_flag_1_multi_3.0000_len_1499_SRR7288019_ORF.1,1,0.68,k141_70364_flag_1_multi_3.0000_len_1499_SRR7288019
k141_70364_flag_1_multi_3.0000_len_1499_SRR7288019_ORF.2,0,0.455,k141_70364_flag_1_multi_3.0000_len_1499_SRR7288019
k141_70364_flag_1_multi_3.0000_len_1499_SRR7288019_ORF.3,0,0.43,k141_70364_flag_1_multi_3.0000_len_1499_SRR7288019
k141_70364_flag_1_multi_3.0000_len_1499_SRR7288019_ORF.4,1,0.6698473282442748,k141_70364_flag_1_multi_3.0000_len_1499_SRR7288019
k141_70364_flag_1_multi_3.0000_len_1499_SRR7288019_ORF.5,1,0.58,k141_70364_flag_1_multi_3.0000_len_1499_SRR7288019
k141_70364_flag_1_multi_3.0000_len_1499_SRR7288019_aa_frame1,1,0.71,k141_70364_flag_1_multi_3.0000_len_1499_SRR7288019
k141_70364_flag_1_multi_3.0000_len_1499_SRR7288019_aa_frame2,1,0.605,k141_70364_flag_1_multi_3.0000_len_1499_SRR7288019
k141_70364_flag_1_multi_3.0000_len_1499_SRR7288019_aa_frame3,1,0.54,k141_70364_flag_1_multi_3.0000_len_1499_SRR7288019
k141_70364_flag_1_multi_3.0000_len_1499_SRR7288019_aa_frame4,1,0.53,k141_70364_flag_1_multi_3.0000_len_1499_SRR7288019
k141_70364_flag_1_multi_3.0000_len_1499_SRR7288019_aa_frame5,1,0.565,k141_70364_flag_1_multi_3.0000_len_1499_SRR7288019
k141_70364_flag_1_multi_3.0000_len_1499_SRR7288019_aa_frame6,1,0.6378334470001137,k141_70364_flag_1_multi_3.0000_len_1499_SRR7288019
k141_71034_flag_1_multi_2.0000_len_752_SRR7288019_ORF.1,1,0.625,k141_71034_flag_1_multi_2.0000_len_752_SRR7288019
k141_71034_flag_1_multi_2.0000_len_752_SRR7288019_ORF.2,0,0.47,k141_71034_flag_1_multi_2.0000_len_752_SRR7288019
k141_71034_flag_1_multi_2.0000_len_752_SRR7288019_ORF.3,0,0.44,k141_71034_flag_1_multi_2.0000_len_752_SRR7288019
k141_71034_flag_1_multi_2.0000_len_752_SRR7288019_ORF.4,0,0.385,k141_71034_flag_1_multi_2.0000_len_752_SRR7288019
k141_71034_flag_1_multi_2.0000_len_752_SRR7288019_aa_frame1,1,0.6350987103174603,k141_71034_flag_1_multi_2.0000_len_752_SRR7288019
k141_71034_flag_1_multi_2.0000_len_752_SRR7288019_aa_frame2,1,0.7289842019075459,k141_71034_flag_1_multi_2.0000_len_752_SRR7288019
k141_71034_flag_1_multi_2.0000_len_752_SRR7288019_aa_frame3,1,0.5977391300582539,k141_71034_flag_1_multi_2.0000_len_752_SRR7288019
k141_71034_flag_1_multi_2.0000_len_752_SRR7288019_aa_frame4,1,0.6607151511063699,k141_71034_flag_1_multi_2.0000_len_752_SRR7288019
k141_71034_flag_1_multi_2.0000_len_752_SRR7288019_aa_frame5,1,0.6600864049306882,k141_71034_flag_1_multi_2.0000_len_752_SRR7288019
k141_71034_flag_1_multi_2.0000_len_752_SRR7288019_aa_frame6,1,0.7003017597982769,k141_71034_flag_1_multi_2.0000_len_752_SRR7288019
k141_81265_flag_1_multi_5.0000_len_963_SRR7288019_ORF.1,1,0.5598561151079137,k141_81265_flag_1_multi_5.0000_len_963_SRR7288019
k141_81265_flag_1_multi_5.0000_len_963_SRR7288019_ORF.2,1,0.5695131086142322,k141_81265_flag_1_multi_5.0000_len_963_SRR7288019
k141_81265_flag_1_multi_5.0000_len_963_SRR7288019_ORF.3,0,0.41,k141_81265_flag_1_multi_5.0000_len_963_SRR7288019
k141_81265_flag_1_multi_5.0000_len_963_SRR7288019_ORF.4,1,0.57,k141_81265_flag_1_multi_5.0000_len_963_SRR7288019
k141_81265_flag_1_multi_5.0000_len_963_SRR7288019_aa_frame1,1,0.675,k141_81265_flag_1_multi_5.0000_len_963_SRR7288019
k141_81265_flag_1_multi_5.0000_len_963_SRR7288019_aa_frame2,0,0.44,k141_81265_flag_1_multi_5.0000_len_963_SRR7288019
k141_81265_flag_1_multi_5.0000_len_963_SRR7288019_aa_frame3,1,0.6684768702438336,k141_81265_flag_1_multi_5.0000_len_963_SRR7288019
k141_81265_flag_1_multi_5.0000_len_963_SRR7288019_aa_frame4,1,0.7496428571428573,k141_81265_flag_1_multi_5.0000_len_963_SRR7288019
k141_81265_flag_1_multi_5.0000_len_963_SRR7288019_aa_frame5,1,0.5183367673992675,k141_81265_flag_1_multi_5.0000_len_963_SRR7288019
k141_81265_flag_1_multi_5.0000_len_963_SRR7288019_aa_frame6,1,0.5038736263736264,k141_81265_flag_1_multi_5.0000_len_963_SRR7288019
k141_83781_flag_1_multi_3.0000_len_1189_SRR7288019_ORF.1,1,0.985,k141_83781_flag_1_multi_3.0000_len_1189_SRR7288019
k141_83781_flag_1_multi_3.0000_len_1189_SRR7288019_ORF.2,1,0.56,k141_83781_flag_1_multi_3.0000_len_1189_SRR7288019
k141_83781_flag_1_multi_3.0000_len_1189_SRR7288019_ORF.3,1,0.55,k141_83781_flag_1_multi_3.0000_len_1189_SRR7288019
k141_83781_flag_1_multi_3.0000_len_1189_SRR7288019_aa_frame1,1,0.6998214285714286,k141_83781_flag_1_multi_3.0000_len_1189_SRR7288019
k141_83781_flag_1_multi_3.0000_len_1189_SRR7288019_aa_frame2,1,0.985,k141_83781_flag_1_multi_3.0000_len_1189_SRR7288019
k141_83781_flag_1_multi_3.0000_len_1189_SRR7288019_aa_frame3,1,0.6824625027462778,k141_83781_flag_1_multi_3.0000_len_1189_SRR7288019
k141_83781_flag_1_multi_3.0000_len_1189_SRR7288019_aa_frame4,1,0.7525647801888831,k141_83781_flag_1_multi_3.0000_len_1189_SRR7288019
k141_83781_flag_1_multi_3.0000_len_1189_SRR7288019_aa_frame5,1,0.6648795180722891,k141_83781_flag_1_multi_3.0000_len_1189_SRR7288019
k141_83781_flag_1_multi_3.0000_len_1189_SRR7288019_aa_frame6,1,0.7343921906875811,k141_83781_flag_1_multi_3.0000_len_1189_SRR7288019
k141_83_flag_1_multi_17.0000_len_6273_SRR7288019_ORF.1,1,1.0,k141_83_flag_1_multi_17.0000_len_6273_SRR7288019
k141_83_flag_1_multi_17.0000_len_6273_SRR7288019_ORF.2,1,1.0,k141_83_flag_1_multi_17.0000_len_6273_SRR7288019
k141_83_flag_1_multi_17.0000_len_6273_SRR7288019_ORF.3,1,1.0,k141_83_flag_1_multi_17.0000_len_6273_SRR7288019
k141_83_flag_1_multi_17.0000_len_6273_SRR7288019_ORF.4,1,0.985,k141_83_flag_1_multi_17.0000_len_6273_SRR7288019
k141_83_flag_1_multi_17.0000_len_6273_SRR7288019_ORF.5,1,0.635,k141_83_flag_1_multi_17.0000_len_6273_SRR7288019
k141_83_flag_1_multi_17.0000_len_6273_SRR7288019_ORF.6,0,0.5,k141_83_flag_1_multi_17.0000_len_6273_SRR7288019
k141_83_flag_1_multi_17.0000_len_6273_SRR7288019_aa_frame1,1,0.95,k141_83_flag_1_multi_17.0000_len_6273_SRR7288019
k141_83_flag_1_multi_17.0000_len_6273_SRR7288019_aa_frame2,1,1.0,k141_83_flag_1_multi_17.0000_len_6273_SRR7288019
k141_83_flag_1_multi_17.0000_len_6273_SRR7288019_aa_frame3,1,0.79,k141_83_flag_1_multi_17.0000_len_6273_SRR7288019
k141_83_flag_1_multi_17.0000_len_6273_SRR7288019_aa_frame4,1,0.95,k141_83_flag_1_multi_17.0000_len_6273_SRR7288019
k141_83_flag_1_multi_17.0000_len_6273_SRR7288019_aa_frame5,1,0.985,k141_83_flag_1_multi_17.0000_len_6273_SRR7288019
k141_83_flag_1_multi_17.0000_len_6273_SRR7288019_aa_frame6,1,0.98,k141_83_flag_1_multi_17.0000_len_6273_SRR7288019
k141_9354_flag_1_multi_12.0000_len_2527_SRR7288019_ORF.1,0,0.095,k141_9354_flag_1_multi_12.0000_len_2527_SRR7288019
k141_9354_flag_1_multi_12.0000_len_2527_SRR7288019_ORF.2,0,0.455,k141_9354_flag_1_multi_12.0000_len_2527_SRR7288019
k141_9354_flag_1_multi_12.0000_len_2527_SRR7288019_ORF.3,0,0.21,k141_9354_flag_1_multi_12.0000_len_2527_SRR7288019
k141_9354_flag_1_multi_12.0000_len_2527_SRR7288019_ORF.4,0,0.47,k141_9354_flag_1_multi_12.0000_len_2527_SRR7288019
k141_9354_flag_1_multi_12.0000_len_2527_SRR7288019_aa_frame1,1,0.6595957446808511,k141_9354_flag_1_multi_12.0000_len_2527_SRR7288019
k141_9354_flag_1_multi_12.0000_len_2527_SRR7288019_aa_frame2,1,0.695,k141_9354_flag_1_multi_12.0000_len_2527_SRR7288019
k141_9354_flag_1_multi_12.0000_len_2527_SRR7288019_aa_frame3,1,0.66,k141_9354_flag_1_multi_12.0000_len_2527_SRR7288019
k141_9354_flag_1_multi_12.0000_len_2527_SRR7288019_aa_frame4,1,0.575,k141_9354_flag_1_multi_12.0000_len_2527_SRR7288019
k141_9354_flag_1_multi_12.0000_len_2527_SRR7288019_aa_frame5,0,0.465,k141_9354_flag_1_multi_12.0000_len_2527_SRR7288019
k141_9354_flag_1_multi_12.0000_len_2527_SRR7288019_aa_frame6,1,0.635,k141_9354_flag_1_multi_12.0000_len_2527_SRR7288019
